id_amc,ql,rendimento_kg_ha,tipologia,ano
10001,0.0,0.0,Não especializado,1985
10002,0.0,0.0,Não especializado,1985
10003,0.0,0.0,Não especializado,1985
10004,0.2664194817542807,300.0,Não especializado,1985
10005,0.0,0.0,Não especializado,1985
10006,0.16050589179606145,888.8888888888889,Não especializado,1985
10007,0.0,0.0,Não especializado,1985
10008,0.0,0.0,Não especializado,1985
10009,0.0,0.0,Não especializado,1985
1001,0.00594652800161923,1148.5148514851485,Não especializado,1985
10010,0.0,0.0,Não especializado,1985
10011,0.0,0.0,Não especializado,1985
10012,0.0,0.0,Não especializado,1985
10013,0.045843877774459744,1649.8800959232615,Não especializado,1985
10014,1.8943556557030476,249.6570644718793,Baixa espec. / Baixa produt.,1985
10015,0.0,0.0,Não especializado,1985
10016,0.0,0.0,Não especializado,1985
10017,0.0,0.0,Não especializado,1985
10018,0.0,0.0,Não especializado,1985
10019,0.0,0.0,Não especializado,1985
1002,0.0,0.0,Não especializado,1985
10020,0.0,0.0,Não especializado,1985
10021,0.0,0.0,Não especializado,1985
10022,0.0,0.0,Não especializado,1985
10023,0.0,0.0,Não especializado,1985
10024,2.146912400113249,900.0,Baixa espec. / Alta produt.,1985
10025,0.0,0.0,Não especializado,1985
10026,0.0,0.0,Não especializado,1985
10027,0.0,0.0,Não especializado,1985
10028,0.0,0.0,Não especializado,1985
10029,0.0,0.0,Não especializado,1985
1003,0.0,0.0,Não especializado,1985
10030,0.0,0.0,Não especializado,1985
10031,0.0,0.0,Não especializado,1985
10032,0.15466021482936135,300.0,Não especializado,1985
10033,0.2625470823077787,600.0,Não especializado,1985
10034,0.4887308719928989,600.0,Não especializado,1985
10035,0.0,0.0,Não especializado,1985
10036,0.0,0.0,Não especializado,1985
10037,0.0,0.0,Não especializado,1985
10038,0.006397966978210133,600.0,Não especializado,1985
10039,0.0,0.0,Não especializado,1985
1004,0.0,0.0,Não especializado,1985
10040,0.0,0.0,Não especializado,1985
10041,0.0,0.0,Não especializado,1985
10042,0.0,0.0,Não especializado,1985
10043,0.60361953425053,251.46198830409358,Não especializado,1985
10044,0.0,0.0,Não especializado,1985
10045,1.807433387175258,1000.0,Baixa espec. / Alta produt.,1985
10046,0.0,0.0,Não especializado,1985
10047,6.180205168771868,937.8370966267483,Alta espec. / Alta produt.,1985
10048,0.2770467116265945,600.0,Não especializado,1985
10049,0.0,0.0,Não especializado,1985
1005,0.0,0.0,Não especializado,1985
10050,0.0,0.0,Não especializado,1985
10051,0.5924394760927854,300.0,Não especializado,1985
10052,0.6332747117290335,300.0,Não especializado,1985
10053,0.0,0.0,Não especializado,1985
10054,0.30904706972795626,480.0,Não especializado,1985
10055,0.08673169934292384,400.0,Não especializado,1985
10056,6.454069303235465,937.8545642083549,Alta espec. / Alta produt.,1985
10057,0.0,0.0,Não especializado,1985
10058,0.0,0.0,Não especializado,1985
10059,0.0,0.0,Não especializado,1985
1006,0.0,0.0,Não especializado,1985
10060,0.0,0.0,Não especializado,1985
10061,0.2710169556321381,400.0,Não especializado,1985
10062,0.0,0.0,Não especializado,1985
10063,3.983964622771679,989.8373983739838,Baixa espec. / Alta produt.,1985
10064,0.0,0.0,Não especializado,1985
10065,0.0,0.0,Não especializado,1985
10066,0.0,0.0,Não especializado,1985
10067,0.0,0.0,Não especializado,1985
10068,0.0,0.0,Não especializado,1985
10069,0.0,0.0,Não especializado,1985
1007,0.0,0.0,Não especializado,1985
10070,0.007257566473672424,200.0,Não especializado,1985
10071,0.0,0.0,Não especializado,1985
10072,0.239460557562728,475.0,Não especializado,1985
10073,0.0,0.0,Não especializado,1985
10074,0.0,0.0,Não especializado,1985
10075,0.0,0.0,Não especializado,1985
10076,4.313406324595216,1562.389118864577,Alta espec. / Alta produt.,1985
10077,0.0,0.0,Não especializado,1985
10078,0.0,0.0,Não especializado,1985
10079,0.0,0.0,Não especializado,1985
1008,0.0,0.0,Não especializado,1985
10080,0.0,0.0,Não especializado,1985
10081,0.02194629948009934,900.0,Não especializado,1985
10082,0.0,0.0,Não especializado,1985
10083,0.0,0.0,Não especializado,1985
10084,0.0,0.0,Não especializado,1985
10085,2.065317333991399,1042.0475319926875,Baixa espec. / Alta produt.,1985
10086,1.198216510300933,500.0,Baixa espec. / Baixa produt.,1985
10087,0.0,0.0,Não especializado,1985
10088,0.0,0.0,Não especializado,1985
10089,0.0,0.0,Não especializado,1985
1009,0.0,0.0,Não especializado,1985
10090,0.2913743621615935,879.5454545454545,Não especializado,1985
10091,0.0,0.0,Não especializado,1985
10092,0.06912294828178783,300.0,Não especializado,1985
10093,0.0,0.0,Não especializado,1985
10094,0.0,0.0,Não especializado,1985
10095,0.4444102333758066,601.9900497512438,Não especializado,1985
10096,0.0,0.0,Não especializado,1985
10097,0.0,0.0,Não especializado,1985
10098,0.0,0.0,Não especializado,1985
10099,0.0,0.0,Não especializado,1985
1010,0.0,0.0,Não especializado,1985
10100,0.0,0.0,Não especializado,1985
10101,0.0,0.0,Não especializado,1985
10102,0.9353139961904822,600.0,Não especializado,1985
10103,0.0,0.0,Não especializado,1985
10104,0.0,0.0,Não especializado,1985
10105,0.5414255921687244,599.2647058823529,Não especializado,1985
10106,5.470021620373427,600.0,Alta espec. / Baixa produt.,1985
10107,0.21735714553220403,601.063829787234,Não especializado,1985
10108,0.5054466894604435,600.0,Não especializado,1985
10109,0.0,0.0,Não especializado,1985
1011,0.0,0.0,Não especializado,1985
10110,0.0,0.0,Não especializado,1985
10111,0.0,0.0,Não especializado,1985
10112,0.0,0.0,Não especializado,1985
10113,0.0,0.0,Não especializado,1985
10114,0.0,0.0,Não especializado,1985
10115,4.299264958823075,900.0,Alta espec. / Alta produt.,1985
10116,0.0,0.0,Não especializado,1985
10117,0.0,0.0,Não especializado,1985
10118,0.0,0.0,Não especializado,1985
10119,0.0,0.0,Não especializado,1985
1012,0.0,0.0,Não especializado,1985
10120,0.0,0.0,Não especializado,1985
10121,0.0,0.0,Não especializado,1985
10122,0.0,0.0,Não especializado,1985
10123,0.0,0.0,Não especializado,1985
10124,0.0,0.0,Não especializado,1985
10125,0.0,0.0,Não especializado,1985
10126,0.0,0.0,Não especializado,1985
10127,0.0,0.0,Não especializado,1985
10128,0.0,0.0,Não especializado,1985
10129,2.47332382126219,600.4962779156327,Baixa espec. / Baixa produt.,1985
1013,0.0,0.0,Não especializado,1985
10130,0.0,0.0,Não especializado,1985
10131,0.0,0.0,Não especializado,1985
10132,4.94953834286534,1041.6517055655297,Alta espec. / Alta produt.,1985
10133,0.0,0.0,Não especializado,1985
10134,0.0,0.0,Não especializado,1985
10135,0.0,0.0,Não especializado,1985
10136,8.474067346624308,949.5586380832283,Alta espec. / Alta produt.,1985
10137,0.0,0.0,Não especializado,1985
10138,0.0,0.0,Não especializado,1985
10139,0.0,0.0,Não especializado,1985
1014,0.0,0.0,Não especializado,1985
10140,0.039850400894624896,1650.0,Não especializado,1985
10141,0.7098750809452806,300.0,Não especializado,1985
10142,0.0,0.0,Não especializado,1985
10143,0.0,0.0,Não especializado,1985
10144,0.0,0.0,Não especializado,1985
10145,0.0,0.0,Não especializado,1985
10146,0.0,0.0,Não especializado,1985
10147,0.0,0.0,Não especializado,1985
10148,1.8265981287577377,420.0,Baixa espec. / Baixa produt.,1985
10149,0.0,0.0,Não especializado,1985
1015,0.0,0.0,Não especializado,1985
10150,3.969863617389342,989.89898989899,Baixa espec. / Alta produt.,1985
10151,0.0,0.0,Não especializado,1985
10152,0.0,0.0,Não especializado,1985
10153,0.0,0.0,Não especializado,1985
10154,0.0,0.0,Não especializado,1985
10155,0.0,0.0,Não especializado,1985
10156,0.0,0.0,Não especializado,1985
10157,0.07722892184969914,500.0,Não especializado,1985
10158,0.0,0.0,Não especializado,1985
10159,0.8253168210060775,600.0,Não especializado,1985
1016,0.0,0.0,Não especializado,1985
10160,0.0,0.0,Não especializado,1985
10161,0.0,0.0,Não especializado,1985
10162,0.0,0.0,Não especializado,1985
10163,0.0,0.0,Não especializado,1985
10164,0.0,0.0,Não especializado,1985
10165,0.0,0.0,Não especializado,1985
10166,0.0,0.0,Não especializado,1985
10167,0.0,0.0,Não especializado,1985
10168,0.0,0.0,Não especializado,1985
10169,0.0,0.0,Não especializado,1985
1017,0.0,0.0,Não especializado,1985
10170,0.7204211712384905,879.182156133829,Não especializado,1985
10171,0.0,0.0,Não especializado,1985
10172,0.0,0.0,Não especializado,1985
10173,0.0,0.0,Não especializado,1985
10174,0.0,0.0,Não especializado,1985
10175,0.0,0.0,Não especializado,1985
10176,0.0,0.0,Não especializado,1985
10177,0.0,0.0,Não especializado,1985
10178,0.0,0.0,Não especializado,1985
10179,0.0,0.0,Não especializado,1985
1018,0.0,0.0,Não especializado,1985
10180,0.0,0.0,Não especializado,1985
10181,0.0,0.0,Não especializado,1985
10182,0.0,0.0,Não especializado,1985
10183,0.0,0.0,Não especializado,1985
10184,0.0,0.0,Não especializado,1985
10185,0.0,0.0,Não especializado,1985
10186,0.0,0.0,Não especializado,1985
10187,0.0,0.0,Não especializado,1985
10188,0.0,0.0,Não especializado,1985
10189,0.0,0.0,Não especializado,1985
1019,0.0,0.0,Não especializado,1985
10190,4.003754255228484,625.1396648044692,Baixa espec. / Baixa produt.,1985
10191,0.0,0.0,Não especializado,1985
10192,18.045909098751693,1979.7838480640762,Alta espec. / Alta produt.,1985
10193,0.0,0.0,Não especializado,1985
10194,0.0,0.0,Não especializado,1985
10195,0.0,0.0,Não especializado,1985
10196,0.0,0.0,Não especializado,1985
10197,0.24723765578236503,1000.0,Não especializado,1985
10198,0.793010894924091,600.0,Não especializado,1985
10199,0.0,0.0,Não especializado,1985
1020,0.0,0.0,Não especializado,1985
10200,0.0,0.0,Não especializado,1985
10201,1.3252183279985115,500.0,Baixa espec. / Baixa produt.,1985
10202,0.4881927235741972,1253.7142857142858,Não especializado,1985
10203,2.0184831847080456,300.0,Baixa espec. / Baixa produt.,1985
10204,0.0,0.0,Não especializado,1985
10205,0.0,0.0,Não especializado,1985
10206,0.0,0.0,Não especializado,1985
10207,0.0,0.0,Não especializado,1985
10208,0.0,0.0,Não especializado,1985
10209,0.0,0.0,Não especializado,1985
1021,0.0,0.0,Não especializado,1985
10210,0.0,0.0,Não especializado,1985
10211,0.0,0.0,Não especializado,1985
10212,0.04716304821479738,400.0,Não especializado,1985
10213,1.404285560689364,900.0,Baixa espec. / Alta produt.,1985
10214,0.0,0.0,Não especializado,1985
10215,0.0,0.0,Não especializado,1985
10216,0.5598101616038115,300.0,Não especializado,1985
10217,0.0,0.0,Não especializado,1985
10218,0.0,0.0,Não especializado,1985
10219,0.0,0.0,Não especializado,1985
1022,0.0,0.0,Não especializado,1985
10220,0.0,0.0,Não especializado,1985
10221,0.0,0.0,Não especializado,1985
10222,0.2899446246170872,900.0,Não especializado,1985
10223,3.2850124667668874,1000.0,Baixa espec. / Alta produt.,1985
10224,1.3765277620408283,601.6949152542373,Baixa espec. / Baixa produt.,1985
10225,0.0,0.0,Não especializado,1985
10226,0.0,0.0,Não especializado,1985
10227,0.0,0.0,Não especializado,1985
10228,0.0,0.0,Não especializado,1985
10229,0.0,0.0,Não especializado,1985
1023,0.0,0.0,Não especializado,1985
10230,12.024587526880449,1094.0782122905027,Alta espec. / Alta produt.,1985
10231,0.0,0.0,Não especializado,1985
10232,0.0,0.0,Não especializado,1985
10233,0.0,0.0,Não especializado,1985
10234,0.012882689313483318,900.0,Não especializado,1985
10235,0.0,0.0,Não especializado,1985
10236,1.1027601583404962,417.5824175824176,Baixa espec. / Baixa produt.,1985
10237,0.0,0.0,Não especializado,1985
10238,0.0,0.0,Não especializado,1985
10239,0.0,0.0,Não especializado,1985
1024,0.0,0.0,Não especializado,1985
10240,0.0,0.0,Não especializado,1985
10241,0.0,0.0,Não especializado,1985
10242,0.0,0.0,Não especializado,1985
10243,0.0,0.0,Não especializado,1985
10244,0.0,0.0,Não especializado,1985
10245,0.0,0.0,Não especializado,1985
10246,0.0,0.0,Não especializado,1985
10247,0.0,0.0,Não especializado,1985
10248,0.0,0.0,Não especializado,1985
10249,0.0,0.0,Não especializado,1985
1025,0.0,0.0,Não especializado,1985
10250,0.0,0.0,Não especializado,1985
10251,1.604563223421405,423.0769230769231,Baixa espec. / Baixa produt.,1985
10252,0.0,0.0,Não especializado,1985
10253,13.59556557928621,1550.02624671916,Alta espec. / Alta produt.,1985
10254,0.0,0.0,Não especializado,1985
10255,1.9110710438075103,900.4149377593361,Baixa espec. / Alta produt.,1985
10256,0.7522297582762904,550.0,Não especializado,1985
10257,0.0,0.0,Não especializado,1985
10258,1.6990212204512107,599.388379204893,Baixa espec. / Baixa produt.,1985
10259,0.0,0.0,Não especializado,1985
1026,0.0,0.0,Não especializado,1985
10260,3.0018467875145296,600.0,Baixa espec. / Baixa produt.,1985
10261,0.0,0.0,Não especializado,1985
10262,0.007861745034467564,200.0,Não especializado,1985
10263,6.450726972069236,1250.1256913021618,Alta espec. / Alta produt.,1985
10264,0.0,0.0,Não especializado,1985
10265,0.0,0.0,Não especializado,1985
10266,0.0,0.0,Não especializado,1985
10267,0.22980266913137434,600.0,Não especializado,1985
10268,0.0,0.0,Não especializado,1985
10269,0.0,0.0,Não especializado,1985
1027,0.0,0.0,Não especializado,1985
10270,0.0,0.0,Não especializado,1985
10271,0.0,0.0,Não especializado,1985
10272,0.0,0.0,Não especializado,1985
10273,0.0,0.0,Não especializado,1985
10274,0.0,0.0,Não especializado,1985
10275,0.0,0.0,Não especializado,1985
10276,0.0,0.0,Não especializado,1985
10277,3.0802286749301966,300.0,Baixa espec. / Baixa produt.,1985
10278,0.13613932232503453,400.0,Não especializado,1985
10279,0.4688089977386429,300.0,Não especializado,1985
1028,0.0,0.0,Não especializado,1985
10280,0.0,0.0,Não especializado,1985
10281,0.0,0.0,Não especializado,1985
10282,0.0,0.0,Não especializado,1985
10283,0.0,0.0,Não especializado,1985
10284,0.0,0.0,Não especializado,1985
10285,3.748449358208526,600.0,Baixa espec. / Baixa produt.,1985
10286,0.0,0.0,Não especializado,1985
10287,0.0,0.0,Não especializado,1985
10288,0.0,0.0,Não especializado,1985
10289,0.19862478949210674,598.326359832636,Não especializado,1985
1029,0.0,0.0,Não especializado,1985
10290,0.31228291183950074,480.0,Não especializado,1985
10291,0.0,0.0,Não especializado,1985
10292,0.0,0.0,Não especializado,1985
10293,0.0,0.0,Não especializado,1985
10294,0.0,0.0,Não especializado,1985
10295,0.0,0.0,Não especializado,1985
10296,0.0,0.0,Não especializado,1985
10297,0.0,0.0,Não especializado,1985
10298,0.0,0.0,Não especializado,1985
10299,0.0,0.0,Não especializado,1985
1030,0.0,0.0,Não especializado,1985
10300,0.0,0.0,Não especializado,1985
10301,0.0,0.0,Não especializado,1985
10302,0.0,0.0,Não especializado,1985
10303,0.0,0.0,Não especializado,1985
10304,0.0,0.0,Não especializado,1985
10305,0.0,0.0,Não especializado,1985
10306,0.0,0.0,Não especializado,1985
10307,10.118666258261113,1562.8415300546449,Alta espec. / Alta produt.,1985
10308,1.1488875160181862,500.0,Baixa espec. / Baixa produt.,1985
10309,0.29648343514257647,483.3333333333333,Não especializado,1985
1031,0.0,0.0,Não especializado,1985
10310,0.0,0.0,Não especializado,1985
10311,0.0,0.0,Não especializado,1985
10312,0.0,0.0,Não especializado,1985
10313,0.0,0.0,Não especializado,1985
10314,0.32251425966122743,480.0,Não especializado,1985
10315,3.8539987519015724,600.0,Baixa espec. / Baixa produt.,1985
10316,0.0,0.0,Não especializado,1985
10317,0.0,0.0,Não especializado,1985
10318,0.0,0.0,Não especializado,1985
10319,0.0,0.0,Não especializado,1985
1032,0.0,0.0,Não especializado,1985
10320,0.0,0.0,Não especializado,1985
10321,0.0,0.0,Não especializado,1985
10322,0.0,0.0,Não especializado,1985
10323,0.02039010597796978,200.0,Não especializado,1985
10324,0.0,0.0,Não especializado,1985
10325,0.0,0.0,Não especializado,1985
10326,0.0,0.0,Não especializado,1985
10327,0.0,0.0,Não especializado,1985
10328,0.0,0.0,Não especializado,1985
10329,9.901730203535667,416.70381928964184,Alta espec. / Baixa produt.,1985
1033,0.0,0.0,Não especializado,1985
10330,0.0,0.0,Não especializado,1985
10331,0.0,0.0,Não especializado,1985
10332,0.0,0.0,Não especializado,1985
10333,0.0,0.0,Não especializado,1985
10334,0.0,0.0,Não especializado,1985
10335,0.0,0.0,Não especializado,1985
10336,0.0,0.0,Não especializado,1985
1034,0.0,0.0,Não especializado,1985
1035,0.0,0.0,Não especializado,1985
1036,0.0,0.0,Não especializado,1985
1037,0.0,0.0,Não especializado,1985
1038,0.0,0.0,Não especializado,1985
1039,0.0,0.0,Não especializado,1985
1040,0.0,0.0,Não especializado,1985
1041,0.0,0.0,Não especializado,1985
1042,0.0,0.0,Não especializado,1985
1043,0.0,0.0,Não especializado,1985
1044,0.0,0.0,Não especializado,1985
1045,0.0,0.0,Não especializado,1985
1046,0.0,0.0,Não especializado,1985
1047,0.0,0.0,Não especializado,1985
1048,1.1159937187875377,1050.0,Baixa espec. / Alta produt.,1985
1049,1.4599792217147465,2088.6792452830186,Baixa espec. / Alta produt.,1985
1050,2.7727228170991385,1350.1344086021506,Baixa espec. / Alta produt.,1985
1051,1.2018816693330816,1200.0,Baixa espec. / Alta produt.,1985
1052,4.702870563605141,1578.4827586206898,Alta espec. / Alta produt.,1985
1053,0.0,0.0,Não especializado,1985
1054,0.0,0.0,Não especializado,1985
1055,0.03247153644557954,1400.0,Não especializado,1985
1056,0.006301538655587003,2000.0,Não especializado,1985
1057,0.0,0.0,Não especializado,1985
1058,1.8187015725697067,1200.0,Baixa espec. / Alta produt.,1985
1059,6.83324413938462,1825.0889679715303,Alta espec. / Alta produt.,1985
1060,0.0,0.0,Não especializado,1985
1061,1.6242504714601256,1200.445434298441,Baixa espec. / Alta produt.,1985
1062,0.0,0.0,Não especializado,1985
1063,1.1000624166134634,1260.1156069364163,Baixa espec. / Alta produt.,1985
1064,0.8779869740162414,1700.0,Não especializado,1985
1065,0.0,0.0,Não especializado,1985
1066,0.00811804900514296,1500.0,Não especializado,1985
1067,0.0,0.0,Não especializado,1985
1068,0.0,0.0,Não especializado,1985
1069,0.020772332150321884,2200.0,Não especializado,1985
1070,0.0,0.0,Não especializado,1985
1071,8.280241793622784,1318.095238095238,Alta espec. / Alta produt.,1985
1072,0.07356380125156037,1581.4207650273224,Não especializado,1985
1073,5.969741793742252,1872.0763320104704,Alta espec. / Alta produt.,1985
1074,5.949087088005255,1500.0,Alta espec. / Alta produt.,1985
1075,0.4857312476570163,1350.0,Não especializado,1985
1076,0.0,0.0,Não especializado,1985
1077,0.0,0.0,Não especializado,1985
1078,3.195436792984785,1000.0,Baixa espec. / Alta produt.,1985
1079,0.0,0.0,Não especializado,1985
1080,0.2925766256018983,1350.0,Não especializado,1985
1081,9.981893789507222,1425.0,Alta espec. / Alta produt.,1985
1082,0.0,0.0,Não especializado,1985
1083,0.041174618575048,1800.0,Não especializado,1985
1084,5.159371669381366,1860.0,Alta espec. / Alta produt.,1985
1085,0.28000443991512824,750.0,Não especializado,1985
1086,0.00660182019452628,1350.0,Não especializado,1985
1087,0.7529737768506445,1799.849510910459,Não especializado,1985
1088,0.0,0.0,Não especializado,1985
1089,0.0,0.0,Não especializado,1985
1090,0.0,0.0,Não especializado,1985
1091,0.019694136197709905,1666.6666666666667,Não especializado,1985
1092,0.03908590380382985,741.9354838709677,Não especializado,1985
1093,0.0,0.0,Não especializado,1985
1094,1.542774022932074,1800.0,Baixa espec. / Alta produt.,1985
1095,1.1120933801149577,1500.0,Baixa espec. / Alta produt.,1985
1096,0.0,0.0,Não especializado,1985
1097,0.0,0.0,Não especializado,1985
1098,0.0544749457518497,1129.2475728155339,Não especializado,1985
1099,0.0,0.0,Não especializado,1985
1100,0.002210201413367582,1500.0,Não especializado,1985
11001,0.0,0.0,Não especializado,1985
11002,0.0,0.0,Não especializado,1985
11003,0.0,0.0,Não especializado,1985
11004,0.0,0.0,Não especializado,1985
11005,0.0,0.0,Não especializado,1985
11006,0.0,0.0,Não especializado,1985
11007,0.0,0.0,Não especializado,1985
11008,0.0,0.0,Não especializado,1985
11009,0.0,0.0,Não especializado,1985
1101,0.0,0.0,Não especializado,1985
11010,0.0,0.0,Não especializado,1985
11011,0.0,0.0,Não especializado,1985
11012,0.0,0.0,Não especializado,1985
11013,0.0,0.0,Não especializado,1985
11014,0.0,0.0,Não especializado,1985
11015,0.0,0.0,Não especializado,1985
11016,0.0,0.0,Não especializado,1985
11017,0.0,0.0,Não especializado,1985
11018,0.0,0.0,Não especializado,1985
11019,0.0,0.0,Não especializado,1985
1102,0.0,0.0,Não especializado,1985
11020,0.0,0.0,Não especializado,1985
11021,0.0,0.0,Não especializado,1985
11022,0.0,0.0,Não especializado,1985
11023,0.0,0.0,Não especializado,1985
11024,0.0,0.0,Não especializado,1985
11025,0.0,0.0,Não especializado,1985
11026,0.0,0.0,Não especializado,1985
11027,0.0,0.0,Não especializado,1985
11028,0.0,0.0,Não especializado,1985
11029,0.0,0.0,Não especializado,1985
1103,0.7165191245847174,1035.2126226669232,Não especializado,1985
11030,0.0,0.0,Não especializado,1985
11031,0.0,0.0,Não especializado,1985
11032,0.0,0.0,Não especializado,1985
11033,0.0,0.0,Não especializado,1985
11034,0.0,0.0,Não especializado,1985
11035,0.0,0.0,Não especializado,1985
11036,0.0,0.0,Não especializado,1985
11037,0.0,0.0,Não especializado,1985
11038,0.0,0.0,Não especializado,1985
11039,0.0,0.0,Não especializado,1985
1104,0.2334194657188022,1243.9024390243903,Não especializado,1985
11040,0.0,0.0,Não especializado,1985
11041,0.775979793856305,2000.0,Não especializado,1985
11042,0.0,0.0,Não especializado,1985
11043,0.0,0.0,Não especializado,1985
11044,0.0,0.0,Não especializado,1985
11045,0.0,0.0,Não especializado,1985
11046,0.0,0.0,Não especializado,1985
11047,0.0,0.0,Não especializado,1985
11048,0.0,0.0,Não especializado,1985
11049,0.0,0.0,Não especializado,1985
1105,0.26501012052075795,1782.8947368421052,Não especializado,1985
11050,0.0,0.0,Não especializado,1985
11051,0.0,0.0,Não especializado,1985
11052,0.0,0.0,Não especializado,1985
11053,0.0,0.0,Não especializado,1985
11054,0.0,0.0,Não especializado,1985
11055,0.0,0.0,Não especializado,1985
11056,0.0,0.0,Não especializado,1985
11057,0.0,0.0,Não especializado,1985
11058,0.0,0.0,Não especializado,1985
11059,0.0,0.0,Não especializado,1985
1106,0.051939828960170645,1075.0,Não especializado,1985
11060,0.0,0.0,Não especializado,1985
11061,0.0,0.0,Não especializado,1985
11062,0.0,0.0,Não especializado,1985
11063,0.0,0.0,Não especializado,1985
11064,0.0,0.0,Não especializado,1985
11065,0.0,0.0,Não especializado,1985
11066,0.0,0.0,Não especializado,1985
11067,0.0,0.0,Não especializado,1985
11068,0.0,0.0,Não especializado,1985
11069,0.1842598757824772,1500.0,Não especializado,1985
1107,0.12495330357895654,1000.0,Não especializado,1985
11070,0.0,0.0,Não especializado,1985
11071,0.894849496255781,1351.111111111111,Não especializado,1985
11072,0.0,0.0,Não especializado,1985
11073,0.0,0.0,Não especializado,1985
11074,0.0,0.0,Não especializado,1985
11075,0.0,0.0,Não especializado,1985
11076,0.0,0.0,Não especializado,1985
11077,0.0,0.0,Não especializado,1985
11078,0.32862818265564253,1200.0,Não especializado,1985
11079,0.0,0.0,Não especializado,1985
1108,0.0,0.0,Não especializado,1985
11080,0.0,0.0,Não especializado,1985
11081,0.0,0.0,Não especializado,1985
11082,0.0,0.0,Não especializado,1985
11083,0.0,0.0,Não especializado,1985
11084,0.0,0.0,Não especializado,1985
11085,0.0,0.0,Não especializado,1985
11086,0.0,0.0,Não especializado,1985
11087,0.0,0.0,Não especializado,1985
11088,0.2644534412008865,960.0,Não especializado,1985
11089,0.0,0.0,Não especializado,1985
1109,0.11917322741619214,968.3655536028119,Não especializado,1985
11090,0.0,0.0,Não especializado,1985
11091,0.0,0.0,Não especializado,1985
11092,0.0,0.0,Não especializado,1985
11093,0.5412875608751853,1200.0,Não especializado,1985
11094,0.0,0.0,Não especializado,1985
11095,0.0,0.0,Não especializado,1985
11096,0.0,0.0,Não especializado,1985
11097,0.0,0.0,Não especializado,1985
11098,0.0,0.0,Não especializado,1985
11099,0.0,0.0,Não especializado,1985
1110,0.0,0.0,Não especializado,1985
11100,0.0,0.0,Não especializado,1985
11101,0.0,0.0,Não especializado,1985
11102,0.005987410795089035,2000.0,Não especializado,1985
11103,0.0,0.0,Não especializado,1985
11104,0.0,0.0,Não especializado,1985
11105,0.0,0.0,Não especializado,1985
11106,0.0,0.0,Não especializado,1985
11107,7.255985304506046,1950.0,Alta espec. / Alta produt.,1985
11108,0.0,0.0,Não especializado,1985
11109,0.0,0.0,Não especializado,1985
1111,1.1599939037312044,1474.2621015348288,Baixa espec. / Alta produt.,1985
11110,0.0,0.0,Não especializado,1985
11111,0.0,0.0,Não especializado,1985
11112,0.0,0.0,Não especializado,1985
11113,0.0,0.0,Não especializado,1985
11114,0.0,0.0,Não especializado,1985
11115,0.0,0.0,Não especializado,1985
11116,0.0,0.0,Não especializado,1985
11117,0.0,0.0,Não especializado,1985
11118,0.0,0.0,Não especializado,1985
11119,0.0,0.0,Não especializado,1985
1112,0.0,0.0,Não especializado,1985
11120,0.0,0.0,Não especializado,1985
11121,0.0,0.0,Não especializado,1985
11122,0.0,0.0,Não especializado,1985
11123,0.0,0.0,Não especializado,1985
11124,0.0,0.0,Não especializado,1985
11125,0.0,0.0,Não especializado,1985
11126,0.0,0.0,Não especializado,1985
11127,1.2035766746136032,2200.0,Baixa espec. / Alta produt.,1985
11128,0.0,0.0,Não especializado,1985
11129,0.0,0.0,Não especializado,1985
1113,0.0,0.0,Não especializado,1985
11130,0.0,0.0,Não especializado,1985
11131,0.0,0.0,Não especializado,1985
11132,0.0,0.0,Não especializado,1985
11133,0.0,0.0,Não especializado,1985
11134,10.493084253338017,1950.0,Alta espec. / Alta produt.,1985
11135,0.0,0.0,Não especializado,1985
11136,12.196187130137346,1050.0,Alta espec. / Alta produt.,1985
11137,0.0,0.0,Não especializado,1985
11138,0.0,0.0,Não especializado,1985
11139,0.0,0.0,Não especializado,1985
1114,0.0,0.0,Não especializado,1985
11140,0.0,0.0,Não especializado,1985
11141,0.0,0.0,Não especializado,1985
11142,0.0,0.0,Não especializado,1985
11143,0.0,0.0,Não especializado,1985
11144,0.0,0.0,Não especializado,1985
11145,0.0,0.0,Não especializado,1985
11146,0.0,0.0,Não especializado,1985
11147,0.0,0.0,Não especializado,1985
11148,0.0,0.0,Não especializado,1985
11149,0.0,0.0,Não especializado,1985
1115,0.0,0.0,Não especializado,1985
11150,0.0,0.0,Não especializado,1985
11151,0.0,0.0,Não especializado,1985
11152,0.0,0.0,Não especializado,1985
11153,0.0,0.0,Não especializado,1985
11154,0.0,0.0,Não especializado,1985
11155,7.2262476598154475,1800.0,Alta espec. / Alta produt.,1985
11156,0.0,0.0,Não especializado,1985
11157,0.0,0.0,Não especializado,1985
11158,0.0,0.0,Não especializado,1985
11159,0.0,0.0,Não especializado,1985
1116,0.0,0.0,Não especializado,1985
11160,0.0,0.0,Não especializado,1985
11161,0.0,0.0,Não especializado,1985
11162,0.0,0.0,Não especializado,1985
11163,0.0,0.0,Não especializado,1985
11164,0.0,0.0,Não especializado,1985
11165,0.0,0.0,Não especializado,1985
11166,0.0,0.0,Não especializado,1985
11167,16.354174025414828,1200.0,Alta espec. / Alta produt.,1985
11168,0.0,0.0,Não especializado,1985
11169,0.0,0.0,Não especializado,1985
1117,0.0,0.0,Não especializado,1985
11170,0.0,0.0,Não especializado,1985
11171,5.405815609068927,1800.0,Alta espec. / Alta produt.,1985
11172,0.0,0.0,Não especializado,1985
11173,0.0,0.0,Não especializado,1985
11174,0.0,0.0,Não especializado,1985
11175,0.14841788122853275,1500.0,Não especializado,1985
11176,0.0,0.0,Não especializado,1985
11177,0.0,0.0,Não especializado,1985
11178,0.0,0.0,Não especializado,1985
11179,1.5737893763464597,1200.0,Baixa espec. / Alta produt.,1985
1118,0.0,0.0,Não especializado,1985
11180,0.0,0.0,Não especializado,1985
11181,0.0,0.0,Não especializado,1985
11182,0.0,0.0,Não especializado,1985
11183,0.0,0.0,Não especializado,1985
11184,0.0,0.0,Não especializado,1985
11185,0.0,0.0,Não especializado,1985
11186,0.0,0.0,Não especializado,1985
11187,0.10863821941676424,2251.1415525114157,Não especializado,1985
11188,0.0,0.0,Não especializado,1985
11189,0.0,0.0,Não especializado,1985
1119,0.0,0.0,Não especializado,1985
11190,0.0,0.0,Não especializado,1985
11191,0.0,0.0,Não especializado,1985
11192,0.0,0.0,Não especializado,1985
11193,0.0,0.0,Não especializado,1985
11194,0.0,0.0,Não especializado,1985
11195,0.0,0.0,Não especializado,1985
11196,0.0,0.0,Não especializado,1985
11197,0.015605055999908149,1818.1818181818182,Não especializado,1985
11198,0.0,0.0,Não especializado,1985
11199,0.0,0.0,Não especializado,1985
11200,0.0,0.0,Não especializado,1985
11201,0.0,0.0,Não especializado,1985
11202,0.0,0.0,Não especializado,1985
11203,0.9775613629976185,1275.0,Não especializado,1985
11204,0.0,0.0,Não especializado,1985
11205,0.0,0.0,Não especializado,1985
11206,0.0,0.0,Não especializado,1985
11207,0.0,0.0,Não especializado,1985
11208,0.03564056716168236,1297.872340425532,Não especializado,1985
11209,0.0,0.0,Não especializado,1985
11210,0.0,0.0,Não especializado,1985
11211,0.0,0.0,Não especializado,1985
11212,0.0,0.0,Não especializado,1985
11213,0.0,0.0,Não especializado,1985
11214,0.0,0.0,Não especializado,1985
11215,0.0,0.0,Não especializado,1985
11216,0.0,0.0,Não especializado,1985
11217,0.0,0.0,Não especializado,1985
11218,0.0,0.0,Não especializado,1985
11219,0.0,0.0,Não especializado,1985
11220,0.0,0.0,Não especializado,1985
11221,0.0,0.0,Não especializado,1985
11222,0.0,0.0,Não especializado,1985
11223,0.022759662333268395,500.0,Não especializado,1985
11224,0.0,0.0,Não especializado,1985
11225,0.0,0.0,Não especializado,1985
11226,0.0,0.0,Não especializado,1985
11227,0.0,0.0,Não especializado,1985
11228,0.0,0.0,Não especializado,1985
11229,0.0,0.0,Não especializado,1985
11230,0.0,0.0,Não especializado,1985
11231,0.0,0.0,Não especializado,1985
11232,0.0,0.0,Não especializado,1985
11233,0.0,0.0,Não especializado,1985
11234,0.0,0.0,Não especializado,1985
11235,0.0,0.0,Não especializado,1985
11236,0.0,0.0,Não especializado,1985
11237,0.0,0.0,Não especializado,1985
11238,0.0,0.0,Não especializado,1985
11239,0.0,0.0,Não especializado,1985
11240,0.0,0.0,Não especializado,1985
11241,0.1461456620814943,2000.0,Não especializado,1985
11242,0.0,0.0,Não especializado,1985
11243,0.0,0.0,Não especializado,1985
11244,0.0,0.0,Não especializado,1985
11245,0.0,0.0,Não especializado,1985
11246,0.0,0.0,Não especializado,1985
11247,0.0,0.0,Não especializado,1985
11248,0.0,0.0,Não especializado,1985
11249,0.0,0.0,Não especializado,1985
11250,0.0,0.0,Não especializado,1985
11251,0.0,0.0,Não especializado,1985
11252,0.0,0.0,Não especializado,1985
11253,0.0,0.0,Não especializado,1985
11254,0.0,0.0,Não especializado,1985
11255,0.0,0.0,Não especializado,1985
11256,0.5010359430491346,1200.0,Não especializado,1985
11257,0.0,0.0,Não especializado,1985
11258,0.0,0.0,Não especializado,1985
11259,0.0,0.0,Não especializado,1985
11260,0.0,0.0,Não especializado,1985
11261,13.670451508505598,1125.0,Alta espec. / Alta produt.,1985
11262,0.0,0.0,Não especializado,1985
11263,0.0,0.0,Não especializado,1985
11264,0.0,0.0,Não especializado,1985
11265,0.0,0.0,Não especializado,1985
11266,0.0,0.0,Não especializado,1985
11267,0.0,0.0,Não especializado,1985
11268,0.0,0.0,Não especializado,1985
11269,0.0,0.0,Não especializado,1985
11270,0.0,0.0,Não especializado,1985
11271,0.0,0.0,Não especializado,1985
11272,0.0,0.0,Não especializado,1985
11273,0.0,0.0,Não especializado,1985
11274,0.0,0.0,Não especializado,1985
11275,0.0,0.0,Não especializado,1985
11276,0.0,0.0,Não especializado,1985
11277,0.0,0.0,Não especializado,1985
11278,0.0,0.0,Não especializado,1985
11279,0.0,0.0,Não especializado,1985
11280,0.0,0.0,Não especializado,1985
11281,0.0,0.0,Não especializado,1985
11282,0.48069032543047274,1500.0,Não especializado,1985
11283,0.661140894246804,1200.0,Não especializado,1985
11284,10.006366092279837,1050.0,Alta espec. / Alta produt.,1985
11285,0.0,0.0,Não especializado,1985
11286,0.0,0.0,Não especializado,1985
11287,0.0,0.0,Não especializado,1985
11288,0.0,0.0,Não especializado,1985
11289,0.0,0.0,Não especializado,1985
11290,0.0,0.0,Não especializado,1985
11291,0.6326398331134334,1351.111111111111,Não especializado,1985
11292,0.04596511040630945,1500.0,Não especializado,1985
11293,0.0,0.0,Não especializado,1985
11294,0.0,0.0,Não especializado,1985
11295,11.108632113682521,1186.541095890411,Alta espec. / Alta produt.,1985
11296,0.18696242156651846,1176.4705882352941,Não especializado,1985
11297,0.0,0.0,Não especializado,1985
11298,0.0,0.0,Não especializado,1985
11299,0.0,0.0,Não especializado,1985
11300,0.0,0.0,Não especializado,1985
11301,0.0,0.0,Não especializado,1985
11302,0.0,0.0,Não especializado,1985
11303,0.0,0.0,Não especializado,1985
11304,0.0,0.0,Não especializado,1985
11305,0.0,0.0,Não especializado,1985
11306,0.0,0.0,Não especializado,1985
11307,0.0,0.0,Não especializado,1985
11308,0.0,0.0,Não especializado,1985
11309,0.0,0.0,Não especializado,1985
11310,0.0,0.0,Não especializado,1985
11311,0.0,0.0,Não especializado,1985
11312,0.0,0.0,Não especializado,1985
11313,0.0,0.0,Não especializado,1985
11314,0.0,0.0,Não especializado,1985
11315,0.8662642417465602,1900.0,Não especializado,1985
11316,0.0,0.0,Não especializado,1985
11317,0.0,0.0,Não especializado,1985
11318,0.0,0.0,Não especializado,1985
11319,0.0,0.0,Não especializado,1985
11320,4.870676808179664,1042.3728813559321,Alta espec. / Alta produt.,1985
11321,0.0,0.0,Não especializado,1985
11322,0.0,0.0,Não especializado,1985
11323,0.0,0.0,Não especializado,1985
11324,0.0,0.0,Não especializado,1985
11325,0.0,0.0,Não especializado,1985
11326,0.0,0.0,Não especializado,1985
11327,0.0,0.0,Não especializado,1985
11328,0.0,0.0,Não especializado,1985
11329,0.0,0.0,Não especializado,1985
11330,0.0,0.0,Não especializado,1985
11331,0.2223831979442788,900.0,Não especializado,1985
11332,0.0,0.0,Não especializado,1985
11333,0.0,0.0,Não especializado,1985
11334,0.0,0.0,Não especializado,1985
11335,0.0,0.0,Não especializado,1985
11336,0.0,0.0,Não especializado,1985
11337,0.0,0.0,Não especializado,1985
11338,0.0,0.0,Não especializado,1985
11339,5.9414222582585685,1950.0,Alta espec. / Alta produt.,1985
11340,0.0,0.0,Não especializado,1985
11341,0.0,0.0,Não especializado,1985
11342,0.0,0.0,Não especializado,1985
11343,0.0,0.0,Não especializado,1985
11344,0.0,0.0,Não especializado,1985
11345,0.0,0.0,Não especializado,1985
11346,2.6467527852463117,960.0,Baixa espec. / Alta produt.,1985
11347,0.0,0.0,Não especializado,1985
11348,0.0,0.0,Não especializado,1985
11349,0.0,0.0,Não especializado,1985
11350,0.0,0.0,Não especializado,1985
11351,0.0,0.0,Não especializado,1985
11352,0.0,0.0,Não especializado,1985
11353,0.0,0.0,Não especializado,1985
11354,0.0,0.0,Não especializado,1985
11355,0.0,0.0,Não especializado,1985
11356,0.8048501059751899,1800.0,Não especializado,1985
11357,0.0,0.0,Não especializado,1985
11358,0.0,0.0,Não especializado,1985
11359,0.0,0.0,Não especializado,1985
11360,0.0,0.0,Não especializado,1985
11361,0.0,0.0,Não especializado,1985
11362,0.0,0.0,Não especializado,1985
11363,0.0,0.0,Não especializado,1985
11364,0.0,0.0,Não especializado,1985
11365,2.1144377120702895,1914.6341463414635,Baixa espec. / Alta produt.,1985
11366,0.0,0.0,Não especializado,1985
11367,0.0,0.0,Não especializado,1985
11368,0.0,0.0,Não especializado,1985
11369,0.0,0.0,Não especializado,1985
11370,0.0,0.0,Não especializado,1985
11371,0.0,0.0,Não especializado,1985
11372,0.0,0.0,Não especializado,1985
11373,0.0,0.0,Não especializado,1985
11374,0.0,0.0,Não especializado,1985
11375,0.0,0.0,Não especializado,1985
11376,1.1265952658835603,2000.0,Baixa espec. / Alta produt.,1985
11377,0.0,0.0,Não especializado,1985
11378,0.0,0.0,Não especializado,1985
11379,0.0,0.0,Não especializado,1985
11380,0.0,0.0,Não especializado,1985
11381,0.0,0.0,Não especializado,1985
11382,0.0,0.0,Não especializado,1985
11383,0.0,0.0,Não especializado,1985
11384,0.0,0.0,Não especializado,1985
11385,0.0,0.0,Não especializado,1985
11386,0.0,0.0,Não especializado,1985
11387,0.0,0.0,Não especializado,1985
11388,0.0,0.0,Não especializado,1985
11389,0.0,0.0,Não especializado,1985
11390,0.0,0.0,Não especializado,1985
11391,0.0,0.0,Não especializado,1985
11392,0.0,0.0,Não especializado,1985
11393,0.0,0.0,Não especializado,1985
11394,0.0,0.0,Não especializado,1985
11395,0.0,0.0,Não especializado,1985
11396,0.0,0.0,Não especializado,1985
11397,0.0,0.0,Não especializado,1985
11398,0.0,0.0,Não especializado,1985
11399,0.0,0.0,Não especializado,1985
11400,0.0,0.0,Não especializado,1985
11401,0.0,0.0,Não especializado,1985
11402,0.0,0.0,Não especializado,1985
11403,0.0,0.0,Não especializado,1985
11404,0.03197277364577544,1500.0,Não especializado,1985
11405,0.0,0.0,Não especializado,1985
11406,0.0,0.0,Não especializado,1985
11407,0.0,0.0,Não especializado,1985
11408,0.3191829974753964,1200.0,Não especializado,1985
11409,0.0,0.0,Não especializado,1985
11410,0.0,0.0,Não especializado,1985
11411,0.0,0.0,Não especializado,1985
11412,0.0,0.0,Não especializado,1985
11413,0.031003801502807696,1600.0,Não especializado,1985
11414,0.0,0.0,Não especializado,1985
11415,0.0,0.0,Não especializado,1985
11416,0.0,0.0,Não especializado,1985
11417,0.0,0.0,Não especializado,1985
11418,0.0,0.0,Não especializado,1985
11419,0.0,0.0,Não especializado,1985
11420,0.0,0.0,Não especializado,1985
11421,0.0,0.0,Não especializado,1985
11422,0.0,0.0,Não especializado,1985
11423,0.0,0.0,Não especializado,1985
11424,0.0,0.0,Não especializado,1985
11425,0.0,0.0,Não especializado,1985
11426,0.0,0.0,Não especializado,1985
11427,0.0,0.0,Não especializado,1985
11428,0.0,0.0,Não especializado,1985
11429,0.0,0.0,Não especializado,1985
11430,0.0,0.0,Não especializado,1985
11431,0.0,0.0,Não especializado,1985
11432,0.0,0.0,Não especializado,1985
11433,0.0,0.0,Não especializado,1985
11434,0.0,0.0,Não especializado,1985
11435,0.0,0.0,Não especializado,1985
11436,0.059263713893930384,1000.0,Não especializado,1985
11437,0.0,0.0,Não especializado,1985
11438,0.0,0.0,Não especializado,1985
11439,0.0,0.0,Não especializado,1985
11440,0.0,0.0,Não especializado,1985
11441,0.0,0.0,Não especializado,1985
11442,0.0,0.0,Não especializado,1985
11443,0.9237482273713002,960.0,Não especializado,1985
11444,0.09119652942958037,1800.0,Não especializado,1985
11445,0.0,0.0,Não especializado,1985
11446,0.0,0.0,Não especializado,1985
11447,0.0,0.0,Não especializado,1985
11448,0.6706449332792142,1200.0,Não especializado,1985
11449,0.0,0.0,Não especializado,1985
11450,0.4212433789407776,1352.3809523809523,Não especializado,1985
11451,0.0,0.0,Não especializado,1985
11452,0.0,0.0,Não especializado,1985
11453,0.0,0.0,Não especializado,1985
11454,0.0,0.0,Não especializado,1985
11455,0.0,0.0,Não especializado,1985
11456,0.0,0.0,Não especializado,1985
11457,0.0,0.0,Não especializado,1985
11458,0.0,0.0,Não especializado,1985
11459,0.0,0.0,Não especializado,1985
11460,0.0,0.0,Não especializado,1985
11461,0.0,0.0,Não especializado,1985
11462,0.01562391206302553,1200.0,Não especializado,1985
11463,0.0,0.0,Não especializado,1985
11464,0.0,0.0,Não especializado,1985
11465,0.0,0.0,Não especializado,1985
11466,0.0,0.0,Não especializado,1985
11467,17.586837190322676,1200.0,Alta espec. / Alta produt.,1985
11468,0.0,0.0,Não especializado,1985
11469,0.0,0.0,Não especializado,1985
11470,0.0,0.0,Não especializado,1985
11471,0.0,0.0,Não especializado,1985
11472,0.0,0.0,Não especializado,1985
11473,0.0,0.0,Não especializado,1985
11474,0.0,0.0,Não especializado,1985
11475,0.0,0.0,Não especializado,1985
11476,0.0,0.0,Não especializado,1985
11477,0.0,0.0,Não especializado,1985
11478,0.0,0.0,Não especializado,1985
11479,0.0,0.0,Não especializado,1985
11480,0.0,0.0,Não especializado,1985
11481,0.0,0.0,Não especializado,1985
11482,0.0,0.0,Não especializado,1985
11483,0.0,0.0,Não especializado,1985
11484,0.0,0.0,Não especializado,1985
11485,0.0,0.0,Não especializado,1985
11486,0.0,0.0,Não especializado,1985
11487,0.0,0.0,Não especializado,1985
11488,0.0,0.0,Não especializado,1985
11489,0.0,0.0,Não especializado,1985
11490,0.0,0.0,Não especializado,1985
11491,1.083069100078987,1198.6754966887418,Baixa espec. / Alta produt.,1985
11492,0.0,0.0,Não especializado,1985
11493,0.0,0.0,Não especializado,1985
11494,0.0,0.0,Não especializado,1985
11495,0.0,0.0,Não especializado,1985
11496,0.0,0.0,Não especializado,1985
11497,0.0,0.0,Não especializado,1985
11498,0.0,0.0,Não especializado,1985
11499,0.0,0.0,Não especializado,1985
11500,0.01892825888096478,500.0,Não especializado,1985
11501,0.0,0.0,Não especializado,1985
11502,0.0,0.0,Não especializado,1985
11503,0.0,0.0,Não especializado,1985
11504,0.0,0.0,Não especializado,1985
11505,0.0,0.0,Não especializado,1985
11506,0.0,0.0,Não especializado,1985
11507,0.0,0.0,Não especializado,1985
11508,0.0,0.0,Não especializado,1985
11509,0.0,0.0,Não especializado,1985
11510,0.007223635448346663,333.3333333333333,Não especializado,1985
11511,0.0,0.0,Não especializado,1985
11512,0.0,0.0,Não especializado,1985
11513,0.0,0.0,Não especializado,1985
11514,0.0,0.0,Não especializado,1985
11515,0.0,0.0,Não especializado,1985
11516,0.005305592483169513,400.0,Não especializado,1985
11517,0.0,0.0,Não especializado,1985
11518,0.0,0.0,Não especializado,1985
11519,0.0,0.0,Não especializado,1985
11520,0.0,0.0,Não especializado,1985
11521,0.0,0.0,Não especializado,1985
11522,0.0,0.0,Não especializado,1985
11523,0.0,0.0,Não especializado,1985
11524,0.0,0.0,Não especializado,1985
11525,0.13910118594745682,2200.0,Não especializado,1985
11526,0.0,0.0,Não especializado,1985
11527,0.0,0.0,Não especializado,1985
11528,0.0,0.0,Não especializado,1985
11529,0.0,0.0,Não especializado,1985
11530,0.0,0.0,Não especializado,1985
11531,0.0,0.0,Não especializado,1985
11532,0.0,0.0,Não especializado,1985
11533,0.0,0.0,Não especializado,1985
11534,0.0,0.0,Não especializado,1985
11535,0.0,0.0,Não especializado,1985
11536,0.0,0.0,Não especializado,1985
11537,0.0,0.0,Não especializado,1985
11538,0.009297870616326843,600.0,Não especializado,1985
11539,0.2679641989354057,1200.0,Não especializado,1985
11540,0.0,0.0,Não especializado,1985
11541,0.0,0.0,Não especializado,1985
11542,0.0,0.0,Não especializado,1985
11543,0.0,0.0,Não especializado,1985
11544,0.0,0.0,Não especializado,1985
11545,0.0,0.0,Não especializado,1985
11546,0.0,0.0,Não especializado,1985
11547,0.0,0.0,Não especializado,1985
11548,0.0,0.0,Não especializado,1985
11549,0.0,0.0,Não especializado,1985
11550,0.0,0.0,Não especializado,1985
11551,0.0,0.0,Não especializado,1985
11552,0.0,0.0,Não especializado,1985
11553,0.0,0.0,Não especializado,1985
11554,0.0,0.0,Não especializado,1985
11555,0.0,0.0,Não especializado,1985
11556,0.0,0.0,Não especializado,1985
11557,0.0,0.0,Não especializado,1985
11558,0.0,0.0,Não especializado,1985
11559,0.0,0.0,Não especializado,1985
11560,12.59643439776201,1200.0,Alta espec. / Alta produt.,1985
11561,0.0,0.0,Não especializado,1985
11562,0.0,0.0,Não especializado,1985
11563,0.0,0.0,Não especializado,1985
11564,0.0,0.0,Não especializado,1985
11565,0.0,0.0,Não especializado,1985
11566,0.0,0.0,Não especializado,1985
11567,0.0,0.0,Não especializado,1985
11568,0.0,0.0,Não especializado,1985
11569,0.0,0.0,Não especializado,1985
11570,0.0,0.0,Não especializado,1985
11571,0.0,0.0,Não especializado,1985
11572,0.0,0.0,Não especializado,1985
11573,0.0,0.0,Não especializado,1985
11574,0.0,0.0,Não especializado,1985
11575,0.0,0.0,Não especializado,1985
11576,0.0,0.0,Não especializado,1985
11577,0.0,0.0,Não especializado,1985
11578,0.0,0.0,Não especializado,1985
11579,0.0,0.0,Não especializado,1985
11580,0.0,0.0,Não especializado,1985
11581,0.0,0.0,Não especializado,1985
11582,0.0,0.0,Não especializado,1985
11583,0.0,0.0,Não especializado,1985
11584,0.0,0.0,Não especializado,1985
11585,0.0,0.0,Não especializado,1985
11586,0.0,0.0,Não especializado,1985
11587,0.0,0.0,Não especializado,1985
11588,0.002220660489918097,333.3333333333333,Não especializado,1985
11589,0.0,0.0,Não especializado,1985
11590,0.0,0.0,Não especializado,1985
11591,0.0,0.0,Não especializado,1985
11592,0.0,0.0,Não especializado,1985
11593,0.0,0.0,Não especializado,1985
11594,0.0,0.0,Não especializado,1985
11595,0.0,0.0,Não especializado,1985
11596,0.0,0.0,Não especializado,1985
11597,0.0,0.0,Não especializado,1985
11598,0.0,0.0,Não especializado,1985
11599,0.0,0.0,Não especializado,1985
11600,0.0,0.0,Não especializado,1985
11601,0.0,0.0,Não especializado,1985
11602,0.0,0.0,Não especializado,1985
11603,0.0,0.0,Não especializado,1985
11604,0.0,0.0,Não especializado,1985
11605,0.0,0.0,Não especializado,1985
11606,0.0,0.0,Não especializado,1985
11607,0.0,0.0,Não especializado,1985
11608,0.20223133235784593,1912.5,Não especializado,1985
11609,0.0,0.0,Não especializado,1985
11610,0.0,0.0,Não especializado,1985
11611,0.0,0.0,Não especializado,1985
11612,0.0,0.0,Não especializado,1985
11613,0.0,0.0,Não especializado,1985
11614,0.0,0.0,Não especializado,1985
11615,0.0,0.0,Não especializado,1985
11616,0.0,0.0,Não especializado,1985
11617,0.0,0.0,Não especializado,1985
11618,0.0,0.0,Não especializado,1985
11619,0.0,0.0,Não especializado,1985
11620,0.0,0.0,Não especializado,1985
11621,0.0,0.0,Não especializado,1985
11622,1.3138056231827515,1800.0,Baixa espec. / Alta produt.,1985
11623,0.0,0.0,Não especializado,1985
11624,0.0,0.0,Não especializado,1985
11625,0.0,0.0,Não especializado,1985
11626,0.0,0.0,Não especializado,1985
11627,0.0,0.0,Não especializado,1985
11628,0.0,0.0,Não especializado,1985
11629,0.0,0.0,Não especializado,1985
11630,0.0,0.0,Não especializado,1985
11631,0.0,0.0,Não especializado,1985
11632,0.0,0.0,Não especializado,1985
11633,0.0,0.0,Não especializado,1985
11634,0.0,0.0,Não especializado,1985
11635,0.0,0.0,Não especializado,1985
11636,0.0,0.0,Não especializado,1985
11637,0.0,0.0,Não especializado,1985
11638,0.0,0.0,Não especializado,1985
11639,0.0,0.0,Não especializado,1985
11640,0.0,0.0,Não especializado,1985
11641,0.0,0.0,Não especializado,1985
11642,0.0,0.0,Não especializado,1985
11643,0.0,0.0,Não especializado,1985
11644,0.0,0.0,Não especializado,1985
11645,0.0,0.0,Não especializado,1985
11646,0.0,0.0,Não especializado,1985
11647,0.0,0.0,Não especializado,1985
11648,0.0,0.0,Não especializado,1985
11649,0.0,0.0,Não especializado,1985
11650,0.0,0.0,Não especializado,1985
11651,0.0,0.0,Não especializado,1985
11652,0.0,0.0,Não especializado,1985
11653,0.0,0.0,Não especializado,1985
11654,0.0,0.0,Não especializado,1985
11655,0.0,0.0,Não especializado,1985
11656,0.0,0.0,Não especializado,1985
11657,0.0,0.0,Não especializado,1985
11658,0.0,0.0,Não especializado,1985
11659,0.0,0.0,Não especializado,1985
11660,0.0,0.0,Não especializado,1985
11661,0.0,0.0,Não especializado,1985
11662,0.0,0.0,Não especializado,1985
11663,0.0,0.0,Não especializado,1985
11664,0.0,0.0,Não especializado,1985
11665,0.0,0.0,Não especializado,1985
11666,0.0,0.0,Não especializado,1985
11667,0.0,0.0,Não especializado,1985
11668,0.0,0.0,Não especializado,1985
11669,0.0,0.0,Não especializado,1985
11670,0.0,0.0,Não especializado,1985
11671,0.0,0.0,Não especializado,1985
11672,0.0,0.0,Não especializado,1985
11673,0.0,0.0,Não especializado,1985
11674,0.01728204654068045,571.4285714285714,Não especializado,1985
11675,0.0,0.0,Não especializado,1985
11676,0.0,0.0,Não especializado,1985
11677,0.0,0.0,Não especializado,1985
11678,0.0,0.0,Não especializado,1985
11679,0.0,0.0,Não especializado,1985
11680,0.0,0.0,Não especializado,1985
11681,0.0,0.0,Não especializado,1985
11682,0.0,0.0,Não especializado,1985
11683,0.0,0.0,Não especializado,1985
11684,0.0,0.0,Não especializado,1985
11685,0.0,0.0,Não especializado,1985
11686,0.0,0.0,Não especializado,1985
11687,0.0,0.0,Não especializado,1985
11688,0.0,0.0,Não especializado,1985
11689,0.0,0.0,Não especializado,1985
11690,0.0,0.0,Não especializado,1985
11691,0.0,0.0,Não especializado,1985
11692,0.0,0.0,Não especializado,1985
11693,0.0,0.0,Não especializado,1985
11694,0.0,0.0,Não especializado,1985
11695,0.0,0.0,Não especializado,1985
11696,0.0,0.0,Não especializado,1985
11697,0.0,0.0,Não especializado,1985
11698,0.0,0.0,Não especializado,1985
11699,0.0,0.0,Não especializado,1985
11700,0.0460543524512783,1500.0,Não especializado,1985
11701,0.0,0.0,Não especializado,1985
11702,0.0,0.0,Não especializado,1985
11703,0.0,0.0,Não especializado,1985
11704,0.0,0.0,Não especializado,1985
11705,0.0,0.0,Não especializado,1985
11706,0.0,0.0,Não especializado,1985
11707,0.0,0.0,Não especializado,1985
11708,0.0,0.0,Não especializado,1985
11709,0.0,0.0,Não especializado,1985
11710,0.0,0.0,Não especializado,1985
11711,0.0,0.0,Não especializado,1985
11712,0.0,0.0,Não especializado,1985
11713,0.0,0.0,Não especializado,1985
11714,0.0,0.0,Não especializado,1985
11715,0.0,0.0,Não especializado,1985
11716,0.0,0.0,Não especializado,1985
11717,0.0,0.0,Não especializado,1985
11718,0.0,0.0,Não especializado,1985
11719,0.0,0.0,Não especializado,1985
11720,0.0,0.0,Não especializado,1985
11721,0.0,0.0,Não especializado,1985
11722,0.0,0.0,Não especializado,1985
11723,0.0,0.0,Não especializado,1985
11724,0.0,0.0,Não especializado,1985
11725,0.0,0.0,Não especializado,1985
11726,0.0,0.0,Não especializado,1985
11727,0.0,0.0,Não especializado,1985
11728,0.0,0.0,Não especializado,1985
11729,0.0,0.0,Não especializado,1985
11730,0.0,0.0,Não especializado,1985
11731,0.0,0.0,Não especializado,1985
11732,0.0,0.0,Não especializado,1985
11733,0.0,0.0,Não especializado,1985
11734,0.0,0.0,Não especializado,1985
11735,0.0,0.0,Não especializado,1985
11736,0.0,0.0,Não especializado,1985
11737,0.0,0.0,Não especializado,1985
11738,0.0,0.0,Não especializado,1985
11739,0.0,0.0,Não especializado,1985
11740,0.0,0.0,Não especializado,1985
11741,0.0,0.0,Não especializado,1985
11742,0.0,0.0,Não especializado,1985
11743,0.0,0.0,Não especializado,1985
11744,0.0,0.0,Não especializado,1985
11745,0.0,0.0,Não especializado,1985
11746,0.0,0.0,Não especializado,1985
11747,0.0,0.0,Não especializado,1985
11748,0.0,0.0,Não especializado,1985
11749,0.0,0.0,Não especializado,1985
11750,0.0,0.0,Não especializado,1985
11751,0.0,0.0,Não especializado,1985
11752,0.0,0.0,Não especializado,1985
11753,0.0,0.0,Não especializado,1985
11754,0.0,0.0,Não especializado,1985
11755,0.0,0.0,Não especializado,1985
11756,0.0,0.0,Não especializado,1985
11757,0.0,0.0,Não especializado,1985
11758,0.0,0.0,Não especializado,1985
11759,0.0,0.0,Não especializado,1985
11760,0.0,0.0,Não especializado,1985
11761,0.0,0.0,Não especializado,1985
11762,0.0,0.0,Não especializado,1985
11763,0.0,0.0,Não especializado,1985
11764,0.0,0.0,Não especializado,1985
11765,0.0,0.0,Não especializado,1985
11766,0.0,0.0,Não especializado,1985
11767,0.0,0.0,Não especializado,1985
11768,0.0,0.0,Não especializado,1985
11769,0.0,0.0,Não especializado,1985
11770,0.0,0.0,Não especializado,1985
12001,0.0,0.0,Não especializado,1985
12002,0.0,0.0,Não especializado,1985
12003,0.0,0.0,Não especializado,1985
12004,0.0,0.0,Não especializado,1985
12005,0.0,0.0,Não especializado,1985
12006,0.0,0.0,Não especializado,1985
12007,0.0,0.0,Não especializado,1985
12008,0.0,0.0,Não especializado,1985
12009,0.0,0.0,Não especializado,1985
12010,0.0,0.0,Não especializado,1985
12011,0.0,0.0,Não especializado,1985
12012,0.0,0.0,Não especializado,1985
12013,0.0,0.0,Não especializado,1985
12014,0.0,0.0,Não especializado,1985
12015,0.0,0.0,Não especializado,1985
12016,0.0,0.0,Não especializado,1985
12017,0.0,0.0,Não especializado,1985
12018,0.0,0.0,Não especializado,1985
12019,0.0,0.0,Não especializado,1985
12020,0.0,0.0,Não especializado,1985
12021,0.0,0.0,Não especializado,1985
12022,0.0,0.0,Não especializado,1985
12023,0.0,0.0,Não especializado,1985
12024,0.0,0.0,Não especializado,1985
12025,0.0,0.0,Não especializado,1985
12026,0.0,0.0,Não especializado,1985
12027,0.0,0.0,Não especializado,1985
12028,0.0,0.0,Não especializado,1985
12029,0.0,0.0,Não especializado,1985
12030,0.0,0.0,Não especializado,1985
12031,0.0,0.0,Não especializado,1985
12032,0.0,0.0,Não especializado,1985
12033,0.0,0.0,Não especializado,1985
12034,0.0,0.0,Não especializado,1985
12035,0.0,0.0,Não especializado,1985
12036,0.0,0.0,Não especializado,1985
12038,0.0,0.0,Não especializado,1985
12039,0.0,0.0,Não especializado,1985
12040,0.0,0.0,Não especializado,1985
12041,0.0,0.0,Não especializado,1985
12042,0.0,0.0,Não especializado,1985
12043,0.0,0.0,Não especializado,1985
12044,0.0,0.0,Não especializado,1985
12045,0.0,0.0,Não especializado,1985
12046,0.0,0.0,Não especializado,1985
12047,0.0,0.0,Não especializado,1985
12048,0.0,0.0,Não especializado,1985
12049,0.0,0.0,Não especializado,1985
12050,0.0,0.0,Não especializado,1985
12051,0.0,0.0,Não especializado,1985
12052,0.0,0.0,Não especializado,1985
12053,0.0,0.0,Não especializado,1985
12054,0.0,0.0,Não especializado,1985
12056,0.0,0.0,Não especializado,1985
12057,0.0,0.0,Não especializado,1985
12058,0.0,0.0,Não especializado,1985
12059,0.0,0.0,Não especializado,1985
12060,0.0,0.0,Não especializado,1985
12061,0.0,0.0,Não especializado,1985
12062,0.0,0.0,Não especializado,1985
12063,0.0,0.0,Não especializado,1985
12064,0.0,0.0,Não especializado,1985
13001,1.6315969404866015,1950.0,Baixa espec. / Alta produt.,1985
13002,0.0,0.0,Não especializado,1985
13003,7.470739682949586,2530.1666666666665,Alta espec. / Alta produt.,1985
13004,0.8503397246216873,1180.0,Não especializado,1985
13005,0.0,0.0,Não especializado,1985
13006,0.0,0.0,Não especializado,1985
13007,0.0,0.0,Não especializado,1985
13008,0.0,0.0,Não especializado,1985
13009,0.1327119801432691,1444.4444444444443,Não especializado,1985
13010,7.338795409247429,1200.3610108303249,Alta espec. / Alta produt.,1985
13011,0.4757853221097536,1800.0,Não especializado,1985
13012,0.12620590159884376,1945.4545454545455,Não especializado,1985
13013,1.258770615975411,1240.0,Baixa espec. / Alta produt.,1985
13014,0.0,0.0,Não especializado,1985
13015,9.83882041306757,1610.344827586207,Alta espec. / Alta produt.,1985
13016,5.577165372204759,1037.3333333333333,Alta espec. / Alta produt.,1985
13017,0.4304027221546694,1057.142857142857,Não especializado,1985
13018,0.07906224937135371,1000.0,Não especializado,1985
13019,1.3563110992268994,1353.3333333333333,Baixa espec. / Alta produt.,1985
13020,0.0,0.0,Não especializado,1985
13021,5.0504591900445615,1901.6666666666667,Alta espec. / Alta produt.,1985
13022,0.23676520768494846,920.0,Não especializado,1985
13023,0.0,0.0,Não especializado,1985
13024,1.8851871253405332,1500.0,Baixa espec. / Alta produt.,1985
13025,0.0,0.0,Não especializado,1985
13026,1.2501866571952986,1200.0,Baixa espec. / Alta produt.,1985
13027,5.0745831561860175,1270.0,Alta espec. / Alta produt.,1985
13028,0.0,0.0,Não especializado,1985
13029,3.618500343318082,1200.0,Baixa espec. / Alta produt.,1985
13030,0.0,0.0,Não especializado,1985
13031,0.0,0.0,Não especializado,1985
13032,2.184673742304282,2075.9193357058125,Baixa espec. / Alta produt.,1985
13033,0.0,0.0,Não especializado,1985
13034,0.3054567949955618,1800.0,Não especializado,1985
13035,0.33655551206079415,1500.0,Não especializado,1985
13036,0.0,0.0,Não especializado,1985
13037,0.0,0.0,Não especializado,1985
13038,1.8055825126748075,2025.0,Baixa espec. / Alta produt.,1985
13039,0.14307625438145335,1500.0,Não especializado,1985
13040,3.2278049778167657,1245.119305856833,Baixa espec. / Alta produt.,1985
13041,0.0,0.0,Não especializado,1985
13042,0.0,0.0,Não especializado,1985
13043,0.0,0.0,Não especializado,1985
13044,6.1147440418022185,2288.0,Alta espec. / Alta produt.,1985
13045,0.0,0.0,Não especializado,1985
13046,5.06481149342641,1240.3162055335968,Alta espec. / Alta produt.,1985
13047,0.32870806995388985,1559.6026490066224,Não especializado,1985
13048,0.0,0.0,Não especializado,1985
13049,5.69315770045859,1500.0,Alta espec. / Alta produt.,1985
13050,0.0,0.0,Não especializado,1985
13051,0.6664065507466258,1497.6958525345622,Não especializado,1985
13052,0.015458728877212212,1500.0,Não especializado,1985
13053,0.0,0.0,Não especializado,1985
13054,0.0,0.0,Não especializado,1985
13055,0.0,0.0,Não especializado,1985
13056,0.09528183825776446,2700.0,Não especializado,1985
13057,3.104406057316643,2168.0672268907565,Baixa espec. / Alta produt.,1985
13058,0.8174113796813328,2096.0,Não especializado,1985
13059,0.0,0.0,Não especializado,1985
13060,0.0,0.0,Não especializado,1985
13061,0.09620153826598137,1950.0,Não especializado,1985
13062,0.21060158867401327,2098.3606557377047,Não especializado,1985
13063,0.0,0.0,Não especializado,1985
13064,0.0,0.0,Não especializado,1985
13065,0.0,0.0,Não especializado,1985
13066,0.0,0.0,Não especializado,1985
13067,0.0,0.0,Não especializado,1985
13068,0.6892585378245604,1984.0,Não especializado,1985
13069,5.604720299286418,1500.0,Alta espec. / Alta produt.,1985
13070,0.0,0.0,Não especializado,1985
13071,1.0530369845605778,2173.7089201877934,Baixa espec. / Alta produt.,1985
13072,2.8878679981943196,1563.803680981595,Baixa espec. / Alta produt.,1985
13073,0.0,0.0,Não especializado,1985
13074,2.330560726740921,2400.1501501501502,Baixa espec. / Alta produt.,1985
13075,0.4331571574120589,1953.3333333333333,Não especializado,1985
13076,0.08510640344382304,1200.0,Não especializado,1985
13077,0.3199744637551078,1500.0,Não especializado,1985
13078,0.0,0.0,Não especializado,1985
13079,0.035040789431561005,1800.0,Não especializado,1985
13080,0.8321620014690304,900.0,Não especializado,1985
13081,1.1055304039836238,1783.0188679245282,Baixa espec. / Alta produt.,1985
13082,0.0,0.0,Não especializado,1985
13083,0.0,0.0,Não especializado,1985
13084,0.0,0.0,Não especializado,1985
13085,0.0,0.0,Não especializado,1985
13086,1.0591687382655293,2395.8333333333335,Baixa espec. / Alta produt.,1985
13087,2.10394652478405,2370.714285714286,Baixa espec. / Alta produt.,1985
13088,0.0,0.0,Não especializado,1985
13089,0.2687811629565502,2380.0,Não especializado,1985
13090,0.0,0.0,Não especializado,1985
13091,5.511395373540481,1724.7474747474748,Alta espec. / Alta produt.,1985
13092,0.5311661216607925,1951.6129032258063,Não especializado,1985
13093,0.0,0.0,Não especializado,1985
13094,0.0,0.0,Não especializado,1985
13095,0.0,0.0,Não especializado,1985
13096,0.0,0.0,Não especializado,1985
13097,0.0,0.0,Não especializado,1985
13098,0.0,0.0,Não especializado,1985
13099,7.135438583792208,1303.157894736842,Alta espec. / Alta produt.,1985
13100,0.0,0.0,Não especializado,1985
13101,4.980921710395284,1261.904761904762,Alta espec. / Alta produt.,1985
13102,0.0,0.0,Não especializado,1985
13103,0.0,0.0,Não especializado,1985
13104,0.14127241801774232,1200.0,Não especializado,1985
13105,0.0,0.0,Não especializado,1985
13106,4.430061150612644,2711.5384615384614,Alta espec. / Alta produt.,1985
13107,0.0,0.0,Não especializado,1985
13108,0.0,0.0,Não especializado,1985
13109,0.93979377981085,1200.0,Não especializado,1985
13110,0.0,0.0,Não especializado,1985
13111,0.0,0.0,Não especializado,1985
13112,0.7518057785628113,1700.1870907390085,Não especializado,1985
13113,0.0,0.0,Não especializado,1985
13114,2.45268081192907,1800.0,Baixa espec. / Alta produt.,1985
13115,0.0,0.0,Não especializado,1985
13116,0.0,0.0,Não especializado,1985
13117,0.044431314126980884,1800.0,Não especializado,1985
13118,0.0,0.0,Não especializado,1985
13119,0.0,0.0,Não especializado,1985
13120,7.475648514300014,1500.0,Alta espec. / Alta produt.,1985
13121,1.6153870148588285,1800.0,Baixa espec. / Alta produt.,1985
13122,0.0,0.0,Não especializado,1985
13123,6.067545937572247,1500.0,Alta espec. / Alta produt.,1985
13124,0.0,0.0,Não especializado,1985
13125,0.0,0.0,Não especializado,1985
13126,0.0,0.0,Não especializado,1985
13127,0.2653782673122132,1500.0,Não especializado,1985
13128,0.3083199001521258,2900.0,Não especializado,1985
13129,0.8637821705586486,1500.0,Não especializado,1985
13130,0.0,0.0,Não especializado,1985
13131,0.2651044395010125,1344.4444444444443,Não especializado,1985
13132,0.8072120814967991,2248.8888888888887,Não especializado,1985
13133,0.15082908158953076,2157.0247933884298,Não especializado,1985
13134,6.330791362909952,1978.4172661870505,Alta espec. / Alta produt.,1985
13135,1.7376507416182305,1710.0,Baixa espec. / Alta produt.,1985
13136,0.33679185722375815,3000.0,Não especializado,1985
13137,1.1418847730634087,2250.0,Baixa espec. / Alta produt.,1985
13138,0.43548442722710173,2490.566037735849,Não especializado,1985
13139,1.1108857701441481,1500.0,Baixa espec. / Alta produt.,1985
13140,3.9003871558769654,1500.0,Baixa espec. / Alta produt.,1985
13141,0.0,0.0,Não especializado,1985
13142,0.36672753768782623,2100.0,Não especializado,1985
13143,0.0,0.0,Não especializado,1985
13144,0.09887915845819863,2175.0,Não especializado,1985
13145,0.0,0.0,Não especializado,1985
13146,0.0,0.0,Não especializado,1985
13147,0.0,0.0,Não especializado,1985
13148,1.0992411940436824,2016.6666666666667,Baixa espec. / Alta produt.,1985
13150,9.352410387804829,1500.0,Alta espec. / Alta produt.,1985
13151,0.0,0.0,Não especializado,1985
13152,0.0,0.0,Não especializado,1985
13153,0.0,0.0,Não especializado,1985
13154,11.329827656192574,1200.0,Alta espec. / Alta produt.,1985
13155,8.90624884900067,1500.0,Alta espec. / Alta produt.,1985
13156,7.561946410437213,1800.0,Alta espec. / Alta produt.,1985
13157,0.0,0.0,Não especializado,1985
13158,1.7528932919833027,2764.0625,Baixa espec. / Alta produt.,1985
13159,0.9086351377122263,1000.0,Não especializado,1985
13160,0.0,0.0,Não especializado,1985
13161,0.0,0.0,Não especializado,1985
13162,0.0,0.0,Não especializado,1985
13163,0.0,0.0,Não especializado,1985
13164,7.468582099146254,1561.2121212121212,Alta espec. / Alta produt.,1985
13165,0.07357504981078664,1800.0,Não especializado,1985
13166,2.5638544904631253,1800.0,Baixa espec. / Alta produt.,1985
13167,2.16764567090003,1500.0,Baixa espec. / Alta produt.,1985
13168,8.013226477637955,1217.5,Alta espec. / Alta produt.,1985
13169,5.8800720102852155,1050.0218754557386,Alta espec. / Alta produt.,1985
13170,0.14901553712609733,1900.0,Não especializado,1985
13171,4.487196900136897,1743.8095238095239,Alta espec. / Alta produt.,1985
13172,0.0,0.0,Não especializado,1985
13173,0.14014468646302147,1882.3529411764705,Não especializado,1985
13174,0.0,0.0,Não especializado,1985
13175,4.094034732351906,1950.0,Baixa espec. / Alta produt.,1985
13176,9.093133952163383,1400.0,Alta espec. / Alta produt.,1985
13177,1.5447575393173818,2102.0,Baixa espec. / Alta produt.,1985
13178,0.054271011471069164,1804.878048780488,Não especializado,1985
13179,0.0,0.0,Não especializado,1985
13180,0.0,0.0,Não especializado,1985
13181,0.0,0.0,Não especializado,1985
13182,2.352076423070791,1969.86301369863,Baixa espec. / Alta produt.,1985
13183,0.0,0.0,Não especializado,1985
13184,8.241569477901155,2006.849315068493,Alta espec. / Alta produt.,1985
13185,6.28132340589155,1610.3333333333333,Alta espec. / Alta produt.,1985
13186,0.1882649861376414,600.0,Não especializado,1985
13187,0.5180293850579301,1950.0,Não especializado,1985
13188,0.0434994618003894,3000.0,Não especializado,1985
13189,0.5816253002090128,1100.0,Não especializado,1985
13190,0.6065690330005965,2550.0,Não especializado,1985
13191,0.031034296519039682,1500.0,Não especializado,1985
13192,0.0,0.0,Não especializado,1985
13193,3.3299477584385,2400.0,Baixa espec. / Alta produt.,1985
13194,10.00550999196432,1646.2346760070052,Alta espec. / Alta produt.,1985
13195,0.3482974121881766,1800.0,Não especializado,1985
13196,6.224596189714196,1500.0,Alta espec. / Alta produt.,1985
13197,0.0,0.0,Não especializado,1985
13198,2.130382039297404,2175.0,Baixa espec. / Alta produt.,1985
13199,0.0,0.0,Não especializado,1985
13200,0.0,0.0,Não especializado,1985
13201,0.0,0.0,Não especializado,1985
13202,0.0,0.0,Não especializado,1985
13203,0.0,0.0,Não especializado,1985
13204,0.0,0.0,Não especializado,1985
13205,0.3374608204874854,2000.0,Não especializado,1985
13206,8.169658024779089,1856.0,Alta espec. / Alta produt.,1985
13207,0.0,0.0,Não especializado,1985
13208,2.8599499362046843,1200.0,Baixa espec. / Alta produt.,1985
13209,3.8288563330365206,1714.2857142857142,Baixa espec. / Alta produt.,1985
13210,1.3521249538589153,1826.3157894736842,Baixa espec. / Alta produt.,1985
13211,0.06514259176569381,1363.6363636363637,Não especializado,1985
13212,0.12951147420794612,2459.0163934426228,Não especializado,1985
13213,1.1789370813339028,2495.0,Baixa espec. / Alta produt.,1985
13214,0.8257431210169278,1500.0,Não especializado,1985
13215,5.545987023244293,1912.0,Alta espec. / Alta produt.,1985
13216,0.0,0.0,Não especializado,1985
13217,0.4882830428493501,2008.3333333333333,Não especializado,1985
13218,3.254940797697231,1216.867469879518,Baixa espec. / Alta produt.,1985
13219,0.0,0.0,Não especializado,1985
13220,0.14061859146472094,1869.2307692307693,Não especializado,1985
13221,0.0,0.0,Não especializado,1985
13222,0.0,0.0,Não especializado,1985
13223,5.633770377392064,1907.25,Alta espec. / Alta produt.,1985
13224,0.0,0.0,Não especializado,1985
13225,6.06938294012074,1953.030303030303,Alta espec. / Alta produt.,1985
13226,8.143431411359556,1579.591836734694,Alta espec. / Alta produt.,1985
13227,1.7324260338007866,2664.7398843930637,Baixa espec. / Alta produt.,1985
13228,0.43354403376407663,1801.8433179723502,Não especializado,1985
13229,0.0,0.0,Não especializado,1985
13230,0.033014133750358166,2142.8571428571427,Não especializado,1985
13231,0.03621855400303828,2133.3333333333335,Não especializado,1985
13232,0.0,0.0,Não especializado,1985
13233,0.5159561974854029,2616.6666666666665,Não especializado,1985
13234,0.0,0.0,Não especializado,1985
13235,0.0,0.0,Não especializado,1985
13236,4.6787598989954695,2030.0,Alta espec. / Alta produt.,1985
13237,0.3083582260432873,1800.0,Não especializado,1985
13238,1.340240343971137,1689.0,Baixa espec. / Alta produt.,1985
13239,0.0,0.0,Não especializado,1985
13240,2.4095237373725467,2090.6666666666665,Baixa espec. / Alta produt.,1985
13241,0.0,0.0,Não especializado,1985
13242,0.0,0.0,Não especializado,1985
13243,0.8365371798627999,1799.5867768595042,Não especializado,1985
13244,0.0,0.0,Não especializado,1985
13245,0.2081560784230172,1595.0,Não especializado,1985
13246,0.0,0.0,Não especializado,1985
13247,0.0,0.0,Não especializado,1985
13248,0.11405390820701043,1651.8218623481782,Não especializado,1985
13249,0.2821127086391951,2775.0,Não especializado,1985
13250,2.8960845693637176,2545.4545454545455,Baixa espec. / Alta produt.,1985
13251,0.0,0.0,Não especializado,1985
13252,0.0,0.0,Não especializado,1985
13253,0.0,0.0,Não especializado,1985
13254,0.0,0.0,Não especializado,1985
13255,0.0,0.0,Não especializado,1985
13256,0.0,0.0,Não especializado,1985
13257,0.8662574140481031,1881.8181818181818,Não especializado,1985
13258,0.0,0.0,Não especializado,1985
13259,0.0,0.0,Não especializado,1985
13260,4.670012509607304,2326.6666666666665,Alta espec. / Alta produt.,1985
13261,1.9105851265945777,2250.0,Baixa espec. / Alta produt.,1985
13262,1.3783937184164003,2597.2972972972975,Baixa espec. / Alta produt.,1985
13263,0.0,0.0,Não especializado,1985
13264,0.0,0.0,Não especializado,1985
13265,6.375377593354279,1174.4,Alta espec. / Alta produt.,1985
13266,0.0,0.0,Não especializado,1985
13267,0.0,0.0,Não especializado,1985
13268,0.9706131498256096,2333.5,Não especializado,1985
13269,0.0,0.0,Não especializado,1985
13270,0.04185544126279699,2100.0,Não especializado,1985
13271,0.4615007743327864,1925.0,Não especializado,1985
13272,0.0,0.0,Não especializado,1985
13273,3.0047221196864786,1347.3684210526317,Baixa espec. / Alta produt.,1985
13274,0.8146819143871145,2542.8571428571427,Não especializado,1985
13275,0.0,0.0,Não especializado,1985
13276,0.7578707034019658,2250.909090909091,Não especializado,1985
13277,0.0,0.0,Não especializado,1985
13278,4.397189657364258,1350.204081632653,Alta espec. / Alta produt.,1985
13279,0.0,0.0,Não especializado,1985
13280,0.0,0.0,Não especializado,1985
13281,0.0,0.0,Não especializado,1985
13282,5.491037461147958,1957.6,Alta espec. / Alta produt.,1985
13283,2.8610284890629467,2686.3636363636365,Baixa espec. / Alta produt.,1985
13284,0.0,0.0,Não especializado,1985
13285,6.706947988962216,2228.4623160732335,Alta espec. / Alta produt.,1985
13286,0.3867674231343804,2760.6060606060605,Não especializado,1985
13287,0.0,0.0,Não especializado,1985
13288,0.3231120857268105,1649.4845360824743,Não especializado,1985
13289,5.702182998017974,2525.5555555555557,Alta espec. / Alta produt.,1985
13290,0.0,0.0,Não especializado,1985
13291,2.1197606373830116,2365.0,Baixa espec. / Alta produt.,1985
13292,0.3132645932702833,789.4736842105264,Não especializado,1985
13293,0.843783038659853,2111.5942028985505,Não especializado,1985
13294,3.5715009793940524,1404.878048780488,Baixa espec. / Alta produt.,1985
13295,0.022982154719505064,1000.0,Não especializado,1985
13296,0.20977307924217564,1200.0,Não especializado,1985
13297,0.0,0.0,Não especializado,1985
13298,2.5095391872981505,1797.5206611570247,Baixa espec. / Alta produt.,1985
13299,12.798665795437438,1725.0,Alta espec. / Alta produt.,1985
13300,4.837752069345299,2249.8090145148967,Alta espec. / Alta produt.,1985
13301,0.0,0.0,Não especializado,1985
13302,1.2674196741190054,1860.0,Baixa espec. / Alta produt.,1985
13303,4.3825145932475,1653.697996918336,Alta espec. / Alta produt.,1985
13304,0.6301394906852186,2250.0,Não especializado,1985
13305,6.63519098902368,2111.1111111111113,Alta espec. / Alta produt.,1985
13306,0.04287580502490985,1000.0,Não especializado,1985
13307,1.1754696193299794,1200.0,Baixa espec. / Alta produt.,1985
13308,6.786293700847954,1526.070368800339,Alta espec. / Alta produt.,1985
13309,0.0,0.0,Não especializado,1985
13310,0.0,0.0,Não especializado,1985
13311,0.0,0.0,Não especializado,1985
13312,8.834065579573648,1500.0,Alta espec. / Alta produt.,1985
13313,8.77865172355106,1376.3157894736842,Alta espec. / Alta produt.,1985
13314,3.6711830409703214,2475.0,Baixa espec. / Alta produt.,1985
13315,0.1510592707346302,1500.0,Não especializado,1985
13316,0.0,0.0,Não especializado,1985
13317,9.360273331921407,1500.0,Alta espec. / Alta produt.,1985
13318,1.9325902832311075,2250.0,Baixa espec. / Alta produt.,1985
13319,5.359742589176759,2367.129766479456,Alta espec. / Alta produt.,1985
13320,0.0,0.0,Não especializado,1985
13321,0.0,0.0,Não especializado,1985
13322,0.5731553415182613,2100.0,Não especializado,1985
13323,0.0,0.0,Não especializado,1985
13324,3.58073061704343,2199.8055420515316,Baixa espec. / Alta produt.,1985
13325,6.160299089125926,1800.0,Alta espec. / Alta produt.,1985
13326,0.019765562342838428,2000.0,Não especializado,1985
13327,0.9650872726885343,1392.1568627450981,Não especializado,1985
13328,0.0,0.0,Não especializado,1985
13329,0.0,0.0,Não especializado,1985
13330,0.5830799695717698,1928.5714285714287,Não especializado,1985
13331,0.11592738812826485,1375.0,Não especializado,1985
13332,0.1676424792668595,2250.0,Não especializado,1985
13333,7.857547331199987,1500.0,Alta espec. / Alta produt.,1985
13334,0.0,0.0,Não especializado,1985
13335,0.0,0.0,Não especializado,1985
13336,0.01266094691302526,1950.0,Não especializado,1985
13337,0.0,0.0,Não especializado,1985
13338,1.6104919026925897,1800.0,Baixa espec. / Alta produt.,1985
13339,8.551918771159622,1754.1666666666667,Alta espec. / Alta produt.,1985
13340,0.0,0.0,Não especializado,1985
13341,0.0,0.0,Não especializado,1985
13342,0.19717812940785295,1793.103448275862,Não especializado,1985
13343,6.2642581594387625,1811.6666666666667,Alta espec. / Alta produt.,1985
13344,0.0,0.0,Não especializado,1985
13345,1.5286229968377576,2849.740932642487,Baixa espec. / Alta produt.,1985
13346,2.235312433065355,1549.2063492063492,Baixa espec. / Alta produt.,1985
13347,0.0,0.0,Não especializado,1985
13348,0.18485646187427984,1500.0,Não especializado,1985
13349,6.599884468164656,1500.0,Alta espec. / Alta produt.,1985
13350,5.224309419244354,1800.0,Alta espec. / Alta produt.,1985
13351,0.050394208629647747,2366.6666666666665,Não especializado,1985
13352,6.644885695728724,1385.4545454545455,Alta espec. / Alta produt.,1985
13353,0.6111816770718377,1500.0,Não especializado,1985
13354,0.0,0.0,Não especializado,1985
13355,0.0459848764401654,1800.0,Não especializado,1985
13356,0.20632920525151938,1050.0,Não especializado,1985
13357,3.7615027818559343,1900.0,Baixa espec. / Alta produt.,1985
13358,0.1718473572762762,1800.0,Não especializado,1985
13359,0.0,0.0,Não especializado,1985
13360,0.022236257635693233,1933.3333333333333,Não especializado,1985
13361,2.9163723772051444,1577.0,Baixa espec. / Alta produt.,1985
13362,0.04167704113492541,1666.6666666666667,Não especializado,1985
13363,0.0,0.0,Não especializado,1985
13364,0.35975911426302154,1424.2424242424242,Não especializado,1985
13365,1.2647457929499781,1424.0,Baixa espec. / Alta produt.,1985
13366,0.2816668616282755,1600.0,Não especializado,1985
13367,9.890567605069425,1447.2303206997085,Alta espec. / Alta produt.,1985
13368,3.1508961729122755,1950.0,Baixa espec. / Alta produt.,1985
13369,4.149635253885217,1800.0,Baixa espec. / Alta produt.,1985
13370,0.0,0.0,Não especializado,1985
13371,6.604545403523529,1350.0,Alta espec. / Alta produt.,1985
13372,0.47232721216355616,1650.0,Não especializado,1985
13373,7.307134657490578,1388.888888888889,Alta espec. / Alta produt.,1985
13374,0.8369719178207489,1708.0,Não especializado,1985
13375,0.0,0.0,Não especializado,1985
13376,0.10715885633102559,1200.0,Não especializado,1985
13377,1.911954488174983,1500.0,Baixa espec. / Alta produt.,1985
13378,0.5950858704172023,1350.0,Não especializado,1985
13379,0.0,0.0,Não especializado,1985
13380,0.0,0.0,Não especializado,1985
13381,4.12701022895697,1800.0,Baixa espec. / Alta produt.,1985
13382,0.0,0.0,Não especializado,1985
13383,5.709423865317043,1395.0,Alta espec. / Alta produt.,1985
13384,2.6679550772509546,1566.0,Baixa espec. / Alta produt.,1985
13385,6.587992431244383,2114.864864864865,Alta espec. / Alta produt.,1985
13386,0.15754641133949623,1522.5806451612902,Não especializado,1985
13387,0.0,0.0,Não especializado,1985
13388,9.54221258827361,1500.0,Alta espec. / Alta produt.,1985
13389,0.055642241122915305,2000.0,Não especializado,1985
13390,0.0,0.0,Não especializado,1985
13391,0.0,0.0,Não especializado,1985
13392,0.1075510415963921,2470.0,Não especializado,1985
13393,0.9596950467315202,2322.222222222222,Não especializado,1985
13394,0.0,0.0,Não especializado,1985
13395,3.5604743460635446,2008.0321285140562,Baixa espec. / Alta produt.,1985
13396,0.0,0.0,Não especializado,1985
13397,0.0,0.0,Não especializado,1985
13398,0.0,0.0,Não especializado,1985
13399,0.016840538958882226,2200.0,Não especializado,1985
13400,0.0,0.0,Não especializado,1985
13401,7.598092596429525,1052.4,Alta espec. / Alta produt.,1985
13402,0.0,0.0,Não especializado,1985
13403,0.0,0.0,Não especializado,1985
13404,0.1438147718439371,2294.5054945054944,Não especializado,1985
13405,1.301540394829113,1966.6666666666667,Baixa espec. / Alta produt.,1985
13406,0.0,0.0,Não especializado,1985
13407,0.0,0.0,Não especializado,1985
13408,0.0,0.0,Não especializado,1985
13409,6.714221634612756,1499.8112495281239,Alta espec. / Alta produt.,1985
13410,6.3173679785804335,2662.5,Alta espec. / Alta produt.,1985
13411,0.0,0.0,Não especializado,1985
13412,0.14186414545371043,2475.0,Não especializado,1985
13413,4.258221856590874,1500.0,Alta espec. / Alta produt.,1985
13414,0.2307503871663932,1350.0,Não especializado,1985
13415,0.0,0.0,Não especializado,1985
13416,0.7306392515030952,2580.0,Não especializado,1985
13417,0.0,0.0,Não especializado,1985
13418,0.0,0.0,Não especializado,1985
13419,0.0,0.0,Não especializado,1985
13420,3.752672963119183,1500.0,Baixa espec. / Alta produt.,1985
13421,14.43546869827921,1606.611570247934,Alta espec. / Alta produt.,1985
13422,0.0,0.0,Não especializado,1985
13423,0.18442993565860313,1950.0,Não especializado,1985
13424,6.5060876604775615,1829.017857142857,Alta espec. / Alta produt.,1985
13425,0.0,0.0,Não especializado,1985
13426,0.03113422518090312,1333.3333333333333,Não especializado,1985
13427,0.0,0.0,Não especializado,1985
13428,0.011583378991410034,2071.4285714285716,Não especializado,1985
13429,0.0,0.0,Não especializado,1985
13430,7.283801844716633,1589.6517412935323,Alta espec. / Alta produt.,1985
13431,4.9356949272047554,2279.6666666666665,Alta espec. / Alta produt.,1985
13432,7.031760038858163,1603.6363636363637,Alta espec. / Alta produt.,1985
13433,0.2421276781358239,1453.8461538461538,Não especializado,1985
13434,0.7669975484307009,1800.4587155963302,Não especializado,1985
13435,0.9084025692544457,1509.278350515464,Não especializado,1985
13436,0.019692518875200446,1250.0,Não especializado,1985
13437,0.0,0.0,Não especializado,1985
13438,0.0,0.0,Não especializado,1985
13439,0.0,0.0,Não especializado,1985
13440,6.161685511214034,1800.0,Alta espec. / Alta produt.,1985
13441,0.0,0.0,Não especializado,1985
13442,2.813151780912635,1200.0,Baixa espec. / Alta produt.,1985
13443,0.0,0.0,Não especializado,1985
13444,0.0,0.0,Não especializado,1985
13445,0.0,0.0,Não especializado,1985
13446,2.1108948237441414,1495.0711938663746,Baixa espec. / Alta produt.,1985
13447,0.0,0.0,Não especializado,1985
13448,0.2954605745974813,2000.0,Não especializado,1985
13449,0.23220144906791804,1600.0,Não especializado,1985
13450,8.97722305430919,1800.0,Alta espec. / Alta produt.,1985
13451,0.0,0.0,Não especializado,1985
13452,0.06034724238557374,1500.0,Não especializado,1985
13453,0.0,0.0,Não especializado,1985
13454,0.0,0.0,Não especializado,1985
13455,0.36905021182657693,1729.4117647058824,Não especializado,1985
13456,0.7110885849561068,2849.0196078431372,Não especializado,1985
13457,0.027291701077041316,2750.0,Não especializado,1985
13458,0.0,0.0,Não especializado,1985
13459,12.067876376069773,1506.8235294117646,Alta espec. / Alta produt.,1985
13460,0.0,0.0,Não especializado,1985
13461,2.73739500391913,2250.0,Baixa espec. / Alta produt.,1985
13462,1.897118689424967,1200.0,Baixa espec. / Alta produt.,1985
13463,4.904711464813079,1500.0,Alta espec. / Alta produt.,1985
13464,7.0673681798796295,1050.0,Alta espec. / Alta produt.,1985
13465,0.06602016495509995,2960.0,Não especializado,1985
13466,0.3067226942227114,1663.6363636363637,Não especializado,1985
13467,0.0,0.0,Não especializado,1985
13468,4.212264656115019,1992.0,Alta espec. / Alta produt.,1985
13469,0.0,0.0,Não especializado,1985
13470,0.0,0.0,Não especializado,1985
13471,1.1399897252085167,1949.090909090909,Baixa espec. / Alta produt.,1985
13472,5.7845478635448995,1500.0,Alta espec. / Alta produt.,1985
13473,0.0,0.0,Não especializado,1985
13474,7.734055790818842,1199.481865284974,Alta espec. / Alta produt.,1985
13475,1.0338572409480233,1874.2857142857142,Baixa espec. / Alta produt.,1985
13476,0.0,0.0,Não especializado,1985
13477,7.181665239392507,1535.0,Alta espec. / Alta produt.,1985
13478,5.7829769360240775,2321.2903225806454,Alta espec. / Alta produt.,1985
13479,6.2642581594387625,1877.2222222222222,Alta espec. / Alta produt.,1985
13480,0.0,0.0,Não especializado,1985
13481,1.7152775561038327,1725.0,Baixa espec. / Alta produt.,1985
13482,0.0,0.0,Não especializado,1985
13483,0.0,0.0,Não especializado,1985
13484,0.0,0.0,Não especializado,1985
13485,0.052174891719607444,1000.0,Não especializado,1985
13486,4.44384856088163,1483.8709677419354,Alta espec. / Alta produt.,1985
13487,1.6554722166558549,1338.5826771653544,Baixa espec. / Alta produt.,1985
13488,0.0,0.0,Não especializado,1985
13489,3.5258903447039525,1377.5,Baixa espec. / Alta produt.,1985
13490,0.699793197499949,1800.0,Não especializado,1985
13491,0.0,0.0,Não especializado,1985
13492,0.0,0.0,Não especializado,1985
13493,0.0,0.0,Não especializado,1985
13494,3.6658235070957668,1499.4964753272911,Baixa espec. / Alta produt.,1985
13495,0.0,0.0,Não especializado,1985
13496,0.0,0.0,Não especializado,1985
13497,7.2316041790597865,1000.0,Alta espec. / Alta produt.,1985
13498,1.0150516523167787,2906.6666666666665,Baixa espec. / Alta produt.,1985
13499,0.0,0.0,Não especializado,1985
13500,0.0,0.0,Não especializado,1985
13502,0.5701573162167759,1700.8032128514055,Não especializado,1985
13503,7.848775934253594,1875.0,Alta espec. / Alta produt.,1985
13504,12.175318784355978,1896.031746031746,Alta espec. / Alta produt.,1985
13505,7.31021085446917,1500.0,Alta espec. / Alta produt.,1985
13506,0.06444391355638694,2630.9523809523807,Não especializado,1985
13507,0.3793565101490176,2252.0,Não especializado,1985
13508,0.0,0.0,Não especializado,1985
13509,0.0,0.0,Não especializado,1985
13510,0.0,0.0,Não especializado,1985
13511,0.0,0.0,Não especializado,1985
13512,0.0,0.0,Não especializado,1985
13513,0.0,0.0,Não especializado,1985
13514,0.0,0.0,Não especializado,1985
13515,0.8688253708091153,1500.0,Não especializado,1985
13516,0.0,0.0,Não especializado,1985
13517,0.0,0.0,Não especializado,1985
13518,0.0,0.0,Não especializado,1985
13519,0.0,0.0,Não especializado,1985
13520,0.5384303895208712,2103.092783505155,Não especializado,1985
13521,0.0,0.0,Não especializado,1985
13522,1.7259774640833672,1050.0,Baixa espec. / Alta produt.,1985
13523,0.0,0.0,Não especializado,1985
13524,0.06793632088405419,1885.7142857142858,Não especializado,1985
13525,0.0,0.0,Não especializado,1985
13526,0.004171087186350945,2166.6666666666665,Não especializado,1985
13527,0.0,0.0,Não especializado,1985
13528,0.47283013377366817,1875.0,Não especializado,1985
13529,0.0,0.0,Não especializado,1985
13530,0.0,0.0,Não especializado,1985
13531,0.0,0.0,Não especializado,1985
13532,2.6759937768476263,1500.0,Baixa espec. / Alta produt.,1985
13533,0.0,0.0,Não especializado,1985
13534,0.0,0.0,Não especializado,1985
13535,0.0,0.0,Não especializado,1985
13536,7.156558879746925,2438.0165289256197,Alta espec. / Alta produt.,1985
13537,2.5982602696773776,1860.0,Baixa espec. / Alta produt.,1985
13538,0.1153751935831966,2650.0,Não especializado,1985
13539,1.0102620590803666,2248.0,Baixa espec. / Alta produt.,1985
13540,3.8078943840247064,1821.111111111111,Baixa espec. / Alta produt.,1985
13541,0.4883029289389016,1703.3333333333333,Não especializado,1985
13542,0.0,0.0,Não especializado,1985
13543,0.0,0.0,Não especializado,1985
13544,0.0,0.0,Não especializado,1985
13545,2.3072907270240224,1500.0,Baixa espec. / Alta produt.,1985
13546,7.002525976748782,1500.0,Alta espec. / Alta produt.,1985
13547,0.0,0.0,Não especializado,1985
13548,1.182891684803255,1860.0,Baixa espec. / Alta produt.,1985
13549,3.0383825097907904,2485.1104707012487,Baixa espec. / Alta produt.,1985
13550,0.057257832460199574,1750.0,Não especializado,1985
13551,0.04408335214782628,1500.0,Não especializado,1985
13552,0.0,0.0,Não especializado,1985
13553,8.097679599828748,1500.0,Alta espec. / Alta produt.,1985
13554,11.819588049256497,1500.0,Alta espec. / Alta produt.,1985
13555,0.0,0.0,Não especializado,1985
13556,2.0743581517587875,1200.0,Baixa espec. / Alta produt.,1985
13557,0.0,0.0,Não especializado,1985
13558,0.33166777640845896,1500.0,Não especializado,1985
13559,0.0,0.0,Não especializado,1985
13560,0.0,0.0,Não especializado,1985
13561,6.017460535591363,2295.0,Alta espec. / Alta produt.,1985
13562,0.0,0.0,Não especializado,1985
13563,0.5514829178586905,1982.5,Não especializado,1985
13564,5.538120510399108,1173.9130434782608,Alta espec. / Alta produt.,1985
13565,0.0,0.0,Não especializado,1985
13566,0.033304972547682755,800.0,Não especializado,1985
13567,0.0,0.0,Não especializado,1985
13568,0.5065038421671108,1841.6666666666667,Não especializado,1985
13569,0.0,0.0,Não especializado,1985
13570,0.0,0.0,Não especializado,1985
14001,7.783411928049758,1860.0,Alta espec. / Alta produt.,1985
14002,0.0,0.0,Não especializado,1985
14003,0.0,0.0,Não especializado,1985
14004,0.0,0.0,Não especializado,1985
14005,1.8999370295597966,2100.0,Baixa espec. / Alta produt.,1985
14006,3.3346140622525375,1549.6296296296296,Baixa espec. / Alta produt.,1985
14007,3.266718465676496,1592.857142857143,Baixa espec. / Alta produt.,1985
14008,10.552677755724645,2170.0,Alta espec. / Alta produt.,1985
14009,0.671414818264919,2346.153846153846,Não especializado,1985
14010,4.41391202439169,1800.0,Alta espec. / Alta produt.,1985
14011,0.0,0.0,Não especializado,1985
14012,1.3509470447843732,1921.0,Baixa espec. / Alta produt.,1985
14013,6.469940958868778,1860.0,Alta espec. / Alta produt.,1985
14014,5.057410803351169,2480.0,Alta espec. / Alta produt.,1985
14015,0.0,0.0,Não especializado,1985
14016,0.0,0.0,Não especializado,1985
14017,0.4137073328981571,1455.5555555555557,Não especializado,1985
14018,0.23217129695143085,2480.0,Não especializado,1985
14019,0.07680150477962125,1980.0,Não especializado,1985
14020,2.301490080361898,1900.0,Baixa espec. / Alta produt.,1985
14021,2.2645280900572624,2100.0,Baixa espec. / Alta produt.,1985
14022,0.0,0.0,Não especializado,1985
14023,11.143304208390255,1821.0,Alta espec. / Alta produt.,1985
14024,0.6705481413105215,2179.032258064516,Não especializado,1985
14025,4.364699642103595,2480.0405268490376,Alta espec. / Alta produt.,1985
14026,5.299248283864662,1900.0,Alta espec. / Alta produt.,1985
14027,0.0,0.0,Não especializado,1985
14028,6.571984474201749,1860.0,Alta espec. / Alta produt.,1985
14029,1.8484696208179956,2100.0,Baixa espec. / Alta produt.,1985
14030,0.0,0.0,Não especializado,1985
14031,3.672714531245576,1920.0,Baixa espec. / Alta produt.,1985
14032,0.0,0.0,Não especializado,1985
14033,1.6465444600528356,2480.0,Baixa espec. / Alta produt.,1985
14034,0.0,0.0,Não especializado,1985
14035,1.3359038084694654,2100.0,Baixa espec. / Alta produt.,1985
14036,0.0,0.0,Não especializado,1985
14037,0.9040937627622816,2100.0,Não especializado,1985
14038,0.8168368803644467,957.4829931972789,Não especializado,1985
14039,0.0,0.0,Não especializado,1985
14040,2.9639548396039235,1900.0,Baixa espec. / Alta produt.,1985
14041,0.0,0.0,Não especializado,1985
14042,5.957204285316184,1900.0,Alta espec. / Alta produt.,1985
14043,8.178189702648602,1891.7241379310344,Alta espec. / Alta produt.,1985
14044,0.08500055785583838,1723.8095238095239,Não especializado,1985
14045,8.044370933190253,1860.0,Alta espec. / Alta produt.,1985
14046,1.6042535697830127,1479.1666666666667,Baixa espec. / Alta produt.,1985
14047,2.5654841376197264,1920.0,Baixa espec. / Alta produt.,1985
14048,0.18044426859269241,1700.0,Não especializado,1985
14049,1.869450099826752,1858.4615384615386,Baixa espec. / Alta produt.,1985
14050,1.5606524028045103,2100.0,Baixa espec. / Alta produt.,1985
14051,0.002672569928752316,1500.0,Não especializado,1985
14052,0.0,0.0,Não especializado,1985
14053,0.36929727926218686,1363.3333333333333,Não especializado,1985
14054,0.0,0.0,Não especializado,1985
14055,0.0,0.0,Não especializado,1985
14056,0.4916213196299126,2100.0,Não especializado,1985
14057,0.8386227961926132,1473.888888888889,Não especializado,1985
14058,0.0,0.0,Não especializado,1985
14059,0.0,0.0,Não especializado,1985
14060,0.1973238227373324,1860.0,Não especializado,1985
14061,0.8209322483369665,1377.2727272727273,Não especializado,1985
14062,6.0031033836176375,1935.9183673469388,Alta espec. / Alta produt.,1985
14063,0.0,0.0,Não especializado,1985
14064,2.0317626793442827,2442.8571428571427,Baixa espec. / Alta produt.,1985
14065,0.0,0.0,Não especializado,1985
14066,0.8689009274114988,1550.0,Não especializado,1985
14067,4.012724401882607,1545.4545454545455,Baixa espec. / Alta produt.,1985
14068,0.0,0.0,Não especializado,1985
14069,0.0,0.0,Não especializado,1985
14070,5.379380660861199,1700.0,Alta espec. / Alta produt.,1985
14071,4.221162553571959,1292.0,Alta espec. / Alta produt.,1985
14072,0.1872568737620717,1857.142857142857,Não especializado,1985
14073,0.0,0.0,Não especializado,1985
14074,2.37433340604303,1953.0,Baixa espec. / Alta produt.,1985
14075,0.0,0.0,Não especializado,1985
14076,0.0,0.0,Não especializado,1985
14077,7.804657374476124,1920.0,Alta espec. / Alta produt.,1985
14078,6.335184995483133,1800.0,Alta espec. / Alta produt.,1985
14079,0.0,0.0,Não especializado,1985
14080,0.26797989471892714,1900.0,Não especializado,1985
14081,0.0,0.0,Não especializado,1985
14082,0.4647876839217212,1822.9813664596272,Não especializado,1985
14083,0.3302972484067711,2200.0,Não especializado,1985
14084,1.6847480258312586,1866.0,Baixa espec. / Alta produt.,1985
14085,6.3571496381666845,1642.7125506072875,Alta espec. / Alta produt.,1985
14086,0.6568068503304612,1980.0,Não especializado,1985
14087,0.0,0.0,Não especializado,1985
14088,1.7903091834711988,2100.0,Baixa espec. / Alta produt.,1985
14089,3.233492480357549,1550.0,Baixa espec. / Alta produt.,1985
14090,0.1584917822284424,1859.8214285714287,Não especializado,1985
14091,0.00927055184885859,1333.3333333333333,Não especializado,1985
14092,0.0,0.0,Não especializado,1985
14093,1.0823552351311931,2100.0,Baixa espec. / Alta produt.,1985
14094,0.0,0.0,Não especializado,1985
14095,0.7732773553699903,1980.6451612903227,Não especializado,1985
14096,0.0,0.0,Não especializado,1985
14097,0.5964422282919254,1800.0,Não especializado,1985
14098,0.6073323954251102,2294.9640287769785,Não especializado,1985
14099,10.29520016929915,1700.0,Alta espec. / Alta produt.,1985
14100,5.437440854415563,2169.0,Alta espec. / Alta produt.,1985
14101,0.4332689629867355,1126.530612244898,Não especializado,1985
14102,0.0,0.0,Não especializado,1985
14103,0.0,0.0,Não especializado,1985
14104,6.537282251746534,1900.0,Alta espec. / Alta produt.,1985
14105,5.693389421639772,2076.0,Alta espec. / Alta produt.,1985
14106,1.0558421801946276,1900.0,Baixa espec. / Alta produt.,1985
14107,2.59540009063587,1673.5384615384614,Baixa espec. / Alta produt.,1985
14108,0.029002878851392817,2200.0,Não especializado,1985
14109,0.0,0.0,Não especializado,1985
14110,1.9505108373459885,1860.0,Baixa espec. / Alta produt.,1985
14111,4.5656755512123235,1550.0,Alta espec. / Alta produt.,1985
14112,5.064478084730904,1735.0,Alta espec. / Alta produt.,1985
14113,0.0,0.0,Não especializado,1985
14114,0.0,0.0,Não especializado,1985
14115,0.0,0.0,Não especializado,1985
14116,0.14425946421263705,1654.9295774647887,Não especializado,1985
14117,2.7992972723687726,1860.0,Baixa espec. / Alta produt.,1985
14118,5.158789092992675,1550.1234567901236,Alta espec. / Alta produt.,1985
14119,0.22503359829515374,1500.0,Não especializado,1985
14120,0.0,0.0,Não especializado,1985
14121,5.698569447322144,1800.0,Alta espec. / Alta produt.,1985
14122,5.148212165515765,1549.2307692307693,Alta espec. / Alta produt.,1985
14123,0.0,0.0,Não especializado,1985
14124,0.0,0.0,Não especializado,1985
14125,7.893732383412859,2100.0,Alta espec. / Alta produt.,1985
14126,13.201971099982352,1700.0,Alta espec. / Alta produt.,1985
14127,0.4807415384465959,2073.0,Não especializado,1985
14128,8.057654648632923,1860.0,Alta espec. / Alta produt.,1985
14129,1.34341761744952,1700.0,Baixa espec. / Alta produt.,1985
14130,0.0,0.0,Não especializado,1985
14131,0.0,0.0,Não especializado,1985
14132,0.49219171252733135,1700.0,Não especializado,1985
14133,0.0,0.0,Não especializado,1985
14134,2.9246038332226867,1550.1113585746102,Baixa espec. / Alta produt.,1985
14135,0.35290037136617486,1800.0,Não especializado,1985
14136,0.02259496102285126,1600.0,Não especializado,1985
14137,0.9197412809528659,1700.0,Não especializado,1985
14138,4.115535687078499,1735.0,Baixa espec. / Alta produt.,1985
14139,0.0,0.0,Não especializado,1985
14140,2.9204214144844216,1933.3333333333333,Baixa espec. / Alta produt.,1985
14141,5.2299740035993265,2100.0,Alta espec. / Alta produt.,1985
14142,0.6434697797986564,1729.3577981651376,Não especializado,1985
14143,1.628936908792309,1550.0,Baixa espec. / Alta produt.,1985
14144,2.3986253101735824,1900.0,Baixa espec. / Alta produt.,1985
14145,10.667073057976681,1820.0,Alta espec. / Alta produt.,1985
14146,5.393153910966777,1800.0,Alta espec. / Alta produt.,1985
14147,0.21530487303552487,1550.0,Não especializado,1985
14148,0.42847584851637094,1857.142857142857,Não especializado,1985
14149,0.8631825161615376,2100.0,Não especializado,1985
14150,0.5824972295338867,1550.0,Não especializado,1985
14151,3.393949351336745,1728.2608695652175,Baixa espec. / Alta produt.,1985
14152,0.0,0.0,Não especializado,1985
14153,0.0030327794094110873,1333.3333333333333,Não especializado,1985
14154,2.7187732691985924,2078.8571428571427,Baixa espec. / Alta produt.,1985
14155,4.414386893894045,1446.4285714285713,Alta espec. / Alta produt.,1985
14156,7.251786942243828,1700.0,Alta espec. / Alta produt.,1985
14157,1.422525085400145,1860.0,Baixa espec. / Alta produt.,1985
14158,5.199839585898946,2000.0,Alta espec. / Alta produt.,1985
14159,0.0,0.0,Não especializado,1985
14160,1.8984919204705153,1900.0,Baixa espec. / Alta produt.,1985
14161,1.264364730644178,1700.0,Baixa espec. / Alta produt.,1985
14162,0.5407352421981922,2100.0,Não especializado,1985
14163,0.6406779000531504,1728.8770053475937,Não especializado,1985
14164,0.29377591752253973,1440.0,Não especializado,1985
14165,0.5160228154579639,1500.0,Não especializado,1985
14166,8.497872624534256,2100.0,Alta espec. / Alta produt.,1985
14167,0.5861154176909773,1900.0,Não especializado,1985
14168,0.0,0.0,Não especializado,1985
14169,0.05344435112484722,2168.4210526315787,Não especializado,1985
14170,0.0,0.0,Não especializado,1985
14171,3.603320059254703,1590.7142857142858,Baixa espec. / Alta produt.,1985
14172,0.0,0.0,Não especializado,1985
14173,0.22851536963657587,2077.0,Não especializado,1985
14174,5.041433876659641,1650.0,Alta espec. / Alta produt.,1985
14175,0.41645838521162837,1859.5505617977528,Não especializado,1985
14176,4.422481692732024,2100.0,Alta espec. / Alta produt.,1985
14177,0.0,0.0,Não especializado,1985
14178,5.743974085379476,2480.0,Alta espec. / Alta produt.,1985
14179,10.097515678933629,1700.0,Alta espec. / Alta produt.,1985
14180,3.0208591879984357,1650.0,Baixa espec. / Alta produt.,1985
14181,9.680114740162919,1627.6666666666667,Alta espec. / Alta produt.,1985
14182,2.1145336254861746,1858.939393939394,Baixa espec. / Alta produt.,1985
14183,2.8780446517998994,2100.0,Baixa espec. / Alta produt.,1985
14184,0.8004933981283076,1800.0,Não especializado,1985
14185,2.8614447438204524,1627.6470588235295,Baixa espec. / Alta produt.,1985
14186,0.6172350124667074,1700.0,Não especializado,1985
14187,5.2380035461624255,1550.0,Alta espec. / Alta produt.,1985
14188,12.914744088806083,1459.0,Alta espec. / Alta produt.,1985
14189,0.4967884330863487,1800.0,Não especializado,1985
14190,0.0,0.0,Não especializado,1985
14191,1.3848541335172666,1553.0,Baixa espec. / Alta produt.,1985
14192,0.5632117045197397,1859.7938144329896,Não especializado,1985
14193,0.4771605970134264,1978.9473684210527,Não especializado,1985
14194,0.0,0.0,Não especializado,1985
14195,6.221190876723721,1650.0,Alta espec. / Alta produt.,1985
14196,9.066689441292946,2320.0,Alta espec. / Alta produt.,1985
14197,0.0,0.0,Não especializado,1985
14198,12.099320810821649,1820.0,Alta espec. / Alta produt.,1985
14199,1.788631046817373,1593.3333333333333,Baixa espec. / Alta produt.,1985
14200,0.0,0.0,Não especializado,1985
14201,0.0,0.0,Não especializado,1985
14202,1.1041237411172005,2100.0,Baixa espec. / Alta produt.,1985
14203,0.0,0.0,Não especializado,1985
14204,0.0,0.0,Não especializado,1985
14205,0.2530656445023097,1654.5454545454545,Não especializado,1985
14206,0.0,0.0,Não especializado,1985
14207,0.0,0.0,Não especializado,1985
14208,0.3737931823533418,1700.0,Não especializado,1985
14209,5.7422366461521985,1695.7142857142858,Alta espec. / Alta produt.,1985
14210,0.009448814832428988,1000.0,Não especializado,1985
14211,0.0,0.0,Não especializado,1985
14212,0.7390156630402978,2225.0,Não especializado,1985
14213,0.0,0.0,Não especializado,1985
14214,1.5024799645571165,1500.0,Baixa espec. / Alta produt.,1985
14215,0.0,0.0,Não especializado,1985
14216,0.3825714778929736,1800.0,Não especializado,1985
14217,1.107347379768995,2355.1724137931033,Baixa espec. / Alta produt.,1985
14218,0.0,0.0,Não especializado,1985
14219,0.1591001873296947,1866.6666666666667,Não especializado,1985
14220,0.0,0.0,Não especializado,1985
14221,7.177561430684283,2100.0,Alta espec. / Alta produt.,1985
14222,1.8128043705157582,2100.0,Baixa espec. / Alta produt.,1985
14223,0.0,0.0,Não especializado,1985
14224,1.5177540656223738,1860.0,Baixa espec. / Alta produt.,1985
14225,0.0,0.0,Não especializado,1985
14226,0.0,0.0,Não especializado,1985
14227,0.0,0.0,Não especializado,1985
14228,0.07218891472343125,1563.0252100840337,Não especializado,1985
14229,0.0,0.0,Não especializado,1985
14230,4.955113947780612,1860.0,Alta espec. / Alta produt.,1985
14231,0.0,0.0,Não especializado,1985
14232,0.47002985450358725,1621.4285714285713,Não especializado,1985
14233,0.0,0.0,Não especializado,1985
14234,3.420572326020139,2100.0,Baixa espec. / Alta produt.,1985
14235,5.305592483169512,1611.2,Alta espec. / Alta produt.,1985
14236,0.5839242744183261,2481.25,Não especializado,1985
14237,0.040111828250858794,1863.6363636363637,Não especializado,1985
14238,11.428643710957765,1860.0,Alta espec. / Alta produt.,1985
14239,6.890683975382639,1599.3333333333333,Alta espec. / Alta produt.,1985
14240,7.094550365186858,2480.0,Alta espec. / Alta produt.,1985
14241,1.3634943435058735,2013.0,Baixa espec. / Alta produt.,1985
14242,10.095815187913262,1700.0,Alta espec. / Alta produt.,1985
14243,6.501414339387937,1370.0,Alta espec. / Alta produt.,1985
14244,0.0,0.0,Não especializado,1985
14245,3.572587034049244,1860.0,Baixa espec. / Alta produt.,1985
14246,0.0930017849609509,1816.6666666666667,Não especializado,1985
14247,2.710377420774182,1859.8710317460318,Baixa espec. / Alta produt.,1985
14248,7.689048813915641,1673.3333333333333,Alta espec. / Alta produt.,1985
14249,2.833460975343446,1459.1666666666667,Baixa espec. / Alta produt.,1985
14250,11.634247513163514,1936.0,Alta espec. / Alta produt.,1985
14251,2.392762310986445,1650.0,Baixa espec. / Alta produt.,1985
14252,7.342758511982435,1302.0,Alta espec. / Alta produt.,1985
14253,0.0,0.0,Não especializado,1985
14254,9.918561167485082,1678.8235294117646,Alta espec. / Alta produt.,1985
14255,0.0,0.0,Não especializado,1985
14256,0.0,0.0,Não especializado,1985
14257,0.10029156819917405,1862.2222222222222,Não especializado,1985
14258,0.06941428209187736,1960.0,Não especializado,1985
14259,0.0,0.0,Não especializado,1985
14260,0.0,0.0,Não especializado,1985
14261,0.8997684963321315,1650.0,Não especializado,1985
14262,2.9589807791623373,1980.0,Baixa espec. / Alta produt.,1985
14263,6.040805177935203,1827.0,Alta espec. / Alta produt.,1985
14264,1.0090595830497209,1360.7142857142858,Baixa espec. / Alta produt.,1985
14265,0.14283276177699206,1730.1587301587301,Não especializado,1985
14266,0.2429917617864735,1728.8135593220338,Não especializado,1985
14267,0.4589042032061006,1758.0,Não especializado,1985
14268,0.42960847022547827,2370.3308431163287,Não especializado,1985
14269,0.024739580136112972,1800.0,Não especializado,1985
14270,3.375972685925722,1650.6849315068494,Baixa espec. / Alta produt.,1985
14271,2.2571672181980547,1943.75,Baixa espec. / Alta produt.,1985
14272,6.790773741031826,1550.0,Alta espec. / Alta produt.,1985
14273,0.49878484554313135,1360.0,Não especializado,1985
14274,0.2459746864673763,1700.0,Não especializado,1985
14275,2.1930652323778306,2149.310344827586,Baixa espec. / Alta produt.,1985
14276,0.003154407116332981,1176.4705882352941,Não especializado,1985
14277,0.0,0.0,Não especializado,1985
14278,0.014733091812688365,1800.0,Não especializado,1985
14279,7.15146587764504,1944.0,Alta espec. / Alta produt.,1985
14280,1.64083149208525,2100.0,Baixa espec. / Alta produt.,1985
14281,0.0,0.0,Não especializado,1985
14282,4.168911723632055,1980.0,Baixa espec. / Alta produt.,1985
14283,4.212264656115019,1952.857142857143,Alta espec. / Alta produt.,1985
14284,0.029030968806696828,1833.3333333333333,Não especializado,1985
14285,0.0,0.0,Não especializado,1985
14286,0.0,0.0,Não especializado,1985
14287,4.100775817396768,1550.4358655043586,Baixa espec. / Alta produt.,1985
14288,0.0,0.0,Não especializado,1985
14289,0.0,0.0,Não especializado,1985
14290,0.0,0.0,Não especializado,1985
14291,0.0,0.0,Não especializado,1985
14292,0.0,0.0,Não especializado,1985
14293,0.0,0.0,Não especializado,1985
14294,0.0,0.0,Não especializado,1985
14295,0.0,0.0,Não especializado,1985
14296,0.0,0.0,Não especializado,1985
14297,0.0,0.0,Não especializado,1985
14298,0.0,0.0,Não especializado,1985
14299,0.0,0.0,Não especializado,1985
14300,0.0,0.0,Não especializado,1985
14301,0.0,0.0,Não especializado,1985
14302,0.0,0.0,Não especializado,1985
14303,0.0,0.0,Não especializado,1985
14304,0.0,0.0,Não especializado,1985
14305,0.0,0.0,Não especializado,1985
14306,0.0,0.0,Não especializado,1985
14307,0.0,0.0,Não especializado,1985
14308,0.0,0.0,Não especializado,1985
14309,0.0,0.0,Não especializado,1985
14310,0.0,0.0,Não especializado,1985
14311,0.0,0.0,Não especializado,1985
14312,0.0,0.0,Não especializado,1985
14313,0.0,0.0,Não especializado,1985
14314,0.0,0.0,Não especializado,1985
14315,0.0,0.0,Não especializado,1985
14316,0.0,0.0,Não especializado,1985
14317,0.0,0.0,Não especializado,1985
14318,0.0,0.0,Não especializado,1985
14319,0.0,0.0,Não especializado,1985
14320,0.0,0.0,Não especializado,1985
14321,0.0,0.0,Não especializado,1985
14322,0.0,0.0,Não especializado,1985
14323,0.0,0.0,Não especializado,1985
14324,0.0,0.0,Não especializado,1985
14325,0.0,0.0,Não especializado,1985
14326,0.0,0.0,Não especializado,1985
14327,0.0,0.0,Não especializado,1985
14328,0.0,0.0,Não especializado,1985
14329,0.0,0.0,Não especializado,1985
14330,0.0,0.0,Não especializado,1985
14331,0.0,0.0,Não especializado,1985
14332,0.0,0.0,Não especializado,1985
14333,0.0,0.0,Não especializado,1985
14334,0.0,0.0,Não especializado,1985
14335,0.0,0.0,Não especializado,1985
14336,0.0,0.0,Não especializado,1985
14337,0.0,0.0,Não especializado,1985
14338,0.0,0.0,Não especializado,1985
14339,0.0,0.0,Não especializado,1985
14340,0.0,0.0,Não especializado,1985
14341,0.0,0.0,Não especializado,1985
14342,0.0,0.0,Não especializado,1985
14343,0.0,0.0,Não especializado,1985
14344,0.0,0.0,Não especializado,1985
14345,0.0,0.0,Não especializado,1985
14346,0.0,0.0,Não especializado,1985
14347,0.0,0.0,Não especializado,1985
14348,0.0,0.0,Não especializado,1985
14349,0.0,0.0,Não especializado,1985
14350,0.0,0.0,Não especializado,1985
14351,0.0,0.0,Não especializado,1985
14352,0.0,0.0,Não especializado,1985
14353,0.0,0.0,Não especializado,1985
14354,0.0,0.0,Não especializado,1985
14355,0.0,0.0,Não especializado,1985
14356,0.0,0.0,Não especializado,1985
14357,0.0,0.0,Não especializado,1985
14358,0.0,0.0,Não especializado,1985
14359,0.0,0.0,Não especializado,1985
14360,0.0,0.0,Não especializado,1985
14361,0.0,0.0,Não especializado,1985
14362,0.0,0.0,Não especializado,1985
14363,0.0,0.0,Não especializado,1985
14364,0.0,0.0,Não especializado,1985
14365,0.0,0.0,Não especializado,1985
14366,0.0,0.0,Não especializado,1985
14367,0.0,0.0,Não especializado,1985
14368,0.0,0.0,Não especializado,1985
14369,0.0,0.0,Não especializado,1985
14370,0.0,0.0,Não especializado,1985
14371,0.0,0.0,Não especializado,1985
14372,0.0,0.0,Não especializado,1985
14373,0.0,0.0,Não especializado,1985
14374,0.0,0.0,Não especializado,1985
14375,0.0,0.0,Não especializado,1985
14376,0.0,0.0,Não especializado,1985
14377,0.0,0.0,Não especializado,1985
14378,0.0,0.0,Não especializado,1985
14379,0.0,0.0,Não especializado,1985
14380,0.0,0.0,Não especializado,1985
14381,0.0,0.0,Não especializado,1985
14382,0.0,0.0,Não especializado,1985
14383,0.0,0.0,Não especializado,1985
14384,0.0,0.0,Não especializado,1985
14385,0.0,0.0,Não especializado,1985
14386,0.0,0.0,Não especializado,1985
14387,0.0,0.0,Não especializado,1985
14388,0.0,0.0,Não especializado,1985
14389,0.0,0.0,Não especializado,1985
14390,0.0,0.0,Não especializado,1985
14391,0.0,0.0,Não especializado,1985
14392,0.0,0.0,Não especializado,1985
14393,0.0,0.0,Não especializado,1985
14394,0.0,0.0,Não especializado,1985
14395,0.0,0.0,Não especializado,1985
14396,0.0,0.0,Não especializado,1985
14397,0.0,0.0,Não especializado,1985
14398,0.0,0.0,Não especializado,1985
14399,0.0,0.0,Não especializado,1985
14400,0.0,0.0,Não especializado,1985
14401,0.0,0.0,Não especializado,1985
14402,0.0,0.0,Não especializado,1985
14403,0.0,0.0,Não especializado,1985
14404,0.0,0.0,Não especializado,1985
14405,0.0,0.0,Não especializado,1985
14406,0.0,0.0,Não especializado,1985
14407,0.0,0.0,Não especializado,1985
14408,0.0,0.0,Não especializado,1985
14409,0.0,0.0,Não especializado,1985
14410,0.0,0.0,Não especializado,1985
14411,0.0,0.0,Não especializado,1985
14412,0.0,0.0,Não especializado,1985
14413,0.0,0.0,Não especializado,1985
14414,0.0,0.0,Não especializado,1985
14415,0.0,0.0,Não especializado,1985
14416,0.0,0.0,Não especializado,1985
14417,0.0,0.0,Não especializado,1985
14418,0.0,0.0,Não especializado,1985
14419,0.0,0.0,Não especializado,1985
14420,0.0,0.0,Não especializado,1985
14421,0.0,0.0,Não especializado,1985
14422,0.0,0.0,Não especializado,1985
14423,0.0,0.0,Não especializado,1985
14424,0.0,0.0,Não especializado,1985
14425,0.0,0.0,Não especializado,1985
14426,0.0,0.0,Não especializado,1985
14427,0.0,0.0,Não especializado,1985
14428,0.0,0.0,Não especializado,1985
14429,0.0,0.0,Não especializado,1985
14430,0.0,0.0,Não especializado,1985
14431,0.0,0.0,Não especializado,1985
14432,0.0,0.0,Não especializado,1985
14433,0.0,0.0,Não especializado,1985
14434,0.0,0.0,Não especializado,1985
14435,0.0,0.0,Não especializado,1985
14436,0.0,0.0,Não especializado,1985
14437,0.0,0.0,Não especializado,1985
14438,0.0,0.0,Não especializado,1985
14439,0.0,0.0,Não especializado,1985
14440,0.0,0.0,Não especializado,1985
14441,0.0,0.0,Não especializado,1985
14442,0.0,0.0,Não especializado,1985
14443,0.0,0.0,Não especializado,1985
14444,0.0,0.0,Não especializado,1985
14445,0.0,0.0,Não especializado,1985
14446,0.0,0.0,Não especializado,1985
14447,0.0,0.0,Não especializado,1985
14448,0.0,0.0,Não especializado,1985
14449,0.0,0.0,Não especializado,1985
14450,0.0,0.0,Não especializado,1985
14451,0.0,0.0,Não especializado,1985
14452,0.0,0.0,Não especializado,1985
14453,0.0,0.0,Não especializado,1985
14454,0.0,0.0,Não especializado,1985
14455,0.0,0.0,Não especializado,1985
14456,0.0,0.0,Não especializado,1985
14457,0.0,0.0,Não especializado,1985
14458,0.0,0.0,Não especializado,1985
14459,0.0,0.0,Não especializado,1985
14460,0.0,0.0,Não especializado,1985
14461,0.0,0.0,Não especializado,1985
14462,0.0,0.0,Não especializado,1985
14463,0.0,0.0,Não especializado,1985
14464,0.0,0.0,Não especializado,1985
14465,0.0,0.0,Não especializado,1985
14466,0.0,0.0,Não especializado,1985
14467,0.0,0.0,Não especializado,1985
14468,0.0,0.0,Não especializado,1985
14469,0.0,0.0,Não especializado,1985
14470,0.0,0.0,Não especializado,1985
14471,0.0,0.0,Não especializado,1985
14472,0.0,0.0,Não especializado,1985
14473,0.0,0.0,Não especializado,1985
14474,0.0,0.0,Não especializado,1985
14475,0.0,0.0,Não especializado,1985
14476,0.0,0.0,Não especializado,1985
14477,0.0,0.0,Não especializado,1985
14478,0.0,0.0,Não especializado,1985
14479,0.0,0.0,Não especializado,1985
14480,0.0,0.0,Não especializado,1985
15001,0.0,0.0,Não especializado,1985
15002,0.0,0.0,Não especializado,1985
15003,0.0,0.0,Não especializado,1985
15004,0.0,0.0,Não especializado,1985
15005,0.0,0.0,Não especializado,1985
15006,0.0,0.0,Não especializado,1985
15007,0.0,0.0,Não especializado,1985
15008,0.0,0.0,Não especializado,1985
15009,0.0,0.0,Não especializado,1985
15010,0.0,0.0,Não especializado,1985
15011,0.0,0.0,Não especializado,1985
15012,0.0,0.0,Não especializado,1985
15013,0.0,0.0,Não especializado,1985
15014,0.0,0.0,Não especializado,1985
15015,0.0,0.0,Não especializado,1985
15016,0.0,0.0,Não especializado,1985
15017,0.0,0.0,Não especializado,1985
15018,0.0,0.0,Não especializado,1985
15019,0.0,0.0,Não especializado,1985
15020,0.0,0.0,Não especializado,1985
15021,0.0,0.0,Não especializado,1985
15022,0.0,0.0,Não especializado,1985
15023,0.0,0.0,Não especializado,1985
15024,0.0,0.0,Não especializado,1985
15025,0.0,0.0,Não especializado,1985
15026,0.0,0.0,Não especializado,1985
15027,0.0,0.0,Não especializado,1985
15028,0.0,0.0,Não especializado,1985
15029,0.0,0.0,Não especializado,1985
15030,0.0,0.0,Não especializado,1985
15031,0.0,0.0,Não especializado,1985
15032,0.0,0.0,Não especializado,1985
15033,0.0,0.0,Não especializado,1985
15034,0.0,0.0,Não especializado,1985
15035,0.0,0.0,Não especializado,1985
15036,0.0,0.0,Não especializado,1985
15037,0.0,0.0,Não especializado,1985
15038,0.0,0.0,Não especializado,1985
15039,0.0,0.0,Não especializado,1985
15040,0.0,0.0,Não especializado,1985
15041,0.0,0.0,Não especializado,1985
15042,0.0,0.0,Não especializado,1985
15043,0.0,0.0,Não especializado,1985
15044,0.0,0.0,Não especializado,1985
15045,0.0,0.0,Não especializado,1985
15046,0.0,0.0,Não especializado,1985
15047,0.0,0.0,Não especializado,1985
15048,0.0,0.0,Não especializado,1985
15049,0.0,0.0,Não especializado,1985
15050,0.0,0.0,Não especializado,1985
15051,0.0,0.0,Não especializado,1985
15052,0.0,0.0,Não especializado,1985
15053,0.0,0.0,Não especializado,1985
15054,0.0,0.0,Não especializado,1985
15055,0.0,0.0,Não especializado,1985
15056,0.0,0.0,Não especializado,1985
15057,0.0,0.0,Não especializado,1985
15058,0.0,0.0,Não especializado,1985
15059,0.0,0.0,Não especializado,1985
15060,0.0,0.0,Não especializado,1985
15061,0.0,0.0,Não especializado,1985
15062,0.0,0.0,Não especializado,1985
15063,0.0,0.0,Não especializado,1985
15064,0.0,0.0,Não especializado,1985
15065,0.0,0.0,Não especializado,1985
15066,0.0,0.0,Não especializado,1985
15067,0.0,0.0,Não especializado,1985
15068,0.0,0.0,Não especializado,1985
15069,0.0,0.0,Não especializado,1985
15070,0.0,0.0,Não especializado,1985
15071,0.0,0.0,Não especializado,1985
15072,0.0,0.0,Não especializado,1985
15073,0.0,0.0,Não especializado,1985
15074,0.0,0.0,Não especializado,1985
15075,0.0,0.0,Não especializado,1985
15076,0.0,0.0,Não especializado,1985
15077,0.0,0.0,Não especializado,1985
15078,0.0,0.0,Não especializado,1985
15079,0.0,0.0,Não especializado,1985
15080,0.0,0.0,Não especializado,1985
15081,0.0,0.0,Não especializado,1985
15082,0.0,0.0,Não especializado,1985
15083,0.0,0.0,Não especializado,1985
15084,0.0,0.0,Não especializado,1985
15085,0.0,0.0,Não especializado,1985
15086,0.0,0.0,Não especializado,1985
15087,0.0,0.0,Não especializado,1985
15088,0.0,0.0,Não especializado,1985
15089,0.0,0.0,Não especializado,1985
15090,0.0,0.0,Não especializado,1985
15091,0.0,0.0,Não especializado,1985
15092,0.0,0.0,Não especializado,1985
15093,0.0,0.0,Não especializado,1985
15094,0.0,0.0,Não especializado,1985
15095,0.0,0.0,Não especializado,1985
15096,0.0,0.0,Não especializado,1985
15097,0.0,0.0,Não especializado,1985
15098,0.0,0.0,Não especializado,1985
15099,0.0,0.0,Não especializado,1985
15100,0.0,0.0,Não especializado,1985
15101,0.0,0.0,Não especializado,1985
15102,0.0,0.0,Não especializado,1985
15103,0.0,0.0,Não especializado,1985
15104,0.0,0.0,Não especializado,1985
15105,0.0,0.0,Não especializado,1985
15106,0.0,0.0,Não especializado,1985
15107,0.0,0.0,Não especializado,1985
15108,0.0,0.0,Não especializado,1985
15109,0.0,0.0,Não especializado,1985
15110,0.0,0.0,Não especializado,1985
15111,0.0,0.0,Não especializado,1985
15112,0.0,0.0,Não especializado,1985
15113,0.0,0.0,Não especializado,1985
15114,0.0,0.0,Não especializado,1985
15115,0.0,0.0,Não especializado,1985
15116,0.0,0.0,Não especializado,1985
15117,0.0,0.0,Não especializado,1985
15118,0.0,0.0,Não especializado,1985
15119,0.0,0.0,Não especializado,1985
15120,0.0,0.0,Não especializado,1985
15121,0.0,0.0,Não especializado,1985
15122,0.0,0.0,Não especializado,1985
15123,0.0,0.0,Não especializado,1985
15124,0.0,0.0,Não especializado,1985
15125,0.0,0.0,Não especializado,1985
15126,0.0,0.0,Não especializado,1985
15127,0.0,0.0,Não especializado,1985
15128,0.0,0.0,Não especializado,1985
15129,0.0,0.0,Não especializado,1985
15130,0.0,0.0,Não especializado,1985
15131,0.0,0.0,Não especializado,1985
15132,0.0,0.0,Não especializado,1985
15133,0.0,0.0,Não especializado,1985
15134,0.0,0.0,Não especializado,1985
15135,0.0,0.0,Não especializado,1985
15136,0.0,0.0,Não especializado,1985
15137,0.0,0.0,Não especializado,1985
15138,0.0,0.0,Não especializado,1985
15139,0.0,0.0,Não especializado,1985
15140,0.0,0.0,Não especializado,1985
15141,0.0,0.0,Não especializado,1985
15142,0.0,0.0,Não especializado,1985
15143,0.0,0.0,Não especializado,1985
15144,0.0,0.0,Não especializado,1985
15145,0.0,0.0,Não especializado,1985
15146,0.0,0.0,Não especializado,1985
15147,0.0,0.0,Não especializado,1985
15148,0.0,0.0,Não especializado,1985
15149,0.0,0.0,Não especializado,1985
15150,0.0,0.0,Não especializado,1985
15151,0.0,0.0,Não especializado,1985
15152,0.0,0.0,Não especializado,1985
15153,0.0,0.0,Não especializado,1985
15154,0.0,0.0,Não especializado,1985
15155,0.0,0.0,Não especializado,1985
15156,0.0,0.0,Não especializado,1985
15157,0.0,0.0,Não especializado,1985
15158,0.0,0.0,Não especializado,1985
15159,0.0,0.0,Não especializado,1985
15160,0.0,0.0,Não especializado,1985
15161,0.0,0.0,Não especializado,1985
15162,0.0,0.0,Não especializado,1985
15163,0.0,0.0,Não especializado,1985
15164,0.0,0.0,Não especializado,1985
15165,0.0,0.0,Não especializado,1985
15166,0.0,0.0,Não especializado,1985
15167,0.0,0.0,Não especializado,1985
15168,0.0,0.0,Não especializado,1985
15169,0.0,0.0,Não especializado,1985
15170,0.0,0.0,Não especializado,1985
15171,0.0,0.0,Não especializado,1985
15172,0.0,0.0,Não especializado,1985
15173,0.0,0.0,Não especializado,1985
15174,0.0,0.0,Não especializado,1985
15175,0.0,0.0,Não especializado,1985
15176,0.0,0.0,Não especializado,1985
15177,0.0,0.0,Não especializado,1985
15178,0.0,0.0,Não especializado,1985
15179,0.0,0.0,Não especializado,1985
15180,0.0,0.0,Não especializado,1985
15181,0.0,0.0,Não especializado,1985
15182,0.0,0.0,Não especializado,1985
15183,0.0,0.0,Não especializado,1985
15184,0.0,0.0,Não especializado,1985
15185,0.0,0.0,Não especializado,1985
15186,0.0,0.0,Não especializado,1985
15187,0.0,0.0,Não especializado,1985
15188,0.0,0.0,Não especializado,1985
15189,0.0,0.0,Não especializado,1985
16001,0.0,0.0,Não especializado,1985
16002,0.03012888583280762,1400.0,Não especializado,1985
16003,0.0,0.0,Não especializado,1985
16004,0.0,0.0,Não especializado,1985
16005,0.0,0.0,Não especializado,1985
16006,0.0,0.0,Não especializado,1985
16007,0.0,0.0,Não especializado,1985
16008,0.007906224937135371,1600.0,Não especializado,1985
16009,0.0,0.0,Não especializado,1985
16010,0.1082736428728308,800.0,Não especializado,1985
16011,0.0,0.0,Não especializado,1985
16012,0.0,0.0,Não especializado,1985
16013,0.0,0.0,Não especializado,1985
16014,0.0,0.0,Não especializado,1985
16015,0.0,0.0,Não especializado,1985
16016,0.0,0.0,Não especializado,1985
16017,0.0,0.0,Não especializado,1985
16018,0.0,0.0,Não especializado,1985
16019,0.0,0.0,Não especializado,1985
16020,0.0,0.0,Não especializado,1985
16021,0.0,0.0,Não especializado,1985
16022,0.0,0.0,Não especializado,1985
16023,0.0,0.0,Não especializado,1985
16024,0.0,0.0,Não especializado,1985
16025,0.0,0.0,Não especializado,1985
16026,0.0,0.0,Não especializado,1985
16027,0.0,0.0,Não especializado,1985
16028,0.0,0.0,Não especializado,1985
16029,0.0,0.0,Não especializado,1985
16030,0.0,0.0,Não especializado,1985
16031,0.0,0.0,Não especializado,1985
16032,0.0,0.0,Não especializado,1985
16033,0.0,0.0,Não especializado,1985
16034,0.0,0.0,Não especializado,1985
16035,0.0,0.0,Não especializado,1985
16036,0.0,0.0,Não especializado,1985
16037,0.0,0.0,Não especializado,1985
16038,0.0,0.0,Não especializado,1985
16039,0.0990381861590176,1852.4590163934427,Não especializado,1985
16040,0.0,0.0,Não especializado,1985
16041,0.6137379245397236,1996.6015293118096,Não especializado,1985
16042,0.016638620756544258,1529.4117647058824,Não especializado,1985
16043,0.0,0.0,Não especializado,1985
16044,0.0,0.0,Não especializado,1985
16045,0.0,0.0,Não especializado,1985
16046,0.0,0.0,Não especializado,1985
16047,0.0,0.0,Não especializado,1985
16048,0.0,0.0,Não especializado,1985
16049,0.0,0.0,Não especializado,1985
16050,0.0,0.0,Não especializado,1985
16051,0.0,0.0,Não especializado,1985
16052,0.0,0.0,Não especializado,1985
16053,0.0,0.0,Não especializado,1985
16054,0.0,0.0,Não especializado,1985
16055,0.0,0.0,Não especializado,1985
16056,0.0,0.0,Não especializado,1985
16057,0.0,0.0,Não especializado,1985
16058,0.0,0.0,Não especializado,1985
16059,0.0,0.0,Não especializado,1985
16060,0.0,0.0,Não especializado,1985
16061,0.04117372979795945,1500.0,Não especializado,1985
16062,0.0,0.0,Não especializado,1985
16063,0.0,0.0,Não especializado,1985
16064,0.0,0.0,Não especializado,1985
16065,0.0,0.0,Não especializado,1985
16066,0.0,0.0,Não especializado,1985
16067,0.0,0.0,Não especializado,1985
16068,0.0,0.0,Não especializado,1985
16069,0.5340811159905099,2168.7321258341276,Não especializado,1985
16070,0.0,0.0,Não especializado,1985
16071,0.0,0.0,Não especializado,1985
16072,0.0,0.0,Não especializado,1985
16073,0.0,0.0,Não especializado,1985
16074,0.0,0.0,Não especializado,1985
16075,0.0,0.0,Não especializado,1985
16076,0.0,0.0,Não especializado,1985
16077,0.0,0.0,Não especializado,1985
16078,0.0,0.0,Não especializado,1985
16079,5.132894148435083,1550.1532010965973,Alta espec. / Alta produt.,1985
16080,0.0,0.0,Não especializado,1985
16081,0.0,0.0,Não especializado,1985
16082,0.0,0.0,Não especializado,1985
16083,0.0,0.0,Não especializado,1985
16084,0.0,0.0,Não especializado,1985
16085,0.0,0.0,Não especializado,1985
16086,0.0,0.0,Não especializado,1985
16087,0.0,0.0,Não especializado,1985
16088,0.0,0.0,Não especializado,1985
16089,0.0,0.0,Não especializado,1985
16090,0.5115557626564045,2100.0,Não especializado,1985
16091,0.0,0.0,Não especializado,1985
16092,0.0,0.0,Não especializado,1985
16093,0.0,0.0,Não especializado,1985
16094,0.0,0.0,Não especializado,1985
16095,1.5704808838535624,1100.0,Baixa espec. / Alta produt.,1985
16096,0.0,0.0,Não especializado,1985
16097,0.0,0.0,Não especializado,1985
16098,0.0,0.0,Não especializado,1985
16099,0.0,0.0,Não especializado,1985
16100,0.0,0.0,Não especializado,1985
16101,0.0,0.0,Não especializado,1985
16102,0.0,0.0,Não especializado,1985
16103,0.0,0.0,Não especializado,1985
16104,0.0,0.0,Não especializado,1985
16105,0.0,0.0,Não especializado,1985
16106,0.0,0.0,Não especializado,1985
16107,0.0,0.0,Não especializado,1985
16108,1.3737278295926885,2792.2561429635143,Baixa espec. / Alta produt.,1985
16109,0.0,0.0,Não especializado,1985
16110,0.0,0.0,Não especializado,1985
16111,0.0,0.0,Não especializado,1985
16112,0.0,0.0,Não especializado,1985
16113,0.0,0.0,Não especializado,1985
16114,0.0,0.0,Não especializado,1985
16115,0.0,0.0,Não especializado,1985
16116,0.0,0.0,Não especializado,1985
16117,0.0,0.0,Não especializado,1985
16118,0.0,0.0,Não especializado,1985
16119,0.0,0.0,Não especializado,1985
16120,0.0,0.0,Não especializado,1985
16121,0.712004608278814,1554.8387096774193,Não especializado,1985
16122,1.5445987689552954,1860.4904632152588,Baixa espec. / Alta produt.,1985
16123,0.0,0.0,Não especializado,1985
16124,0.0,0.0,Não especializado,1985
16125,0.0,0.0,Não especializado,1985
16126,0.0,0.0,Não especializado,1985
16127,0.0,0.0,Não especializado,1985
16128,0.0,0.0,Não especializado,1985
16129,0.053966390702263715,1428.5714285714287,Não especializado,1985
16130,0.2784722464666894,1182.5726141078837,Não especializado,1985
16131,0.0,0.0,Não especializado,1985
16132,0.0,0.0,Não especializado,1985
16133,0.0,0.0,Não especializado,1985
16134,0.0,0.0,Não especializado,1985
16135,0.0,0.0,Não especializado,1985
16136,0.008561689600946724,1000.0,Não especializado,1985
16137,0.0,0.0,Não especializado,1985
16138,0.0,0.0,Não especializado,1985
16139,0.0,0.0,Não especializado,1985
16140,0.0,0.0,Não especializado,1985
16141,0.0,0.0,Não especializado,1985
16142,0.0,0.0,Não especializado,1985
16143,0.0,0.0,Não especializado,1985
16144,0.0,0.0,Não especializado,1985
16145,0.0,0.0,Não especializado,1985
16146,0.0,0.0,Não especializado,1985
16147,0.0,0.0,Não especializado,1985
16148,0.0,0.0,Não especializado,1985
16149,0.0,0.0,Não especializado,1985
16150,1.1201836541878532,2000.0,Baixa espec. / Alta produt.,1985
16151,0.06345415828975502,1800.0,Não especializado,1985
16152,0.0,0.0,Não especializado,1985
16153,0.0,0.0,Não especializado,1985
16154,0.0,0.0,Não especializado,1985
16155,0.2628348690145114,1799.3630573248408,Não especializado,1985
16156,0.0,0.0,Não especializado,1985
16157,0.0,0.0,Não especializado,1985
16158,0.0,0.0,Não especializado,1985
16159,0.3310572512793132,1388.888888888889,Não especializado,1985
16160,0.0,0.0,Não especializado,1985
16161,0.0,0.0,Não especializado,1985
16162,0.0,0.0,Não especializado,1985
16163,0.4576255769910607,1333.3333333333333,Não especializado,1985
16164,0.0,0.0,Não especializado,1985
16165,0.0,0.0,Não especializado,1985
16166,0.07470918724028686,1553.8461538461538,Não especializado,1985
16167,0.0,0.0,Não especializado,1985
16168,0.0,0.0,Não especializado,1985
16169,0.0,0.0,Não especializado,1985
16170,0.0,0.0,Não especializado,1985
16171,0.0,0.0,Não especializado,1985
16172,4.952690354831694,1369.86301369863,Alta espec. / Alta produt.,1985
16173,5.239541586905921,1608.8328075709778,Alta espec. / Alta produt.,1985
16174,0.02925766256018983,1800.0,Não especializado,1985
16175,0.0,0.0,Não especializado,1985
16176,0.0,0.0,Não especializado,1985
16177,0.0,0.0,Não especializado,1985
16178,0.0,0.0,Não especializado,1985
16179,0.6249461740625066,2025.3164556962026,Não especializado,1985
16180,0.0,0.0,Não especializado,1985
16181,0.0,0.0,Não especializado,1985
16182,0.0,0.0,Não especializado,1985
16183,0.0,0.0,Não especializado,1985
16184,0.0,0.0,Não especializado,1985
16185,0.0,0.0,Não especializado,1985
16186,0.0,0.0,Não especializado,1985
16187,5.727316951654656,2170.0934579439254,Alta espec. / Alta produt.,1985
16188,0.0,0.0,Não especializado,1985
16189,0.0,0.0,Não especializado,1985
16190,0.0,0.0,Não especializado,1985
16191,0.4325321110088669,1500.0,Não especializado,1985
16192,0.0,0.0,Não especializado,1985
16193,0.0,0.0,Não especializado,1985
16194,0.0,0.0,Não especializado,1985
16195,0.0,0.0,Não especializado,1985
16196,0.0,0.0,Não especializado,1985
16197,0.0,0.0,Não especializado,1985
16198,0.05402631572452761,1500.0,Não especializado,1985
16199,0.0,0.0,Não especializado,1985
16200,0.0,0.0,Não especializado,1985
16201,0.0,0.0,Não especializado,1985
16202,0.0,0.0,Não especializado,1985
16203,0.0,0.0,Não especializado,1985
2001,0.0,0.0,Não especializado,1985
2002,0.0,0.0,Não especializado,1985
2003,0.0,0.0,Não especializado,1985
2004,0.0,0.0,Não especializado,1985
2005,0.0,0.0,Não especializado,1985
2006,0.0,0.0,Não especializado,1985
2007,0.0,0.0,Não especializado,1985
2008,0.0,0.0,Não especializado,1985
2009,0.0,0.0,Não especializado,1985
2010,0.0,0.0,Não especializado,1985
2011,0.0,0.0,Não especializado,1985
2012,0.5507988844710489,400.0,Não especializado,1985
2013,0.0,0.0,Não especializado,1985
2014,0.0,0.0,Não especializado,1985
2015,0.0,0.0,Não especializado,1985
2016,0.0,0.0,Não especializado,1985
2017,0.0,0.0,Não especializado,1985
2018,0.0,0.0,Não especializado,1985
2019,0.03179640956074518,400.0,Não especializado,1985
2020,0.0,0.0,Não especializado,1985
2021,0.18133378882585893,400.0,Não especializado,1985
2022,0.11669602049862199,400.9216589861751,Não especializado,1985
2023,0.0,0.0,Não especializado,1985
2024,0.18700653034795128,100.0,Não especializado,1985
2025,0.0,0.0,Não especializado,1985
2026,0.0,0.0,Não especializado,1985
2027,1.9288594139584607,400.0,Baixa espec. / Baixa produt.,1985
2028,3.1342843939155167,400.12254901960785,Baixa espec. / Baixa produt.,1985
2029,0.7599248375650156,400.0,Não especializado,1985
2030,0.0,0.0,Não especializado,1985
2031,0.0,0.0,Não especializado,1985
2032,0.0,0.0,Não especializado,1985
2033,0.0,0.0,Não especializado,1985
2034,0.5638539370375184,400.0,Não especializado,1985
2035,0.0,0.0,Não especializado,1985
2036,0.04833813141898803,100.0,Não especializado,1985
2037,0.0,0.0,Não especializado,1985
2038,2.588888554313801,340.0735294117647,Baixa espec. / Baixa produt.,1985
2039,0.0,0.0,Não especializado,1985
2040,0.23093862677523053,411.7647058823529,Não especializado,1985
2041,0.3015540773935058,400.0,Não especializado,1985
2042,0.0,0.0,Não especializado,1985
2043,0.0,0.0,Não especializado,1985
2044,0.0,0.0,Não especializado,1985
2045,0.1336654416629408,350.0,Não especializado,1985
2046,0.5820286464643588,401.2345679012346,Não especializado,1985
2047,0.019578364005822652,333.3333333333333,Não especializado,1985
2048,0.0,0.0,Não especializado,1985
2049,0.0,0.0,Não especializado,1985
2050,0.31370460798445293,200.0,Não especializado,1985
2051,0.0,0.0,Não especializado,1985
2052,0.32147656899307675,400.0,Não especializado,1985
2053,0.06307759952212642,100.0,Não especializado,1985
2054,0.0,0.0,Não especializado,1985
2055,0.41458472051057366,400.0,Não especializado,1985
2056,0.0,0.0,Não especializado,1985
2057,0.1591001873296947,400.0,Não especializado,1985
2058,0.0,0.0,Não especializado,1985
2059,0.0,0.0,Não especializado,1985
2061,0.0,0.0,Não especializado,1985
2062,0.0,0.0,Não especializado,1985
2063,2.786471806778238,400.0,Baixa espec. / Baixa produt.,1985
2064,0.02350939238659959,333.3333333333333,Não especializado,1985
2065,0.03288477816008171,333.3333333333333,Não especializado,1985
2066,0.09561236138090742,400.0,Não especializado,1985
2067,0.7769433720299243,400.0,Não especializado,1985
2068,0.03298429193168031,416.6666666666667,Não especializado,1985
2069,0.0,0.0,Não especializado,1985
2070,0.0,0.0,Não especializado,1985
2071,0.0,0.0,Não especializado,1985
2072,0.0,0.0,Não especializado,1985
2073,0.0,0.0,Não especializado,1985
2074,0.0,0.0,Não especializado,1985
2075,0.0,0.0,Não especializado,1985
2076,0.0,0.0,Não especializado,1985
21001,0.0,0.0,Não especializado,1985
21002,0.0,0.0,Não especializado,1985
21003,0.0,0.0,Não especializado,1985
21004,0.0,0.0,Não especializado,1985
21005,0.0,0.0,Não especializado,1985
3001,0.0,0.0,Não especializado,1985
3002,0.0,0.0,Não especializado,1985
3003,0.0,0.0,Não especializado,1985
3004,0.0,0.0,Não especializado,1985
3005,0.0,0.0,Não especializado,1985
3006,0.0,0.0,Não especializado,1985
3007,0.0,0.0,Não especializado,1985
3008,0.0,0.0,Não especializado,1985
3009,0.0,0.0,Não especializado,1985
3010,0.0,0.0,Não especializado,1985
3011,0.0,0.0,Não especializado,1985
3012,0.0,0.0,Não especializado,1985
3013,0.0,0.0,Não especializado,1985
3014,0.0,0.0,Não especializado,1985
3015,0.0,0.0,Não especializado,1985
3016,0.0,0.0,Não especializado,1985
3017,0.0,0.0,Não especializado,1985
3018,0.0,0.0,Não especializado,1985
3019,0.0,0.0,Não especializado,1985
3020,0.0,0.0,Não especializado,1985
3021,0.0,0.0,Não especializado,1985
3022,0.0,0.0,Não especializado,1985
3023,0.0,0.0,Não especializado,1985
3024,0.0,0.0,Não especializado,1985
3025,0.0,0.0,Não especializado,1985
3026,0.0,0.0,Não especializado,1985
3027,0.0,0.0,Não especializado,1985
3028,0.0,0.0,Não especializado,1985
3029,0.25167485552405106,600.0,Não especializado,1985
3030,0.0,0.0,Não especializado,1985
3031,0.0,0.0,Não especializado,1985
3032,0.0,0.0,Não especializado,1985
3033,0.0,0.0,Não especializado,1985
3034,0.0,0.0,Não especializado,1985
3035,0.0,0.0,Não especializado,1985
3036,0.0,0.0,Não especializado,1985
3037,0.0,0.0,Não especializado,1985
3038,0.0,0.0,Não especializado,1985
3039,0.0,0.0,Não especializado,1985
3040,0.0,0.0,Não especializado,1985
3041,0.0,0.0,Não especializado,1985
3042,0.0,0.0,Não especializado,1985
3043,0.0,0.0,Não especializado,1985
3044,0.0,0.0,Não especializado,1985
3045,0.0,0.0,Não especializado,1985
3046,0.0,0.0,Não especializado,1985
3047,0.0,0.0,Não especializado,1985
3048,0.0,0.0,Não especializado,1985
3049,0.0,0.0,Não especializado,1985
3050,0.0,0.0,Não especializado,1985
3051,0.0,0.0,Não especializado,1985
3052,0.0,0.0,Não especializado,1985
3053,0.0,0.0,Não especializado,1985
3054,0.0,0.0,Não especializado,1985
3055,0.0,0.0,Não especializado,1985
3056,0.0,0.0,Não especializado,1985
3057,0.0,0.0,Não especializado,1985
3058,0.0,0.0,Não especializado,1985
3059,0.0,0.0,Não especializado,1985
3060,0.07728866187820403,300.0,Não especializado,1985
3061,0.0,0.0,Não especializado,1985
3062,0.0,0.0,Não especializado,1985
3063,0.0,0.0,Não especializado,1985
3064,0.0,0.0,Não especializado,1985
3065,1.4671794073869056,600.0,Baixa espec. / Baixa produt.,1985
3066,0.0,0.0,Não especializado,1985
3067,0.0,0.0,Não especializado,1985
3068,0.0,0.0,Não especializado,1985
3069,0.0,0.0,Não especializado,1985
3070,0.0,0.0,Não especializado,1985
3071,0.0,0.0,Não especializado,1985
3072,0.0,0.0,Não especializado,1985
3073,0.0,0.0,Não especializado,1985
3074,0.0,0.0,Não especializado,1985
3075,0.0,0.0,Não especializado,1985
3076,0.0,0.0,Não especializado,1985
3077,0.0,0.0,Não especializado,1985
3078,0.0,0.0,Não especializado,1985
3079,0.0,0.0,Não especializado,1985
3080,0.0,0.0,Não especializado,1985
3081,0.04514704154491359,800.0,Não especializado,1985
3082,0.0,0.0,Não especializado,1985
3083,0.0,0.0,Não especializado,1985
3084,0.0,0.0,Não especializado,1985
3085,0.0,0.0,Não especializado,1985
3086,0.0,0.0,Não especializado,1985
3087,0.0,0.0,Não especializado,1985
3088,0.0,0.0,Não especializado,1985
3089,0.0,0.0,Não especializado,1985
3090,0.7942362292770132,600.0,Não especializado,1985
3091,0.0,0.0,Não especializado,1985
3092,0.0,0.0,Não especializado,1985
3093,0.0,0.0,Não especializado,1985
3094,0.0,0.0,Não especializado,1985
3095,0.0,0.0,Não especializado,1985
3096,0.0,0.0,Não especializado,1985
3097,0.0,0.0,Não especializado,1985
3098,0.0,0.0,Não especializado,1985
3099,0.0,0.0,Não especializado,1985
3100,0.0,0.0,Não especializado,1985
3101,0.0,0.0,Não especializado,1985
3102,0.0,0.0,Não especializado,1985
4001,3.7240024496284683,899.81718464351,Baixa espec. / Alta produt.,1985
4002,0.24344751506935616,333.3333333333333,Não especializado,1985
4003,0.43390452610009256,299.66329966329965,Não especializado,1985
4004,1.0111625294175999,1100.0,Baixa espec. / Alta produt.,1985
4005,0.4736987917176639,1200.0,Não especializado,1985
4006,0.0,0.0,Não especializado,1985
4007,0.0,0.0,Não especializado,1985
4008,1.1063243476046867,398.8095238095238,Baixa espec. / Baixa produt.,1985
4009,0.5351902233143766,895.2380952380952,Não especializado,1985
4010,0.008226835540802656,1000.0,Não especializado,1985
4011,0.3308013103207412,592.1875,Não especializado,1985
4012,0.0,0.0,Não especializado,1985
4013,0.12023455793387276,800.0,Não especializado,1985
4014,2.175471243328787,691.0937117690237,Baixa espec. / Baixa produt.,1985
4015,0.04184918016462755,340.0,Não especializado,1985
4016,0.0,0.0,Não especializado,1985
4017,0.0,0.0,Não especializado,1985
4018,0.7632389542177298,306.06060606060606,Não especializado,1985
4019,0.008242784939409172,600.0,Não especializado,1985
4020,0.0,0.0,Não especializado,1985
4021,0.29024088615013766,855.9440559440559,Não especializado,1985
4022,6.828555366822701,561.4775725593668,Alta espec. / Baixa produt.,1985
4023,2.05713233771975,640.0,Baixa espec. / Baixa produt.,1985
4024,0.6491707218194649,474.6317512274959,Não especializado,1985
4025,0.0,0.0,Não especializado,1985
4026,1.5776039627849725,611.1111111111111,Baixa espec. / Baixa produt.,1985
4027,0.4150870734694752,600.0,Não especializado,1985
4028,0.18150565561883816,469.5652173913044,Não especializado,1985
4029,0.0,0.0,Não especializado,1985
4030,8.929401198935505,282.4390243902439,Alta espec. / Baixa produt.,1985
4031,0.21487079063021133,540.0,Não especializado,1985
4032,2.407872793760407,1417.6470588235295,Baixa espec. / Alta produt.,1985
4033,1.808509953654754,683.1395348837209,Baixa espec. / Baixa produt.,1985
4034,5.356494265325835,605.7577565632458,Alta espec. / Baixa produt.,1985
4035,1.6644164191745503,1300.0,Baixa espec. / Alta produt.,1985
4036,0.8981116192633551,675.0,Não especializado,1985
4037,0.0,0.0,Não especializado,1985
4038,0.0,0.0,Não especializado,1985
4039,0.313283056439569,421.42857142857144,Não especializado,1985
4040,8.934824654163167,1040.0,Alta espec. / Alta produt.,1985
4041,0.0,0.0,Não especializado,1985
4042,2.3255342427309653,235.71428571428572,Baixa espec. / Baixa produt.,1985
4043,4.45397481575782,609.9683544303797,Alta espec. / Baixa produt.,1985
4044,0.37189175301382726,500.0,Não especializado,1985
4045,0.0,0.0,Não especializado,1985
4046,0.150933628540246,437.5,Não especializado,1985
4047,0.7891480989797581,600.0,Não especializado,1985
4048,0.0,0.0,Não especializado,1985
4049,0.0,0.0,Não especializado,1985
4050,1.6376373008008671,239.53488372093022,Baixa espec. / Baixa produt.,1985
4051,3.5876092510968856,566.6666666666666,Baixa espec. / Baixa produt.,1985
4052,0.18839176390608425,119.04761904761905,Não especializado,1985
4053,0.11690512984756037,400.0,Não especializado,1985
4054,0.0,0.0,Não especializado,1985
4055,0.06027443252144476,400.0,Não especializado,1985
4056,0.13496132666381247,290.3225806451613,Não especializado,1985
4057,0.0,0.0,Não especializado,1985
4058,0.0,0.0,Não especializado,1985
4059,1.6978685809078229,703.1700288184438,Baixa espec. / Baixa produt.,1985
4060,1.6651201458913991,443.51851851851853,Baixa espec. / Baixa produt.,1985
4061,4.150152342390374,234.66666666666666,Baixa espec. / Baixa produt.,1985
4062,0.0016382180298909373,1000.0,Não especializado,1985
4063,2.3156371236861166,774.1666666666666,Baixa espec. / Baixa produt.,1985
4064,0.0,0.0,Não especializado,1985
4065,0.0,0.0,Não especializado,1985
4066,0.0,0.0,Não especializado,1985
4067,0.6864645664242409,800.0,Não especializado,1985
4068,0.0,0.0,Não especializado,1985
4069,0.41202027894040516,600.0,Não especializado,1985
4070,0.0,0.0,Não especializado,1985
4071,0.0,0.0,Não especializado,1985
4072,0.0,0.0,Não especializado,1985
4073,0.3408611262875847,250.0,Não especializado,1985
4074,0.0,0.0,Não especializado,1985
4075,0.021987878244944102,545.4545454545455,Não especializado,1985
4076,0.0,0.0,Não especializado,1985
4077,0.029670354162746326,750.0,Não especializado,1985
4078,7.377756667217882,565.3531018337885,Alta espec. / Baixa produt.,1985
4079,0.12987207665907485,266.6666666666667,Não especializado,1985
4080,0.01475484877820058,166.66666666666666,Não especializado,1985
4081,0.0,0.0,Não especializado,1985
4082,2.656652461361671,316.3265306122449,Baixa espec. / Baixa produt.,1985
4083,0.24126753430256145,225.0,Não especializado,1985
4084,0.0,0.0,Não especializado,1985
4085,0.1624632807204037,400.0,Não especializado,1985
4086,0.0,0.0,Não especializado,1985
4087,0.7848775934253595,600.0,Não especializado,1985
4088,0.0,0.0,Não especializado,1985
4089,0.2931489026201905,333.3333333333333,Não especializado,1985
4090,0.03091426907272533,800.0,Não especializado,1985
4091,0.5778212104658212,305.55555555555554,Não especializado,1985
4092,0.04751065983977568,400.0,Não especializado,1985
4093,1.2169904706826828,548.5714285714286,Baixa espec. / Baixa produt.,1985
4094,0.30215443454463825,365.0,Não especializado,1985
4095,4.465998286150023,518.4859154929577,Alta espec. / Baixa produt.,1985
4096,10.420574232710555,900.0,Alta espec. / Alta produt.,1985
4097,0.41657251466770173,700.0,Não especializado,1985
4098,0.8002155825968946,450.0,Não especializado,1985
4099,10.002289690675441,300.0,Alta espec. / Baixa produt.,1985
4100,2.1685277838968693,302.5,Baixa espec. / Baixa produt.,1985
4101,0.0,0.0,Não especializado,1985
4102,1.040780392115086,511.1111111111111,Baixa espec. / Baixa produt.,1985
4103,12.072486650723246,180.0,Alta espec. / Baixa produt.,1985
4104,3.594966993237443,450.0,Baixa espec. / Baixa produt.,1985
4105,1.805147563560041,520.0,Baixa espec. / Baixa produt.,1985
4106,0.9735923765461462,287.5,Não especializado,1985
4107,0.0,0.0,Não especializado,1985
4108,8.478657091784918,300.0,Alta espec. / Baixa produt.,1985
4109,2.5540469952233473,479.76539589442814,Baixa espec. / Baixa produt.,1985
4110,1.5910018732969466,600.0,Baixa espec. / Baixa produt.,1985
4111,0.44292822117857505,840.625,Não especializado,1985
4112,0.0,0.0,Não especializado,1985
4113,6.012933860163386,510.0,Alta espec. / Baixa produt.,1985
4114,0.40353359306562303,520.0,Não especializado,1985
4115,8.270246675058313,240.0,Alta espec. / Baixa produt.,1985
4116,8.098473567825593,200.0,Alta espec. / Baixa produt.,1985
4117,5.854169822465926,210.0,Alta espec. / Baixa produt.,1985
4118,1.056226004764893,334.61538461538464,Baixa espec. / Baixa produt.,1985
4119,10.248760863858655,400.0,Alta espec. / Baixa produt.,1985
4120,0.0,0.0,Não especializado,1985
4121,1.9346270818139246,420.88607594936707,Baixa espec. / Baixa produt.,1985
4122,4.636890851069633,600.0,Alta espec. / Baixa produt.,1985
4123,0.3182763960915769,300.0,Não especializado,1985
4124,7.53397942730346,225.0,Alta espec. / Baixa produt.,1985
4125,10.078896831679828,400.0,Alta espec. / Baixa produt.,1985
4126,0.1947089888785896,840.0,Não especializado,1985
4127,9.031720890958924,150.0,Alta espec. / Baixa produt.,1985
4128,0.3592123589539754,300.0,Não especializado,1985
4129,3.4724257683144617,150.0,Baixa espec. / Baixa produt.,1985
4130,1.3846476775729522,340.90909090909093,Baixa espec. / Baixa produt.,1985
4131,0.26625044673045367,340.0,Não especializado,1985
4132,5.738401841393181,300.0,Alta espec. / Baixa produt.,1985
4133,0.0,0.0,Não especializado,1985
4134,0.0,0.0,Não especializado,1985
4135,2.434828280248347,302.85714285714283,Baixa espec. / Baixa produt.,1985
4136,2.6277683062128654,200.0,Baixa espec. / Baixa produt.,1985
4137,0.43694570397834515,300.0,Não especializado,1985
4138,5.77888434712485,300.0,Alta espec. / Baixa produt.,1985
4139,2.186322049082019,450.0,Baixa espec. / Baixa produt.,1985
4140,0.0,0.0,Não especializado,1985
4141,1.4979747772570955,446.6666666666667,Baixa espec. / Baixa produt.,1985
4142,4.10054553503507,600.0,Baixa espec. / Baixa produt.,1985
4143,0.4317844323381515,500.0,Não especializado,1985
4144,0.0,0.0,Não especializado,1985
4145,4.319285648464807,515.9749178859361,Alta espec. / Baixa produt.,1985
4146,2.4789707888115187,180.0,Baixa espec. / Baixa produt.,1985
4147,9.899917527178426,400.0,Alta espec. / Baixa produt.,1985
4148,2.415246100786154,300.0,Baixa espec. / Baixa produt.,1985
4149,0.0,0.0,Não especializado,1985
4150,0.17213219954166498,363.6363636363636,Não especializado,1985
4151,0.7591677997361201,300.0,Não especializado,1985
4152,0.0,0.0,Não especializado,1985
4153,0.0,0.0,Não especializado,1985
4154,4.219775968031133,333.3333333333333,Alta espec. / Baixa produt.,1985
4155,8.501164211225744,301.2345679012346,Alta espec. / Baixa produt.,1985
4156,1.9883565700109107,450.0,Baixa espec. / Baixa produt.,1985
4157,0.0,0.0,Não especializado,1985
4158,1.1123286127809435,180.0,Baixa espec. / Baixa produt.,1985
4159,0.0,0.0,Não especializado,1985
4160,9.82370291845757,400.0,Alta espec. / Baixa produt.,1985
4161,5.3936663705071775,317.14285714285717,Alta espec. / Baixa produt.,1985
4162,11.126025413434359,315.0,Alta espec. / Baixa produt.,1985
4163,1.5285301016274595,600.0,Baixa espec. / Baixa produt.,1985
4164,6.062798400670403,200.0,Alta espec. / Baixa produt.,1985
4165,0.44761405649092034,160.0,Não especializado,1985
4166,1.5019153347320293,180.0,Baixa espec. / Baixa produt.,1985
4167,5.571967265448506,134.9537037037037,Alta espec. / Baixa produt.,1985
4168,0.1455955084051705,700.0,Não especializado,1985
4169,9.418109453044353,601.0362694300518,Alta espec. / Baixa produt.,1985
4170,0.7944256789619804,700.0,Não especializado,1985
4171,1.6259547216118513,230.0,Baixa espec. / Baixa produt.,1985
4172,7.382849857854209,149.85795454545453,Alta espec. / Baixa produt.,1985
4173,6.685508039012931,300.0,Alta espec. / Baixa produt.,1985
4174,5.793952128347976,264.9140546006067,Alta espec. / Baixa produt.,1985
4175,7.140699942631035,239.9658411614005,Alta espec. / Baixa produt.,1985
4176,11.580310343422376,500.0,Alta espec. / Baixa produt.,1985
4177,1.5694005353292142,315.06849315068496,Baixa espec. / Baixa produt.,1985
4178,5.941457101222785,400.0,Alta espec. / Baixa produt.,1985
4179,2.4624748648933643,1400.0,Baixa espec. / Alta produt.,1985
4180,6.032085359294334,300.0,Alta espec. / Baixa produt.,1985
4181,8.849206669987298,190.0,Alta espec. / Baixa produt.,1985
4182,7.0335100413565455,400.0,Alta espec. / Baixa produt.,1985
4183,8.075201569606307,300.0,Alta espec. / Baixa produt.,1985
4184,2.7805256393399964,600.0,Baixa espec. / Baixa produt.,1985
4185,0.4427380863766401,300.0,Não especializado,1985
4186,0.0,0.0,Não especializado,1985
4187,1.6102323552465474,380.0,Baixa espec. / Baixa produt.,1985
4188,9.952924183095332,400.0,Alta espec. / Baixa produt.,1985
4189,0.02843540879204504,250.0,Não especializado,1985
4190,6.02657866355233,399.85190670122176,Alta espec. / Baixa produt.,1985
4191,5.761803900778667,900.0,Alta espec. / Alta produt.,1985
4192,9.521751999019846,304.0,Alta espec. / Baixa produt.,1985
4193,0.3789440618573259,600.0,Não especializado,1985
4194,1.3944859405868564,450.0,Baixa espec. / Baixa produt.,1985
4195,0.5486815905713798,300.0,Não especializado,1985
4196,1.1126382811029873,450.0,Baixa espec. / Baixa produt.,1985
4197,0.0,0.0,Não especializado,1985
4198,1.4278416267465215,71.42857142857143,Baixa espec. / Baixa produt.,1985
4199,1.5431868353389266,800.0,Baixa espec. / Alta produt.,1985
4200,8.875257460605585,300.0,Alta espec. / Baixa produt.,1985
4201,0.0,0.0,Não especializado,1985
4202,7.6077348459173795,453.3333333333333,Alta espec. / Baixa produt.,1985
4203,4.494766679349874,400.0,Alta espec. / Baixa produt.,1985
4204,2.911556609316608,600.0,Baixa espec. / Baixa produt.,1985
4205,0.059280195876101685,281.25,Não especializado,1985
4206,6.4259869854955705,510.0,Alta espec. / Baixa produt.,1985
4207,3.733741317004793,150.4,Baixa espec. / Baixa produt.,1985
4208,3.962405734256127,601.950354609929,Baixa espec. / Baixa produt.,1985
4209,5.956150529230678,400.2205071664829,Alta espec. / Baixa produt.,1985
4210,2.048078027131523,299.76851851851853,Baixa espec. / Baixa produt.,1985
4211,4.331975450258036,515.6327543424318,Alta espec. / Baixa produt.,1985
4212,0.21822290904877936,700.0,Não especializado,1985
4213,2.88299390846195,400.2145922746781,Baixa espec. / Baixa produt.,1985
4214,0.6728277282360152,800.0,Não especializado,1985
4215,13.938014861081388,650.0,Alta espec. / Baixa produt.,1985
4216,2.1326556594033783,180.0,Baixa espec. / Baixa produt.,1985
4217,7.66890815242695,400.0,Alta espec. / Baixa produt.,1985
4218,7.233222802344227,304.0,Alta espec. / Baixa produt.,1985
4219,0.7616657130724945,379.4871794871795,Não especializado,1985
4220,7.390966510581651,88.88888888888889,Alta espec. / Baixa produt.,1985
4221,1.0757999207865223,280.0,Baixa espec. / Baixa produt.,1985
4222,2.1060800991095108,400.0,Baixa espec. / Baixa produt.,1985
4223,0.38201077286579344,700.0,Não especializado,1985
4224,6.2305813285605645,515.9574468085107,Alta espec. / Baixa produt.,1985
4225,0.0,0.0,Não especializado,1985
4226,10.915939592072174,499.9317033192187,Alta espec. / Baixa produt.,1985
4227,0.6689852697644034,600.0,Não especializado,1985
4228,7.267140055036157,510.0,Alta espec. / Baixa produt.,1985
4229,0.0,0.0,Não especializado,1985
4230,0.0,0.0,Não especializado,1985
4231,0.3732346568660749,700.0,Não especializado,1985
4232,0.0,0.0,Não especializado,1985
4233,9.12673374222866,210.0,Alta espec. / Baixa produt.,1985
4234,0.0,0.0,Não especializado,1985
4235,5.923809346425786,50.0,Alta espec. / Baixa produt.,1985
4236,0.009840925602585272,400.0,Não especializado,1985
5001,0.0,0.0,Não especializado,1985
5002,5.643482173546986,313.193588162762,Alta espec. / Baixa produt.,1985
5003,0.0,0.0,Não especializado,1985
5004,2.534012379372628,241.61073825503357,Baixa espec. / Baixa produt.,1985
5005,12.326298054041114,100.0,Alta espec. / Baixa produt.,1985
5006,12.404453269311343,200.0,Alta espec. / Baixa produt.,1985
5007,8.758452105511259,366.16161616161617,Alta espec. / Baixa produt.,1985
5008,1.7029833253445663,289.01734104046244,Baixa espec. / Baixa produt.,1985
5009,11.549797819288147,100.0,Alta espec. / Baixa produt.,1985
5010,11.469064786098265,300.0,Alta espec. / Baixa produt.,1985
5011,0.0,0.0,Não especializado,1985
5012,3.0232436846441177,150.0,Baixa espec. / Baixa produt.,1985
5013,0.0,0.0,Não especializado,1985
5014,5.370826984587847,150.03796507213363,Alta espec. / Baixa produt.,1985
5015,17.812588170044258,15.076923076923077,Alta espec. / Baixa produt.,1985
5016,7.331619651633189,350.1683501683502,Alta espec. / Baixa produt.,1985
5017,0.0,0.0,Não especializado,1985
5018,4.848557528605461,14.285714285714286,Alta espec. / Baixa produt.,1985
5019,1.3877071894867814,60.0,Baixa espec. / Baixa produt.,1985
5020,11.87414162568124,349.94337485843715,Alta espec. / Baixa produt.,1985
5021,0.0,0.0,Não especializado,1985
5022,1.7343309940223441,899.37106918239,Baixa espec. / Alta produt.,1985
5023,5.7319019120308905,14.901960784313726,Alta espec. / Baixa produt.,1985
5024,0.0,0.0,Não especializado,1985
5025,5.3565540995536765,150.20455873758036,Alta espec. / Baixa produt.,1985
5026,0.0,0.0,Não especializado,1985
5027,0.20471571706675643,400.0,Não especializado,1985
5028,0.0,0.0,Não especializado,1985
5029,4.199455656563581,14.754098360655737,Alta espec. / Baixa produt.,1985
5030,0.5084728633234008,240.0,Não especializado,1985
5031,0.0,0.0,Não especializado,1985
5032,0.0,0.0,Não especializado,1985
5033,0.5383264573049218,241.13475177304966,Não especializado,1985
5034,0.0,0.0,Não especializado,1985
5035,3.541886006927774,240.0,Baixa espec. / Baixa produt.,1985
5036,0.0,0.0,Não especializado,1985
5037,6.627855233369702,75.0,Alta espec. / Baixa produt.,1985
5038,0.0,0.0,Não especializado,1985
5039,8.988162047387187,297.6744186046512,Alta espec. / Baixa produt.,1985
5040,0.0,0.0,Não especializado,1985
5041,2.3787018654745546,238.0952380952381,Baixa espec. / Baixa produt.,1985
5042,9.906578236562858,200.0,Alta espec. / Baixa produt.,1985
5043,0.0,0.0,Não especializado,1985
5044,0.12072486650723245,75.0,Não especializado,1985
5045,9.868140014128223,150.0,Alta espec. / Baixa produt.,1985
5046,7.501304586124238,150.81967213114754,Alta espec. / Baixa produt.,1985
5047,7.137398538177006,354.36893203883494,Alta espec. / Baixa produt.,1985
5048,9.625787628042579,14.960629921259843,Alta espec. / Baixa produt.,1985
5049,7.823046767794431,491.725768321513,Alta espec. / Baixa produt.,1985
5050,0.7946105379564957,407.4074074074074,Não especializado,1985
5051,5.679374266025901,300.0,Alta espec. / Baixa produt.,1985
5052,2.329119599708442,14.814814814814815,Baixa espec. / Baixa produt.,1985
5053,9.383717952992987,349.83498349834986,Alta espec. / Baixa produt.,1985
5054,5.521613869747404,200.0,Alta espec. / Baixa produt.,1985
5055,2.960442004238467,15.0,Baixa espec. / Baixa produt.,1985
5056,6.082422603362997,14.982578397212544,Alta espec. / Baixa produt.,1985
5057,0.0,0.0,Não especializado,1985
5058,1.142690904212765,401.2345679012346,Baixa espec. / Baixa produt.,1985
5059,0.0,0.0,Não especializado,1985
5060,7.663258831833633,349.9469777306469,Alta espec. / Baixa produt.,1985
5061,6.500041110607229,100.0,Alta espec. / Baixa produt.,1985
5062,10.1690465452537,100.0,Alta espec. / Baixa produt.,1985
5063,0.3413733345602408,425.9259259259259,Não especializado,1985
5064,7.785577998159605,60.0,Alta espec. / Baixa produt.,1985
5065,4.363096840307785,60.0,Alta espec. / Baixa produt.,1985
5066,2.599412491526459,60.0,Baixa espec. / Baixa produt.,1985
5067,6.83361445808719,14.84375,Alta espec. / Baixa produt.,1985
5068,0.0,0.0,Não especializado,1985
5069,0.8600997214609607,100.0,Não especializado,1985
5070,2.45357232957008,400.0,Baixa espec. / Baixa produt.,1985
5071,6.775573310229868,15.121951219512194,Alta espec. / Baixa produt.,1985
5072,8.938075699697608,200.0,Alta espec. / Baixa produt.,1985
5073,12.072851334346092,100.0,Alta espec. / Baixa produt.,1985
5074,3.7685966107703255,80.0,Baixa espec. / Baixa produt.,1985
5075,3.317736728887937,376.9230769230769,Baixa espec. / Baixa produt.,1985
5076,13.370288913341328,100.0,Alta espec. / Baixa produt.,1985
5077,7.663091028670368,200.0,Alta espec. / Baixa produt.,1985
5078,0.0,0.0,Não especializado,1985
5079,12.461548748353458,200.0,Alta espec. / Baixa produt.,1985
5080,7.583674963419223,50.0,Alta espec. / Baixa produt.,1985
5081,0.5141419432746909,100.0,Não especializado,1985
5082,7.93716635482159,15.294117647058824,Alta espec. / Baixa produt.,1985
5083,0.0,0.0,Não especializado,1985
5084,0.09892566103272105,100.0,Não especializado,1985
5085,5.69315770045859,60.0,Alta espec. / Baixa produt.,1985
5086,10.695425373040667,200.0,Alta espec. / Baixa produt.,1985
5087,0.0,0.0,Não especializado,1985
5088,8.759664012541217,100.0,Alta espec. / Baixa produt.,1985
5089,0.0,0.0,Não especializado,1985
5090,10.570812331884419,349.79702300405955,Alta espec. / Baixa produt.,1985
5091,0.0,0.0,Não especializado,1985
5092,3.401358898486749,15.0,Baixa espec. / Baixa produt.,1985
5093,4.693989419472066,60.0,Alta espec. / Baixa produt.,1985
5094,12.081262533490793,200.0,Alta espec. / Baixa produt.,1985
5095,8.79651685698972,14.935988620199147,Alta espec. / Baixa produt.,1985
5096,8.920094374509375,239.79591836734693,Alta espec. / Baixa produt.,1985
5097,7.781834931814336,350.30864197530866,Alta espec. / Baixa produt.,1985
5098,0.0,0.0,Não especializado,1985
5099,3.7005525052980834,400.0,Baixa espec. / Baixa produt.,1985
5100,0.8112171933129765,53.333333333333336,Não especializado,1985
5101,10.479482728619663,300.0940733772342,Alta espec. / Baixa produt.,1985
5102,10.915075036635523,100.0,Alta espec. / Baixa produt.,1985
5103,1.6722161948627323,400.0,Baixa espec. / Baixa produt.,1985
5104,1.2276235614845519,175.92592592592592,Baixa espec. / Baixa produt.,1985
5105,5.801511347015706,15.555555555555555,Alta espec. / Baixa produt.,1985
5106,3.5368112440017083,400.0,Baixa espec. / Baixa produt.,1985
5107,3.52709586536535,238.41059602649005,Baixa espec. / Baixa produt.,1985
5108,12.927993040690163,200.0,Alta espec. / Baixa produt.,1985
5109,4.187235049436094,178.8617886178862,Alta espec. / Baixa produt.,1985
5110,2.6614890725877487,237.70491803278688,Baixa espec. / Baixa produt.,1985
5111,16.06422773638469,14.964370546318289,Alta espec. / Baixa produt.,1985
5112,7.0898890311755665,300.0,Alta espec. / Baixa produt.,1985
5113,16.99757394120291,15.01416430594901,Alta espec. / Baixa produt.,1985
5114,5.156402451056602,14.925373134328359,Alta espec. / Baixa produt.,1985
5115,0.0,0.0,Não especializado,1985
5116,6.313738871598626,60.0,Alta espec. / Baixa produt.,1985
5117,6.203672498434041,14.903846153846153,Alta espec. / Baixa produt.,1985
5118,0.664190856538315,448.2758620689655,Não especializado,1985
5119,2.8435315987186054,238.5321100917431,Baixa espec. / Baixa produt.,1985
5120,0.43175333515181097,50.0,Não especializado,1985
5121,0.6240348777150828,400.0,Não especializado,1985
5122,0.06234940258536553,100.0,Não especializado,1985
5123,7.441678176060683,15.228426395939087,Alta espec. / Baixa produt.,1985
5124,0.0,0.0,Não especializado,1985
5125,0.1718136853661823,244.89795918367346,Não especializado,1985
5126,6.053156691740901,400.0,Alta espec. / Baixa produt.,1985
5127,14.645195257225973,15.0,Alta espec. / Baixa produt.,1985
5128,0.0,0.0,Não especializado,1985
5129,14.499944431941183,14.754098360655737,Alta espec. / Baixa produt.,1985
5130,0.0,0.0,Não especializado,1985
5131,5.920884008476934,15.0,Alta espec. / Baixa produt.,1985
5132,0.0,0.0,Não especializado,1985
5133,8.228287335309856,15.238095238095237,Alta espec. / Baixa produt.,1985
5134,1.3098602008082547,356.5891472868217,Baixa espec. / Baixa produt.,1985
5135,5.725783246019957,60.0,Alta espec. / Baixa produt.,1985
5136,3.1607955110454773,279.3893129770992,Baixa espec. / Baixa produt.,1985
5137,7.184566130373485,14.979757085020243,Alta espec. / Baixa produt.,1985
5138,4.2247974435486455,175.1824817518248,Alta espec. / Baixa produt.,1985
5139,1.8389248645959801,400.0,Baixa espec. / Baixa produt.,1985
5140,9.991491764304826,15.10204081632653,Alta espec. / Baixa produt.,1985
5141,14.277274801153956,99.81785063752277,Alta espec. / Baixa produt.,1985
5142,0.0,0.0,Não especializado,1985
5143,0.6773892721562593,454.54545454545456,Não especializado,1985
5144,14.09826379076197,200.0,Alta espec. / Baixa produt.,1985
5145,7.168579154440475,150.31757233592097,Alta espec. / Baixa produt.,1985
5146,0.1461812986730772,100.0,Não especializado,1985
5147,4.685932184034434,173.55371900826447,Alta espec. / Baixa produt.,1985
5148,0.0,0.0,Não especializado,1985
6001,0.23595446367469186,600.0,Não especializado,1985
6002,6.300710007739008,600.0,Alta espec. / Baixa produt.,1985
6003,0.2893987476989088,30.0,Não especializado,1985
6004,0.08274527341039194,150.0,Não especializado,1985
6005,1.4089060067174843,200.0,Baixa espec. / Baixa produt.,1985
6006,5.647085904038694,250.0,Alta espec. / Baixa produt.,1985
6007,3.542184975950052,100.0,Baixa espec. / Baixa produt.,1985
6008,0.0,0.0,Não especializado,1985
6009,11.011621512901923,300.02099517111066,Alta espec. / Baixa produt.,1985
6010,1.7226709938456597,40.0,Baixa espec. / Baixa produt.,1985
6011,16.127487390460225,300.02118419658933,Alta espec. / Baixa produt.,1985
6012,3.133220413893499,700.0,Baixa espec. / Baixa produt.,1985
6013,1.1484473292304398,500.0,Baixa espec. / Baixa produt.,1985
6014,0.553374928484575,500.0,Não especializado,1985
6015,0.4322514282632415,30.0,Não especializado,1985
6016,0.0,0.0,Não especializado,1985
6017,3.725388428152433,100.0,Baixa espec. / Baixa produt.,1985
6018,2.7575414252911203,280.0,Baixa espec. / Baixa produt.,1985
6019,2.4081306876463935,75.70093457943925,Baixa espec. / Baixa produt.,1985
6020,0.0,0.0,Não especializado,1985
6021,0.04245676387098368,500.0,Não especializado,1985
6022,0.4638934503275475,20.0,Não especializado,1985
6023,3.0038306694640586,20.0,Baixa espec. / Baixa produt.,1985
6024,1.4533078929897927,250.0,Baixa espec. / Baixa produt.,1985
6025,0.0,0.0,Não especializado,1985
6026,3.606223059528022,200.0,Baixa espec. / Baixa produt.,1985
6027,11.521929932046334,216.16161616161617,Alta espec. / Baixa produt.,1985
6028,8.019828727590578,300.12150668286756,Alta espec. / Baixa produt.,1985
6029,2.738876011134957,1000.0,Baixa espec. / Alta produt.,1985
6030,4.199576223175408,300.0,Alta espec. / Baixa produt.,1985
6031,6.372951503718754,300.8474576271187,Alta espec. / Baixa produt.,1985
6032,15.97041640648124,215.9375,Alta espec. / Baixa produt.,1985
6033,6.389670904260113,300.1592356687898,Alta espec. / Baixa produt.,1985
6034,3.664433536745929,600.0,Baixa espec. / Baixa produt.,1985
6035,0.1768405622000854,500.0,Não especializado,1985
6036,12.58008648290196,215.89743589743588,Alta espec. / Baixa produt.,1985
6037,14.502942944558585,215.71428571428572,Alta espec. / Baixa produt.,1985
6038,0.0,0.0,Não especializado,1985
6039,0.04583253102892122,200.0,Não especializado,1985
6040,0.0,0.0,Não especializado,1985
6041,5.608104049192683,299.8696219035202,Alta espec. / Baixa produt.,1985
6042,0.6834125693778951,120.0,Não especializado,1985
6043,0.25951926660532015,500.0,Não especializado,1985
6044,0.018139963261265116,200.0,Não especializado,1985
6045,3.6027013573214517,700.0,Baixa espec. / Baixa produt.,1985
6046,9.63169910013566,300.01467782181123,Alta espec. / Baixa produt.,1985
6047,13.990889048332113,235.01777033375546,Alta espec. / Baixa produt.,1985
6048,1.2476368488205818,58.333333333333336,Baixa espec. / Baixa produt.,1985
6049,0.0644612371890634,100.0,Não especializado,1985
6050,0.14718622780709292,600.0,Não especializado,1985
6051,0.9012943601821364,71.42857142857143,Não especializado,1985
6052,8.830540754179745,300.2070393374741,Alta espec. / Baixa produt.,1985
6053,0.4028827324316462,400.0,Não especializado,1985
6054,2.6205363444326273,251.06382978723406,Baixa espec. / Baixa produt.,1985
6055,15.577141219257525,215.97633136094674,Alta espec. / Baixa produt.,1985
6056,2.4177125036458746,800.3048780487804,Baixa espec. / Alta produt.,1985
6057,7.798237474579377,150.0,Alta espec. / Baixa produt.,1985
6058,0.0,0.0,Não especializado,1985
6059,0.506539506428635,80.0,Não especializado,1985
6060,9.871525310874064,478.93518518518516,Alta espec. / Baixa produt.,1985
6061,0.7793675323170691,80.0,Não especializado,1985
6062,0.024286562382850818,133.33333333333334,Não especializado,1985
6063,0.6816253619764521,20.0,Não especializado,1985
6064,0.4969655192392353,20.0,Não especializado,1985
6065,3.330497254768275,700.0,Baixa espec. / Baixa produt.,1985
6066,2.577208655277857,1000.0,Baixa espec. / Alta produt.,1985
6067,8.787058716143743,200.0,Alta espec. / Baixa produt.,1985
6068,2.3446700673568657,1000.0,Baixa espec. / Alta produt.,1985
6069,0.32598668072772674,500.0,Não especializado,1985
6070,0.9803589629734908,200.0,Não especializado,1985
6071,6.67855116348894,80.4416403785489,Alta espec. / Baixa produt.,1985
6072,5.780440708304788,100.0,Alta espec. / Baixa produt.,1985
6073,3.085698506579625,300.0,Baixa espec. / Baixa produt.,1985
6074,0.0,0.0,Não especializado,1985
6075,2.978089944651215,700.0,Baixa espec. / Baixa produt.,1985
6076,0.0,0.0,Não especializado,1985
6077,8.105533258357944,79.82456140350877,Alta espec. / Baixa produt.,1985
6078,4.794262852779151,799.5689655172414,Alta espec. / Alta produt.,1985
6079,0.039514374209115126,214.28571428571428,Não especializado,1985
6080,0.0,0.0,Não especializado,1985
6081,0.0,0.0,Não especializado,1985
6082,5.313745782971586,799.8366013071895,Alta espec. / Alta produt.,1985
6083,0.1867568554075668,600.0,Não especializado,1985
6084,0.0,0.0,Não especializado,1985
6085,1.3011166703381216,600.0,Baixa espec. / Baixa produt.,1985
6086,17.654425661224064,216.0344827586207,Alta espec. / Baixa produt.,1985
6087,0.0,0.0,Não especializado,1985
6088,2.0287292922446345,30.0,Baixa espec. / Baixa produt.,1985
6089,1.3211889936270844,100.0,Baixa espec. / Baixa produt.,1985
6090,0.0,0.0,Não especializado,1985
6091,0.8076108121491169,400.0,Não especializado,1985
6092,10.281523377957937,639.9091253313139,Alta espec. / Baixa produt.,1985
6093,0.594731652637192,200.0,Não especializado,1985
6094,0.21839326260775577,300.0,Não especializado,1985
6095,14.844502049824314,150.10683760683762,Alta espec. / Baixa produt.,1985
6096,1.7802212497647796,100.0,Baixa espec. / Baixa produt.,1985
6097,0.0,0.0,Não especializado,1985
6098,0.20249766162174812,206.34920634920636,Não especializado,1985
6099,3.4042561377529217,500.0,Baixa espec. / Baixa produt.,1985
6100,0.26478573823709384,299.21259842519686,Não especializado,1985
6101,0.024798937116666236,600.0,Não especializado,1985
6102,0.35264088579899383,100.0,Não especializado,1985
6103,0.41458472051057366,300.0,Não especializado,1985
6104,0.0,0.0,Não especializado,1985
6105,0.22698832018332493,200.0,Não especializado,1985
6106,0.0,0.0,Não especializado,1985
6107,2.6786841191165753,100.0,Baixa espec. / Baixa produt.,1985
6108,11.920096007444844,300.4032258064516,Alta espec. / Baixa produt.,1985
6109,1.2289657766672601,80.0,Baixa espec. / Baixa produt.,1985
6110,3.307756429316723,200.0,Baixa espec. / Baixa produt.,1985
6111,0.0,0.0,Não especializado,1985
6112,10.014133539102538,299.74160206718346,Alta espec. / Baixa produt.,1985
6113,1.5986386822887722,20.0,Baixa espec. / Baixa produt.,1985
6114,8.358364684047896,399.878640776699,Alta espec. / Baixa produt.,1985
6115,0.0,0.0,Não especializado,1985
6116,11.05114244844356,80.0632911392405,Alta espec. / Baixa produt.,1985
6117,3.5969370351497374,88.88888888888889,Baixa espec. / Baixa produt.,1985
6118,1.1591057731212095,80.0,Baixa espec. / Baixa produt.,1985
6119,0.8057654648632924,100.0,Não especializado,1985
6120,2.04743683694771,200.0,Baixa espec. / Baixa produt.,1985
6121,17.294187389458287,86.05052904340316,Alta espec. / Baixa produt.,1985
6122,1.4940548432605345,1000.0,Baixa espec. / Alta produt.,1985
6123,0.6743414014153989,20.0,Não especializado,1985
6124,0.0,0.0,Não especializado,1985
6125,13.156920642014615,479.7047970479705,Alta espec. / Baixa produt.,1985
6126,0.0,0.0,Não especializado,1985
6127,0.0,0.0,Não especializado,1985
6128,1.1517569757123718,200.0,Baixa espec. / Baixa produt.,1985
6129,0.21296252428358423,200.0,Não especializado,1985
6130,0.0,0.0,Não especializado,1985
6131,4.123036491460038,300.0,Baixa espec. / Baixa produt.,1985
6132,14.4073640866281,250.0,Alta espec. / Baixa produt.,1985
6133,0.9352410387804829,80.0,Não especializado,1985
6134,0.34514117117360965,400.0,Não especializado,1985
6135,0.4034521205049395,300.0,Não especializado,1985
6136,3.9648776842479467,300.0,Baixa espec. / Baixa produt.,1985
6137,1.235696861309784,123.80952380952381,Baixa espec. / Baixa produt.,1985
6138,0.13434239554013302,160.0,Não especializado,1985
6139,11.040322391497046,215.88235294117646,Alta espec. / Baixa produt.,1985
6140,0.0,0.0,Não especializado,1985
6141,0.0,0.0,Não especializado,1985
6142,0.0,0.0,Não especializado,1985
6143,15.31789501885214,100.0669344042838,Alta espec. / Baixa produt.,1985
6144,8.657945846318741,299.8833138856476,Alta espec. / Baixa produt.,1985
6145,0.0,0.0,Não especializado,1985
6146,2.189916003135304,798.9130434782609,Baixa espec. / Baixa produt.,1985
6147,2.3024080877898783,400.0,Baixa espec. / Baixa produt.,1985
6148,0.0,0.0,Não especializado,1985
6149,0.11114006411907482,200.0,Não especializado,1985
6150,13.173522789113436,215.86475942782835,Alta espec. / Baixa produt.,1985
6151,0.0,0.0,Não especializado,1985
6152,11.489418759272375,299.93065187239944,Alta espec. / Baixa produt.,1985
6153,4.114143667654928,1000.0,Baixa espec. / Alta produt.,1985
6154,0.2314364557332492,194.02985074626866,Não especializado,1985
6155,10.57508342828235,300.19029495718365,Alta espec. / Baixa produt.,1985
6156,0.03400780042309335,200.0,Não especializado,1985
6157,0.0,0.0,Não especializado,1985
6158,0.0,0.0,Não especializado,1985
6159,0.19384487477734594,125.0,Não especializado,1985
6160,0.3543082185923697,66.66666666666667,Não especializado,1985
6161,0.3104152781143247,300.0,Não especializado,1985
6162,3.892283507715164,100.0,Baixa espec. / Baixa produt.,1985
6163,2.0601013947020257,700.0,Baixa espec. / Baixa produt.,1985
6164,1.6012006032539787,800.0,Baixa espec. / Alta produt.,1985
6165,0.0,0.0,Não especializado,1985
6166,0.025215121171747196,400.0,Não especializado,1985
6167,7.8038206958902565,100.0,Alta espec. / Baixa produt.,1985
6168,0.583444774557946,700.0,Não especializado,1985
6169,0.358307704168395,400.0,Não especializado,1985
6170,0.0,0.0,Não especializado,1985
7001,0.0,0.0,Não especializado,1985
7002,0.6351365444134971,120.0,Não especializado,1985
7003,1.3930121191520108,500.0,Baixa espec. / Baixa produt.,1985
7004,1.9031412884390144,475.0,Baixa espec. / Baixa produt.,1985
7005,0.0,0.0,Não especializado,1985
7006,2.2200574220156386,360.0,Baixa espec. / Baixa produt.,1985
7007,0.0729101279460919,153.84615384615384,Não especializado,1985
7008,0.0,0.0,Não especializado,1985
7009,0.21564370714326964,500.0,Não especializado,1985
7010,0.0,0.0,Não especializado,1985
7011,0.1542491974419888,200.0,Não especializado,1985
7012,0.0,0.0,Não especializado,1985
7013,0.9109052320733745,1000.0,Não especializado,1985
7014,1.5490684905898955,200.0,Baixa espec. / Baixa produt.,1985
7015,0.0,0.0,Não especializado,1985
7016,0.0,0.0,Não especializado,1985
7017,0.0,0.0,Não especializado,1985
7018,0.125023880262417,2200.0,Não especializado,1985
7019,0.018917905451680064,300.0,Não especializado,1985
7020,0.0,0.0,Não especializado,1985
7021,0.8179690351457083,300.0,Não especializado,1985
7022,0.7999059388328634,900.0,Não especializado,1985
7023,3.0106189873611524,355.7142857142857,Baixa espec. / Baixa produt.,1985
7024,0.0,0.0,Não especializado,1985
7025,0.0,0.0,Não especializado,1985
7026,0.0,0.0,Não especializado,1985
7027,0.44892970578173885,250.0,Não especializado,1985
7028,0.0,0.0,Não especializado,1985
7029,0.0,0.0,Não especializado,1985
7030,3.173341304452531,180.0,Baixa espec. / Baixa produt.,1985
7031,0.0,0.0,Não especializado,1985
7032,0.9925322944673668,1200.0,Não especializado,1985
7033,0.19804740860861894,400.0,Não especializado,1985
7034,0.06718663033910953,200.0,Não especializado,1985
7035,0.3302290192705582,200.0,Não especializado,1985
7036,0.2181548420153892,800.0,Não especializado,1985
7037,0.0,0.0,Não especializado,1985
7038,0.0,0.0,Não especializado,1985
7039,0.02958250707418157,250.0,Não especializado,1985
7040,0.0366705105124963,200.0,Não especializado,1985
7041,0.20445041465735267,133.33333333333334,Não especializado,1985
7042,0.718005246929608,121.875,Não especializado,1985
7043,0.351380051496565,2100.0,Não especializado,1985
7044,0.0,0.0,Não especializado,1985
7045,1.1636054073336366,300.0,Baixa espec. / Baixa produt.,1985
7046,0.8040363544236716,80.0,Não especializado,1985
7047,0.0,0.0,Não especializado,1985
7048,0.4668921385189171,800.0,Não especializado,1985
7049,0.0,0.0,Não especializado,1985
7050,0.0,0.0,Não especializado,1985
7051,0.0,0.0,Não especializado,1985
7052,0.44867771043748866,500.0,Não especializado,1985
7053,0.0,0.0,Não especializado,1985
7054,0.0,0.0,Não especializado,1985
7055,0.6927844828870834,188.88888888888889,Não especializado,1985
7056,3.649860005225507,600.0,Baixa espec. / Baixa produt.,1985
7057,2.721718292442941,1500.2215330084182,Baixa espec. / Alta produt.,1985
7058,0.0,0.0,Não especializado,1985
7059,0.4230769814981136,700.0,Não especializado,1985
7060,0.0,0.0,Não especializado,1985
7061,0.0,0.0,Não especializado,1985
7062,0.045696280650833865,200.0,Não especializado,1985
7063,3.4777207672484605,800.0,Baixa espec. / Alta produt.,1985
7064,0.6327733859597737,50.0,Não especializado,1985
7065,0.0,0.0,Não especializado,1985
7066,0.5220215132865635,220.0,Não especializado,1985
7067,0.0,0.0,Não especializado,1985
7068,0.0,0.0,Não especializado,1985
7069,1.9376767516313558,1500.0,Baixa espec. / Alta produt.,1985
7070,0.9280023310499839,300.0,Não especializado,1985
7071,0.5009661608843645,300.0,Não especializado,1985
7072,4.482164529781604,400.0,Alta espec. / Baixa produt.,1985
7073,1.068608744845436,300.0,Baixa espec. / Baixa produt.,1985
7074,0.8277097868327493,150.0,Não especializado,1985
7075,3.1158498225482827,300.0,Baixa espec. / Baixa produt.,1985
7076,1.2738156830986231,121.875,Baixa espec. / Baixa produt.,1985
7077,0.0,0.0,Não especializado,1985
7078,0.2068437177140361,1000.0,Não especializado,1985
7079,0.3338844365682481,2100.0,Não especializado,1985
7080,2.2968946584608796,400.0,Baixa espec. / Baixa produt.,1985
7081,0.0,0.0,Não especializado,1985
7082,0.0,0.0,Não especializado,1985
7083,0.27357888656418455,200.0,Não especializado,1985
7084,0.0,0.0,Não especializado,1985
7085,0.0,0.0,Não especializado,1985
7086,0.0,0.0,Não especializado,1985
7087,0.0,0.0,Não especializado,1985
7088,0.11277874301860827,2000.0,Não especializado,1985
7089,0.0,0.0,Não especializado,1985
7090,0.0,0.0,Não especializado,1985
7091,0.08415659519313394,400.0,Não especializado,1985
7092,0.7895291793208081,300.0,Não especializado,1985
7093,0.0,0.0,Não especializado,1985
7094,0.15151377570133687,200.0,Não especializado,1985
7095,0.0,0.0,Não especializado,1985
7096,1.0728391373819715,1101.010101010101,Baixa espec. / Alta produt.,1985
7097,0.4517357701557476,400.0,Não especializado,1985
7098,0.0,0.0,Não especializado,1985
7099,0.0123637949132929,250.0,Não especializado,1985
7100,0.0,0.0,Não especializado,1985
7101,8.625748285730785,800.0,Alta espec. / Alta produt.,1985
7102,0.0,0.0,Não especializado,1985
7103,0.0,0.0,Não especializado,1985
7104,0.0,0.0,Não especializado,1985
7105,0.3056904318282033,50.0,Não especializado,1985
7106,1.529309963924208,1200.0,Baixa espec. / Alta produt.,1985
7107,1.049113192209458,800.0,Baixa espec. / Alta produt.,1985
7108,0.0,0.0,Não especializado,1985
7109,0.254884993987368,200.0,Não especializado,1985
7110,0.5104210352135288,200.0,Não especializado,1985
7111,0.07011573167933212,200.0,Não especializado,1985
7112,10.431573783287256,1500.0,Alta espec. / Alta produt.,1985
7113,0.0,0.0,Não especializado,1985
7114,0.0,0.0,Não especializado,1985
7115,3.4071583168984914,200.0,Baixa espec. / Baixa produt.,1985
7116,0.1978513220654421,125.0,Não especializado,1985
7117,0.05487089835614233,181.8181818181818,Não especializado,1985
7118,0.0,0.0,Não especializado,1985
7119,0.0,0.0,Não especializado,1985
7120,0.0,0.0,Não especializado,1985
7121,0.0,0.0,Não especializado,1985
7122,0.31321290797193807,300.0,Não especializado,1985
7123,0.0,0.0,Não especializado,1985
7124,0.0,0.0,Não especializado,1985
7125,0.0,0.0,Não especializado,1985
7126,0.0,0.0,Não especializado,1985
7127,4.110033634020907,800.0,Baixa espec. / Alta produt.,1985
7128,0.49915862269632766,300.0,Não especializado,1985
7129,0.08982461879806555,133.33333333333334,Não especializado,1985
7130,0.01830278762466537,900.0,Não especializado,1985
7131,0.0,0.0,Não especializado,1985
7132,0.4473802282524549,50.0,Não especializado,1985
7133,0.40772353606322115,300.0,Não especializado,1985
7134,0.0,0.0,Não especializado,1985
7135,0.21911166149791284,350.0,Não especializado,1985
7136,0.0,0.0,Não especializado,1985
7137,0.21907162647845407,200.0,Não especializado,1985
7138,0.0,0.0,Não especializado,1985
7139,0.0,0.0,Não especializado,1985
7140,4.659244864183598,622.2222222222222,Alta espec. / Baixa produt.,1985
7141,1.3559276355290688,110.0,Baixa espec. / Baixa produt.,1985
7142,0.030771456003402607,200.0,Não especializado,1985
7143,2.9692397516507656,800.0,Baixa espec. / Alta produt.,1985
7144,2.0349270395732844,800.0,Baixa espec. / Alta produt.,1985
7145,4.067782906587206,600.0,Baixa espec. / Baixa produt.,1985
7146,0.0,0.0,Não especializado,1985
7147,0.9636545665621116,1000.0,Não especializado,1985
7148,0.4239296426117137,125.0,Não especializado,1985
7149,3.5399439377519313,120.0,Baixa espec. / Baixa produt.,1985
7150,0.1003161823725384,400.0,Não especializado,1985
7151,0.0,0.0,Não especializado,1985
7152,0.3770374250681066,50.0,Não especializado,1985
7153,0.5190385332106403,350.0,Não especializado,1985
7154,3.825226556012568,1200.0,Baixa espec. / Alta produt.,1985
7155,0.13381190650435634,145.45454545454547,Não especializado,1985
7156,0.0,0.0,Não especializado,1985
7157,0.0,0.0,Não especializado,1985
7158,0.7767084938781553,950.0,Não especializado,1985
7159,1.816222088489857,400.0,Baixa espec. / Baixa produt.,1985
7160,2.7355213591525875,100.0,Baixa espec. / Baixa produt.,1985
7161,2.6777867375021307,150.0,Baixa espec. / Baixa produt.,1985
7162,0.6725446707146706,1000.0,Não especializado,1985
7163,0.3770374250681066,66.66666666666667,Não especializado,1985
7164,0.0,0.0,Não especializado,1985
7165,0.0,0.0,Não especializado,1985
8001,0.7219285956867649,300.0,Não especializado,1985
8002,0.5261449059665522,360.0,Não especializado,1985
8003,9.069004012416803,300.0,Alta espec. / Baixa produt.,1985
8004,0.0,0.0,Não especializado,1985
8005,0.0,0.0,Não especializado,1985
8006,0.0,0.0,Não especializado,1985
8007,6.048651442995805,299.5101469559132,Alta espec. / Baixa produt.,1985
8008,5.0804195411719455,200.0,Alta espec. / Baixa produt.,1985
8009,11.327563337438612,300.0,Alta espec. / Baixa produt.,1985
8010,0.02029828353281945,333.3333333333333,Não especializado,1985
8011,0.0,0.0,Não especializado,1985
8012,1.8095485223734011,200.0,Baixa espec. / Baixa produt.,1985
8013,0.0,0.0,Não especializado,1985
8014,0.0,0.0,Não especializado,1985
8015,0.020372090456325466,300.0,Não especializado,1985
8016,7.263753215154122,410.68917018284105,Alta espec. / Baixa produt.,1985
8017,0.7827693603820233,300.0,Não especializado,1985
8018,0.0,0.0,Não especializado,1985
8019,2.8641179027826023,298.85057471264366,Baixa espec. / Baixa produt.,1985
8020,4.4641108613872085,421.8181818181818,Alta espec. / Baixa produt.,1985
8021,6.4565374890499685,300.0,Alta espec. / Baixa produt.,1985
8022,0.0,0.0,Não especializado,1985
8023,0.0,0.0,Não especializado,1985
8024,0.0063540245247200745,300.0,Não especializado,1985
8025,1.8734047058071548,300.0,Baixa espec. / Baixa produt.,1985
8026,2.954800918102342,239.69072164948454,Baixa espec. / Baixa produt.,1985
8027,8.37071254732837,200.0,Alta espec. / Baixa produt.,1985
8028,4.3491029443709435,300.0,Alta espec. / Baixa produt.,1985
8029,0.0,0.0,Não especializado,1985
8030,0.0,0.0,Não especializado,1985
8031,2.3073135620662693,300.0,Baixa espec. / Baixa produt.,1985
8032,1.4695217302623063,350.4273504273504,Baixa espec. / Baixa produt.,1985
8033,5.738702962062258,200.0,Alta espec. / Baixa produt.,1985
8034,3.093939776057233,350.0,Baixa espec. / Baixa produt.,1985
8035,0.8090276732230628,250.0,Não especializado,1985
8036,5.332445467634465,299.7946611909651,Alta espec. / Baixa produt.,1985
8037,0.0,0.0,Não especializado,1985
8038,0.0,0.0,Não especializado,1985
8039,8.975025006067334,298.6577181208054,Alta espec. / Baixa produt.,1985
8040,0.0,0.0,Não especializado,1985
8041,0.4185268614880755,350.0,Não especializado,1985
8042,6.175211226393588,300.0,Alta espec. / Baixa produt.,1985
8043,3.016299400544853,300.0,Baixa espec. / Baixa produt.,1985
8044,0.0,0.0,Não especializado,1985
8045,5.79621748339892,300.0,Alta espec. / Baixa produt.,1985
8046,0.0,0.0,Não especializado,1985
8047,3.069720064797605,300.0,Baixa espec. / Baixa produt.,1985
8048,0.0,0.0,Não especializado,1985
8049,2.984316536530713,360.0,Baixa espec. / Baixa produt.,1985
8050,3.4552709271371156,416.6666666666667,Baixa espec. / Baixa produt.,1985
8051,0.6159982592049831,250.0,Não especializado,1985
8052,0.0,0.0,Não especializado,1985
8053,0.0,0.0,Não especializado,1985
8054,4.247180346144453,200.0,Alta espec. / Baixa produt.,1985
8055,6.012691608799215,313.95348837209303,Alta espec. / Baixa produt.,1985
8056,0.0,0.0,Não especializado,1985
8057,0.0,0.0,Não especializado,1985
8058,3.220858651130464,299.10714285714283,Baixa espec. / Baixa produt.,1985
8059,4.152695145927527,314.20373027259683,Baixa espec. / Baixa produt.,1985
8060,5.449260401950646,196.35890767230168,Alta espec. / Baixa produt.,1985
8061,2.940806986565505,299.31972789115645,Baixa espec. / Baixa produt.,1985
8062,3.5925164343379867,299.8266897746967,Baixa espec. / Baixa produt.,1985
8063,3.174567611387768,312.3425692695214,Baixa espec. / Baixa produt.,1985
8064,2.5289001513628464,314.0877598152425,Baixa espec. / Baixa produt.,1985
8065,0.0,0.0,Não especializado,1985
8066,0.0,0.0,Não especializado,1985
8067,0.0,0.0,Não especializado,1985
8068,0.0,0.0,Não especializado,1985
8069,0.0,0.0,Não especializado,1985
8070,0.0,0.0,Não especializado,1985
8071,1.18791907549644,313.2183908045977,Baixa espec. / Baixa produt.,1985
8072,2.7797672279825223,300.2450980392157,Baixa espec. / Baixa produt.,1985
8073,0.0,0.0,Não especializado,1985
8074,0.0,0.0,Não especializado,1985
8075,1.8807513909279672,222.22222222222223,Baixa espec. / Baixa produt.,1985
8076,2.644806643492454,200.0,Baixa espec. / Baixa produt.,1985
8077,0.0,0.0,Não especializado,1985
8078,0.0,0.0,Não especializado,1985
8079,0.0,0.0,Não especializado,1985
8080,3.310655994527103,316.7808219178082,Baixa espec. / Baixa produt.,1985
8081,2.803553872515626,349.82738780207137,Baixa espec. / Baixa produt.,1985
8082,4.995745882152413,223.93822393822393,Alta espec. / Baixa produt.,1985
8083,0.6858697399044528,350.40983606557376,Não especializado,1985
8084,3.0494969850277633,314.1426783479349,Baixa espec. / Baixa produt.,1985
8085,0.0,0.0,Não especializado,1985
8086,0.0,0.0,Não especializado,1985
8087,1.9724768378921946,350.90909090909093,Baixa espec. / Baixa produt.,1985
8088,0.0,0.0,Não especializado,1985
8089,1.1651885439422538,366.6666666666667,Baixa espec. / Baixa produt.,1985
8090,5.657530856929811,300.3690036900369,Alta espec. / Baixa produt.,1985
8091,5.533169070876816,336.90360272638753,Alta espec. / Baixa produt.,1985
8092,1.344991263255608,350.0,Baixa espec. / Baixa produt.,1985
8093,1.028636763655267,426.6666666666667,Baixa espec. / Baixa produt.,1985
9001,2.2759662333268396,460.0,Baixa espec. / Baixa produt.,1985
9002,1.4243038865723203,450.0,Baixa espec. / Baixa produt.,1985
9003,0.0,0.0,Não especializado,1985
9004,0.6914527172529292,450.0,Não especializado,1985
9005,0.11044390306895534,400.0,Não especializado,1985
9006,0.0,0.0,Não especializado,1985
9007,0.0,0.0,Não especializado,1985
9008,0.0,0.0,Não especializado,1985
9009,0.5293505570492623,450.0,Não especializado,1985
9010,5.931868950978747,450.0,Alta espec. / Baixa produt.,1985
9011,3.074305158247639,400.0,Baixa espec. / Baixa produt.,1985
9012,0.40166801062531965,200.0,Não especializado,1985
9013,5.902665903835467,610.0,Alta espec. / Baixa produt.,1985
9014,1.7861884718310304,387.5,Baixa espec. / Baixa produt.,1985
9015,0.6148610316495278,450.0,Não especializado,1985
9016,0.0,0.0,Não especializado,1985
9017,0.5820286464643588,200.0,Não especializado,1985
9018,0.9700477441072647,433.3333333333333,Não especializado,1985
9019,0.4435187466275878,444.44444444444446,Não especializado,1985
9020,1.6334863919844402,253.33333333333334,Baixa espec. / Baixa produt.,1985
9021,5.877348096649897,540.0,Alta espec. / Baixa produt.,1985
9022,2.0869956687842977,250.0,Baixa espec. / Baixa produt.,1985
9023,1.086342452199094,394.7368421052632,Baixa espec. / Baixa produt.,1985
9024,2.6362775103706664,200.0,Baixa espec. / Baixa produt.,1985
9025,0.0,0.0,Não especializado,1985
9026,0.0,0.0,Não especializado,1985
9027,0.6300798842380467,450.0,Não especializado,1985
9028,0.06890683975382639,400.0,Não especializado,1985
9029,3.8927889990798024,250.0,Baixa espec. / Baixa produt.,1985
9030,0.0,0.0,Não especializado,1985
9031,0.25951926660532015,900.0,Não especializado,1985
9032,0.16750195749044133,700.0,Não especializado,1985
9033,0.009824475677782524,200.0,Não especializado,1985
9034,0.04920815285755679,636.3636363636364,Não especializado,1985
9035,2.150634998594761,550.0,Baixa espec. / Baixa produt.,1985
9036,3.7005525052980834,450.0,Baixa espec. / Baixa produt.,1985
9037,0.534304372422718,400.0,Não especializado,1985
9038,0.4211376929106354,375.0,Não especializado,1985
9039,0.15138623885310343,450.0,Não especializado,1985
9040,2.2939649458863123,250.0,Baixa espec. / Baixa produt.,1985
9041,1.1435183707358885,450.0,Baixa espec. / Baixa produt.,1985
9042,0.0,0.0,Não especializado,1985
9043,6.360239020949037,450.0,Alta espec. / Baixa produt.,1985
9044,2.3737885401156174,250.0,Baixa espec. / Baixa produt.,1985
9045,0.9021662992600294,200.0,Não especializado,1985
9046,7.023895792129931,250.0,Alta espec. / Baixa produt.,1985
9047,0.662012951254553,703.7037037037037,Não especializado,1985
9048,0.0,0.0,Não especializado,1985
9049,5.2374755216114,401.53846153846155,Alta espec. / Baixa produt.,1985
9050,0.0,0.0,Não especializado,1985
9051,5.220518193250707,675.0,Alta espec. / Baixa produt.,1985
9052,0.0,0.0,Não especializado,1985
9053,3.2355867112386094,400.0,Baixa espec. / Baixa produt.,1985
9054,1.9541718908104075,280.0,Baixa espec. / Baixa produt.,1985
9055,3.004056453489124,330.0,Baixa espec. / Baixa produt.,1985
9056,1.4722237373730098,1350.0,Baixa espec. / Alta produt.,1985
9057,0.10873955038590434,230.76923076923077,Não especializado,1985
9058,0.5729066378615153,640.0,Não especializado,1985
9059,5.774236726533233,315.0,Alta espec. / Baixa produt.,1985
9060,2.518863469992813,333.3333333333333,Baixa espec. / Baixa produt.,1985
9061,0.0,0.0,Não especializado,1985
9062,0.34132425281786677,454.54545454545456,Não especializado,1985
9063,0.20484862663874578,450.0,Não especializado,1985
9064,0.5309132155202565,333.3333333333333,Não especializado,1985
9065,0.0,0.0,Não especializado,1985
9066,0.5990102976201934,500.0,Não especializado,1985
9067,0.2682279668269752,833.3333333333334,Não especializado,1985
9068,2.4488950402707905,248.0,Baixa espec. / Baixa produt.,1985
9069,1.597360793653849,270.0,Baixa espec. / Baixa produt.,1985
9070,0.6446123718906339,142.85714285714286,Não especializado,1985
9071,0.2018483184708046,500.0,Não especializado,1985
9072,0.2530772989945498,280.0,Não especializado,1985
9073,0.0,0.0,Não especializado,1985
9074,0.0,0.0,Não especializado,1985
10001,0.0,0.0,Não especializado,1996
10002,0.0,0.0,Não especializado,1996
10003,0.0,0.0,Não especializado,1996
10004,0.0,0.0,Não especializado,1996
10005,0.0,0.0,Não especializado,1996
10006,0.0,0.0,Não especializado,1996
10007,0.0,0.0,Não especializado,1996
10008,0.0,0.0,Não especializado,1996
10009,0.0,0.0,Não especializado,1996
1001,0.43455697544955685,1105.2202283849917,Não especializado,1996
10010,0.0,0.0,Não especializado,1996
10011,0.0,0.0,Não especializado,1996
10012,0.0,0.0,Não especializado,1996
10013,0.5775369999652962,198.4126984126984,Não especializado,1996
10014,21.960350455196657,449.2307692307692,Alta espec. / Baixa produt.,1996
10015,0.0,0.0,Não especializado,1996
10016,0.0,0.0,Não especializado,1996
10017,0.3941190051913138,1150.0,Não especializado,1996
10018,0.0,0.0,Não especializado,1996
10019,0.0,0.0,Não especializado,1996
1002,0.0,0.0,Não especializado,1996
10020,0.0,0.0,Não especializado,1996
10021,0.0,0.0,Não especializado,1996
10022,0.0,0.0,Não especializado,1996
10023,0.0,0.0,Não especializado,1996
10024,33.25986481480944,350.0,Alta espec. / Baixa produt.,1996
10025,0.0,0.0,Não especializado,1996
10026,0.0,0.0,Não especializado,1996
10027,0.0,0.0,Não especializado,1996
10028,0.0,0.0,Não especializado,1996
10029,0.0,0.0,Não especializado,1996
1003,0.0,0.0,Não especializado,1996
10030,0.0,0.0,Não especializado,1996
10031,0.0,0.0,Não especializado,1996
10032,0.0,0.0,Não especializado,1996
10033,9.900539680409363,207.39219712525667,Alta espec. / Baixa produt.,1996
10034,11.284683254523578,350.0,Alta espec. / Baixa produt.,1996
10035,0.0,0.0,Não especializado,1996
10036,0.13340311981874362,300.0,Não especializado,1996
10037,0.0,0.0,Não especializado,1996
10038,0.27716856032877046,2500.0,Não especializado,1996
10039,0.0,0.0,Não especializado,1996
1004,0.0,0.0,Não especializado,1996
10040,0.0,0.0,Não especializado,1996
10041,0.0,0.0,Não especializado,1996
10042,0.0,0.0,Não especializado,1996
10043,0.0,0.0,Não especializado,1996
10044,0.0,0.0,Não especializado,1996
10045,12.339645249106583,610.738255033557,Alta espec. / Baixa produt.,1996
10046,0.9812210377029481,600.0,Não especializado,1996
10047,3.3982770029436913,300.0,Baixa espec. / Baixa produt.,1996
10048,0.41961030572151026,450.0,Não especializado,1996
10049,0.0,0.0,Não especializado,1996
1005,0.08932929107730275,1000.0,Não especializado,1996
10050,4.325277110520386,223.56495468277944,Baixa espec. / Baixa produt.,1996
10051,0.3856675611915001,200.0,Não especializado,1996
10052,4.53514541795671,480.88235294117646,Alta espec. / Baixa produt.,1996
10053,0.0,0.0,Não especializado,1996
10054,0.0,0.0,Não especializado,1996
10055,0.8586985434062206,333.3333333333333,Não especializado,1996
10056,36.06414952570792,350.0,Alta espec. / Baixa produt.,1996
10057,0.0,0.0,Não especializado,1996
10058,0.0,0.0,Não especializado,1996
10059,0.0,0.0,Não especializado,1996
1006,0.0,0.0,Não especializado,1996
10060,0.0,0.0,Não especializado,1996
10061,10.596705429268253,305.0,Alta espec. / Baixa produt.,1996
10062,0.0,0.0,Não especializado,1996
10063,11.611257522606156,277.4193548387097,Alta espec. / Baixa produt.,1996
10064,0.0,0.0,Não especializado,1996
10065,0.0,0.0,Não especializado,1996
10066,0.0,0.0,Não especializado,1996
10067,0.0,0.0,Não especializado,1996
10068,0.0,0.0,Não especializado,1996
10069,0.0,0.0,Não especializado,1996
1007,0.0,0.0,Não especializado,1996
10070,0.0,0.0,Não especializado,1996
10071,3.3465212006119405,203.09278350515464,Baixa espec. / Baixa produt.,1996
10072,0.0,0.0,Não especializado,1996
10073,0.0,0.0,Não especializado,1996
10074,0.0,0.0,Não especializado,1996
10075,0.0,0.0,Não especializado,1996
10076,19.25432300936629,350.0,Alta espec. / Baixa produt.,1996
10077,0.0,0.0,Não especializado,1996
10078,0.0,0.0,Não especializado,1996
10079,0.0,0.0,Não especializado,1996
1008,0.0,0.0,Não especializado,1996
10080,0.0,0.0,Não especializado,1996
10081,4.709678578227232,139.50617283950618,Alta espec. / Baixa produt.,1996
10082,6.53754111692739,450.61728395061726,Alta espec. / Baixa produt.,1996
10083,0.0,0.0,Não especializado,1996
10084,0.0,0.0,Não especializado,1996
10085,16.024985002032928,300.0,Alta espec. / Baixa produt.,1996
10086,0.420536958773896,500.0,Não especializado,1996
10087,0.0,0.0,Não especializado,1996
10088,0.0,0.0,Não especializado,1996
10089,0.0,0.0,Não especializado,1996
1009,0.0,0.0,Não especializado,1996
10090,16.955098683527158,450.0,Alta espec. / Baixa produt.,1996
10091,0.0,0.0,Não especializado,1996
10092,0.0,0.0,Não especializado,1996
10093,0.0,0.0,Não especializado,1996
10094,0.0,0.0,Não especializado,1996
10095,0.0,0.0,Não especializado,1996
10096,0.0,0.0,Não especializado,1996
10097,0.0,0.0,Não especializado,1996
10098,0.0,0.0,Não especializado,1996
10099,0.0,0.0,Não especializado,1996
1010,0.0982784914584533,1400.0,Não especializado,1996
10100,0.0,0.0,Não especializado,1996
10101,0.5137032246183004,437.5,Não especializado,1996
10102,9.414511808122954,648.2758620689655,Alta espec. / Baixa produt.,1996
10103,0.0,0.0,Não especializado,1996
10104,0.0,0.0,Não especializado,1996
10105,0.0,0.0,Não especializado,1996
10106,0.0,0.0,Não especializado,1996
10107,0.2917926457831765,795.0,Não especializado,1996
10108,0.0,0.0,Não especializado,1996
10109,0.0,0.0,Não especializado,1996
1011,0.0,0.0,Não especializado,1996
10110,0.0,0.0,Não especializado,1996
10111,5.446321515211056,1126.6666666666667,Alta espec. / Baixa produt.,1996
10112,0.0,0.0,Não especializado,1996
10113,0.2436253393017348,400.0,Não especializado,1996
10114,0.0,0.0,Não especializado,1996
10115,13.775717058048729,450.0,Alta espec. / Baixa produt.,1996
10116,0.0,0.0,Não especializado,1996
10117,0.0,0.0,Não especializado,1996
10118,0.0,0.0,Não especializado,1996
10119,0.0,0.0,Não especializado,1996
1012,0.0,0.0,Não especializado,1996
10120,0.0,0.0,Não especializado,1996
10121,0.0,0.0,Não especializado,1996
10122,0.0,0.0,Não especializado,1996
10123,0.0,0.0,Não especializado,1996
10124,0.0,0.0,Não especializado,1996
10125,0.0,0.0,Não especializado,1996
10126,0.0,0.0,Não especializado,1996
10127,0.0,0.0,Não especializado,1996
10128,0.0,0.0,Não especializado,1996
10129,0.0,0.0,Não especializado,1996
1013,0.07268283584736085,666.6666666666666,Não especializado,1996
10130,0.0,0.0,Não especializado,1996
10131,0.0,0.0,Não especializado,1996
10132,12.531256626085844,300.0,Alta espec. / Baixa produt.,1996
10133,0.0,0.0,Não especializado,1996
10134,0.0,0.0,Não especializado,1996
10135,0.0,0.0,Não especializado,1996
10136,9.824270176746333,300.0,Alta espec. / Baixa produt.,1996
10137,0.0,0.0,Não especializado,1996
10138,0.0,0.0,Não especializado,1996
10139,0.0,0.0,Não especializado,1996
1014,0.0,0.0,Não especializado,1996
10140,5.345243888517026,300.0,Alta espec. / Baixa produt.,1996
10141,0.9699755831135437,187.5,Não especializado,1996
10142,0.0,0.0,Não especializado,1996
10143,0.0,0.0,Não especializado,1996
10144,0.0,0.0,Não especializado,1996
10145,0.0,0.0,Não especializado,1996
10146,0.0,0.0,Não especializado,1996
10147,0.9566470179200508,300.0,Não especializado,1996
10148,16.418254667930988,168.62745098039215,Alta espec. / Baixa produt.,1996
10149,0.0,0.0,Não especializado,1996
1015,0.0,0.0,Não especializado,1996
10150,25.41046710079632,340.0,Alta espec. / Baixa produt.,1996
10151,0.0,0.0,Não especializado,1996
10152,0.0,0.0,Não especializado,1996
10153,0.0,0.0,Não especializado,1996
10154,0.0,0.0,Não especializado,1996
10155,0.0,0.0,Não especializado,1996
10156,0.0,0.0,Não especializado,1996
10157,1.7128537082759003,333.3333333333333,Baixa espec. / Baixa produt.,1996
10158,0.0,0.0,Não especializado,1996
10159,0.0,0.0,Não especializado,1996
1016,0.0,0.0,Não especializado,1996
10160,0.0,0.0,Não especializado,1996
10161,0.0,0.0,Não especializado,1996
10162,0.0,0.0,Não especializado,1996
10163,0.0,0.0,Não especializado,1996
10164,0.0,0.0,Não especializado,1996
10165,0.0,0.0,Não especializado,1996
10166,0.0,0.0,Não especializado,1996
10167,0.0,0.0,Não especializado,1996
10168,0.0,0.0,Não especializado,1996
10169,0.0,0.0,Não especializado,1996
1017,0.0,0.0,Não especializado,1996
10170,8.16356603280937,553.8461538461538,Alta espec. / Baixa produt.,1996
10171,0.0,0.0,Não especializado,1996
10172,0.0,0.0,Não especializado,1996
10173,0.0,0.0,Não especializado,1996
10174,0.0,0.0,Não especializado,1996
10175,0.0,0.0,Não especializado,1996
10176,0.0,0.0,Não especializado,1996
10177,0.0,0.0,Não especializado,1996
10178,0.0,0.0,Não especializado,1996
10179,0.0,0.0,Não especializado,1996
1018,0.0,0.0,Não especializado,1996
10180,0.0,0.0,Não especializado,1996
10181,0.0,0.0,Não especializado,1996
10182,0.0,0.0,Não especializado,1996
10183,0.0,0.0,Não especializado,1996
10184,0.0,0.0,Não especializado,1996
10185,0.0,0.0,Não especializado,1996
10186,0.0,0.0,Não especializado,1996
10187,0.0,0.0,Não especializado,1996
10188,0.0,0.0,Não especializado,1996
10189,0.0,0.0,Não especializado,1996
1019,0.0,0.0,Não especializado,1996
10190,32.013399978958525,350.0,Alta espec. / Baixa produt.,1996
10191,0.0,0.0,Não especializado,1996
10192,30.009342138902834,461.3015873015873,Alta espec. / Baixa produt.,1996
10193,11.858217980371618,250.0,Alta espec. / Baixa produt.,1996
10194,0.0,0.0,Não especializado,1996
10195,0.0,0.0,Não especializado,1996
10196,0.0,0.0,Não especializado,1996
10197,6.430772959754903,598.9010989010989,Alta espec. / Baixa produt.,1996
10198,0.0,0.0,Não especializado,1996
10199,0.0,0.0,Não especializado,1996
1020,0.0,0.0,Não especializado,1996
10200,0.0,0.0,Não especializado,1996
10201,0.06118722137751289,560.0,Não especializado,1996
10202,35.96992787379391,300.0,Alta espec. / Baixa produt.,1996
10203,9.080471028805116,174.41860465116278,Alta espec. / Baixa produt.,1996
10204,0.0,0.0,Não especializado,1996
10205,0.0,0.0,Não especializado,1996
10206,0.0,0.0,Não especializado,1996
10207,0.0,0.0,Não especializado,1996
10208,0.0,0.0,Não especializado,1996
10209,0.0,0.0,Não especializado,1996
1021,0.18258846636443607,1166.6666666666667,Não especializado,1996
10210,0.0,0.0,Não especializado,1996
10211,0.0,0.0,Não especializado,1996
10212,12.063698560243905,280.0,Alta espec. / Baixa produt.,1996
10213,5.77572436867342,450.0,Alta espec. / Baixa produt.,1996
10214,0.0,0.0,Não especializado,1996
10215,0.0,0.0,Não especializado,1996
10216,0.9623714879927598,258.06451612903226,Não especializado,1996
10217,0.0,0.0,Não especializado,1996
10218,0.0,0.0,Não especializado,1996
10219,0.9038129085039587,454.54545454545456,Não especializado,1996
1022,0.0,0.0,Não especializado,1996
10220,0.0,0.0,Não especializado,1996
10221,0.0,0.0,Não especializado,1996
10222,33.11244638910452,350.0,Alta espec. / Baixa produt.,1996
10223,10.274326514549402,542.8571428571429,Alta espec. / Baixa produt.,1996
10224,0.0,0.0,Não especializado,1996
10225,0.0,0.0,Não especializado,1996
10226,0.0,0.0,Não especializado,1996
10227,1.2510243215463266,600.0,Baixa espec. / Baixa produt.,1996
10228,0.0,0.0,Não especializado,1996
10229,0.0,0.0,Não especializado,1996
1023,0.026077763079115933,1000.0,Não especializado,1996
10230,7.5355994149009575,300.0,Alta espec. / Baixa produt.,1996
10231,0.0,0.0,Não especializado,1996
10232,0.0,0.0,Não especializado,1996
10233,0.0,0.0,Não especializado,1996
10234,17.27537333331354,60.0,Alta espec. / Baixa produt.,1996
10235,0.0,0.0,Não especializado,1996
10236,11.29288433247018,155.55555555555554,Alta espec. / Baixa produt.,1996
10237,9.890436282995706,340.65934065934067,Alta espec. / Baixa produt.,1996
10238,0.0,0.0,Não especializado,1996
10239,0.0,0.0,Não especializado,1996
1024,0.0,0.0,Não especializado,1996
10240,0.0,0.0,Não especializado,1996
10241,0.0,0.0,Não especializado,1996
10242,0.0,0.0,Não especializado,1996
10243,0.0,0.0,Não especializado,1996
10244,0.0,0.0,Não especializado,1996
10245,0.0,0.0,Não especializado,1996
10246,0.0,0.0,Não especializado,1996
10247,0.0,0.0,Não especializado,1996
10248,0.0,0.0,Não especializado,1996
10249,0.0,0.0,Não especializado,1996
1025,0.0,0.0,Não especializado,1996
10250,0.0,0.0,Não especializado,1996
10251,2.1410671353448754,200.0,Baixa espec. / Baixa produt.,1996
10252,0.0,0.0,Não especializado,1996
10253,20.931090804983974,370.0,Alta espec. / Baixa produt.,1996
10254,0.0,0.0,Não especializado,1996
10255,3.197326922115014,483.3333333333333,Baixa espec. / Baixa produt.,1996
10256,0.1054115303520384,300.0,Não especializado,1996
10257,0.0,0.0,Não especializado,1996
10258,0.14774066760868254,600.0,Não especializado,1996
10259,0.0,0.0,Não especializado,1996
1026,0.0,0.0,Não especializado,1996
10260,0.0,0.0,Não especializado,1996
10261,0.0,0.0,Não especializado,1996
10262,0.0,0.0,Não especializado,1996
10263,25.95905231454409,380.0,Alta espec. / Baixa produt.,1996
10264,0.0,0.0,Não especializado,1996
10265,0.0,0.0,Não especializado,1996
10266,0.0,0.0,Não especializado,1996
10267,0.0,0.0,Não especializado,1996
10268,0.0,0.0,Não especializado,1996
10269,0.0,0.0,Não especializado,1996
1027,0.0,0.0,Não especializado,1996
10270,0.0,0.0,Não especializado,1996
10271,0.0,0.0,Não especializado,1996
10272,0.0,0.0,Não especializado,1996
10273,0.0,0.0,Não especializado,1996
10274,0.0,0.0,Não especializado,1996
10275,0.0,0.0,Não especializado,1996
10276,0.0,0.0,Não especializado,1996
10277,4.822977467322206,179.85611510791367,Alta espec. / Baixa produt.,1996
10278,10.889502431758848,259.5238095238095,Alta espec. / Baixa produt.,1996
10279,3.2865923945598494,477.77777777777777,Baixa espec. / Baixa produt.,1996
1028,0.0,0.0,Não especializado,1996
10280,0.0,0.0,Não especializado,1996
10281,0.0,0.0,Não especializado,1996
10282,0.0,0.0,Não especializado,1996
10283,0.0,0.0,Não especializado,1996
10284,0.0,0.0,Não especializado,1996
10285,0.0,0.0,Não especializado,1996
10286,0.0,0.0,Não especializado,1996
10287,0.0,0.0,Não especializado,1996
10288,0.0,0.0,Não especializado,1996
10289,0.0,0.0,Não especializado,1996
1029,0.0,0.0,Não especializado,1996
10290,0.0,0.0,Não especializado,1996
10291,0.0,0.0,Não especializado,1996
10292,0.0,0.0,Não especializado,1996
10293,0.0,0.0,Não especializado,1996
10294,0.0,0.0,Não especializado,1996
10295,0.5800748959293518,2405.590062111801,Não especializado,1996
10296,0.0,0.0,Não especializado,1996
10297,0.0,0.0,Não especializado,1996
10298,0.0,0.0,Não especializado,1996
10299,0.0,0.0,Não especializado,1996
1030,0.0,0.0,Não especializado,1996
10300,0.0,0.0,Não especializado,1996
10301,0.0,0.0,Não especializado,1996
10302,0.0,0.0,Não especializado,1996
10303,0.0,0.0,Não especializado,1996
10304,0.0,0.0,Não especializado,1996
10305,0.0,0.0,Não especializado,1996
10306,0.0,0.0,Não especializado,1996
10307,22.19776570844614,350.0,Alta espec. / Baixa produt.,1996
10308,11.163081064280869,500.0,Alta espec. / Baixa produt.,1996
10309,0.0,0.0,Não especializado,1996
1031,0.0,0.0,Não especializado,1996
10310,0.0,0.0,Não especializado,1996
10311,0.0,0.0,Não especializado,1996
10312,0.0,0.0,Não especializado,1996
10313,0.0,0.0,Não especializado,1996
10314,0.0,0.0,Não especializado,1996
10315,40.720673064672354,350.0,Alta espec. / Baixa produt.,1996
10316,0.0,0.0,Não especializado,1996
10317,0.0,0.0,Não especializado,1996
10318,0.0,0.0,Não especializado,1996
10319,0.0,0.0,Não especializado,1996
1032,0.0,0.0,Não especializado,1996
10320,0.0,0.0,Não especializado,1996
10321,0.0,0.0,Não especializado,1996
10322,0.0,0.0,Não especializado,1996
10323,0.0,0.0,Não especializado,1996
10324,0.0,0.0,Não especializado,1996
10325,0.0,0.0,Não especializado,1996
10326,0.0,0.0,Não especializado,1996
10327,0.0,0.0,Não especializado,1996
10328,0.0,0.0,Não especializado,1996
10329,12.346464969133805,319.7278911564626,Alta espec. / Baixa produt.,1996
1033,0.0,0.0,Não especializado,1996
10330,0.0,0.0,Não especializado,1996
10331,0.0,0.0,Não especializado,1996
10332,0.0,0.0,Não especializado,1996
10333,0.0,0.0,Não especializado,1996
10334,0.341403550031142,461.53846153846155,Não especializado,1996
10335,0.0,0.0,Não especializado,1996
10336,0.0,0.0,Não especializado,1996
1034,0.0,0.0,Não especializado,1996
1035,0.0,0.0,Não especializado,1996
1036,0.22717849183448782,1000.0,Não especializado,1996
1037,0.0,0.0,Não especializado,1996
1038,0.0,0.0,Não especializado,1996
1039,0.0,0.0,Não especializado,1996
1040,0.0,0.0,Não especializado,1996
1041,0.0,0.0,Não especializado,1996
1042,0.0,0.0,Não especializado,1996
1043,0.0,0.0,Não especializado,1996
1044,0.0,0.0,Não especializado,1996
1045,0.0,0.0,Não especializado,1996
1046,0.0,0.0,Não especializado,1996
1047,0.0,0.0,Não especializado,1996
1048,0.9517756367061764,1400.0,Não especializado,1996
1049,3.023189666132288,1256.4102564102564,Baixa espec. / Alta produt.,1996
1050,32.979762720471186,750.0,Alta espec. / Baixa produt.,1996
1051,2.2203659181354265,1500.0,Baixa espec. / Alta produt.,1996
1052,5.675262451471853,1015.3387302939923,Alta espec. / Baixa produt.,1996
1053,0.7202628729233862,1110.0,Não especializado,1996
1054,0.0,0.0,Não especializado,1996
1055,17.432921425102055,1200.0,Alta espec. / Alta produt.,1996
1056,4.836916509733967,1819.5835678109172,Alta espec. / Alta produt.,1996
1057,0.0,0.0,Não especializado,1996
1058,8.617795219763122,621.7391304347826,Alta espec. / Baixa produt.,1996
1059,11.04173254641812,1204.8387096774193,Alta espec. / Alta produt.,1996
1060,0.0,0.0,Não especializado,1996
1061,2.233496408485133,1200.0,Baixa espec. / Alta produt.,1996
1062,0.6452905255624006,2000.0,Não especializado,1996
1063,2.6905290807271385,619.0909090909091,Baixa espec. / Baixa produt.,1996
1064,1.348697464114516,1703.7037037037037,Baixa espec. / Alta produt.,1996
1065,0.032034649190958005,2700.0,Não especializado,1996
1066,0.0,0.0,Não especializado,1996
1067,4.515053708007604,1600.0,Alta espec. / Alta produt.,1996
1068,0.3626891282258902,2700.2341920374706,Não especializado,1996
1069,0.0,0.0,Não especializado,1996
1070,20.19595950345126,600.0,Alta espec. / Baixa produt.,1996
1071,3.721027021426956,556.6666666666666,Baixa espec. / Baixa produt.,1996
1072,0.30100861833498394,1800.0,Não especializado,1996
1073,7.694290099981311,1095.890410958904,Alta espec. / Baixa produt.,1996
1074,9.815494652054753,987.9213483146067,Alta espec. / Baixa produt.,1996
1075,2.0698807600009284,1200.0,Baixa espec. / Alta produt.,1996
1076,0.0,0.0,Não especializado,1996
1077,0.19946355567723054,2288.6178861788617,Não especializado,1996
1078,9.497862034741514,1000.0,Alta espec. / Baixa produt.,1996
1079,0.0,0.0,Não especializado,1996
1080,1.122306641928047,1200.0,Baixa espec. / Alta produt.,1996
1081,2.6603336486010902,1300.0,Baixa espec. / Alta produt.,1996
1082,0.0,0.0,Não especializado,1996
1083,1.1219682427700612,2250.0,Baixa espec. / Alta produt.,1996
1084,7.985824432980048,1550.0,Alta espec. / Alta produt.,1996
1085,15.9551183274591,1300.0,Alta espec. / Alta produt.,1996
1086,1.0398874029467429,2112.538226299694,Baixa espec. / Alta produt.,1996
1087,0.0,0.0,Não especializado,1996
1088,0.0,0.0,Não especializado,1996
1089,0.0,0.0,Não especializado,1996
1090,0.0,0.0,Não especializado,1996
1091,0.0,0.0,Não especializado,1996
1092,0.0,0.0,Não especializado,1996
1093,0.0,0.0,Não especializado,1996
1094,0.0,0.0,Não especializado,1996
1095,0.8255032406776447,1200.0,Não especializado,1996
1096,0.0,0.0,Não especializado,1996
1097,0.2743482417932499,2650.6456241032997,Não especializado,1996
1098,0.388252430714705,1326.7094758764317,Não especializado,1996
1099,0.0,0.0,Não especializado,1996
1100,0.0,0.0,Não especializado,1996
11001,0.0,0.0,Não especializado,1996
11002,0.0,0.0,Não especializado,1996
11003,0.0,0.0,Não especializado,1996
11004,0.0,0.0,Não especializado,1996
11005,0.0,0.0,Não especializado,1996
11006,0.0,0.0,Não especializado,1996
11007,0.0,0.0,Não especializado,1996
11008,0.0,0.0,Não especializado,1996
11009,0.0,0.0,Não especializado,1996
1101,0.0,0.0,Não especializado,1996
11010,0.0,0.0,Não especializado,1996
11011,0.0,0.0,Não especializado,1996
11012,0.0,0.0,Não especializado,1996
11013,0.0,0.0,Não especializado,1996
11014,0.0,0.0,Não especializado,1996
11015,0.0,0.0,Não especializado,1996
11016,0.0,0.0,Não especializado,1996
11017,0.0,0.0,Não especializado,1996
11018,0.0,0.0,Não especializado,1996
11019,0.0,0.0,Não especializado,1996
1102,0.0,0.0,Não especializado,1996
11020,0.0,0.0,Não especializado,1996
11021,0.0,0.0,Não especializado,1996
11022,0.0,0.0,Não especializado,1996
11023,0.0,0.0,Não especializado,1996
11024,0.0,0.0,Não especializado,1996
11025,0.0,0.0,Não especializado,1996
11026,0.0,0.0,Não especializado,1996
11027,0.0,0.0,Não especializado,1996
11028,0.0,0.0,Não especializado,1996
11029,0.0,0.0,Não especializado,1996
1103,14.833628636851424,829.6670030272452,Alta espec. / Baixa produt.,1996
11030,0.0,0.0,Não especializado,1996
11031,0.009530982478482754,1000.0,Não especializado,1996
11032,0.0,0.0,Não especializado,1996
11033,0.0,0.0,Não especializado,1996
11034,0.0,0.0,Não especializado,1996
11035,0.0,0.0,Não especializado,1996
11036,0.0,0.0,Não especializado,1996
11037,0.06404141461209598,250.0,Não especializado,1996
11038,0.0,0.0,Não especializado,1996
11039,0.0,0.0,Não especializado,1996
1104,0.09715766832657417,1333.3333333333333,Não especializado,1996
11040,0.0,0.0,Não especializado,1996
11041,1.5677903452809039,1407.4074074074074,Baixa espec. / Alta produt.,1996
11042,0.0,0.0,Não especializado,1996
11043,0.0,0.0,Não especializado,1996
11044,0.0,0.0,Não especializado,1996
11045,0.0,0.0,Não especializado,1996
11046,0.0,0.0,Não especializado,1996
11047,0.0,0.0,Não especializado,1996
11048,0.0,0.0,Não especializado,1996
11049,0.0,0.0,Não especializado,1996
1105,0.3348419835871323,1078.4615384615386,Não especializado,1996
11050,0.0,0.0,Não especializado,1996
11051,0.0,0.0,Não especializado,1996
11052,0.0,0.0,Não especializado,1996
11053,0.0,0.0,Não especializado,1996
11054,0.0,0.0,Não especializado,1996
11055,0.0,0.0,Não especializado,1996
11056,0.0,0.0,Não especializado,1996
11057,0.0,0.0,Não especializado,1996
11058,0.0,0.0,Não especializado,1996
11059,0.0,0.0,Não especializado,1996
1106,0.5432190938117994,2367.258883248731,Não especializado,1996
11060,0.0,0.0,Não especializado,1996
11061,0.0,0.0,Não especializado,1996
11062,0.0,0.0,Não especializado,1996
11063,0.0,0.0,Não especializado,1996
11064,0.0,0.0,Não especializado,1996
11065,0.0,0.0,Não especializado,1996
11066,0.0,0.0,Não especializado,1996
11067,0.0,0.0,Não especializado,1996
11068,0.0,0.0,Não especializado,1996
11069,0.1985257670875788,444.44444444444446,Não especializado,1996
1107,1.003661507844188,944.2455242966752,Baixa espec. / Baixa produt.,1996
11070,0.0,0.0,Não especializado,1996
11071,0.0,0.0,Não especializado,1996
11072,0.0,0.0,Não especializado,1996
11073,0.0,0.0,Não especializado,1996
11074,0.0,0.0,Não especializado,1996
11075,0.0,0.0,Não especializado,1996
11076,0.0,0.0,Não especializado,1996
11077,0.0,0.0,Não especializado,1996
11078,0.8131247352978805,1120.0,Não especializado,1996
11079,0.0,0.0,Não especializado,1996
1108,0.0,0.0,Não especializado,1996
11080,0.0,0.0,Não especializado,1996
11081,0.0,0.0,Não especializado,1996
11082,0.0,0.0,Não especializado,1996
11083,0.0,0.0,Não especializado,1996
11084,0.0,0.0,Não especializado,1996
11085,0.0,0.0,Não especializado,1996
11086,0.0,0.0,Não especializado,1996
11087,0.0,0.0,Não especializado,1996
11088,0.0,0.0,Não especializado,1996
11089,0.0,0.0,Não especializado,1996
1109,0.13222164123934202,1200.0,Não especializado,1996
11090,0.0,0.0,Não especializado,1996
11091,0.0,0.0,Não especializado,1996
11092,0.0,0.0,Não especializado,1996
11093,0.0,0.0,Não especializado,1996
11094,0.0,0.0,Não especializado,1996
11095,0.0,0.0,Não especializado,1996
11096,0.0,0.0,Não especializado,1996
11097,0.0,0.0,Não especializado,1996
11098,0.0,0.0,Não especializado,1996
11099,0.0,0.0,Não especializado,1996
1110,0.0,0.0,Não especializado,1996
11100,0.0,0.0,Não especializado,1996
11101,0.0,0.0,Não especializado,1996
11102,0.01895148992296834,500.0,Não especializado,1996
11103,0.3597172826059373,1636.6366366366367,Não especializado,1996
11104,0.0,0.0,Não especializado,1996
11105,0.0,0.0,Não especializado,1996
11106,0.0,0.0,Não especializado,1996
11107,10.926466547325003,2000.0,Alta espec. / Alta produt.,1996
11108,0.0,0.0,Não especializado,1996
11109,0.0,0.0,Não especializado,1996
1111,2.939779756093005,1765.486725663717,Baixa espec. / Alta produt.,1996
11110,0.0,0.0,Não especializado,1996
11111,0.0,0.0,Não especializado,1996
11112,0.0,0.0,Não especializado,1996
11113,0.0,0.0,Não especializado,1996
11114,0.0,0.0,Não especializado,1996
11115,0.0,0.0,Não especializado,1996
11116,0.0,0.0,Não especializado,1996
11117,0.0,0.0,Não especializado,1996
11118,0.0,0.0,Não especializado,1996
11119,0.0,0.0,Não especializado,1996
1112,2.0921017252576,1500.0,Baixa espec. / Alta produt.,1996
11120,0.0,0.0,Não especializado,1996
11121,0.0,0.0,Não especializado,1996
11122,0.0,0.0,Não especializado,1996
11123,0.09977788591898448,821.4285714285714,Não especializado,1996
11124,0.0,0.0,Não especializado,1996
11125,0.0,0.0,Não especializado,1996
11126,0.0,0.0,Não especializado,1996
11127,6.649710604909864,1789.12839737582,Alta espec. / Alta produt.,1996
11128,0.0,0.0,Não especializado,1996
11129,0.0,0.0,Não especializado,1996
1113,0.0,0.0,Não especializado,1996
11130,0.0,0.0,Não especializado,1996
11131,0.0,0.0,Não especializado,1996
11132,0.0,0.0,Não especializado,1996
11133,0.0,0.0,Não especializado,1996
11134,13.964193921769589,1860.0,Alta espec. / Alta produt.,1996
11135,0.0,0.0,Não especializado,1996
11136,3.5371052903990887,984.1269841269841,Baixa espec. / Baixa produt.,1996
11137,0.0,0.0,Não especializado,1996
11138,0.0,0.0,Não especializado,1996
11139,0.0,0.0,Não especializado,1996
1114,0.06847067488666353,1200.0,Não especializado,1996
11140,0.0,0.0,Não especializado,1996
11141,0.0,0.0,Não especializado,1996
11142,0.0,0.0,Não especializado,1996
11143,0.0,0.0,Não especializado,1996
11144,0.06868859555784959,500.0,Não especializado,1996
11145,0.0,0.0,Não especializado,1996
11146,0.0,0.0,Não especializado,1996
11147,0.0,0.0,Não especializado,1996
11148,0.0,0.0,Não especializado,1996
11149,0.0,0.0,Não especializado,1996
1115,0.0,0.0,Não especializado,1996
11150,0.0,0.0,Não especializado,1996
11151,0.0,0.0,Não especializado,1996
11152,0.0,0.0,Não especializado,1996
11153,0.0,0.0,Não especializado,1996
11154,0.0,0.0,Não especializado,1996
11155,3.1437077472427633,1859.6153846153845,Baixa espec. / Alta produt.,1996
11156,0.0,0.0,Não especializado,1996
11157,0.0,0.0,Não especializado,1996
11158,0.0,0.0,Não especializado,1996
11159,0.0,0.0,Não especializado,1996
1116,0.0,0.0,Não especializado,1996
11160,0.0,0.0,Não especializado,1996
11161,0.0,0.0,Não especializado,1996
11162,0.0,0.0,Não especializado,1996
11163,0.0,0.0,Não especializado,1996
11164,0.0,0.0,Não especializado,1996
11165,0.0,0.0,Não especializado,1996
11166,0.0,0.0,Não especializado,1996
11167,38.59849952610962,413.3333333333333,Alta espec. / Baixa produt.,1996
11168,0.0,0.0,Não especializado,1996
11169,0.0,0.0,Não especializado,1996
1117,0.0,0.0,Não especializado,1996
11170,0.0,0.0,Não especializado,1996
11171,25.632132639880975,1749.5140238822548,Alta espec. / Alta produt.,1996
11172,0.0,0.0,Não especializado,1996
11173,0.0,0.0,Não especializado,1996
11174,0.2790770266070217,222.22222222222223,Não especializado,1996
11175,0.030810239727438817,1200.0,Não especializado,1996
11176,0.0,0.0,Não especializado,1996
11177,0.0,0.0,Não especializado,1996
11178,0.0,0.0,Não especializado,1996
11179,0.036066104151531324,500.0,Não especializado,1996
1118,0.0,0.0,Não especializado,1996
11180,0.0,0.0,Não especializado,1996
11181,0.0,0.0,Não especializado,1996
11182,0.0,0.0,Não especializado,1996
11183,0.0,0.0,Não especializado,1996
11184,0.0,0.0,Não especializado,1996
11185,0.0,0.0,Não especializado,1996
11186,0.0,0.0,Não especializado,1996
11187,0.0,0.0,Não especializado,1996
11188,0.0,0.0,Não especializado,1996
11189,0.0,0.0,Não especializado,1996
1119,0.0,0.0,Não especializado,1996
11190,0.0,0.0,Não especializado,1996
11191,0.0,0.0,Não especializado,1996
11192,0.0,0.0,Não especializado,1996
11193,0.0,0.0,Não especializado,1996
11194,0.0,0.0,Não especializado,1996
11195,0.0,0.0,Não especializado,1996
11196,0.0,0.0,Não especializado,1996
11197,0.0,0.0,Não especializado,1996
11198,0.0,0.0,Não especializado,1996
11199,0.0,0.0,Não especializado,1996
11200,0.0,0.0,Não especializado,1996
11201,0.0,0.0,Não especializado,1996
11202,0.0,0.0,Não especializado,1996
11203,0.20309865628335708,731.7073170731708,Não especializado,1996
11204,0.0,0.0,Não especializado,1996
11205,0.0,0.0,Não especializado,1996
11206,0.0,0.0,Não especializado,1996
11207,0.0,0.0,Não especializado,1996
11208,0.0,0.0,Não especializado,1996
11209,0.0,0.0,Não especializado,1996
11210,0.0,0.0,Não especializado,1996
11211,0.0,0.0,Não especializado,1996
11212,0.0,0.0,Não especializado,1996
11213,0.0,0.0,Não especializado,1996
11214,0.0,0.0,Não especializado,1996
11215,0.0,0.0,Não especializado,1996
11216,0.0,0.0,Não especializado,1996
11217,0.0,0.0,Não especializado,1996
11218,0.0,0.0,Não especializado,1996
11219,0.0,0.0,Não especializado,1996
11220,0.0,0.0,Não especializado,1996
11221,0.0,0.0,Não especializado,1996
11222,0.0,0.0,Não especializado,1996
11223,0.0,0.0,Não especializado,1996
11224,0.0,0.0,Não especializado,1996
11225,0.0,0.0,Não especializado,1996
11226,0.0,0.0,Não especializado,1996
11227,0.0,0.0,Não especializado,1996
11228,0.0,0.0,Não especializado,1996
11229,0.21718801503675442,1026.3157894736842,Não especializado,1996
11230,0.0,0.0,Não especializado,1996
11231,0.0,0.0,Não especializado,1996
11232,0.0,0.0,Não especializado,1996
11233,0.0,0.0,Não especializado,1996
11234,0.0,0.0,Não especializado,1996
11235,0.0,0.0,Não especializado,1996
11236,0.0,0.0,Não especializado,1996
11237,0.0,0.0,Não especializado,1996
11238,0.0,0.0,Não especializado,1996
11239,0.0,0.0,Não especializado,1996
11240,0.0,0.0,Não especializado,1996
11241,0.0,0.0,Não especializado,1996
11242,0.0,0.0,Não especializado,1996
11243,0.0,0.0,Não especializado,1996
11244,0.0,0.0,Não especializado,1996
11245,0.0,0.0,Não especializado,1996
11246,0.0,0.0,Não especializado,1996
11247,0.0,0.0,Não especializado,1996
11248,0.0,0.0,Não especializado,1996
11249,0.0,0.0,Não especializado,1996
11250,0.0,0.0,Não especializado,1996
11251,0.0,0.0,Não especializado,1996
11252,0.0,0.0,Não especializado,1996
11253,0.0,0.0,Não especializado,1996
11254,0.0,0.0,Não especializado,1996
11255,0.0,0.0,Não especializado,1996
11256,0.0,0.0,Não especializado,1996
11257,0.0,0.0,Não especializado,1996
11258,0.0,0.0,Não especializado,1996
11259,0.0,0.0,Não especializado,1996
11260,0.0,0.0,Não especializado,1996
11261,5.772231567777152,517.4825174825174,Alta espec. / Baixa produt.,1996
11262,0.0,0.0,Não especializado,1996
11263,0.0,0.0,Não especializado,1996
11264,0.0,0.0,Não especializado,1996
11265,0.0,0.0,Não especializado,1996
11266,0.5056755812274275,315.06849315068496,Não especializado,1996
11267,0.0,0.0,Não especializado,1996
11268,0.0,0.0,Não especializado,1996
11269,0.0,0.0,Não especializado,1996
11270,0.0,0.0,Não especializado,1996
11271,0.0,0.0,Não especializado,1996
11272,0.0,0.0,Não especializado,1996
11273,0.0,0.0,Não especializado,1996
11274,0.0,0.0,Não especializado,1996
11275,0.0,0.0,Não especializado,1996
11276,0.0,0.0,Não especializado,1996
11277,0.0,0.0,Não especializado,1996
11278,0.0,0.0,Não especializado,1996
11279,0.0,0.0,Não especializado,1996
11280,0.0,0.0,Não especializado,1996
11281,0.0,0.0,Não especializado,1996
11282,0.9936444164031467,150.0,Não especializado,1996
11283,0.0,0.0,Não especializado,1996
11284,0.6951670213046862,1685.7142857142858,Não especializado,1996
11285,0.0,0.0,Não especializado,1996
11286,0.0,0.0,Não especializado,1996
11287,0.0,0.0,Não especializado,1996
11288,0.0,0.0,Não especializado,1996
11289,0.0,0.0,Não especializado,1996
11290,0.0,0.0,Não especializado,1996
11291,0.0,0.0,Não especializado,1996
11292,0.00471345259113225,2000.0,Não especializado,1996
11293,0.0,0.0,Não especializado,1996
11294,0.0,0.0,Não especializado,1996
11295,10.014606872895133,389.7449521785335,Alta espec. / Baixa produt.,1996
11296,0.7115973421691351,1466.6666666666667,Não especializado,1996
11297,0.0,0.0,Não especializado,1996
11298,0.0,0.0,Não especializado,1996
11299,0.0,0.0,Não especializado,1996
11300,0.0,0.0,Não especializado,1996
11301,0.0,0.0,Não especializado,1996
11302,0.0,0.0,Não especializado,1996
11303,15.893689060513589,2072.3684210526317,Alta espec. / Alta produt.,1996
11304,0.0,0.0,Não especializado,1996
11305,0.0,0.0,Não especializado,1996
11306,0.0,0.0,Não especializado,1996
11307,0.0,0.0,Não especializado,1996
11308,0.0,0.0,Não especializado,1996
11309,0.0,0.0,Não especializado,1996
11310,0.0,0.0,Não especializado,1996
11311,0.0,0.0,Não especializado,1996
11312,0.0,0.0,Não especializado,1996
11313,0.0,0.0,Não especializado,1996
11314,0.0,0.0,Não especializado,1996
11315,2.219816816851715,1617.4863387978141,Baixa espec. / Alta produt.,1996
11316,0.0,0.0,Não especializado,1996
11317,0.0,0.0,Não especializado,1996
11318,0.0,0.0,Não especializado,1996
11319,0.0,0.0,Não especializado,1996
11320,0.9165130433905092,516.8067226890756,Não especializado,1996
11321,0.0,0.0,Não especializado,1996
11322,0.0,0.0,Não especializado,1996
11323,0.0,0.0,Não especializado,1996
11324,0.0,0.0,Não especializado,1996
11325,0.0,0.0,Não especializado,1996
11326,0.0,0.0,Não especializado,1996
11327,0.0,0.0,Não especializado,1996
11328,0.0,0.0,Não especializado,1996
11329,0.0,0.0,Não especializado,1996
11330,0.0,0.0,Não especializado,1996
11331,0.0,0.0,Não especializado,1996
11332,0.0,0.0,Não especializado,1996
11333,0.0,0.0,Não especializado,1996
11334,0.0,0.0,Não especializado,1996
11335,0.0,0.0,Não especializado,1996
11336,0.0,0.0,Não especializado,1996
11337,0.0,0.0,Não especializado,1996
11338,0.0,0.0,Não especializado,1996
11339,20.872298572801107,1850.0,Alta espec. / Alta produt.,1996
11340,0.0,0.0,Não especializado,1996
11341,0.0,0.0,Não especializado,1996
11342,0.0,0.0,Não especializado,1996
11343,0.0,0.0,Não especializado,1996
11344,0.0,0.0,Não especializado,1996
11345,0.0,0.0,Não especializado,1996
11346,0.0,0.0,Não especializado,1996
11347,0.0,0.0,Não especializado,1996
11348,0.0,0.0,Não especializado,1996
11349,0.0,0.0,Não especializado,1996
11350,0.0,0.0,Não especializado,1996
11351,0.0,0.0,Não especializado,1996
11352,0.0,0.0,Não especializado,1996
11353,0.0,0.0,Não especializado,1996
11354,0.0,0.0,Não especializado,1996
11355,0.0,0.0,Não especializado,1996
11356,0.0,0.0,Não especializado,1996
11357,0.0,0.0,Não especializado,1996
11358,0.0,0.0,Não especializado,1996
11359,0.0,0.0,Não especializado,1996
11360,0.0,0.0,Não especializado,1996
11361,0.0,0.0,Não especializado,1996
11362,0.0,0.0,Não especializado,1996
11363,0.0,0.0,Não especializado,1996
11364,0.0,0.0,Não especializado,1996
11365,6.958928436460559,1800.0,Alta espec. / Alta produt.,1996
11366,0.0,0.0,Não especializado,1996
11367,0.0,0.0,Não especializado,1996
11368,0.0,0.0,Não especializado,1996
11369,0.0,0.0,Não especializado,1996
11370,0.0,0.0,Não especializado,1996
11371,0.0,0.0,Não especializado,1996
11372,0.8397648530846827,1000.0,Não especializado,1996
11373,0.0,0.0,Não especializado,1996
11374,0.0,0.0,Não especializado,1996
11375,0.0,0.0,Não especializado,1996
11376,1.7329173640312576,1852.9411764705883,Baixa espec. / Alta produt.,1996
11377,0.0,0.0,Não especializado,1996
11378,0.0,0.0,Não especializado,1996
11379,0.0,0.0,Não especializado,1996
11380,0.0,0.0,Não especializado,1996
11381,0.0,0.0,Não especializado,1996
11382,0.0,0.0,Não especializado,1996
11383,0.0,0.0,Não especializado,1996
11384,0.0,0.0,Não especializado,1996
11385,0.0,0.0,Não especializado,1996
11386,0.0,0.0,Não especializado,1996
11387,0.0,0.0,Não especializado,1996
11388,0.0,0.0,Não especializado,1996
11389,0.0,0.0,Não especializado,1996
11390,0.0,0.0,Não especializado,1996
11391,0.0,0.0,Não especializado,1996
11392,0.0,0.0,Não especializado,1996
11393,0.0,0.0,Não especializado,1996
11394,0.0,0.0,Não especializado,1996
11395,0.0,0.0,Não especializado,1996
11396,0.0,0.0,Não especializado,1996
11397,0.0,0.0,Não especializado,1996
11398,0.0,0.0,Não especializado,1996
11399,0.0,0.0,Não especializado,1996
11400,0.0,0.0,Não especializado,1996
11401,0.0,0.0,Não especializado,1996
11402,0.0,0.0,Não especializado,1996
11403,0.0,0.0,Não especializado,1996
11404,0.03164138623662378,400.0,Não especializado,1996
11405,0.0,0.0,Não especializado,1996
11406,0.0,0.0,Não especializado,1996
11407,0.0,0.0,Não especializado,1996
11408,0.0,0.0,Não especializado,1996
11409,0.0,0.0,Não especializado,1996
11410,0.0,0.0,Não especializado,1996
11411,0.0,0.0,Não especializado,1996
11412,0.0,0.0,Não especializado,1996
11413,0.0,0.0,Não especializado,1996
11414,0.0,0.0,Não especializado,1996
11415,0.0,0.0,Não especializado,1996
11416,0.0,0.0,Não especializado,1996
11417,0.0,0.0,Não especializado,1996
11418,0.0,0.0,Não especializado,1996
11419,0.0,0.0,Não especializado,1996
11420,0.0,0.0,Não especializado,1996
11421,0.0,0.0,Não especializado,1996
11422,0.0,0.0,Não especializado,1996
11423,0.0,0.0,Não especializado,1996
11424,0.0,0.0,Não especializado,1996
11425,0.0,0.0,Não especializado,1996
11426,0.0,0.0,Não especializado,1996
11427,0.0,0.0,Não especializado,1996
11428,0.0,0.0,Não especializado,1996
11429,0.0,0.0,Não especializado,1996
11430,0.0,0.0,Não especializado,1996
11431,0.0,0.0,Não especializado,1996
11432,0.0,0.0,Não especializado,1996
11433,0.0,0.0,Não especializado,1996
11434,0.0,0.0,Não especializado,1996
11435,0.0,0.0,Não especializado,1996
11436,0.0,0.0,Não especializado,1996
11437,0.0,0.0,Não especializado,1996
11438,0.0,0.0,Não especializado,1996
11439,0.0,0.0,Não especializado,1996
11440,0.0,0.0,Não especializado,1996
11441,0.0,0.0,Não especializado,1996
11442,0.0,0.0,Não especializado,1996
11443,0.12613650920091377,500.0,Não especializado,1996
11444,1.3789742951242523,1357.7235772357724,Baixa espec. / Alta produt.,1996
11445,0.0,0.0,Não especializado,1996
11446,0.0,0.0,Não especializado,1996
11447,0.0,0.0,Não especializado,1996
11448,0.4316391344855269,2066.6666666666665,Não especializado,1996
11449,0.0,0.0,Não especializado,1996
11450,0.0,0.0,Não especializado,1996
11451,0.0,0.0,Não especializado,1996
11452,0.0,0.0,Não especializado,1996
11453,0.0,0.0,Não especializado,1996
11454,0.0,0.0,Não especializado,1996
11455,0.0,0.0,Não especializado,1996
11456,0.0,0.0,Não especializado,1996
11457,0.0,0.0,Não especializado,1996
11458,0.0,0.0,Não especializado,1996
11459,0.0,0.0,Não especializado,1996
11460,0.0,0.0,Não especializado,1996
11461,0.0,0.0,Não especializado,1996
11462,0.0,0.0,Não especializado,1996
11463,0.0,0.0,Não especializado,1996
11464,0.0,0.0,Não especializado,1996
11465,0.0,0.0,Não especializado,1996
11466,0.0,0.0,Não especializado,1996
11467,22.440901577770312,450.0,Alta espec. / Baixa produt.,1996
11468,0.0,0.0,Não especializado,1996
11469,0.0,0.0,Não especializado,1996
11470,0.0,0.0,Não especializado,1996
11471,0.0,0.0,Não especializado,1996
11472,0.0,0.0,Não especializado,1996
11473,0.0,0.0,Não especializado,1996
11474,0.0,0.0,Não especializado,1996
11475,0.0,0.0,Não especializado,1996
11476,0.0,0.0,Não especializado,1996
11477,0.0,0.0,Não especializado,1996
11478,0.0,0.0,Não especializado,1996
11479,0.0,0.0,Não especializado,1996
11480,0.0,0.0,Não especializado,1996
11481,0.0,0.0,Não especializado,1996
11482,0.0,0.0,Não especializado,1996
11483,0.0,0.0,Não especializado,1996
11484,0.0,0.0,Não especializado,1996
11485,0.0,0.0,Não especializado,1996
11486,0.0,0.0,Não especializado,1996
11487,0.0,0.0,Não especializado,1996
11488,0.0,0.0,Não especializado,1996
11489,0.0,0.0,Não especializado,1996
11490,0.0,0.0,Não especializado,1996
11491,0.0,0.0,Não especializado,1996
11492,0.0,0.0,Não especializado,1996
11493,0.0,0.0,Não especializado,1996
11494,0.0,0.0,Não especializado,1996
11495,0.0,0.0,Não especializado,1996
11496,0.0,0.0,Não especializado,1996
11497,0.0,0.0,Não especializado,1996
11498,0.0,0.0,Não especializado,1996
11499,0.501952354347503,1821.1920529801325,Não especializado,1996
11500,0.8473444413941368,2084.8708487084873,Não especializado,1996
11501,0.0,0.0,Não especializado,1996
11502,0.0,0.0,Não especializado,1996
11503,0.0,0.0,Não especializado,1996
11504,0.0,0.0,Não especializado,1996
11505,0.0,0.0,Não especializado,1996
11506,0.0,0.0,Não especializado,1996
11507,0.0,0.0,Não especializado,1996
11508,0.0,0.0,Não especializado,1996
11509,0.0,0.0,Não especializado,1996
11510,0.0,0.0,Não especializado,1996
11511,0.0,0.0,Não especializado,1996
11512,0.0,0.0,Não especializado,1996
11513,0.0,0.0,Não especializado,1996
11514,0.0,0.0,Não especializado,1996
11515,0.0,0.0,Não especializado,1996
11516,0.0,0.0,Não especializado,1996
11517,0.0,0.0,Não especializado,1996
11518,0.0,0.0,Não especializado,1996
11519,0.0,0.0,Não especializado,1996
11520,0.0,0.0,Não especializado,1996
11521,0.0,0.0,Não especializado,1996
11522,0.0,0.0,Não especializado,1996
11523,0.0,0.0,Não especializado,1996
11524,0.0,0.0,Não especializado,1996
11525,0.0,0.0,Não especializado,1996
11526,0.0,0.0,Não especializado,1996
11527,0.0,0.0,Não especializado,1996
11528,0.0,0.0,Não especializado,1996
11529,0.0,0.0,Não especializado,1996
11530,16.441875315092187,2611.650485436893,Alta espec. / Alta produt.,1996
11531,0.0,0.0,Não especializado,1996
11532,0.0,0.0,Não especializado,1996
11533,0.4276100971259403,2000.0,Não especializado,1996
11534,0.31267322560669253,3000.0,Não especializado,1996
11535,0.0,0.0,Não especializado,1996
11536,0.0,0.0,Não especializado,1996
11537,0.0,0.0,Não especializado,1996
11538,0.0,0.0,Não especializado,1996
11539,0.0,0.0,Não especializado,1996
11540,0.0,0.0,Não especializado,1996
11541,0.0,0.0,Não especializado,1996
11542,0.028783617930483254,1500.0,Não especializado,1996
11543,0.0,0.0,Não especializado,1996
11544,0.0,0.0,Não especializado,1996
11545,0.0,0.0,Não especializado,1996
11546,0.0,0.0,Não especializado,1996
11547,0.0,0.0,Não especializado,1996
11548,0.0,0.0,Não especializado,1996
11549,0.0,0.0,Não especializado,1996
11550,0.0,0.0,Não especializado,1996
11551,0.0,0.0,Não especializado,1996
11552,0.0,0.0,Não especializado,1996
11553,0.0,0.0,Não especializado,1996
11554,0.0,0.0,Não especializado,1996
11555,0.0,0.0,Não especializado,1996
11556,0.0,0.0,Não especializado,1996
11557,0.0,0.0,Não especializado,1996
11558,0.0,0.0,Não especializado,1996
11559,0.0,0.0,Não especializado,1996
11560,1.413418402305908,400.0,Baixa espec. / Baixa produt.,1996
11561,0.0,0.0,Não especializado,1996
11562,0.0,0.0,Não especializado,1996
11563,0.0,0.0,Não especializado,1996
11564,0.0,0.0,Não especializado,1996
11565,0.0,0.0,Não especializado,1996
11566,0.0,0.0,Não especializado,1996
11567,0.0,0.0,Não especializado,1996
11568,0.0,0.0,Não especializado,1996
11569,0.0,0.0,Não especializado,1996
11570,0.0,0.0,Não especializado,1996
11571,0.0,0.0,Não especializado,1996
11572,0.0,0.0,Não especializado,1996
11573,0.0,0.0,Não especializado,1996
11574,0.0,0.0,Não especializado,1996
11575,0.0,0.0,Não especializado,1996
11576,0.0,0.0,Não especializado,1996
11577,0.0,0.0,Não especializado,1996
11578,0.0,0.0,Não especializado,1996
11579,0.0,0.0,Não especializado,1996
11580,0.0,0.0,Não especializado,1996
11581,0.0,0.0,Não especializado,1996
11582,0.0,0.0,Não especializado,1996
11583,0.0,0.0,Não especializado,1996
11584,0.0,0.0,Não especializado,1996
11585,0.0,0.0,Não especializado,1996
11586,0.0,0.0,Não especializado,1996
11587,0.0,0.0,Não especializado,1996
11588,0.0,0.0,Não especializado,1996
11589,0.0,0.0,Não especializado,1996
11590,0.0,0.0,Não especializado,1996
11591,0.0,0.0,Não especializado,1996
11592,0.0,0.0,Não especializado,1996
11593,0.0,0.0,Não especializado,1996
11594,0.0,0.0,Não especializado,1996
11595,0.0,0.0,Não especializado,1996
11596,0.0,0.0,Não especializado,1996
11597,0.0,0.0,Não especializado,1996
11598,0.0,0.0,Não especializado,1996
11599,0.0,0.0,Não especializado,1996
11600,0.0,0.0,Não especializado,1996
11601,0.0,0.0,Não especializado,1996
11602,0.0,0.0,Não especializado,1996
11603,0.0,0.0,Não especializado,1996
11604,0.0,0.0,Não especializado,1996
11605,0.0,0.0,Não especializado,1996
11606,0.0,0.0,Não especializado,1996
11607,0.0,0.0,Não especializado,1996
11608,1.0625689853308924,1777.7777777777778,Baixa espec. / Alta produt.,1996
11609,0.0,0.0,Não especializado,1996
11610,0.0,0.0,Não especializado,1996
11611,0.0,0.0,Não especializado,1996
11612,0.0,0.0,Não especializado,1996
11613,0.0,0.0,Não especializado,1996
11614,0.0,0.0,Não especializado,1996
11615,0.0,0.0,Não especializado,1996
11616,0.0,0.0,Não especializado,1996
11617,0.0,0.0,Não especializado,1996
11618,0.0,0.0,Não especializado,1996
11619,0.0,0.0,Não especializado,1996
11620,0.0,0.0,Não especializado,1996
11621,0.0,0.0,Não especializado,1996
11622,1.1132371075108156,1866.6666666666667,Baixa espec. / Alta produt.,1996
11623,0.0,0.0,Não especializado,1996
11624,0.0,0.0,Não especializado,1996
11625,0.0,0.0,Não especializado,1996
11626,0.0,0.0,Não especializado,1996
11627,0.0,0.0,Não especializado,1996
11628,0.0,0.0,Não especializado,1996
11629,0.0,0.0,Não especializado,1996
11630,0.0,0.0,Não especializado,1996
11631,0.0,0.0,Não especializado,1996
11632,0.0,0.0,Não especializado,1996
11633,0.0,0.0,Não especializado,1996
11634,0.0,0.0,Não especializado,1996
11635,0.0,0.0,Não especializado,1996
11636,0.0,0.0,Não especializado,1996
11637,0.0,0.0,Não especializado,1996
11638,0.0,0.0,Não especializado,1996
11639,0.0,0.0,Não especializado,1996
11640,0.0,0.0,Não especializado,1996
11641,0.0,0.0,Não especializado,1996
11642,0.0,0.0,Não especializado,1996
11643,0.0,0.0,Não especializado,1996
11644,0.0,0.0,Não especializado,1996
11645,0.0,0.0,Não especializado,1996
11646,0.0,0.0,Não especializado,1996
11647,0.0,0.0,Não especializado,1996
11648,0.0,0.0,Não especializado,1996
11649,0.0,0.0,Não especializado,1996
11650,0.0,0.0,Não especializado,1996
11651,0.0,0.0,Não especializado,1996
11652,0.0,0.0,Não especializado,1996
11653,0.0,0.0,Não especializado,1996
11654,0.0,0.0,Não especializado,1996
11655,0.0,0.0,Não especializado,1996
11656,0.0,0.0,Não especializado,1996
11657,0.0,0.0,Não especializado,1996
11658,0.0,0.0,Não especializado,1996
11659,0.0,0.0,Não especializado,1996
11660,0.0,0.0,Não especializado,1996
11661,0.0,0.0,Não especializado,1996
11662,0.0,0.0,Não especializado,1996
11663,0.0,0.0,Não especializado,1996
11664,0.0,0.0,Não especializado,1996
11665,0.0,0.0,Não especializado,1996
11666,0.0,0.0,Não especializado,1996
11667,0.0,0.0,Não especializado,1996
11668,0.0,0.0,Não especializado,1996
11669,0.0,0.0,Não especializado,1996
11670,0.0,0.0,Não especializado,1996
11671,0.0,0.0,Não especializado,1996
11672,0.0,0.0,Não especializado,1996
11673,0.0,0.0,Não especializado,1996
11674,0.0,0.0,Não especializado,1996
11675,0.0,0.0,Não especializado,1996
11676,0.0,0.0,Não especializado,1996
11677,0.0,0.0,Não especializado,1996
11678,0.0,0.0,Não especializado,1996
11679,0.0,0.0,Não especializado,1996
11680,0.0,0.0,Não especializado,1996
11681,0.0,0.0,Não especializado,1996
11682,0.0,0.0,Não especializado,1996
11683,0.0,0.0,Não especializado,1996
11684,0.0,0.0,Não especializado,1996
11685,0.0,0.0,Não especializado,1996
11686,0.0,0.0,Não especializado,1996
11687,0.0,0.0,Não especializado,1996
11688,0.0,0.0,Não especializado,1996
11689,0.0,0.0,Não especializado,1996
11690,0.0,0.0,Não especializado,1996
11691,0.0,0.0,Não especializado,1996
11692,0.0,0.0,Não especializado,1996
11693,0.0,0.0,Não especializado,1996
11694,0.0,0.0,Não especializado,1996
11695,0.0,0.0,Não especializado,1996
11696,0.0,0.0,Não especializado,1996
11697,0.0,0.0,Não especializado,1996
11698,0.0,0.0,Não especializado,1996
11699,0.0,0.0,Não especializado,1996
11700,0.34546205466682156,90.9090909090909,Não especializado,1996
11701,0.0,0.0,Não especializado,1996
11702,0.0,0.0,Não especializado,1996
11703,2.008558094395193,2100.0,Baixa espec. / Alta produt.,1996
11704,0.0,0.0,Não especializado,1996
11705,0.0,0.0,Não especializado,1996
11706,0.0,0.0,Não especializado,1996
11707,0.0,0.0,Não especializado,1996
11708,0.0,0.0,Não especializado,1996
11709,0.0,0.0,Não especializado,1996
11710,0.0,0.0,Não especializado,1996
11711,0.0,0.0,Não especializado,1996
11712,0.0,0.0,Não especializado,1996
11713,0.0,0.0,Não especializado,1996
11714,0.0,0.0,Não especializado,1996
11715,0.03385936103589009,3000.0,Não especializado,1996
11716,0.0,0.0,Não especializado,1996
11717,0.0,0.0,Não especializado,1996
11718,0.0,0.0,Não especializado,1996
11719,0.0,0.0,Não especializado,1996
11720,0.0,0.0,Não especializado,1996
11721,0.0,0.0,Não especializado,1996
11722,0.0,0.0,Não especializado,1996
11723,0.0,0.0,Não especializado,1996
11724,0.0,0.0,Não especializado,1996
11725,0.0,0.0,Não especializado,1996
11726,0.0,0.0,Não especializado,1996
11727,0.0,0.0,Não especializado,1996
11728,0.0,0.0,Não especializado,1996
11729,0.0,0.0,Não especializado,1996
11730,0.0,0.0,Não especializado,1996
11731,0.0,0.0,Não especializado,1996
11732,0.0,0.0,Não especializado,1996
11733,0.0,0.0,Não especializado,1996
11734,0.0,0.0,Não especializado,1996
11735,0.0,0.0,Não especializado,1996
11736,0.0,0.0,Não especializado,1996
11737,0.0,0.0,Não especializado,1996
11738,0.0,0.0,Não especializado,1996
11739,0.0,0.0,Não especializado,1996
11740,0.0,0.0,Não especializado,1996
11741,0.0,0.0,Não especializado,1996
11742,0.0,0.0,Não especializado,1996
11743,0.0,0.0,Não especializado,1996
11744,0.0,0.0,Não especializado,1996
11745,0.0,0.0,Não especializado,1996
11746,0.0,0.0,Não especializado,1996
11747,0.0,0.0,Não especializado,1996
11748,0.0,0.0,Não especializado,1996
11749,0.0,0.0,Não especializado,1996
11750,0.0,0.0,Não especializado,1996
11751,0.0,0.0,Não especializado,1996
11752,0.0,0.0,Não especializado,1996
11753,0.0,0.0,Não especializado,1996
11754,0.0,0.0,Não especializado,1996
11755,0.0,0.0,Não especializado,1996
11756,0.0,0.0,Não especializado,1996
11757,0.0,0.0,Não especializado,1996
11758,0.0,0.0,Não especializado,1996
11759,0.0,0.0,Não especializado,1996
11760,0.0,0.0,Não especializado,1996
11761,0.0,0.0,Não especializado,1996
11762,0.0,0.0,Não especializado,1996
11763,0.0,0.0,Não especializado,1996
11764,0.0,0.0,Não especializado,1996
11765,0.0,0.0,Não especializado,1996
11766,0.0,0.0,Não especializado,1996
11767,0.0,0.0,Não especializado,1996
11768,0.0,0.0,Não especializado,1996
11769,0.0,0.0,Não especializado,1996
11770,0.0,0.0,Não especializado,1996
12001,0.0,0.0,Não especializado,1996
12002,0.0,0.0,Não especializado,1996
12003,0.0,0.0,Não especializado,1996
12004,0.0,0.0,Não especializado,1996
12005,0.0,0.0,Não especializado,1996
12006,0.0,0.0,Não especializado,1996
12007,0.0,0.0,Não especializado,1996
12008,0.0,0.0,Não especializado,1996
12009,0.0,0.0,Não especializado,1996
12010,0.0,0.0,Não especializado,1996
12011,0.0,0.0,Não especializado,1996
12012,0.0,0.0,Não especializado,1996
12013,0.0,0.0,Não especializado,1996
12014,0.0,0.0,Não especializado,1996
12015,0.0,0.0,Não especializado,1996
12016,0.0,0.0,Não especializado,1996
12017,0.0,0.0,Não especializado,1996
12018,0.0,0.0,Não especializado,1996
12019,0.0,0.0,Não especializado,1996
12020,0.0,0.0,Não especializado,1996
12021,0.0,0.0,Não especializado,1996
12022,0.0,0.0,Não especializado,1996
12023,0.0,0.0,Não especializado,1996
12024,0.0,0.0,Não especializado,1996
12025,0.0,0.0,Não especializado,1996
12026,0.0,0.0,Não especializado,1996
12027,0.0,0.0,Não especializado,1996
12028,0.0,0.0,Não especializado,1996
12029,0.0,0.0,Não especializado,1996
12030,0.0,0.0,Não especializado,1996
12031,0.0,0.0,Não especializado,1996
12032,0.0,0.0,Não especializado,1996
12033,0.0,0.0,Não especializado,1996
12034,0.0,0.0,Não especializado,1996
12035,0.0,0.0,Não especializado,1996
12036,0.0,0.0,Não especializado,1996
12038,0.0,0.0,Não especializado,1996
12039,0.0,0.0,Não especializado,1996
12040,0.0,0.0,Não especializado,1996
12041,0.0,0.0,Não especializado,1996
12042,0.0,0.0,Não especializado,1996
12043,0.0,0.0,Não especializado,1996
12044,0.0,0.0,Não especializado,1996
12045,0.0,0.0,Não especializado,1996
12046,0.0,0.0,Não especializado,1996
12047,0.0,0.0,Não especializado,1996
12048,0.0,0.0,Não especializado,1996
12049,0.0,0.0,Não especializado,1996
12050,0.0,0.0,Não especializado,1996
12051,0.0,0.0,Não especializado,1996
12052,0.0,0.0,Não especializado,1996
12053,0.0,0.0,Não especializado,1996
12054,0.0,0.0,Não especializado,1996
12056,0.0,0.0,Não especializado,1996
12057,0.0,0.0,Não especializado,1996
12058,0.0,0.0,Não especializado,1996
12059,0.0,0.0,Não especializado,1996
12060,0.0,0.0,Não especializado,1996
12061,0.0,0.0,Não especializado,1996
12062,0.0,0.0,Não especializado,1996
12063,0.0,0.0,Não especializado,1996
12064,0.0,0.0,Não especializado,1996
13001,3.8677341799778393,1200.0,Baixa espec. / Alta produt.,1996
13002,0.0,0.0,Não especializado,1996
13003,12.369968452889342,1200.0,Alta espec. / Alta produt.,1996
13004,0.0,0.0,Não especializado,1996
13005,0.0,0.0,Não especializado,1996
13006,0.0,0.0,Não especializado,1996
13007,0.0,0.0,Não especializado,1996
13008,0.0,0.0,Não especializado,1996
13009,0.0,0.0,Não especializado,1996
13010,11.66592255366289,1350.0,Alta espec. / Alta produt.,1996
13011,0.0,0.0,Não especializado,1996
13012,0.8908960464097562,2475.0,Não especializado,1996
13013,0.4866281110321611,1500.0,Não especializado,1996
13014,0.0,0.0,Não especializado,1996
13015,33.04586914908683,1393.6363636363637,Alta espec. / Alta produt.,1996
13016,13.29483987121746,1200.0,Alta espec. / Alta produt.,1996
13017,0.0,0.0,Não especializado,1996
13018,0.0,0.0,Não especializado,1996
13019,0.0,0.0,Não especializado,1996
13020,0.0,0.0,Não especializado,1996
13021,2.813814436020384,1395.0,Baixa espec. / Alta produt.,1996
13022,0.0,0.0,Não especializado,1996
13023,0.0,0.0,Não especializado,1996
13024,4.737040545275756,1200.0,Alta espec. / Alta produt.,1996
13025,0.0,0.0,Não especializado,1996
13026,0.0,0.0,Não especializado,1996
13027,9.174516016392777,1642.857142857143,Alta espec. / Alta produt.,1996
13028,0.0,0.0,Não especializado,1996
13029,15.259969401003476,1500.0,Alta espec. / Alta produt.,1996
13030,0.0,0.0,Não especializado,1996
13031,0.0,0.0,Não especializado,1996
13032,2.9384471785660145,1200.0,Baixa espec. / Alta produt.,1996
13033,0.0,0.0,Não especializado,1996
13034,0.7599280536717022,2550.0,Não especializado,1996
13035,0.0,0.0,Não especializado,1996
13036,0.0,0.0,Não especializado,1996
13037,0.15780590749139395,1800.0,Não especializado,1996
13038,0.4438053175917761,1666.6666666666667,Não especializado,1996
13039,0.1853483057735859,1150.0,Não especializado,1996
13040,3.5559023601070425,900.0,Baixa espec. / Baixa produt.,1996
13041,0.0,0.0,Não especializado,1996
13042,0.0,0.0,Não especializado,1996
13043,0.0,0.0,Não especializado,1996
13044,2.115878110223171,1875.0,Baixa espec. / Alta produt.,1996
13045,0.0,0.0,Não especializado,1996
13046,19.52865784254581,1403.5714285714287,Alta espec. / Alta produt.,1996
13047,0.0,0.0,Não especializado,1996
13048,0.0,0.0,Não especializado,1996
13049,5.484614161188397,1300.0,Alta espec. / Alta produt.,1996
13050,0.0,0.0,Não especializado,1996
13051,0.18258846636443607,1125.0,Não especializado,1996
13052,0.0,0.0,Não especializado,1996
13053,0.0,0.0,Não especializado,1996
13054,0.0,0.0,Não especializado,1996
13055,0.0,0.0,Não especializado,1996
13056,0.0,0.0,Não especializado,1996
13057,3.2842108058681396,1500.0,Baixa espec. / Alta produt.,1996
13058,0.97921763721762,1800.0,Não especializado,1996
13059,0.0,0.0,Não especializado,1996
13060,0.0,0.0,Não especializado,1996
13061,1.944504826257827,1578.9473684210527,Baixa espec. / Alta produt.,1996
13062,0.0,0.0,Não especializado,1996
13063,0.0,0.0,Não especializado,1996
13064,0.0,0.0,Não especializado,1996
13065,0.0,0.0,Não especializado,1996
13066,0.0,0.0,Não especializado,1996
13067,0.0,0.0,Não especializado,1996
13068,0.0,0.0,Não especializado,1996
13069,1.5553442436059632,1310.0,Baixa espec. / Alta produt.,1996
13070,0.0,0.0,Não especializado,1996
13071,3.5831448844443403,1847.8260869565217,Baixa espec. / Alta produt.,1996
13072,1.368322015342497,1485.7142857142858,Baixa espec. / Alta produt.,1996
13073,0.0,0.0,Não especializado,1996
13074,0.1040395137113206,2180.0,Não especializado,1996
13075,0.9500985413092885,3751.173708920188,Não especializado,1996
13076,0.0,0.0,Não especializado,1996
13077,0.0,0.0,Não especializado,1996
13078,0.0,0.0,Não especializado,1996
13079,0.0,0.0,Não especializado,1996
13080,0.0,0.0,Não especializado,1996
13081,1.067708940844806,1500.0,Baixa espec. / Alta produt.,1996
13082,2.6065165125937613,1800.0,Baixa espec. / Alta produt.,1996
13083,0.0,0.0,Não especializado,1996
13084,0.0,0.0,Não especializado,1996
13085,0.0,0.0,Não especializado,1996
13086,1.6349967215360868,1500.0,Baixa espec. / Alta produt.,1996
13087,1.1914078862952493,1500.0,Baixa espec. / Alta produt.,1996
13088,0.0,0.0,Não especializado,1996
13089,0.0,0.0,Não especializado,1996
13090,0.0,0.0,Não especializado,1996
13091,15.384913547388326,1500.0,Alta espec. / Alta produt.,1996
13092,0.541715781231836,1800.0,Não especializado,1996
13093,0.0,0.0,Não especializado,1996
13094,0.0,0.0,Não especializado,1996
13095,0.0,0.0,Não especializado,1996
13096,0.0,0.0,Não especializado,1996
13097,0.0,0.0,Não especializado,1996
13098,0.6587898877984232,1340.0,Não especializado,1996
13099,7.340801606896717,1343.75,Alta espec. / Alta produt.,1996
13100,0.0,0.0,Não especializado,1996
13101,3.8578574328379576,482.14285714285717,Baixa espec. / Baixa produt.,1996
13102,0.0,0.0,Não especializado,1996
13103,0.0,0.0,Não especializado,1996
13104,0.0,0.0,Não especializado,1996
13105,0.0,0.0,Não especializado,1996
13106,0.0,0.0,Não especializado,1996
13107,0.0,0.0,Não especializado,1996
13108,0.0,0.0,Não especializado,1996
13109,0.15229663908176094,2000.0,Não especializado,1996
13110,0.0,0.0,Não especializado,1996
13111,0.0,0.0,Não especializado,1996
13112,0.06954114969091582,2400.0,Não especializado,1996
13113,0.0,0.0,Não especializado,1996
13114,0.04873973966638741,2100.0,Não especializado,1996
13115,0.0,0.0,Não especializado,1996
13116,0.0,0.0,Não especializado,1996
13117,0.0,0.0,Não especializado,1996
13118,0.0,0.0,Não especializado,1996
13119,0.0,0.0,Não especializado,1996
13120,8.740548511356439,1400.0,Alta espec. / Alta produt.,1996
13121,6.015876438822675,2000.0,Alta espec. / Alta produt.,1996
13122,0.0,0.0,Não especializado,1996
13123,4.144749935751219,1200.0,Baixa espec. / Alta produt.,1996
13124,0.0,0.0,Não especializado,1996
13125,0.0,0.0,Não especializado,1996
13126,0.0,0.0,Não especializado,1996
13127,0.0,0.0,Não especializado,1996
13128,0.0,0.0,Não especializado,1996
13129,0.0,0.0,Não especializado,1996
13130,0.0,0.0,Não especializado,1996
13131,2.150549275005393,1055.5555555555557,Baixa espec. / Baixa produt.,1996
13132,4.330827436309635,1666.6666666666667,Baixa espec. / Alta produt.,1996
13133,4.893423889959266,1570.0,Alta espec. / Alta produt.,1996
13134,2.0430423749314954,2100.0,Baixa espec. / Alta produt.,1996
13135,0.0,0.0,Não especializado,1996
13136,0.0,0.0,Não especializado,1996
13137,0.0,0.0,Não especializado,1996
13138,0.19506468478196262,1000.0,Não especializado,1996
13139,0.0,0.0,Não especializado,1996
13140,4.55315542706252,1500.0,Alta espec. / Alta produt.,1996
13141,0.0,0.0,Não especializado,1996
13142,0.0,0.0,Não especializado,1996
13143,0.0,0.0,Não especializado,1996
13144,0.0,0.0,Não especializado,1996
13145,0.0,0.0,Não especializado,1996
13146,0.0,0.0,Não especializado,1996
13147,0.0,0.0,Não especializado,1996
13148,0.6769748031454311,1260.0,Não especializado,1996
13150,29.017756940203487,1225.0,Alta espec. / Alta produt.,1996
13151,0.0,0.0,Não especializado,1996
13152,0.0,0.0,Não especializado,1996
13153,0.0,0.0,Não especializado,1996
13154,9.203393059392898,1650.0,Alta espec. / Alta produt.,1996
13155,5.208001140028076,1200.0,Alta espec. / Alta produt.,1996
13156,15.684561572875252,1200.0,Alta espec. / Alta produt.,1996
13157,0.0,0.0,Não especializado,1996
13158,0.14782162139915306,3000.0,Não especializado,1996
13159,0.0,0.0,Não especializado,1996
13160,0.0,0.0,Não especializado,1996
13161,0.0,0.0,Não especializado,1996
13162,0.0,0.0,Não especializado,1996
13163,0.0,0.0,Não especializado,1996
13164,17.09800493109633,1256.25,Alta espec. / Alta produt.,1996
13165,0.8060488038945414,2400.0,Não especializado,1996
13166,0.5798234553129459,1200.0,Não especializado,1996
13167,2.0184563842848378,1800.0,Baixa espec. / Alta produt.,1996
13168,17.984963936896953,1500.0,Alta espec. / Alta produt.,1996
13169,6.722553193654561,1128.5714285714287,Alta espec. / Baixa produt.,1996
13170,1.4430300029604404,1800.0,Baixa espec. / Alta produt.,1996
13171,2.5206866794234295,1500.0,Baixa espec. / Alta produt.,1996
13172,0.23136746059472926,1600.0,Não especializado,1996
13173,0.0,0.0,Não especializado,1996
13174,0.0,0.0,Não especializado,1996
13175,17.007520244674293,1500.0,Alta espec. / Alta produt.,1996
13176,15.092277429563879,1800.0,Alta espec. / Alta produt.,1996
13177,6.465833273773794,1200.0,Alta espec. / Alta produt.,1996
13178,0.0,0.0,Não especializado,1996
13179,0.0,0.0,Não especializado,1996
13180,0.0,0.0,Não especializado,1996
13181,0.0,0.0,Não especializado,1996
13182,10.354510218402806,2399.103139013453,Alta espec. / Alta produt.,1996
13183,0.0,0.0,Não especializado,1996
13184,21.594296322174728,1650.0,Alta espec. / Alta produt.,1996
13185,5.434618433792392,1350.0,Alta espec. / Alta produt.,1996
13186,0.0,0.0,Não especializado,1996
13187,1.0878002381187672,2250.0,Baixa espec. / Alta produt.,1996
13188,0.0,0.0,Não especializado,1996
13189,0.0,0.0,Não especializado,1996
13190,0.46139939549495124,1566.6666666666667,Não especializado,1996
13191,0.01143112114633281,2000.0,Não especializado,1996
13192,0.0,0.0,Não especializado,1996
13193,1.8449270579822485,2200.0,Baixa espec. / Alta produt.,1996
13194,2.8318405704901037,1500.0,Baixa espec. / Alta produt.,1996
13195,0.0,0.0,Não especializado,1996
13196,5.819084287275145,1200.0,Alta espec. / Alta produt.,1996
13197,0.0,0.0,Não especializado,1996
13198,1.7670613031391156,1200.0,Baixa espec. / Alta produt.,1996
13199,0.0,0.0,Não especializado,1996
13200,0.0,0.0,Não especializado,1996
13201,0.0,0.0,Não especializado,1996
13202,0.0,0.0,Não especializado,1996
13203,0.0,0.0,Não especializado,1996
13204,0.0,0.0,Não especializado,1996
13205,0.0,0.0,Não especializado,1996
13206,2.951042396209163,1500.0,Baixa espec. / Alta produt.,1996
13207,0.0,0.0,Não especializado,1996
13208,2.6290500567925443,1483.8709677419354,Baixa espec. / Alta produt.,1996
13209,0.06888591357892226,1250.0,Não especializado,1996
13210,4.3888066546571105,1543.75,Baixa espec. / Alta produt.,1996
13211,0.31290291017218747,1133.3333333333333,Não especializado,1996
13212,0.0,0.0,Não especializado,1996
13213,0.4572448458533124,1950.0,Não especializado,1996
13214,0.004405739746922865,2000.0,Não especializado,1996
13215,3.4129028747418024,1200.0,Baixa espec. / Alta produt.,1996
13216,0.0,0.0,Não especializado,1996
13217,0.0,0.0,Não especializado,1996
13218,0.08773153139949734,1666.6666666666667,Não especializado,1996
13219,0.0,0.0,Não especializado,1996
13220,0.43977795857216917,2466.6666666666665,Não especializado,1996
13221,0.0,0.0,Não especializado,1996
13222,0.0,0.0,Não especializado,1996
13223,1.141811527418707,1703.225806451613,Baixa espec. / Alta produt.,1996
13224,0.0,0.0,Não especializado,1996
13225,17.722409718840062,1500.0,Alta espec. / Alta produt.,1996
13226,6.984452014328913,1650.0,Alta espec. / Alta produt.,1996
13227,0.8888779540476254,1500.0,Não especializado,1996
13228,0.13635302454053794,1400.0,Não especializado,1996
13229,0.0,0.0,Não especializado,1996
13230,0.0,0.0,Não especializado,1996
13231,0.0,0.0,Não especializado,1996
13232,0.0,0.0,Não especializado,1996
13233,0.0,0.0,Não especializado,1996
13234,0.0,0.0,Não especializado,1996
13235,0.0,0.0,Não especializado,1996
13236,22.369358130468846,1350.0,Alta espec. / Alta produt.,1996
13237,0.0,0.0,Não especializado,1996
13238,0.5970112510173263,1500.0,Não especializado,1996
13239,0.0,0.0,Não especializado,1996
13240,1.7168506091649616,2473.3333333333335,Baixa espec. / Alta produt.,1996
13241,0.0,0.0,Não especializado,1996
13242,0.0,0.0,Não especializado,1996
13243,0.551864203490055,1400.0,Não especializado,1996
13244,0.0,0.0,Não especializado,1996
13245,0.3310116062005574,1200.0,Não especializado,1996
13246,0.0,0.0,Não especializado,1996
13247,0.0,0.0,Não especializado,1996
13248,0.0,0.0,Não especializado,1996
13249,0.0,0.0,Não especializado,1996
13250,0.0,0.0,Não especializado,1996
13251,0.0,0.0,Não especializado,1996
13252,0.0,0.0,Não especializado,1996
13253,0.0,0.0,Não especializado,1996
13254,0.0,0.0,Não especializado,1996
13255,0.0,0.0,Não especializado,1996
13256,0.0,0.0,Não especializado,1996
13257,1.7555821630376636,2020.0,Baixa espec. / Alta produt.,1996
13258,0.0,0.0,Não especializado,1996
13259,0.0,0.0,Não especializado,1996
13260,4.1503762931300665,2098.285714285714,Baixa espec. / Alta produt.,1996
13261,4.283267410216263,2000.0,Baixa espec. / Alta produt.,1996
13262,0.7752935290461583,1500.0,Não especializado,1996
13263,0.0,0.0,Não especializado,1996
13264,0.0,0.0,Não especializado,1996
13265,9.650220694748436,1157.8947368421052,Alta espec. / Baixa produt.,1996
13266,0.0,0.0,Não especializado,1996
13267,0.0,0.0,Não especializado,1996
13268,0.0,0.0,Não especializado,1996
13269,0.0,0.0,Não especializado,1996
13270,0.06378099133589955,2260.0,Não especializado,1996
13271,0.0,0.0,Não especializado,1996
13272,0.0,0.0,Não especializado,1996
13273,0.21410671353448754,1500.0,Não especializado,1996
13274,0.3820626809990855,1950.0,Não especializado,1996
13275,0.0,0.0,Não especializado,1996
13276,0.0,0.0,Não especializado,1996
13277,0.0,0.0,Não especializado,1996
13278,7.495113765790543,1049.0066225165563,Alta espec. / Baixa produt.,1996
13279,0.0,0.0,Não especializado,1996
13280,0.0,0.0,Não especializado,1996
13281,0.0,0.0,Não especializado,1996
13282,0.0,0.0,Não especializado,1996
13283,0.33492060018748304,1853.658536585366,Não especializado,1996
13284,0.0,0.0,Não especializado,1996
13285,8.285322431125243,1500.0,Alta espec. / Alta produt.,1996
13286,0.0,0.0,Não especializado,1996
13287,0.0,0.0,Não especializado,1996
13288,1.3836952934866864,1650.0,Baixa espec. / Alta produt.,1996
13289,5.811950610139599,1812.1019108280254,Alta espec. / Alta produt.,1996
13290,0.0,0.0,Não especializado,1996
13291,5.437904838811819,1500.0,Alta espec. / Alta produt.,1996
13292,0.0,0.0,Não especializado,1996
13293,0.0,0.0,Não especializado,1996
13294,1.1500154560005158,2333.3333333333335,Baixa espec. / Alta produt.,1996
13295,0.0,0.0,Não especializado,1996
13296,0.2869941053760152,1066.6666666666667,Não especializado,1996
13297,0.0,0.0,Não especializado,1996
13298,9.199470044448569,1500.0,Alta espec. / Alta produt.,1996
13299,19.166924266675263,1000.0,Alta espec. / Baixa produt.,1996
13300,3.610748017923863,1300.0,Baixa espec. / Alta produt.,1996
13301,0.0,0.0,Não especializado,1996
13302,0.4084397563261988,1300.0,Não especializado,1996
13303,11.87050204595902,538.1165919282511,Alta espec. / Baixa produt.,1996
13304,0.048611660164298395,2400.0,Não especializado,1996
13305,12.701245718147566,1200.0,Alta espec. / Alta produt.,1996
13306,0.0,0.0,Não especializado,1996
13307,14.94135465526824,1500.0,Alta espec. / Alta produt.,1996
13308,15.349898096924855,1000.0,Alta espec. / Baixa produt.,1996
13309,0.0,0.0,Não especializado,1996
13310,0.0,0.0,Não especializado,1996
13311,0.0,0.0,Não especializado,1996
13312,18.228003990098262,1350.0,Alta espec. / Alta produt.,1996
13313,12.40817749575106,1525.0,Alta espec. / Alta produt.,1996
13314,1.803649678485368,2000.0,Baixa espec. / Alta produt.,1996
13315,0.0,0.0,Não especializado,1996
13316,0.0,0.0,Não especializado,1996
13317,14.681603213793434,1800.0,Alta espec. / Alta produt.,1996
13318,2.1823469789951813,1500.0,Baixa espec. / Alta produt.,1996
13319,9.897962215577206,1050.0,Alta espec. / Baixa produt.,1996
13320,0.0,0.0,Não especializado,1996
13321,0.0,0.0,Não especializado,1996
13322,0.23548234287262784,2166.6666666666665,Não especializado,1996
13323,0.0,0.0,Não especializado,1996
13324,2.355251734188033,1500.0,Baixa espec. / Alta produt.,1996
13325,3.721027021426956,1500.0,Baixa espec. / Alta produt.,1996
13326,0.0,0.0,Não especializado,1996
13327,22.943781154066073,1200.0,Alta espec. / Alta produt.,1996
13328,0.0,0.0,Não especializado,1996
13329,0.0,0.0,Não especializado,1996
13330,0.0,0.0,Não especializado,1996
13331,0.0,0.0,Não especializado,1996
13332,0.0,0.0,Não especializado,1996
13333,19.091279083804604,1200.0,Alta espec. / Alta produt.,1996
13334,0.0,0.0,Não especializado,1996
13335,0.0,0.0,Não especializado,1996
13336,0.14192430989221622,1500.0,Não especializado,1996
13337,0.0,0.0,Não especializado,1996
13338,0.24358867634623413,1500.0,Não especializado,1996
13339,20.14503793453993,1200.0,Alta espec. / Alta produt.,1996
13340,0.0,0.0,Não especializado,1996
13341,0.0,0.0,Não especializado,1996
13342,0.0,0.0,Não especializado,1996
13343,12.802855683892748,1000.0,Alta espec. / Baixa produt.,1996
13344,0.0,0.0,Não especializado,1996
13345,0.0,0.0,Não especializado,1996
13346,8.519193443793293,1426.6666666666667,Alta espec. / Alta produt.,1996
13347,0.0,0.0,Não especializado,1996
13348,0.0,0.0,Não especializado,1996
13349,19.26960421810388,2500.0,Alta espec. / Alta produt.,1996
13350,3.3282661158068385,1200.0,Baixa espec. / Alta produt.,1996
13351,0.0,0.0,Não especializado,1996
13352,9.750884062173046,1680.0,Alta espec. / Alta produt.,1996
13353,0.0,0.0,Não especializado,1996
13354,0.29228002064296243,1722.2222222222222,Não especializado,1996
13355,0.15799382667845055,2700.0,Não especializado,1996
13356,0.0,0.0,Não especializado,1996
13357,0.7563063051680805,1300.0,Não especializado,1996
13358,0.0,0.0,Não especializado,1996
13359,0.0,0.0,Não especializado,1996
13360,0.0,0.0,Não especializado,1996
13361,0.11101829590677133,1500.0,Não especializado,1996
13362,0.0,0.0,Não especializado,1996
13363,0.0,0.0,Não especializado,1996
13364,0.0,0.0,Não especializado,1996
13365,1.9345604808422683,1500.0,Baixa espec. / Alta produt.,1996
13366,0.0,0.0,Não especializado,1996
13367,24.137714757414333,1099.5475113122172,Alta espec. / Baixa produt.,1996
13368,16.179995544989264,1500.0,Alta espec. / Alta produt.,1996
13369,0.6072582083364193,1500.0,Não especializado,1996
13370,0.0,0.0,Não especializado,1996
13371,25.086323087946393,1200.0,Alta espec. / Alta produt.,1996
13372,0.0,0.0,Não especializado,1996
13373,34.360746889966286,1500.0,Alta espec. / Alta produt.,1996
13374,0.0395970143921113,1600.0,Não especializado,1996
13375,0.0,0.0,Não especializado,1996
13376,0.0,0.0,Não especializado,1996
13377,1.2454961175136396,1900.0,Baixa espec. / Alta produt.,1996
13378,0.9350934455925626,1200.0,Não especializado,1996
13379,0.0,0.0,Não especializado,1996
13380,0.0,0.0,Não especializado,1996
13381,12.898751641784287,1544.3181818181818,Alta espec. / Alta produt.,1996
13382,0.0,0.0,Não especializado,1996
13383,26.894182183415353,1199.6904024767803,Alta espec. / Baixa produt.,1996
13384,0.0,0.0,Não especializado,1996
13385,3.1516012112447958,1797.5206611570247,Baixa espec. / Alta produt.,1996
13386,0.2566683323336665,1950.0,Não especializado,1996
13387,0.0,0.0,Não especializado,1996
13388,13.119730531474982,1350.0,Alta espec. / Alta produt.,1996
13389,0.0,0.0,Não especializado,1996
13390,0.0,0.0,Não especializado,1996
13391,0.0,0.0,Não especializado,1996
13392,0.057582595315571895,1500.0,Não especializado,1996
13393,0.0,0.0,Não especializado,1996
13394,0.0,0.0,Não especializado,1996
13395,12.50113341304237,1200.0,Alta espec. / Alta produt.,1996
13396,0.0,0.0,Não especializado,1996
13397,0.0,0.0,Não especializado,1996
13398,0.0,0.0,Não especializado,1996
13399,0.0,0.0,Não especializado,1996
13400,0.0,0.0,Não especializado,1996
13401,17.423538797854963,1200.0,Alta espec. / Alta produt.,1996
13402,0.0,0.0,Não especializado,1996
13403,0.0,0.0,Não especializado,1996
13404,0.0,0.0,Não especializado,1996
13405,0.0,0.0,Não especializado,1996
13406,1.1847802329971644,1500.0,Baixa espec. / Alta produt.,1996
13407,0.0,0.0,Não especializado,1996
13408,0.0,0.0,Não especializado,1996
13409,12.826044012050126,1350.0,Alta espec. / Alta produt.,1996
13410,2.796103083975266,2500.0,Baixa espec. / Alta produt.,1996
13411,0.0,0.0,Não especializado,1996
13412,0.030272054503847498,1933.3333333333333,Não especializado,1996
13413,15.63003818386178,1425.0,Alta espec. / Alta produt.,1996
13414,0.1462271445896549,1200.0,Não especializado,1996
13415,0.0,0.0,Não especializado,1996
13416,0.694698177820054,1100.0,Não especializado,1996
13417,0.0,0.0,Não especializado,1996
13418,0.0,0.0,Não especializado,1996
13419,0.0,0.0,Não especializado,1996
13420,1.9384991069709292,1950.0,Baixa espec. / Alta produt.,1996
13421,17.138612692807683,1400.0,Alta espec. / Alta produt.,1996
13422,0.0,0.0,Não especializado,1996
13423,0.0,0.0,Não especializado,1996
13424,2.8028515226332917,1200.0,Baixa espec. / Alta produt.,1996
13425,0.0,0.0,Não especializado,1996
13426,0.0,0.0,Não especializado,1996
13427,0.0,0.0,Não especializado,1996
13428,0.0,0.0,Não especializado,1996
13429,0.0,0.0,Não especializado,1996
13430,19.21470506078734,1500.0,Alta espec. / Alta produt.,1996
13431,6.884196722257207,1350.0,Alta espec. / Alta produt.,1996
13432,11.907286468566259,1200.0,Alta espec. / Alta produt.,1996
13433,2.4477267833754768,1435.7142857142858,Baixa espec. / Alta produt.,1996
13434,0.0,0.0,Não especializado,1996
13435,0.9883658510842803,1200.0,Não especializado,1996
13436,0.0,0.0,Não especializado,1996
13437,0.0,0.0,Não especializado,1996
13438,0.0,0.0,Não especializado,1996
13439,0.0,0.0,Não especializado,1996
13440,2.655696069435153,1200.0,Baixa espec. / Alta produt.,1996
13441,0.0,0.0,Não especializado,1996
13442,3.917244724505642,1421.0526315789473,Baixa espec. / Alta produt.,1996
13443,4.303004220613361,2005.5555555555557,Baixa espec. / Alta produt.,1996
13444,0.0,0.0,Não especializado,1996
13445,0.0,0.0,Não especializado,1996
13446,0.0,0.0,Não especializado,1996
13447,0.0,0.0,Não especializado,1996
13448,1.6170854304568365,3296.551724137931,Baixa espec. / Alta produt.,1996
13449,0.6511797287497173,1392.857142857143,Não especializado,1996
13450,16.121979624708427,1200.0,Alta espec. / Alta produt.,1996
13451,0.0,0.0,Não especializado,1996
13452,0.0,0.0,Não especializado,1996
13453,0.0,0.0,Não especializado,1996
13454,0.0,0.0,Não especializado,1996
13455,3.14911819906756,1800.0,Baixa espec. / Alta produt.,1996
13456,0.1096287626192516,1400.0,Não especializado,1996
13457,0.06320369989538172,3000.0,Não especializado,1996
13458,0.0,0.0,Não especializado,1996
13459,13.219609474092966,1714.2857142857142,Alta espec. / Alta produt.,1996
13460,0.0,0.0,Não especializado,1996
13461,1.1476711898046448,1950.0,Baixa espec. / Alta produt.,1996
13462,4.105263507335175,1500.0,Baixa espec. / Alta produt.,1996
13463,7.262576575751995,1800.0,Alta espec. / Alta produt.,1996
13464,8.40091737029052,1350.0,Alta espec. / Alta produt.,1996
13465,0.5462864510026074,1733.3333333333333,Não especializado,1996
13466,0.0,0.0,Não especializado,1996
13467,0.0,0.0,Não especializado,1996
13468,2.3407762173835516,1500.0,Baixa espec. / Alta produt.,1996
13469,0.0,0.0,Não especializado,1996
13470,0.0,0.0,Não especializado,1996
13471,0.773546835995568,1200.0,Não especializado,1996
13472,13.375035153864864,1500.0,Alta espec. / Alta produt.,1996
13473,0.0,0.0,Não especializado,1996
13474,24.29558689085491,1300.0,Alta espec. / Alta produt.,1996
13475,0.44225321156303987,2920.0,Não especializado,1996
13476,0.0,0.0,Não especializado,1996
13477,1.2537929932770921,1350.0,Baixa espec. / Alta produt.,1996
13478,7.1239954440801,1210.5263157894738,Alta espec. / Alta produt.,1996
13479,0.5048511009167808,2101.6949152542375,Não especializado,1996
13480,0.0,0.0,Não especializado,1996
13481,5.557952405221721,1353.8461538461538,Alta espec. / Alta produt.,1996
13482,0.0,0.0,Não especializado,1996
13483,0.0,0.0,Não especializado,1996
13484,0.0,0.0,Não especializado,1996
13485,0.0,0.0,Não especializado,1996
13486,3.3969501664653214,1350.0,Baixa espec. / Alta produt.,1996
13487,10.719514929276329,1500.0,Alta espec. / Alta produt.,1996
13488,0.0,0.0,Não especializado,1996
13489,20.450369606073604,1350.0,Alta espec. / Alta produt.,1996
13490,0.39798128838233515,1357.142857142857,Não especializado,1996
13491,0.14873850257943724,1500.0,Não especializado,1996
13492,0.0,0.0,Não especializado,1996
13493,0.0,0.0,Não especializado,1996
13494,4.7853562581544,1837.5,Alta espec. / Alta produt.,1996
13495,0.0,0.0,Não especializado,1996
13496,0.0,0.0,Não especializado,1996
13497,11.561762530862326,600.0,Alta espec. / Baixa produt.,1996
13498,0.587530582330572,1125.0,Não especializado,1996
13499,0.0,0.0,Não especializado,1996
13500,0.0,0.0,Não especializado,1996
13502,0.0,0.0,Não especializado,1996
13503,2.7347780432029163,1800.0,Baixa espec. / Alta produt.,1996
13504,18.35722709729844,1498.0988593155894,Alta espec. / Alta produt.,1996
13505,27.38826995466541,1200.0,Alta espec. / Alta produt.,1996
13506,0.0,0.0,Não especializado,1996
13507,0.03204162468714939,2600.0,Não especializado,1996
13508,0.0,0.0,Não especializado,1996
13509,0.0,0.0,Não especializado,1996
13510,0.0,0.0,Não especializado,1996
13511,0.0,0.0,Não especializado,1996
13512,0.0,0.0,Não especializado,1996
13513,0.0,0.0,Não especializado,1996
13514,0.0,0.0,Não especializado,1996
13515,0.4298167116282232,1300.0,Não especializado,1996
13516,0.0,0.0,Não especializado,1996
13517,0.0,0.0,Não especializado,1996
13518,0.08749115759953226,1482.7586206896551,Não especializado,1996
13519,0.0,0.0,Não especializado,1996
13520,0.0,0.0,Não especializado,1996
13521,0.865008285542138,1300.0,Não especializado,1996
13522,5.859762686207027,1800.0,Alta espec. / Alta produt.,1996
13523,0.0,0.0,Não especializado,1996
13524,0.0,0.0,Não especializado,1996
13525,0.0,0.0,Não especializado,1996
13526,0.0,0.0,Não especializado,1996
13527,0.0,0.0,Não especializado,1996
13528,0.0,0.0,Não especializado,1996
13529,0.0,0.0,Não especializado,1996
13530,0.0,0.0,Não especializado,1996
13531,0.0,0.0,Não especializado,1996
13532,1.3267596346891195,1503.4013605442176,Baixa espec. / Alta produt.,1996
13533,0.0,0.0,Não especializado,1996
13534,0.0,0.0,Não especializado,1996
13535,0.0,0.0,Não especializado,1996
13536,2.1932882849874336,1500.0,Baixa espec. / Alta produt.,1996
13537,1.4543097523097268,1300.0,Baixa espec. / Alta produt.,1996
13538,0.0,0.0,Não especializado,1996
13539,0.1834420461051963,1500.0,Não especializado,1996
13540,0.0,0.0,Não especializado,1996
13541,2.333689092157909,1200.0,Baixa espec. / Alta produt.,1996
13542,0.0,0.0,Não especializado,1996
13543,0.0,0.0,Não especializado,1996
13544,0.0,0.0,Não especializado,1996
13545,0.15074005907252058,1600.0,Não especializado,1996
13546,10.09550990220827,1500.0,Alta espec. / Alta produt.,1996
13547,0.0,0.0,Não especializado,1996
13548,0.592910899018581,1285.7142857142858,Não especializado,1996
13549,0.0,0.0,Não especializado,1996
13550,0.0,0.0,Não especializado,1996
13551,0.0,0.0,Não especializado,1996
13552,0.0,0.0,Não especializado,1996
13553,9.852975129782845,1200.0,Alta espec. / Alta produt.,1996
13554,16.04606447901587,1200.0,Alta espec. / Alta produt.,1996
13555,0.0,0.0,Não especializado,1996
13556,0.0,0.0,Não especializado,1996
13557,0.0,0.0,Não especializado,1996
13558,1.1832213116379575,1500.0,Baixa espec. / Alta produt.,1996
13559,0.0,0.0,Não especializado,1996
13560,0.0,0.0,Não especializado,1996
13561,21.092608213718087,1800.0,Alta espec. / Alta produt.,1996
13562,0.0,0.0,Não especializado,1996
13563,0.14909471324282467,1883.3333333333333,Não especializado,1996
13564,2.8451764617334585,1500.0,Baixa espec. / Alta produt.,1996
13565,0.0,0.0,Não especializado,1996
13566,0.0,0.0,Não especializado,1996
13567,0.0,0.0,Não especializado,1996
13568,0.0,0.0,Não especializado,1996
13569,0.0,0.0,Não especializado,1996
13570,0.0,0.0,Não especializado,1996
14001,4.350323871049454,1476.25,Baixa espec. / Alta produt.,1996
14002,0.0,0.0,Não especializado,1996
14003,0.0,0.0,Não especializado,1996
14004,0.0,0.0,Não especializado,1996
14005,3.6755829725259734,1127.979274611399,Baixa espec. / Baixa produt.,1996
14006,19.46268642469811,1227.111111111111,Alta espec. / Alta produt.,1996
14007,6.555055980352053,1475.8620689655172,Alta espec. / Alta produt.,1996
14008,24.58651749723143,1374.9700598802394,Alta espec. / Alta produt.,1996
14009,0.15324224510736487,2066.6666666666665,Não especializado,1996
14010,5.69544952259228,1653.3333333333333,Alta espec. / Alta produt.,1996
14011,0.0,0.0,Não especializado,1996
14012,0.9728739040862305,1410.0,Não especializado,1996
14013,0.6004550782063011,1476.6666666666667,Não especializado,1996
14014,3.055248322858653,1776.6233766233765,Baixa espec. / Alta produt.,1996
14015,0.0,0.0,Não especializado,1996
14016,0.0,0.0,Não especializado,1996
14017,0.132404642480223,1050.0,Não especializado,1996
14018,0.09035551430266078,1240.0,Não especializado,1996
14019,0.0,0.0,Não especializado,1996
14020,3.6509971197760787,1713.75,Baixa espec. / Alta produt.,1996
14021,1.3374206311133634,1047.5,Baixa espec. / Baixa produt.,1996
14022,0.0,0.0,Não especializado,1996
14023,2.6283559923368505,1361.5,Baixa espec. / Alta produt.,1996
14024,1.8138949969162046,2056.2903225806454,Baixa espec. / Alta produt.,1996
14025,4.018344958770466,1885.2380952380952,Baixa espec. / Alta produt.,1996
14026,1.2828076987800965,1620.0,Baixa espec. / Alta produt.,1996
14027,0.0,0.0,Não especializado,1996
14028,3.4463735010377414,1475.5555555555557,Baixa espec. / Alta produt.,1996
14029,10.734621598744763,1333.0,Alta espec. / Alta produt.,1996
14030,0.0,0.0,Não especializado,1996
14031,0.9138162825080189,1595.6521739130435,Não especializado,1996
14032,0.0,0.0,Não especializado,1996
14033,1.6258469335980887,2065.714285714286,Baixa espec. / Alta produt.,1996
14034,0.0,0.0,Não especializado,1996
14035,0.8346336423650841,1808.3333333333333,Não especializado,1996
14036,0.0,0.0,Não especializado,1996
14037,0.22995407789753175,1493.6507936507937,Não especializado,1996
14038,1.53331011547988,1181.6091954022988,Baixa espec. / Baixa produt.,1996
14039,0.0,0.0,Não especializado,1996
14040,1.611589105479488,1524.1379310344828,Baixa espec. / Alta produt.,1996
14041,0.0,0.0,Não especializado,1996
14042,7.00349062963277,1523.2,Alta espec. / Alta produt.,1996
14043,16.63807236453022,1904.2857142857142,Alta espec. / Alta produt.,1996
14044,0.18277364736480567,1539.5136778115502,Não especializado,1996
14045,21.0528547888288,1566.4150943396226,Alta espec. / Alta produt.,1996
14046,0.07771120813868768,700.0,Não especializado,1996
14047,0.2024827063198306,1600.0,Não especializado,1996
14048,0.01476732738181485,1800.0,Não especializado,1996
14049,4.480186980876099,999.0,Baixa espec. / Baixa produt.,1996
14050,1.5930386578950628,1523.3333333333333,Baixa espec. / Alta produt.,1996
14051,0.0035439438851343572,866.6666666666666,Não especializado,1996
14052,0.0,0.0,Não especializado,1996
14053,0.03720084565098008,959.1836734693877,Não especializado,1996
14054,0.0,0.0,Não especializado,1996
14055,0.0,0.0,Não especializado,1996
14056,0.16064909726278417,1360.0,Não especializado,1996
14057,0.07622131595221812,1428.5714285714287,Não especializado,1996
14058,0.14378768737525546,1430.0,Não especializado,1996
14059,0.0,0.0,Não especializado,1996
14060,0.0,0.0,Não especializado,1996
14061,0.26366619226595955,1380.0,Não especializado,1996
14062,2.325838460269828,1770.5882352941176,Baixa espec. / Alta produt.,1996
14063,0.0,0.0,Não especializado,1996
14064,2.303795551267757,2053.0434782608695,Baixa espec. / Alta produt.,1996
14065,0.0,0.0,Não especializado,1996
14066,1.1621768806536896,1331.4285714285713,Baixa espec. / Alta produt.,1996
14067,3.9383132708533473,1522.2222222222222,Baixa espec. / Alta produt.,1996
14068,0.0,0.0,Não especializado,1996
14069,0.0,0.0,Não especializado,1996
14070,5.812590451962672,1523.076923076923,Alta espec. / Alta produt.,1996
14071,0.612288831260677,890.0,Não especializado,1996
14072,0.0,0.0,Não especializado,1996
14073,0.0,0.0,Não especializado,1996
14074,0.07580702477125195,1460.0,Não especializado,1996
14075,0.0,0.0,Não especializado,1996
14076,0.0,0.0,Não especializado,1996
14077,16.356575932909518,1713.6666666666667,Alta espec. / Alta produt.,1996
14078,8.738497192329945,1237.8048780487804,Alta espec. / Alta produt.,1996
14079,0.0,0.0,Não especializado,1996
14080,0.9767064440010415,1618.3333333333333,Não especializado,1996
14081,0.0,0.0,Não especializado,1996
14082,0.0,0.0,Não especializado,1996
14083,2.1535141199928676,1402.1739130434783,Baixa espec. / Alta produt.,1996
14084,1.2710637733107817,1681.9444444444443,Baixa espec. / Alta produt.,1996
14085,22.646334443102145,1618.75,Alta espec. / Alta produt.,1996
14086,0.007501027639467658,1500.0,Não especializado,1996
14087,0.0,0.0,Não especializado,1996
14088,0.45722547189263896,1905.0,Não especializado,1996
14089,20.38597927356078,1142.5,Alta espec. / Baixa produt.,1996
14090,0.07004263784072104,1511.8110236220473,Não especializado,1996
14091,0.0658773800526127,1040.0,Não especializado,1996
14092,0.0,0.0,Não especializado,1996
14093,1.807101639592517,1475.7142857142858,Baixa espec. / Alta produt.,1996
14094,0.0,0.0,Não especializado,1996
14095,0.18043102823773557,1516.6666666666667,Não especializado,1996
14096,0.0,0.0,Não especializado,1996
14097,0.0,0.0,Não especializado,1996
14098,0.573124459350527,2366.6666666666665,Não especializado,1996
14099,8.913253052426905,1618.6666666666667,Alta espec. / Alta produt.,1996
14100,5.792913538853029,1446.7105263157894,Alta espec. / Alta produt.,1996
14101,0.031160780716541072,1300.0,Não especializado,1996
14102,0.0,0.0,Não especializado,1996
14103,0.0,0.0,Não especializado,1996
14104,11.006296953105828,1627.2413793103449,Alta espec. / Alta produt.,1996
14105,8.264120586959258,1705.7471264367816,Alta espec. / Alta produt.,1996
14106,0.10306569591344959,1433.3333333333333,Não especializado,1996
14107,3.165920985934543,1652.0,Baixa espec. / Alta produt.,1996
14108,0.0,0.0,Não especializado,1996
14109,0.0,0.0,Não especializado,1996
14110,0.028389840468661335,1000.0,Não especializado,1996
14111,1.947830029266818,1522.2222222222222,Baixa espec. / Alta produt.,1996
14112,9.879837767980016,1647.2222222222222,Alta espec. / Alta produt.,1996
14113,0.0,0.0,Não especializado,1996
14114,0.0,0.0,Não especializado,1996
14115,0.0,0.0,Não especializado,1996
14116,0.13489425526918908,1125.0,Não especializado,1996
14117,0.021655585715709757,1600.0,Não especializado,1996
14118,3.620439442818597,571.4285714285714,Baixa espec. / Baixa produt.,1996
14119,0.0,0.0,Não especializado,1996
14120,0.0,0.0,Não especializado,1996
14121,20.415364468910056,1522.857142857143,Alta espec. / Alta produt.,1996
14122,4.301479549085107,1213.3333333333333,Baixa espec. / Alta produt.,1996
14123,0.0,0.0,Não especializado,1996
14124,0.0,0.0,Não especializado,1996
14125,5.481549508350184,1238.0,Alta espec. / Alta produt.,1996
14126,20.151485105518418,1332.394366197183,Alta espec. / Alta produt.,1996
14127,0.0941644625083737,1485.7142857142858,Não especializado,1996
14128,0.41499506571652284,1773.3333333333333,Não especializado,1996
14129,0.16377759777407377,1760.0,Não especializado,1996
14130,0.0,0.0,Não especializado,1996
14131,0.0,0.0,Não especializado,1996
14132,4.708509871891477,1475.4098360655737,Alta espec. / Alta produt.,1996
14133,0.0,0.0,Não especializado,1996
14134,12.378914746620989,1370.5741626794259,Alta espec. / Alta produt.,1996
14135,0.0,0.0,Não especializado,1996
14136,0.0,0.0,Não especializado,1996
14137,0.022189961674148,1500.0,Não especializado,1996
14138,1.2384443414848707,1475.0,Baixa espec. / Alta produt.,1996
14139,0.0,0.0,Não especializado,1996
14140,3.2890410884327945,951.1111111111111,Baixa espec. / Baixa produt.,1996
14141,5.870532686021985,2066.0,Alta espec. / Alta produt.,1996
14142,0.0,0.0,Não especializado,1996
14143,2.179848837547271,1333.3333333333333,Baixa espec. / Alta produt.,1996
14144,5.757747458677549,1828.3333333333333,Alta espec. / Alta produt.,1996
14145,23.018298554049004,2094.6666666666665,Alta espec. / Alta produt.,1996
14146,1.6213799376441833,1474.2857142857142,Baixa espec. / Alta produt.,1996
14147,0.0,0.0,Não especializado,1996
14148,0.0,0.0,Não especializado,1996
14149,1.3548633315615202,2211.875,Baixa espec. / Alta produt.,1996
14150,0.148004092197753,1750.0,Não especializado,1996
14151,7.297429843416332,1142.6315789473683,Alta espec. / Baixa produt.,1996
14152,0.0,0.0,Não especializado,1996
14153,0.006890262790934394,1000.0,Não especializado,1996
14154,0.2416179177096856,1473.3333333333333,Não especializado,1996
14155,5.331511048487239,1068.0,Alta espec. / Baixa produt.,1996
14156,7.0827600101548684,1618.888888888889,Alta espec. / Alta produt.,1996
14157,0.2889475494446625,2023.9808153477218,Não especializado,1996
14158,5.041040986692285,1769.53125,Alta espec. / Alta produt.,1996
14159,0.0,0.0,Não especializado,1996
14160,0.5469964856421907,2376.923076923077,Não especializado,1996
14161,0.6445453567159343,1430.0,Não especializado,1996
14162,0.2883643473100417,1426.6666666666667,Não especializado,1996
14163,0.026376931107139553,1733.3333333333333,Não especializado,1996
14164,0.007311951729325228,1000.0,Não especializado,1996
14165,0.8787441662978968,942.8571428571429,Não especializado,1996
14166,19.285347358804945,1770.857142857143,Alta espec. / Alta produt.,1996
14167,0.13470537726741616,1570.0,Não especializado,1996
14168,0.0,0.0,Não especializado,1996
14169,0.12946864823266183,1675.4098360655737,Não especializado,1996
14170,0.0,0.0,Não especializado,1996
14171,2.756819289597343,942.8571428571429,Baixa espec. / Baixa produt.,1996
14172,0.0,0.0,Não especializado,1996
14173,0.02602780292436227,1314.2857142857142,Não especializado,1996
14174,6.790063829031763,1046.1538461538462,Alta espec. / Baixa produt.,1996
14175,0.7016637519201006,1773.9130434782608,Não especializado,1996
14176,7.174852634400381,1428.095238095238,Alta espec. / Alta produt.,1996
14177,0.0,0.0,Não especializado,1996
14178,7.450462087843327,1714.5454545454545,Alta espec. / Alta produt.,1996
14179,4.431717888529178,1618.3908045977012,Baixa espec. / Alta produt.,1996
14180,2.923664088264037,1409.090909090909,Baixa espec. / Alta produt.,1996
14181,1.0996241537504932,1473.3333333333333,Baixa espec. / Alta produt.,1996
14182,0.9077966149691404,1809.0,Não especializado,1996
14183,3.51726804502548,1332.7777777777778,Baixa espec. / Alta produt.,1996
14184,2.9286172504445918,1426.6666666666667,Baixa espec. / Alta produt.,1996
14185,0.9072284470737371,1477.7777777777778,Não especializado,1996
14186,0.0,0.0,Não especializado,1996
14187,15.452474981582109,1523.3333333333333,Alta espec. / Alta produt.,1996
14188,5.791700926502653,1475.3846153846155,Alta espec. / Alta produt.,1996
14189,2.1736760394361454,1652.7797325826882,Baixa espec. / Alta produt.,1996
14190,0.017393582144000923,1500.0,Não especializado,1996
14191,0.0,0.0,Não especializado,1996
14192,0.006166273349793241,1500.0,Não especializado,1996
14193,0.0,0.0,Não especializado,1996
14194,0.0,0.0,Não especializado,1996
14195,3.5779105975259196,1285.7142857142858,Baixa espec. / Alta produt.,1996
14196,7.347799511193091,1238.0,Alta espec. / Alta produt.,1996
14197,0.0,0.0,Não especializado,1996
14198,19.64002196789974,1428.0898876404494,Alta espec. / Alta produt.,1996
14199,6.5638554514222465,1476.0,Alta espec. / Alta produt.,1996
14200,0.0,0.0,Não especializado,1996
14201,0.0,0.0,Não especializado,1996
14202,0.4715237573761145,1770.0,Não especializado,1996
14203,0.0,0.0,Não especializado,1996
14204,0.0,0.0,Não especializado,1996
14205,0.0,0.0,Não especializado,1996
14206,0.0,0.0,Não especializado,1996
14207,0.0,0.0,Não especializado,1996
14208,0.6008801315322715,2070.8812260536397,Não especializado,1996
14209,7.486802748939527,1486.6666666666667,Alta espec. / Alta produt.,1996
14210,0.0,0.0,Não especializado,1996
14211,0.0,0.0,Não especializado,1996
14212,0.7929878279055094,1770.0,Não especializado,1996
14213,0.0,0.0,Não especializado,1996
14214,17.461130035822286,1095.0,Alta espec. / Baixa produt.,1996
14215,0.0,0.0,Não especializado,1996
14216,1.053806480677556,1710.0,Baixa espec. / Alta produt.,1996
14217,0.5303726297509009,1771.4285714285713,Não especializado,1996
14218,0.016655571720721376,1000.0,Não especializado,1996
14219,0.0,0.0,Não especializado,1996
14220,0.0,0.0,Não especializado,1996
14221,10.898216815603712,1356.8,Alta espec. / Alta produt.,1996
14222,1.6303855301377175,1770.0,Baixa espec. / Alta produt.,1996
14223,0.0,0.0,Não especializado,1996
14224,0.05502232491402291,1750.0,Não especializado,1996
14225,0.08233365655052625,1140.0,Não especializado,1996
14226,0.0,0.0,Não especializado,1996
14227,0.0,0.0,Não especializado,1996
14228,0.0,0.0,Não especializado,1996
14229,0.0,0.0,Não especializado,1996
14230,6.178041047025671,1171.6666666666667,Alta espec. / Baixa produt.,1996
14231,0.0,0.0,Não especializado,1996
14232,5.016259930335707,1066.0,Alta espec. / Baixa produt.,1996
14233,0.0,0.0,Não especializado,1996
14234,1.8114786574010695,1144.0,Baixa espec. / Baixa produt.,1996
14235,3.955274759328571,1771.25,Baixa espec. / Alta produt.,1996
14236,1.6099072577784996,2000.0,Baixa espec. / Alta produt.,1996
14237,0.0,0.0,Não especializado,1996
14238,22.49459456074068,1770.7142857142858,Alta espec. / Alta produt.,1996
14239,15.740487076052437,1475.5555555555557,Alta espec. / Alta produt.,1996
14240,12.855585373050003,1618.0,Alta espec. / Alta produt.,1996
14241,1.0344906014780824,2066.0,Baixa espec. / Alta produt.,1996
14242,15.012743927089364,1333.3333333333333,Alta espec. / Alta produt.,1996
14243,12.00999261228511,1278.75,Alta espec. / Alta produt.,1996
14244,0.0,0.0,Não especializado,1996
14245,0.1830675602615673,1473.3333333333333,Não especializado,1996
14246,0.0,0.0,Não especializado,1996
14247,1.5921533230255802,1180.0,Baixa espec. / Baixa produt.,1996
14248,26.541408480311738,1808.5714285714287,Alta espec. / Alta produt.,1996
14249,0.5401971546925397,1480.0,Não especializado,1996
14250,19.23144658598882,1427.7777777777778,Alta espec. / Alta produt.,1996
14251,0.779208039420594,1351.3513513513512,Não especializado,1996
14252,4.324348145442884,714.0,Baixa espec. / Baixa produt.,1996
14253,0.0,0.0,Não especializado,1996
14254,19.763883701597127,1122.7390180878554,Alta espec. / Baixa produt.,1996
14255,0.0,0.0,Não especializado,1996
14256,0.0,0.0,Não especializado,1996
14257,0.0,0.0,Não especializado,1996
14258,0.0,0.0,Não especializado,1996
14259,0.0,0.0,Não especializado,1996
14260,0.0,0.0,Não especializado,1996
14261,2.5336554852866477,1904.1994750656168,Baixa espec. / Alta produt.,1996
14262,18.258846636443607,1237.5,Alta espec. / Alta produt.,1996
14263,0.6918003360689668,1472.0,Não especializado,1996
14264,0.3259832924864802,1485.7142857142858,Não especializado,1996
14265,0.0,0.0,Não especializado,1996
14266,0.0,0.0,Não especializado,1996
14267,0.0769590518124615,1771.4285714285713,Não especializado,1996
14268,0.0943762319585287,1433.3333333333333,Não especializado,1996
14269,0.0,0.0,Não especializado,1996
14270,6.518540605364792,1248.5714285714287,Alta espec. / Alta produt.,1996
14271,2.9133310912900034,1142.5,Baixa espec. / Baixa produt.,1996
14272,12.907868854232264,1427.7777777777778,Alta espec. / Alta produt.,1996
14273,0.36523461219385484,1240.0,Não especializado,1996
14274,6.689686156785705,1142.3076923076924,Alta espec. / Baixa produt.,1996
14275,2.5583163494874754,1652.0,Baixa espec. / Alta produt.,1996
14276,0.0,0.0,Não especializado,1996
14277,0.0,0.0,Não especializado,1996
14278,0.0,0.0,Não especializado,1996
14279,8.255874499238631,1618.6666666666667,Alta espec. / Alta produt.,1996
14280,3.022615280928767,2065.8,Baixa espec. / Alta produt.,1996
14281,0.0,0.0,Não especializado,1996
14282,1.491840326562881,1433.3333333333333,Baixa espec. / Alta produt.,1996
14283,1.259010426104092,1475.0,Baixa espec. / Alta produt.,1996
14284,0.0,0.0,Não especializado,1996
14285,0.0,0.0,Não especializado,1996
14286,0.0,0.0,Não especializado,1996
14287,31.467635421219434,1190.0,Alta espec. / Baixa produt.,1996
14288,0.0,0.0,Não especializado,1996
14289,0.0,0.0,Não especializado,1996
14290,0.0,0.0,Não especializado,1996
14291,0.0,0.0,Não especializado,1996
14292,0.0,0.0,Não especializado,1996
14293,0.0,0.0,Não especializado,1996
14294,0.0,0.0,Não especializado,1996
14295,0.0,0.0,Não especializado,1996
14296,0.0,0.0,Não especializado,1996
14297,0.0,0.0,Não especializado,1996
14298,0.0,0.0,Não especializado,1996
14299,0.0,0.0,Não especializado,1996
14300,0.0,0.0,Não especializado,1996
14301,0.0,0.0,Não especializado,1996
14302,0.0,0.0,Não especializado,1996
14303,0.0,0.0,Não especializado,1996
14304,0.0,0.0,Não especializado,1996
14305,0.0,0.0,Não especializado,1996
14306,0.0,0.0,Não especializado,1996
14307,0.0,0.0,Não especializado,1996
14308,0.0,0.0,Não especializado,1996
14309,0.0,0.0,Não especializado,1996
14310,0.0,0.0,Não especializado,1996
14311,0.0,0.0,Não especializado,1996
14312,0.0,0.0,Não especializado,1996
14313,0.0,0.0,Não especializado,1996
14314,0.0,0.0,Não especializado,1996
14315,0.0,0.0,Não especializado,1996
14316,0.0,0.0,Não especializado,1996
14317,0.0,0.0,Não especializado,1996
14318,0.0,0.0,Não especializado,1996
14319,0.0,0.0,Não especializado,1996
14320,0.0,0.0,Não especializado,1996
14321,0.0,0.0,Não especializado,1996
14322,0.0,0.0,Não especializado,1996
14323,0.0,0.0,Não especializado,1996
14324,0.0,0.0,Não especializado,1996
14325,0.0,0.0,Não especializado,1996
14326,0.0,0.0,Não especializado,1996
14327,0.0,0.0,Não especializado,1996
14328,0.0,0.0,Não especializado,1996
14329,0.0,0.0,Não especializado,1996
14330,0.0,0.0,Não especializado,1996
14331,0.0,0.0,Não especializado,1996
14332,0.0,0.0,Não especializado,1996
14333,0.0,0.0,Não especializado,1996
14334,0.0,0.0,Não especializado,1996
14335,0.0,0.0,Não especializado,1996
14336,0.0,0.0,Não especializado,1996
14337,0.0,0.0,Não especializado,1996
14338,0.0,0.0,Não especializado,1996
14339,0.0,0.0,Não especializado,1996
14340,0.0,0.0,Não especializado,1996
14341,0.0,0.0,Não especializado,1996
14342,0.0,0.0,Não especializado,1996
14343,0.0,0.0,Não especializado,1996
14344,0.0,0.0,Não especializado,1996
14345,0.0,0.0,Não especializado,1996
14346,0.0,0.0,Não especializado,1996
14347,0.0,0.0,Não especializado,1996
14348,0.0,0.0,Não especializado,1996
14349,0.0,0.0,Não especializado,1996
14350,0.0,0.0,Não especializado,1996
14351,0.0,0.0,Não especializado,1996
14352,0.0,0.0,Não especializado,1996
14353,0.0,0.0,Não especializado,1996
14354,0.0,0.0,Não especializado,1996
14355,0.0,0.0,Não especializado,1996
14356,0.0,0.0,Não especializado,1996
14357,0.0,0.0,Não especializado,1996
14358,0.0,0.0,Não especializado,1996
14359,0.0,0.0,Não especializado,1996
14360,0.0,0.0,Não especializado,1996
14361,0.0,0.0,Não especializado,1996
14362,0.0,0.0,Não especializado,1996
14363,0.0,0.0,Não especializado,1996
14364,0.0,0.0,Não especializado,1996
14365,0.0,0.0,Não especializado,1996
14366,0.0,0.0,Não especializado,1996
14367,0.0,0.0,Não especializado,1996
14368,0.0,0.0,Não especializado,1996
14369,0.0,0.0,Não especializado,1996
14370,0.0,0.0,Não especializado,1996
14371,0.0,0.0,Não especializado,1996
14372,0.0,0.0,Não especializado,1996
14373,0.0,0.0,Não especializado,1996
14374,0.0,0.0,Não especializado,1996
14375,0.0,0.0,Não especializado,1996
14376,0.0,0.0,Não especializado,1996
14377,0.0,0.0,Não especializado,1996
14378,0.0,0.0,Não especializado,1996
14379,0.0,0.0,Não especializado,1996
14380,0.0,0.0,Não especializado,1996
14381,0.0,0.0,Não especializado,1996
14382,0.0,0.0,Não especializado,1996
14383,0.0,0.0,Não especializado,1996
14384,0.0,0.0,Não especializado,1996
14385,0.0,0.0,Não especializado,1996
14386,0.0,0.0,Não especializado,1996
14387,0.0,0.0,Não especializado,1996
14388,0.0,0.0,Não especializado,1996
14389,0.0,0.0,Não especializado,1996
14390,0.0,0.0,Não especializado,1996
14391,0.0,0.0,Não especializado,1996
14392,0.0,0.0,Não especializado,1996
14393,0.0,0.0,Não especializado,1996
14394,0.0,0.0,Não especializado,1996
14395,0.0,0.0,Não especializado,1996
14396,0.0,0.0,Não especializado,1996
14397,0.0,0.0,Não especializado,1996
14398,0.0,0.0,Não especializado,1996
14399,0.0,0.0,Não especializado,1996
14400,0.0,0.0,Não especializado,1996
14401,0.0,0.0,Não especializado,1996
14402,0.0,0.0,Não especializado,1996
14403,0.0,0.0,Não especializado,1996
14404,0.0,0.0,Não especializado,1996
14405,0.0,0.0,Não especializado,1996
14406,0.0,0.0,Não especializado,1996
14407,0.0,0.0,Não especializado,1996
14408,0.0,0.0,Não especializado,1996
14409,0.0,0.0,Não especializado,1996
14410,0.0,0.0,Não especializado,1996
14411,0.0,0.0,Não especializado,1996
14412,0.0,0.0,Não especializado,1996
14413,0.0,0.0,Não especializado,1996
14414,0.0,0.0,Não especializado,1996
14415,0.0,0.0,Não especializado,1996
14416,0.0,0.0,Não especializado,1996
14417,0.0,0.0,Não especializado,1996
14418,0.0,0.0,Não especializado,1996
14419,0.0,0.0,Não especializado,1996
14420,0.0,0.0,Não especializado,1996
14421,0.0,0.0,Não especializado,1996
14422,0.0,0.0,Não especializado,1996
14423,0.0,0.0,Não especializado,1996
14424,0.0,0.0,Não especializado,1996
14425,0.0,0.0,Não especializado,1996
14426,0.0,0.0,Não especializado,1996
14427,0.0,0.0,Não especializado,1996
14428,0.0,0.0,Não especializado,1996
14429,0.0,0.0,Não especializado,1996
14430,0.0,0.0,Não especializado,1996
14431,0.0,0.0,Não especializado,1996
14432,0.0,0.0,Não especializado,1996
14433,0.0,0.0,Não especializado,1996
14434,0.0,0.0,Não especializado,1996
14435,0.0,0.0,Não especializado,1996
14436,0.0,0.0,Não especializado,1996
14437,0.0,0.0,Não especializado,1996
14438,0.0,0.0,Não especializado,1996
14439,0.0,0.0,Não especializado,1996
14440,0.0,0.0,Não especializado,1996
14441,0.0,0.0,Não especializado,1996
14442,0.0,0.0,Não especializado,1996
14443,0.0,0.0,Não especializado,1996
14444,0.0,0.0,Não especializado,1996
14445,0.0,0.0,Não especializado,1996
14446,0.0,0.0,Não especializado,1996
14447,0.0,0.0,Não especializado,1996
14448,0.0,0.0,Não especializado,1996
14449,0.0,0.0,Não especializado,1996
14450,0.0,0.0,Não especializado,1996
14451,0.0,0.0,Não especializado,1996
14452,0.0,0.0,Não especializado,1996
14453,0.0,0.0,Não especializado,1996
14454,0.0,0.0,Não especializado,1996
14455,0.0,0.0,Não especializado,1996
14456,0.0,0.0,Não especializado,1996
14457,0.0,0.0,Não especializado,1996
14458,0.0,0.0,Não especializado,1996
14459,0.0,0.0,Não especializado,1996
14460,0.0,0.0,Não especializado,1996
14461,0.0,0.0,Não especializado,1996
14462,0.0,0.0,Não especializado,1996
14463,0.0,0.0,Não especializado,1996
14464,0.0,0.0,Não especializado,1996
14465,0.0,0.0,Não especializado,1996
14466,0.0,0.0,Não especializado,1996
14467,0.0,0.0,Não especializado,1996
14468,0.0,0.0,Não especializado,1996
14469,0.0,0.0,Não especializado,1996
14470,0.0,0.0,Não especializado,1996
14471,0.0,0.0,Não especializado,1996
14472,0.0,0.0,Não especializado,1996
14473,0.0,0.0,Não especializado,1996
14474,0.0,0.0,Não especializado,1996
14475,0.0,0.0,Não especializado,1996
14476,0.0,0.0,Não especializado,1996
14477,0.0,0.0,Não especializado,1996
14478,0.0,0.0,Não especializado,1996
14479,0.0,0.0,Não especializado,1996
14480,0.0,0.0,Não especializado,1996
15001,0.0,0.0,Não especializado,1996
15002,0.0,0.0,Não especializado,1996
15003,0.0,0.0,Não especializado,1996
15004,0.0,0.0,Não especializado,1996
15005,0.0,0.0,Não especializado,1996
15006,0.0,0.0,Não especializado,1996
15007,0.0,0.0,Não especializado,1996
15008,0.0,0.0,Não especializado,1996
15009,0.0,0.0,Não especializado,1996
15010,0.0,0.0,Não especializado,1996
15011,0.0,0.0,Não especializado,1996
15012,0.0,0.0,Não especializado,1996
15013,0.0,0.0,Não especializado,1996
15014,0.0,0.0,Não especializado,1996
15015,0.0,0.0,Não especializado,1996
15016,0.0,0.0,Não especializado,1996
15017,0.0,0.0,Não especializado,1996
15018,0.0,0.0,Não especializado,1996
15019,0.0,0.0,Não especializado,1996
15020,0.0,0.0,Não especializado,1996
15021,0.0,0.0,Não especializado,1996
15022,0.0,0.0,Não especializado,1996
15023,0.0,0.0,Não especializado,1996
15024,0.0,0.0,Não especializado,1996
15025,0.0,0.0,Não especializado,1996
15026,0.0,0.0,Não especializado,1996
15027,0.0,0.0,Não especializado,1996
15028,0.0,0.0,Não especializado,1996
15029,0.0,0.0,Não especializado,1996
15030,0.0,0.0,Não especializado,1996
15031,0.0,0.0,Não especializado,1996
15032,0.0,0.0,Não especializado,1996
15033,0.0,0.0,Não especializado,1996
15034,0.0,0.0,Não especializado,1996
15035,0.0,0.0,Não especializado,1996
15036,0.0,0.0,Não especializado,1996
15037,0.0,0.0,Não especializado,1996
15038,0.0,0.0,Não especializado,1996
15039,0.0,0.0,Não especializado,1996
15040,0.0,0.0,Não especializado,1996
15041,0.0,0.0,Não especializado,1996
15042,0.0,0.0,Não especializado,1996
15043,0.0,0.0,Não especializado,1996
15044,0.0,0.0,Não especializado,1996
15045,0.0,0.0,Não especializado,1996
15046,0.0,0.0,Não especializado,1996
15047,0.0,0.0,Não especializado,1996
15048,0.0,0.0,Não especializado,1996
15049,0.0,0.0,Não especializado,1996
15050,0.0,0.0,Não especializado,1996
15051,0.0,0.0,Não especializado,1996
15052,0.0,0.0,Não especializado,1996
15053,0.0,0.0,Não especializado,1996
15054,0.0,0.0,Não especializado,1996
15055,0.0,0.0,Não especializado,1996
15056,0.0,0.0,Não especializado,1996
15057,0.0,0.0,Não especializado,1996
15058,0.0,0.0,Não especializado,1996
15059,0.0,0.0,Não especializado,1996
15060,0.0,0.0,Não especializado,1996
15061,0.0,0.0,Não especializado,1996
15062,0.0,0.0,Não especializado,1996
15063,0.0,0.0,Não especializado,1996
15064,0.0,0.0,Não especializado,1996
15065,0.0,0.0,Não especializado,1996
15066,0.0,0.0,Não especializado,1996
15067,0.0,0.0,Não especializado,1996
15068,0.0,0.0,Não especializado,1996
15069,0.0,0.0,Não especializado,1996
15070,0.0,0.0,Não especializado,1996
15071,0.0,0.0,Não especializado,1996
15072,0.0,0.0,Não especializado,1996
15073,0.0,0.0,Não especializado,1996
15074,0.0,0.0,Não especializado,1996
15075,0.0,0.0,Não especializado,1996
15076,0.0,0.0,Não especializado,1996
15077,0.0,0.0,Não especializado,1996
15078,0.0,0.0,Não especializado,1996
15079,0.0,0.0,Não especializado,1996
15080,0.0,0.0,Não especializado,1996
15081,0.0,0.0,Não especializado,1996
15082,0.0,0.0,Não especializado,1996
15083,0.0,0.0,Não especializado,1996
15084,0.0,0.0,Não especializado,1996
15085,0.0,0.0,Não especializado,1996
15086,0.0,0.0,Não especializado,1996
15087,0.0,0.0,Não especializado,1996
15088,0.0,0.0,Não especializado,1996
15089,0.0,0.0,Não especializado,1996
15090,0.0,0.0,Não especializado,1996
15091,0.0,0.0,Não especializado,1996
15092,0.0,0.0,Não especializado,1996
15093,0.0,0.0,Não especializado,1996
15094,0.0,0.0,Não especializado,1996
15095,0.0,0.0,Não especializado,1996
15096,0.0,0.0,Não especializado,1996
15097,0.0,0.0,Não especializado,1996
15098,0.0,0.0,Não especializado,1996
15099,0.0,0.0,Não especializado,1996
15100,0.0,0.0,Não especializado,1996
15101,0.0,0.0,Não especializado,1996
15102,0.0,0.0,Não especializado,1996
15103,0.0,0.0,Não especializado,1996
15104,0.0,0.0,Não especializado,1996
15105,0.0,0.0,Não especializado,1996
15106,0.0,0.0,Não especializado,1996
15107,0.0,0.0,Não especializado,1996
15108,0.0,0.0,Não especializado,1996
15109,0.0,0.0,Não especializado,1996
15110,0.0,0.0,Não especializado,1996
15111,0.0,0.0,Não especializado,1996
15112,0.0,0.0,Não especializado,1996
15113,0.0,0.0,Não especializado,1996
15114,0.0,0.0,Não especializado,1996
15115,0.0,0.0,Não especializado,1996
15116,0.0,0.0,Não especializado,1996
15117,0.0,0.0,Não especializado,1996
15118,0.0,0.0,Não especializado,1996
15119,0.0,0.0,Não especializado,1996
15120,0.0,0.0,Não especializado,1996
15121,0.0,0.0,Não especializado,1996
15122,0.0,0.0,Não especializado,1996
15123,0.0,0.0,Não especializado,1996
15124,0.0,0.0,Não especializado,1996
15125,0.0,0.0,Não especializado,1996
15126,0.0,0.0,Não especializado,1996
15127,0.0,0.0,Não especializado,1996
15128,0.0,0.0,Não especializado,1996
15129,0.0,0.0,Não especializado,1996
15130,0.0,0.0,Não especializado,1996
15131,0.0,0.0,Não especializado,1996
15132,0.0,0.0,Não especializado,1996
15133,0.0,0.0,Não especializado,1996
15134,0.0,0.0,Não especializado,1996
15135,0.0,0.0,Não especializado,1996
15136,0.0,0.0,Não especializado,1996
15137,0.0,0.0,Não especializado,1996
15138,0.0,0.0,Não especializado,1996
15139,0.0,0.0,Não especializado,1996
15140,0.0,0.0,Não especializado,1996
15141,0.0,0.0,Não especializado,1996
15142,0.0,0.0,Não especializado,1996
15143,0.0,0.0,Não especializado,1996
15144,0.0,0.0,Não especializado,1996
15145,0.0,0.0,Não especializado,1996
15146,0.0,0.0,Não especializado,1996
15147,0.0,0.0,Não especializado,1996
15148,0.0,0.0,Não especializado,1996
15149,0.0,0.0,Não especializado,1996
15150,0.0,0.0,Não especializado,1996
15151,0.0,0.0,Não especializado,1996
15152,0.0,0.0,Não especializado,1996
15153,0.0,0.0,Não especializado,1996
15154,0.0,0.0,Não especializado,1996
15155,0.0,0.0,Não especializado,1996
15156,0.0,0.0,Não especializado,1996
15157,0.0,0.0,Não especializado,1996
15158,0.0,0.0,Não especializado,1996
15159,0.0,0.0,Não especializado,1996
15160,0.0,0.0,Não especializado,1996
15161,0.0,0.0,Não especializado,1996
15162,0.0,0.0,Não especializado,1996
15163,0.0,0.0,Não especializado,1996
15164,0.0,0.0,Não especializado,1996
15165,0.0,0.0,Não especializado,1996
15166,0.0,0.0,Não especializado,1996
15167,0.0,0.0,Não especializado,1996
15168,0.0,0.0,Não especializado,1996
15169,0.0,0.0,Não especializado,1996
15170,0.0,0.0,Não especializado,1996
15171,0.0,0.0,Não especializado,1996
15172,0.0,0.0,Não especializado,1996
15173,0.0,0.0,Não especializado,1996
15174,0.0,0.0,Não especializado,1996
15175,0.0,0.0,Não especializado,1996
15176,0.0,0.0,Não especializado,1996
15177,0.0,0.0,Não especializado,1996
15178,0.0,0.0,Não especializado,1996
15179,0.0,0.0,Não especializado,1996
15180,0.0,0.0,Não especializado,1996
15181,0.0,0.0,Não especializado,1996
15182,0.0,0.0,Não especializado,1996
15183,0.0,0.0,Não especializado,1996
15184,0.0,0.0,Não especializado,1996
15185,0.0,0.0,Não especializado,1996
15186,0.0,0.0,Não especializado,1996
15187,0.0,0.0,Não especializado,1996
15188,0.0,0.0,Não especializado,1996
15189,0.0,0.0,Não especializado,1996
16001,0.0,0.0,Não especializado,1996
16002,0.0,0.0,Não especializado,1996
16003,0.0,0.0,Não especializado,1996
16004,0.0,0.0,Não especializado,1996
16005,0.0,0.0,Não especializado,1996
16006,0.0,0.0,Não especializado,1996
16007,0.0,0.0,Não especializado,1996
16008,0.0,0.0,Não especializado,1996
16009,0.0,0.0,Não especializado,1996
16010,0.0,0.0,Não especializado,1996
16011,0.0,0.0,Não especializado,1996
16012,0.0,0.0,Não especializado,1996
16013,0.0,0.0,Não especializado,1996
16014,0.0,0.0,Não especializado,1996
16015,0.0,0.0,Não especializado,1996
16016,0.0,0.0,Não especializado,1996
16017,0.0,0.0,Não especializado,1996
16018,0.0,0.0,Não especializado,1996
16019,0.0,0.0,Não especializado,1996
16020,0.0,0.0,Não especializado,1996
16021,0.03015924640060976,500.0,Não especializado,1996
16022,0.0,0.0,Não especializado,1996
16023,0.0,0.0,Não especializado,1996
16024,0.0,0.0,Não especializado,1996
16025,0.0,0.0,Não especializado,1996
16026,1.0269686664768631,1122.8070175438597,Baixa espec. / Baixa produt.,1996
16027,0.0,0.0,Não especializado,1996
16028,0.0,0.0,Não especializado,1996
16029,0.0,0.0,Não especializado,1996
16030,0.0,0.0,Não especializado,1996
16031,0.0,0.0,Não especializado,1996
16032,0.0,0.0,Não especializado,1996
16033,0.0,0.0,Não especializado,1996
16034,0.0,0.0,Não especializado,1996
16035,0.0,0.0,Não especializado,1996
16036,0.0,0.0,Não especializado,1996
16037,0.0,0.0,Não especializado,1996
16038,0.0,0.0,Não especializado,1996
16039,0.0,0.0,Não especializado,1996
16040,0.0,0.0,Não especializado,1996
16041,5.621030703741643,1973.421926910299,Alta espec. / Alta produt.,1996
16042,0.0,0.0,Não especializado,1996
16043,0.0,0.0,Não especializado,1996
16044,0.0,0.0,Não especializado,1996
16045,0.0,0.0,Não especializado,1996
16046,0.0,0.0,Não especializado,1996
16047,0.0,0.0,Não especializado,1996
16048,0.0,0.0,Não especializado,1996
16049,0.0,0.0,Não especializado,1996
16050,0.0,0.0,Não especializado,1996
16051,0.0,0.0,Não especializado,1996
16052,0.0,0.0,Não especializado,1996
16053,0.0,0.0,Não especializado,1996
16054,0.0,0.0,Não especializado,1996
16055,0.0,0.0,Não especializado,1996
16056,0.0,0.0,Não especializado,1996
16057,0.34293002332308775,1923.4592445328033,Não especializado,1996
16058,0.0,0.0,Não especializado,1996
16059,0.0,0.0,Não especializado,1996
16060,0.0,0.0,Não especializado,1996
16061,0.0,0.0,Não especializado,1996
16062,0.0,0.0,Não especializado,1996
16063,0.0,0.0,Não especializado,1996
16064,0.0,0.0,Não especializado,1996
16065,0.0,0.0,Não especializado,1996
16066,0.0,0.0,Não especializado,1996
16067,0.0,0.0,Não especializado,1996
16068,0.0,0.0,Não especializado,1996
16069,2.105417337364294,2185.5203619909503,Baixa espec. / Alta produt.,1996
16070,0.0,0.0,Não especializado,1996
16071,0.0,0.0,Não especializado,1996
16072,0.0,0.0,Não especializado,1996
16073,0.0,0.0,Não especializado,1996
16074,0.0,0.0,Não especializado,1996
16075,0.0,0.0,Não especializado,1996
16076,0.0,0.0,Não especializado,1996
16077,0.0,0.0,Não especializado,1996
16078,0.0,0.0,Não especializado,1996
16079,7.359182751753365,1857.7114427860697,Alta espec. / Alta produt.,1996
16080,0.0,0.0,Não especializado,1996
16081,0.0,0.0,Não especializado,1996
16082,0.0,0.0,Não especializado,1996
16083,0.0,0.0,Não especializado,1996
16084,0.0,0.0,Não especializado,1996
16085,0.0,0.0,Não especializado,1996
16086,0.0,0.0,Não especializado,1996
16087,0.0,0.0,Não especializado,1996
16088,0.0,0.0,Não especializado,1996
16089,0.0,0.0,Não especializado,1996
16090,2.759042943993099,2159.1054313099044,Baixa espec. / Alta produt.,1996
16091,0.0,0.0,Não especializado,1996
16092,0.0,0.0,Não especializado,1996
16093,0.0,0.0,Não especializado,1996
16094,0.0,0.0,Não especializado,1996
16095,0.10608975493669007,1244.4444444444443,Não especializado,1996
16096,0.0,0.0,Não especializado,1996
16097,0.0,0.0,Não especializado,1996
16098,0.0,0.0,Não especializado,1996
16099,0.0,0.0,Não especializado,1996
16100,0.0,0.0,Não especializado,1996
16101,0.0,0.0,Não especializado,1996
16102,0.0,0.0,Não especializado,1996
16103,0.0,0.0,Não especializado,1996
16104,0.0,0.0,Não especializado,1996
16105,0.0,0.0,Não especializado,1996
16106,0.0,0.0,Não especializado,1996
16107,0.0,0.0,Não especializado,1996
16108,7.479090764034378,2473.684210526316,Alta espec. / Alta produt.,1996
16109,0.0,0.0,Não especializado,1996
16110,0.0,0.0,Não especializado,1996
16111,4.164236547912319,2403.846153846154,Baixa espec. / Alta produt.,1996
16112,0.0,0.0,Não especializado,1996
16113,0.0,0.0,Não especializado,1996
16114,0.0,0.0,Não especializado,1996
16115,0.0,0.0,Não especializado,1996
16116,0.0,0.0,Não especializado,1996
16117,0.0,0.0,Não especializado,1996
16118,0.0,0.0,Não especializado,1996
16119,0.0,0.0,Não especializado,1996
16120,0.0,0.0,Não especializado,1996
16121,3.254233716564422,2475.1873607453917,Baixa espec. / Alta produt.,1996
16122,0.18160064333490566,3624.1610738255035,Não especializado,1996
16123,0.0,0.0,Não especializado,1996
16124,0.0,0.0,Não especializado,1996
16125,0.0,0.0,Não especializado,1996
16126,0.0,0.0,Não especializado,1996
16127,0.0,0.0,Não especializado,1996
16128,0.0,0.0,Não especializado,1996
16129,8.237388062700894,1950.0,Alta espec. / Alta produt.,1996
16130,4.093225596127531,2226.4150943396226,Baixa espec. / Alta produt.,1996
16131,0.0,0.0,Não especializado,1996
16132,1.0679061794531484,1600.0,Baixa espec. / Alta produt.,1996
16133,0.0,0.0,Não especializado,1996
16134,0.0,0.0,Não especializado,1996
16135,0.0,0.0,Não especializado,1996
16136,0.0,0.0,Não especializado,1996
16137,0.0,0.0,Não especializado,1996
16138,0.0,0.0,Não especializado,1996
16139,0.0,0.0,Não especializado,1996
16140,0.0,0.0,Não especializado,1996
16141,0.0,0.0,Não especializado,1996
16142,0.0,0.0,Não especializado,1996
16143,0.0,0.0,Não especializado,1996
16144,0.0,0.0,Não especializado,1996
16145,0.0,0.0,Não especializado,1996
16146,0.0,0.0,Não especializado,1996
16147,0.0,0.0,Não especializado,1996
16148,0.0,0.0,Não especializado,1996
16149,0.0,0.0,Não especializado,1996
16150,1.1578302963667566,2000.0,Baixa espec. / Alta produt.,1996
16151,0.1381970488466033,300.0,Não especializado,1996
16152,0.0,0.0,Não especializado,1996
16153,0.0,0.0,Não especializado,1996
16154,0.0,0.0,Não especializado,1996
16155,0.04947418022192517,1500.0,Não especializado,1996
16156,0.0,0.0,Não especializado,1996
16157,0.0,0.0,Não especializado,1996
16158,0.0,0.0,Não especializado,1996
16159,0.0,0.0,Não especializado,1996
16160,0.0,0.0,Não especializado,1996
16161,0.0,0.0,Não especializado,1996
16162,0.0,0.0,Não especializado,1996
16163,0.0,0.0,Não especializado,1996
16164,0.0,0.0,Não especializado,1996
16165,0.0,0.0,Não especializado,1996
16166,0.0,0.0,Não especializado,1996
16167,0.0,0.0,Não especializado,1996
16168,0.0,0.0,Não especializado,1996
16169,0.0,0.0,Não especializado,1996
16170,0.0,0.0,Não especializado,1996
16171,0.0,0.0,Não especializado,1996
16172,4.053710879841537,2100.0,Baixa espec. / Alta produt.,1996
16173,6.884827790451899,1850.5747126436781,Alta espec. / Alta produt.,1996
16174,0.0,0.0,Não especializado,1996
16175,0.0,0.0,Não especializado,1996
16176,0.0,0.0,Não especializado,1996
16177,0.0,0.0,Não especializado,1996
16178,0.0,0.0,Não especializado,1996
16179,1.5761141871837252,2200.0,Baixa espec. / Alta produt.,1996
16180,0.0,0.0,Não especializado,1996
16181,0.0,0.0,Não especializado,1996
16182,0.0,0.0,Não especializado,1996
16183,0.0,0.0,Não especializado,1996
16184,0.0,0.0,Não especializado,1996
16185,0.0,0.0,Não especializado,1996
16186,0.0,0.0,Não especializado,1996
16187,20.18498404150591,2170.0,Alta espec. / Alta produt.,1996
16188,0.0,0.0,Não especializado,1996
16189,0.0,0.0,Não especializado,1996
16190,0.0,0.0,Não especializado,1996
16191,0.48353898560738634,1500.0,Não especializado,1996
16192,0.0,0.0,Não especializado,1996
16193,0.0,0.0,Não especializado,1996
16194,0.0,0.0,Não especializado,1996
16195,0.0,0.0,Não especializado,1996
16196,0.0,0.0,Não especializado,1996
16197,0.0,0.0,Não especializado,1996
16198,0.0,0.0,Não especializado,1996
16199,0.0,0.0,Não especializado,1996
16200,0.0,0.0,Não especializado,1996
16201,0.0,0.0,Não especializado,1996
16202,0.0,0.0,Não especializado,1996
16203,0.0,0.0,Não especializado,1996
2001,0.0,0.0,Não especializado,1996
2002,0.0,0.0,Não especializado,1996
2003,0.0,0.0,Não especializado,1996
2004,0.0,0.0,Não especializado,1996
2005,0.0,0.0,Não especializado,1996
2006,0.0,0.0,Não especializado,1996
2007,0.0,0.0,Não especializado,1996
2008,0.0,0.0,Não especializado,1996
2009,0.0,0.0,Não especializado,1996
2010,0.0,0.0,Não especializado,1996
2011,0.024736712070309863,600.0,Não especializado,1996
2012,0.13285019323052574,866.6666666666666,Não especializado,1996
2013,0.0,0.0,Não especializado,1996
2014,0.0,0.0,Não especializado,1996
2015,0.0,0.0,Não especializado,1996
2016,0.0,0.0,Não especializado,1996
2017,0.0,0.0,Não especializado,1996
2018,0.0,0.0,Não especializado,1996
2019,0.0,0.0,Não especializado,1996
2020,0.0,0.0,Não especializado,1996
2021,0.26491763573170635,666.6666666666666,Não especializado,1996
2022,0.3614355869497565,776.9607843137255,Não especializado,1996
2023,0.0,0.0,Não especializado,1996
2024,0.0,0.0,Não especializado,1996
2025,0.0,0.0,Não especializado,1996
2026,0.0,0.0,Não especializado,1996
2027,1.4105854068154473,700.0,Baixa espec. / Baixa produt.,1996
2028,6.901531992356626,893.9271255060729,Alta espec. / Baixa produt.,1996
2029,0.0,0.0,Não especializado,1996
2030,0.0,0.0,Não especializado,1996
2031,0.0,0.0,Não especializado,1996
2032,0.0,0.0,Não especializado,1996
2033,0.0,0.0,Não especializado,1996
2034,3.054050479850426,898.1481481481482,Baixa espec. / Baixa produt.,1996
2035,0.01809769751097574,750.0,Não especializado,1996
2036,0.0,0.0,Não especializado,1996
2037,0.0,0.0,Não especializado,1996
2038,1.1600934517544947,745.4545454545455,Baixa espec. / Baixa produt.,1996
2039,0.0,0.0,Não especializado,1996
2040,0.0,0.0,Não especializado,1996
2041,0.18965587736938666,395.3488372093023,Não especializado,1996
2042,0.0,0.0,Não especializado,1996
2043,0.0,0.0,Não especializado,1996
2044,0.0,0.0,Não especializado,1996
2045,0.0,0.0,Não especializado,1996
2046,0.0,0.0,Não especializado,1996
2047,0.0,0.0,Não especializado,1996
2048,0.0,0.0,Não especializado,1996
2049,0.0,0.0,Não especializado,1996
2050,0.0,0.0,Não especializado,1996
2051,0.0,0.0,Não especializado,1996
2052,0.24179528980463255,714.2857142857143,Não especializado,1996
2053,0.0,0.0,Não especializado,1996
2054,0.0,0.0,Não especializado,1996
2055,0.8534817824249586,695.6521739130435,Não especializado,1996
2056,0.0,0.0,Não especializado,1996
2057,0.7531774237532989,763.6363636363636,Não especializado,1996
2058,0.0,0.0,Não especializado,1996
2059,0.0,0.0,Não especializado,1996
2061,0.0,0.0,Não especializado,1996
2062,0.0,0.0,Não especializado,1996
2063,2.258576866494036,650.0,Baixa espec. / Baixa produt.,1996
2064,0.0,0.0,Não especializado,1996
2065,0.0,0.0,Não especializado,1996
2066,0.0,0.0,Não especializado,1996
2067,0.4864306870779919,320.0,Não especializado,1996
2068,1.3095847526866713,750.0,Baixa espec. / Baixa produt.,1996
2069,0.0,0.0,Não especializado,1996
2070,0.0,0.0,Não especializado,1996
2071,0.0,0.0,Não especializado,1996
2072,0.0,0.0,Não especializado,1996
2073,0.0,0.0,Não especializado,1996
2074,0.0,0.0,Não especializado,1996
2075,0.0,0.0,Não especializado,1996
2076,0.0,0.0,Não especializado,1996
21001,0.1668260831447989,560.0,Não especializado,1996
21002,0.0,0.0,Não especializado,1996
21003,0.0,0.0,Não especializado,1996
21004,0.0,0.0,Não especializado,1996
21005,0.0,0.0,Não especializado,1996
3001,0.023558062431790025,1058.8235294117646,Não especializado,1996
3002,0.0,0.0,Não especializado,1996
3003,0.0,0.0,Não especializado,1996
3004,0.0,0.0,Não especializado,1996
3005,0.0,0.0,Não especializado,1996
3006,0.0,0.0,Não especializado,1996
3007,0.0,0.0,Não especializado,1996
3008,0.0,0.0,Não especializado,1996
3009,0.0,0.0,Não especializado,1996
3010,0.0,0.0,Não especializado,1996
3011,0.0,0.0,Não especializado,1996
3012,0.0,0.0,Não especializado,1996
3013,0.0,0.0,Não especializado,1996
3014,0.0,0.0,Não especializado,1996
3015,0.37567842744525987,2206.627680311891,Não especializado,1996
3016,0.0,0.0,Não especializado,1996
3017,0.0,0.0,Não especializado,1996
3018,0.0,0.0,Não especializado,1996
3019,0.0,0.0,Não especializado,1996
3020,0.0,0.0,Não especializado,1996
3021,0.0,0.0,Não especializado,1996
3022,0.0,0.0,Não especializado,1996
3023,0.0,0.0,Não especializado,1996
3024,0.0,0.0,Não especializado,1996
3025,0.0,0.0,Não especializado,1996
3026,0.0,0.0,Não especializado,1996
3027,0.0,0.0,Não especializado,1996
3028,0.0,0.0,Não especializado,1996
3029,0.0,0.0,Não especializado,1996
3030,0.0,0.0,Não especializado,1996
3031,0.0,0.0,Não especializado,1996
3032,0.0,0.0,Não especializado,1996
3033,0.0,0.0,Não especializado,1996
3034,0.0,0.0,Não especializado,1996
3035,0.0,0.0,Não especializado,1996
3036,0.0013210315552405765,1000.0,Não especializado,1996
3037,0.0,0.0,Não especializado,1996
3038,0.0,0.0,Não especializado,1996
3039,0.0,0.0,Não especializado,1996
3040,0.0,0.0,Não especializado,1996
3041,0.0,0.0,Não especializado,1996
3042,0.0,0.0,Não especializado,1996
3043,0.12713029511391705,1656.25,Não especializado,1996
3044,0.0,0.0,Não especializado,1996
3045,0.0,0.0,Não especializado,1996
3046,0.0,0.0,Não especializado,1996
3047,0.0,0.0,Não especializado,1996
3048,0.010476678021493373,1000.0,Não especializado,1996
3049,0.03773069357390969,1250.0,Não especializado,1996
3050,0.0,0.0,Não especializado,1996
3051,0.0,0.0,Não especializado,1996
3052,0.0,0.0,Não especializado,1996
3053,0.0,0.0,Não especializado,1996
3054,0.0,0.0,Não especializado,1996
3055,0.0,0.0,Não especializado,1996
3056,0.0,0.0,Não especializado,1996
3057,0.0,0.0,Não especializado,1996
3058,0.0,0.0,Não especializado,1996
3059,0.0,0.0,Não especializado,1996
3060,0.0,0.0,Não especializado,1996
3061,0.0,0.0,Não especializado,1996
3062,0.0,0.0,Não especializado,1996
3063,0.0,0.0,Não especializado,1996
3064,0.0,0.0,Não especializado,1996
3065,0.0,0.0,Não especializado,1996
3066,0.0,0.0,Não especializado,1996
3067,0.0,0.0,Não especializado,1996
3068,0.0,0.0,Não especializado,1996
3069,0.0,0.0,Não especializado,1996
3070,0.0,0.0,Não especializado,1996
3071,0.0,0.0,Não especializado,1996
3072,0.0,0.0,Não especializado,1996
3073,0.0,0.0,Não especializado,1996
3074,0.0,0.0,Não especializado,1996
3075,0.0,0.0,Não especializado,1996
3076,0.0,0.0,Não especializado,1996
3077,0.0,0.0,Não especializado,1996
3078,0.0,0.0,Não especializado,1996
3079,0.0,0.0,Não especializado,1996
3080,0.0,0.0,Não especializado,1996
3081,0.0,0.0,Não especializado,1996
3082,0.0,0.0,Não especializado,1996
3083,0.0,0.0,Não especializado,1996
3084,0.0,0.0,Não especializado,1996
3085,0.09536470985412035,1354.8387096774193,Não especializado,1996
3086,0.0,0.0,Não especializado,1996
3087,0.0,0.0,Não especializado,1996
3088,0.0,0.0,Não especializado,1996
3089,0.0,0.0,Não especializado,1996
3090,0.0,0.0,Não especializado,1996
3091,0.0,0.0,Não especializado,1996
3092,0.0,0.0,Não especializado,1996
3093,0.0,0.0,Não especializado,1996
3094,0.0,0.0,Não especializado,1996
3095,0.0,0.0,Não especializado,1996
3096,0.0,0.0,Não especializado,1996
3097,0.0,0.0,Não especializado,1996
3098,0.0,0.0,Não especializado,1996
3099,1.121483308307192,1421.5686274509803,Baixa espec. / Alta produt.,1996
3100,0.0,0.0,Não especializado,1996
3101,0.0,0.0,Não especializado,1996
3102,0.0,0.0,Não especializado,1996
4001,13.255264286184149,309.73136452588506,Alta espec. / Baixa produt.,1996
4002,0.0,0.0,Não especializado,1996
4003,0.0,0.0,Não especializado,1996
4004,0.47333067717786337,350.25380710659897,Não especializado,1996
4005,0.637930709118701,348.6238532110092,Não especializado,1996
4006,0.0,0.0,Não especializado,1996
4007,0.0,0.0,Não especializado,1996
4008,0.7786520817452747,341.4634146341463,Não especializado,1996
4009,0.0,0.0,Não especializado,1996
4010,0.13799205066672857,1000.0,Não especializado,1996
4011,0.004554821043759254,1333.3333333333333,Não especializado,1996
4012,0.0,0.0,Não especializado,1996
4013,0.10066211158710982,750.0,Não especializado,1996
4014,0.016920831636219172,333.3333333333333,Não especializado,1996
4015,0.006452390792955138,1000.0,Não especializado,1996
4016,0.01656836843564897,500.0,Não especializado,1996
4017,0.0028769804740690443,1000.0,Não especializado,1996
4018,0.0,0.0,Não especializado,1996
4019,0.0,0.0,Não especializado,1996
4020,0.0,0.0,Não especializado,1996
4021,0.06351370430922997,647.0588235294117,Não especializado,1996
4022,2.4475505357672267,244.44444444444446,Baixa espec. / Baixa produt.,1996
4023,1.5828407452296094,314.56310679611653,Baixa espec. / Baixa produt.,1996
4024,0.0,0.0,Não especializado,1996
4025,0.0,0.0,Não especializado,1996
4026,0.010340147913125885,1000.0,Não especializado,1996
4027,0.0,0.0,Não especializado,1996
4028,0.005236813725195658,1000.0,Não especializado,1996
4029,0.0,0.0,Não especializado,1996
4030,0.021581956724276347,600.0,Não especializado,1996
4031,0.0,0.0,Não especializado,1996
4032,1.1004759342814152,295.08196721311475,Baixa espec. / Baixa produt.,1996
4033,0.7426989156127487,235.2941176470588,Não especializado,1996
4034,1.3151943809019426,291.2621359223301,Baixa espec. / Baixa produt.,1996
4035,1.5680952499630527,277.10843373493975,Baixa espec. / Baixa produt.,1996
4036,0.0,0.0,Não especializado,1996
4037,1.1172887987906617,2400.0,Baixa espec. / Alta produt.,1996
4038,0.0,0.0,Não especializado,1996
4039,0.0,0.0,Não especializado,1996
4040,20.86648872595974,483.00878197785414,Alta espec. / Baixa produt.,1996
4041,0.0,0.0,Não especializado,1996
4042,0.0,0.0,Não especializado,1996
4043,7.677375909821625,296.2962962962963,Alta espec. / Baixa produt.,1996
4044,0.021364043480772466,500.0,Não especializado,1996
4045,0.035357071959823634,1000.0,Não especializado,1996
4046,0.0,0.0,Não especializado,1996
4047,0.0,0.0,Não especializado,1996
4048,0.0,0.0,Não especializado,1996
4049,0.0,0.0,Não especializado,1996
4050,0.0,0.0,Não especializado,1996
4051,0.02115878110223171,1000.0,Não especializado,1996
4052,0.0,0.0,Não especializado,1996
4053,0.0,0.0,Não especializado,1996
4054,0.032483378573564634,1000.0,Não especializado,1996
4055,0.0,0.0,Não especializado,1996
4056,0.0,0.0,Não especializado,1996
4057,0.0,0.0,Não especializado,1996
4058,0.0,0.0,Não especializado,1996
4059,0.7229250209929168,365.8536585365854,Não especializado,1996
4060,0.013073635040148017,500.0,Não especializado,1996
4061,0.11867423480162306,235.2941176470588,Não especializado,1996
4062,0.0,0.0,Não especializado,1996
4063,0.48641719385504933,681.3186813186813,Não especializado,1996
4064,0.0,0.0,Não especializado,1996
4065,0.0,0.0,Não especializado,1996
4066,0.006367861655929525,1000.0,Não especializado,1996
4067,0.0,0.0,Não especializado,1996
4068,0.2442779482091267,1125.0,Não especializado,1996
4069,0.0,0.0,Não especializado,1996
4070,0.0,0.0,Não especializado,1996
4071,0.0,0.0,Não especializado,1996
4072,0.0,0.0,Não especializado,1996
4073,0.0,0.0,Não especializado,1996
4074,0.0,0.0,Não especializado,1996
4075,0.12944466955672834,454.54545454545456,Não especializado,1996
4076,0.0,0.0,Não especializado,1996
4077,0.0,0.0,Não especializado,1996
4078,0.6863264524011112,280.70175438596493,Não especializado,1996
4079,0.0,0.0,Não especializado,1996
4080,0.09522151654214138,750.0,Não especializado,1996
4081,0.0,0.0,Não especializado,1996
4082,0.175681509439139,764.7058823529412,Não especializado,1996
4083,0.0,0.0,Não especializado,1996
4084,0.0,0.0,Não especializado,1996
4085,0.0,0.0,Não especializado,1996
4086,0.017603553608708276,1000.0,Não especializado,1996
4087,0.0,0.0,Não especializado,1996
4088,0.0,0.0,Não especializado,1996
4089,0.0,0.0,Não especializado,1996
4090,0.0,0.0,Não especializado,1996
4091,0.0,0.0,Não especializado,1996
4092,0.06355110931765708,500.0,Não especializado,1996
4093,0.0,0.0,Não especializado,1996
4094,0.0,0.0,Não especializado,1996
4095,0.0,0.0,Não especializado,1996
4096,0.23602960190596137,1437.5,Não especializado,1996
4097,0.0434594376243986,666.6666666666666,Não especializado,1996
4098,0.0,0.0,Não especializado,1996
4099,2.1620531485487864,385.6115107913669,Baixa espec. / Baixa produt.,1996
4100,1.9603510160396342,501.53846153846155,Baixa espec. / Baixa produt.,1996
4101,0.0,0.0,Não especializado,1996
4102,0.0,0.0,Não especializado,1996
4103,3.147254657991098,647.8260869565217,Baixa espec. / Baixa produt.,1996
4104,0.11742797322924073,638.8888888888889,Não especializado,1996
4105,3.2203443279679362,350.87719298245617,Baixa espec. / Baixa produt.,1996
4106,0.03056934380209114,1000.0,Não especializado,1996
4107,0.0,0.0,Não especializado,1996
4108,0.43198472226333756,666.6666666666666,Não especializado,1996
4109,0.354219473212178,1012.8205128205128,Não especializado,1996
4110,0.1307954528595664,1027.027027027027,Não especializado,1996
4111,0.02277538700324646,1000.0,Não especializado,1996
4112,0.0,0.0,Não especializado,1996
4113,0.014357342152924656,1000.0,Não especializado,1996
4114,0.26442584536315417,803.030303030303,Não especializado,1996
4115,1.292984731542065,1850.0,Baixa espec. / Alta produt.,1996
4116,0.6370117096893845,833.3333333333334,Não especializado,1996
4117,0.43038183922487,915.7303370786517,Não especializado,1996
4118,0.06683789632789205,1875.0,Não especializado,1996
4119,0.6355504925003884,697.3684210526316,Não especializado,1996
4120,0.0,0.0,Não especializado,1996
4121,0.0,0.0,Não especializado,1996
4122,0.7387033380434126,360.0,Não especializado,1996
4123,0.0,0.0,Não especializado,1996
4124,0.5061626351993173,656.5656565656566,Não especializado,1996
4125,1.2446776859509252,1848.4848484848485,Baixa espec. / Alta produt.,1996
4126,0.3672185149974099,795.9183673469388,Não especializado,1996
4127,0.12018126524565419,1027.027027027027,Não especializado,1996
4128,0.0,0.0,Não especializado,1996
4129,0.13361785985807542,1200.0,Não especializado,1996
4130,0.030117159816182452,1000.0,Não especializado,1996
4131,0.10659304599439216,2000.0,Não especializado,1996
4132,0.4135496714381053,967.741935483871,Não especializado,1996
4133,0.0,0.0,Não especializado,1996
4134,0.0,0.0,Não especializado,1996
4135,0.06196963071671999,1166.6666666666667,Não especializado,1996
4136,0.5541073033893553,363.20754716981133,Não especializado,1996
4137,0.0,0.0,Não especializado,1996
4138,0.8031482280484807,509.4339622641509,Não especializado,1996
4139,0.0,0.0,Não especializado,1996
4140,0.17719176292509314,636.3636363636364,Não especializado,1996
4141,0.049364036423321926,1000.0,Não especializado,1996
4142,0.22281598930700336,1000.0,Não especializado,1996
4143,0.0,0.0,Não especializado,1996
4144,0.0,0.0,Não especializado,1996
4145,1.0097979751725628,545.7516339869281,Baixa espec. / Baixa produt.,1996
4146,0.40524672787041693,647.887323943662,Não especializado,1996
4147,0.10640491412166107,642.8571428571429,Não especializado,1996
4148,0.206292599901842,1022.7272727272727,Não especializado,1996
4149,0.0,0.0,Não especializado,1996
4150,0.0,0.0,Não especializado,1996
4151,0.0,0.0,Não especializado,1996
4152,0.006446223633296399,1000.0,Não especializado,1996
4153,0.0,0.0,Não especializado,1996
4154,0.43129409920616196,1600.0,Não especializado,1996
4155,0.0,0.0,Não especializado,1996
4156,0.32206220533066876,1058.8235294117646,Não especializado,1996
4157,0.0,0.0,Não especializado,1996
4158,0.13315619894050065,600.0,Não especializado,1996
4159,0.0,0.0,Não especializado,1996
4160,0.1578521749840899,1000.0,Não especializado,1996
4161,0.24228971904885038,1125.0,Não especializado,1996
4162,1.0343489626629605,900.3021148036254,Baixa espec. / Baixa produt.,1996
4163,0.11703881086917758,883.3333333333334,Não especializado,1996
4164,0.7900976672571066,1355.5555555555557,Não especializado,1996
4165,0.07756425893386942,846.1538461538462,Não especializado,1996
4166,0.054716716868631034,846.1538461538462,Não especializado,1996
4167,1.9068179783768298,602.112676056338,Baixa espec. / Baixa produt.,1996
4168,0.0,0.0,Não especializado,1996
4169,0.6644691109690993,400.0,Não especializado,1996
4170,0.10888400896475055,1263.157894736842,Não especializado,1996
4171,0.16263720214224828,666.6666666666666,Não especializado,1996
4172,0.03602997783685533,666.6666666666666,Não especializado,1996
4173,0.38026718962322015,698.1132075471698,Não especializado,1996
4174,0.40148327928583527,555.5555555555555,Não especializado,1996
4175,0.5837787428600717,823.5294117647059,Não especializado,1996
4176,1.8063608217572098,510.2040816326531,Baixa espec. / Baixa produt.,1996
4177,0.09543907749532582,1916.6666666666667,Não especializado,1996
4178,0.043808778670583685,2000.0,Não especializado,1996
4179,0.10899978143573912,666.6666666666666,Não especializado,1996
4180,0.030579739180849504,1400.0,Não especializado,1996
4181,0.15607264612048996,592.5925925925926,Não especializado,1996
4182,0.0936864735465824,727.2727272727273,Não especializado,1996
4183,0.9551544097547889,586.4406779661017,Não especializado,1996
4184,0.07480747564740502,1250.0,Não especializado,1996
4185,0.0,0.0,Não especializado,1996
4186,0.0,0.0,Não especializado,1996
4187,0.3461309456677628,1200.0,Não especializado,1996
4188,0.9004988897472744,1881.6666666666667,Não especializado,1996
4189,0.0,0.0,Não especializado,1996
4190,0.2049568539817317,1800.0,Não especializado,1996
4191,0.11597383064560621,2000.0,Não especializado,1996
4192,0.7219453302402534,493.27354260089686,Não especializado,1996
4193,0.10308841762771623,1307.6923076923076,Não especializado,1996
4194,0.0,0.0,Não especializado,1996
4195,0.0,0.0,Não especializado,1996
4196,0.0,0.0,Não especializado,1996
4197,0.0,0.0,Não especializado,1996
4198,0.0,0.0,Não especializado,1996
4199,0.02200623697311806,1000.0,Não especializado,1996
4200,0.48023358118728937,1405.4054054054054,Não especializado,1996
4201,0.0,0.0,Não especializado,1996
4202,0.0,0.0,Não especializado,1996
4203,0.2504869629094283,400.0,Não especializado,1996
4204,0.05626161815504782,1000.0,Não especializado,1996
4205,0.006415563830046476,1000.0,Não especializado,1996
4206,0.02207105121929594,1000.0,Não especializado,1996
4207,0.049705105306946905,1000.0,Não especializado,1996
4208,0.022519780471002074,666.6666666666666,Não especializado,1996
4209,0.16534730300154257,1812.5,Não especializado,1996
4210,0.06610498874135122,1000.0,Não especializado,1996
4211,0.8203156062845762,706.6666666666666,Não especializado,1996
4212,0.0,0.0,Não especializado,1996
4213,0.7031839625741679,2152.9411764705883,Não especializado,1996
4214,0.16708611657504266,833.3333333333334,Não especializado,1996
4215,1.3847641604555496,669.1176470588235,Baixa espec. / Baixa produt.,1996
4216,0.008438362810555343,1000.0,Não especializado,1996
4217,0.3373586399167832,1244.4444444444443,Não especializado,1996
4218,0.2548476671220216,1238.095238095238,Não especializado,1996
4219,0.25239783862503823,961.5384615384615,Não especializado,1996
4220,0.26442304037911507,666.6666666666666,Não especializado,1996
4221,0.01760929889382861,1000.0,Não especializado,1996
4222,0.6232017712474288,692.3076923076923,Não especializado,1996
4223,0.0,0.0,Não especializado,1996
4224,4.860905082880559,838.479809976247,Alta espec. / Baixa produt.,1996
4225,0.0,0.0,Não especializado,1996
4226,10.400806346521657,470.01090512540895,Alta espec. / Baixa produt.,1996
4227,0.3006192463044877,1041.6666666666667,Não especializado,1996
4228,0.1402987528509792,809.5238095238095,Não especializado,1996
4229,0.013483666577706076,500.0,Não especializado,1996
4230,0.0,0.0,Não especializado,1996
4231,0.05058271107252268,1000.0,Não especializado,1996
4232,0.0,0.0,Não especializado,1996
4233,0.6744361476336358,1027.7777777777778,Não especializado,1996
4234,0.0,0.0,Não especializado,1996
4235,0.692122008696568,681.4159292035398,Não especializado,1996
4236,0.034073187123896974,500.0,Não especializado,1996
5001,0.5593815362088591,1454.5454545454545,Não especializado,1996
5002,4.039984076124595,352.23880597014926,Baixa espec. / Baixa produt.,1996
5003,7.993317305287535,500.0,Alta espec. / Baixa produt.,1996
5004,0.8246380844428733,142.85714285714286,Não especializado,1996
5005,3.1430034064480115,360.0,Baixa espec. / Baixa produt.,1996
5006,2.24059162241315,580.6451612903226,Baixa espec. / Baixa produt.,1996
5007,6.495372208349623,600.0,Alta espec. / Baixa produt.,1996
5008,3.3434479820722456,350.0,Baixa espec. / Baixa produt.,1996
5009,1.6953618793618495,575.0,Baixa espec. / Baixa produt.,1996
5010,18.99680779661968,240.0,Alta espec. / Baixa produt.,1996
5011,0.0,0.0,Não especializado,1996
5012,2.454920893463679,230.43478260869566,Baixa espec. / Baixa produt.,1996
5013,0.0,0.0,Não especializado,1996
5014,9.903839106285565,229.9227799227799,Alta espec. / Baixa produt.,1996
5015,0.13771029048159994,200.0,Não especializado,1996
5016,8.365099505533466,620.0,Alta espec. / Baixa produt.,1996
5017,0.6566251893719224,280.0,Não especializado,1996
5018,0.06257816261968321,200.0,Não especializado,1996
5019,0.150292177745657,555.5555555555555,Não especializado,1996
5020,0.7014720495431098,333.3333333333333,Não especializado,1996
5021,6.122540914688325,200.0,Alta espec. / Baixa produt.,1996
5022,0.0,0.0,Não especializado,1996
5023,0.01629564838740286,333.3333333333333,Não especializado,1996
5024,0.0,0.0,Não especializado,1996
5025,12.560631823492441,230.0,Alta espec. / Baixa produt.,1996
5026,0.0,0.0,Não especializado,1996
5027,0.0,0.0,Não especializado,1996
5028,1.8135017271292997,191.48936170212767,Baixa espec. / Baixa produt.,1996
5029,0.022258618733783358,500.0,Não especializado,1996
5030,0.18771582637914316,571.4285714285714,Não especializado,1996
5031,0.980998032921652,1000.0,Não especializado,1996
5032,0.0,0.0,Não especializado,1996
5033,0.20872298572801107,500.0,Não especializado,1996
5034,0.0,0.0,Não especializado,1996
5035,0.42086499072301764,600.0,Não especializado,1996
5036,0.0,0.0,Não especializado,1996
5037,0.041155523883059396,500.0,Não especializado,1996
5038,0.0,0.0,Não especializado,1996
5039,15.79167565190952,229.16666666666666,Alta espec. / Baixa produt.,1996
5040,2.015001919032555,127.65957446808511,Baixa espec. / Baixa produt.,1996
5041,0.6166273349793241,250.0,Não especializado,1996
5042,1.3996080884744713,600.0,Baixa espec. / Baixa produt.,1996
5043,6.009827058121507,288.8888888888889,Alta espec. / Baixa produt.,1996
5044,0.07785698673981366,400.0,Não especializado,1996
5045,6.3364523559237655,230.0,Alta espec. / Baixa produt.,1996
5046,8.845064231260796,231.25,Alta espec. / Baixa produt.,1996
5047,7.870397223703588,120.48192771084338,Alta espec. / Baixa produt.,1996
5048,0.5234950693145943,600.0,Não especializado,1996
5049,8.023032239507936,300.0,Alta espec. / Baixa produt.,1996
5050,0.0,0.0,Não especializado,1996
5051,7.8766265417066945,230.0,Alta espec. / Baixa produt.,1996
5052,0.0,0.0,Não especializado,1996
5053,3.1430034064480115,300.0,Baixa espec. / Baixa produt.,1996
5054,19.820164338621133,230.55555555555554,Alta espec. / Baixa produt.,1996
5055,0.1656582493420045,200.0,Não especializado,1996
5056,1.8895377584132425,772.7272727272727,Baixa espec. / Baixa produt.,1996
5057,0.5046614524790117,130.43478260869566,Não especializado,1996
5058,0.0,0.0,Não especializado,1996
5059,0.0,0.0,Não especializado,1996
5060,6.9370575185173955,600.0,Alta espec. / Baixa produt.,1996
5061,1.192373299683776,583.3333333333334,Baixa espec. / Baixa produt.,1996
5062,1.0705335676724377,500.0,Baixa espec. / Baixa produt.,1996
5063,1.777496435798406,392.40506329113924,Baixa espec. / Baixa produt.,1996
5064,0.0,0.0,Não especializado,1996
5065,0.05656834956038044,800.0,Não especializado,1996
5066,0.11002781913982333,500.0,Não especializado,1996
5067,0.19492374209064617,200.0,Não especializado,1996
5068,0.02281873199860049,1500.0,Não especializado,1996
5069,0.08812044859422212,428.57142857142856,Não especializado,1996
5070,0.9321854148357094,280.0,Não especializado,1996
5071,0.23979951915862605,266.6666666666667,Não especializado,1996
5072,1.228574386581196,500.0,Baixa espec. / Baixa produt.,1996
5073,0.031214863645178396,500.0,Não especializado,1996
5074,0.0,0.0,Não especializado,1996
5075,3.973114271773996,140.0,Baixa espec. / Baixa produt.,1996
5076,0.42381486014439956,615.3846153846154,Não especializado,1996
5077,0.6135886104324207,600.0,Não especializado,1996
5078,0.0,0.0,Não especializado,1996
5079,25.960904465433863,230.12048192771084,Alta espec. / Baixa produt.,1996
5080,0.48960881860881,600.0,Não especializado,1996
5081,0.7607739847147506,605.2631578947369,Não especializado,1996
5082,0.06015038105985603,400.0,Não especializado,1996
5083,0.0,0.0,Não especializado,1996
5084,0.0,0.0,Não especializado,1996
5085,0.8266837356081338,600.0,Não especializado,1996
5086,8.899775968773751,231.25,Alta espec. / Baixa produt.,1996
5087,0.0,0.0,Não especializado,1996
5088,0.5945442623767588,500.0,Não especializado,1996
5089,15.715017032240056,226.66666666666666,Alta espec. / Baixa produt.,1996
5090,1.0790978362138173,400.0,Baixa espec. / Baixa produt.,1996
5091,0.0,0.0,Não especializado,1996
5092,0.08758911008229037,777.7777777777778,Não especializado,1996
5093,0.12836215339577522,666.6666666666666,Não especializado,1996
5094,21.55116933950562,230.0,Alta espec. / Baixa produt.,1996
5095,0.561770044303815,222.22222222222223,Não especializado,1996
5096,2.1483745317112404,600.0,Baixa espec. / Baixa produt.,1996
5097,5.914453481666274,303.921568627451,Alta espec. / Baixa produt.,1996
5098,3.6806880188149766,209.30232558139534,Baixa espec. / Baixa produt.,1996
5099,12.46426298158365,207.1917808219178,Alta espec. / Baixa produt.,1996
5100,0.01399608088474471,1000.0,Não especializado,1996
5101,5.181742310750623,162.5,Alta espec. / Baixa produt.,1996
5102,4.540383602582681,600.0,Alta espec. / Baixa produt.,1996
5103,0.4534024521906795,600.0,Não especializado,1996
5104,0.0,0.0,Não especializado,1996
5105,0.1864312266114652,181.8181818181818,Não especializado,1996
5106,0.5679462295862195,600.0,Não especializado,1996
5107,0.8564268541379502,600.0,Não especializado,1996
5108,9.410736943725151,226.66666666666666,Alta espec. / Baixa produt.,1996
5109,1.0128051363781563,545.4545454545455,Baixa espec. / Baixa produt.,1996
5110,1.083431562463672,600.0,Baixa espec. / Baixa produt.,1996
5111,0.28577802865832025,333.3333333333333,Não especializado,1996
5112,0.2919110467665872,666.6666666666666,Não especializado,1996
5113,0.13652553595822586,200.0,Não especializado,1996
5114,0.19648540353492666,500.0,Não especializado,1996
5115,0.0,0.0,Não especializado,1996
5116,0.3982498657417395,500.0,Não especializado,1996
5117,0.09756761629419686,500.0,Não especializado,1996
5118,0.0,0.0,Não especializado,1996
5119,1.2846402812069253,611.1111111111111,Baixa espec. / Baixa produt.,1996
5120,0.0,0.0,Não especializado,1996
5121,0.0,0.0,Não especializado,1996
5122,0.014810565965053762,500.0,Não especializado,1996
5123,0.23080190825888294,428.57142857142856,Não especializado,1996
5124,0.0,0.0,Não especializado,1996
5125,0.37300005592599794,139.53488372093022,Não especializado,1996
5126,1.500980596820014,600.0,Baixa espec. / Baixa produt.,1996
5127,0.06625651880150331,333.3333333333333,Não especializado,1996
5128,1.8573112499377231,200.0,Baixa espec. / Baixa produt.,1996
5129,0.3628439260974503,166.66666666666666,Não especializado,1996
5130,0.250952985166004,1714.2857142857142,Não especializado,1996
5131,0.1614207683191948,166.66666666666666,Não especializado,1996
5132,0.0,0.0,Não especializado,1996
5133,0.06333663015194818,625.0,Não especializado,1996
5134,0.0,0.0,Não especializado,1996
5135,0.22177040648340138,458.3333333333333,Não especializado,1996
5136,2.1625207138553453,230.76923076923077,Baixa espec. / Baixa produt.,1996
5137,0.12803723732959388,500.0,Não especializado,1996
5138,5.4176018416472385,591.8367346938776,Alta espec. / Baixa produt.,1996
5139,0.025142074469101054,666.6666666666666,Não especializado,1996
5140,0.08310981486551272,600.0,Não especializado,1996
5141,2.51621747285034,600.0,Baixa espec. / Baixa produt.,1996
5142,0.0,0.0,Não especializado,1996
5143,0.0,0.0,Não especializado,1996
5144,24.08700527262985,230.0,Alta espec. / Baixa produt.,1996
5145,14.481757771274388,230.0,Alta espec. / Baixa produt.,1996
5146,0.0,0.0,Não especializado,1996
5147,3.588742803922099,120.6896551724138,Baixa espec. / Baixa produt.,1996
5148,0.0,0.0,Não especializado,1996
6001,0.019770938736053813,500.0,Não especializado,1996
6002,1.8057192707727865,300.0,Baixa espec. / Baixa produt.,1996
6003,0.2068822538753484,1500.0,Não especializado,1996
6004,0.0,0.0,Não especializado,1996
6005,0.2655498030951228,1545.4545454545455,Não especializado,1996
6006,2.3629879625120087,800.0,Baixa espec. / Baixa produt.,1996
6007,0.29086195046194535,500.0,Não especializado,1996
6008,0.0,0.0,Não especializado,1996
6009,8.069146766330999,667.1641791044776,Alta espec. / Baixa produt.,1996
6010,0.023136746059472926,500.0,Não especializado,1996
6011,9.881848316976347,800.0,Alta espec. / Baixa produt.,1996
6012,0.045084513733604226,250.0,Não especializado,1996
6013,0.4255117650685399,500.0,Não especializado,1996
6014,1.461994087811702,1000.0,Baixa espec. / Baixa produt.,1996
6015,0.0,0.0,Não especializado,1996
6016,1.753251201395615,483.8709677419355,Baixa espec. / Baixa produt.,1996
6017,0.4989663237733434,533.3333333333334,Não especializado,1996
6018,0.38168429407676047,480.0,Não especializado,1996
6019,0.37401577131782704,433.3333333333333,Não especializado,1996
6020,0.0,0.0,Não especializado,1996
6021,0.10661106698717433,1000.0,Não especializado,1996
6022,0.12205148200276925,533.3333333333334,Não especializado,1996
6023,0.08740937219574067,533.3333333333334,Não especializado,1996
6024,1.9408234464277287,800.0,Baixa espec. / Baixa produt.,1996
6025,0.0,0.0,Não especializado,1996
6026,1.0711407903427,1200.0,Baixa espec. / Alta produt.,1996
6027,4.875442031086523,866.6666666666666,Alta espec. / Baixa produt.,1996
6028,4.328717183615394,800.0,Baixa espec. / Baixa produt.,1996
6029,0.6145204078666385,400.0,Não especializado,1996
6030,0.37425358481404064,1000.0,Não especializado,1996
6031,0.5548060854569754,1000.0,Não especializado,1996
6032,5.686945118386388,1458.3333333333333,Alta espec. / Alta produt.,1996
6033,0.6477177888438279,300.0,Não especializado,1996
6034,0.8874159837284681,300.0,Não especializado,1996
6035,0.0,0.0,Não especializado,1996
6036,1.8298655168354458,400.0,Baixa espec. / Baixa produt.,1996
6037,1.5639099075562568,600.0,Baixa espec. / Baixa produt.,1996
6038,0.0,0.0,Não especializado,1996
6039,1.860513510713478,1000.0,Baixa espec. / Baixa produt.,1996
6040,0.0,0.0,Não especializado,1996
6041,0.7301067904017708,1000.0,Não especializado,1996
6042,2.4788659971676155,829.7872340425532,Baixa espec. / Baixa produt.,1996
6043,0.16931451405028514,1000.0,Não especializado,1996
6044,0.023156605927335133,500.0,Não especializado,1996
6045,1.0731542128809382,400.0,Baixa espec. / Baixa produt.,1996
6046,1.7012052441083365,803.9215686274509,Baixa espec. / Baixa produt.,1996
6047,4.400632014853901,700.0,Baixa espec. / Baixa produt.,1996
6048,0.0,0.0,Não especializado,1996
6049,0.270857890615918,600.0,Não especializado,1996
6050,0.0,0.0,Não especializado,1996
6051,0.49958233158047094,600.0,Não especializado,1996
6052,1.7632317585193094,800.0,Baixa espec. / Baixa produt.,1996
6053,0.2500081867857092,400.0,Não especializado,1996
6054,4.48320840166127,453.48837209302326,Alta espec. / Baixa produt.,1996
6055,1.263876594300559,870.0,Baixa espec. / Baixa produt.,1996
6056,0.25653714250043197,400.0,Não especializado,1996
6057,4.795990383172521,671.4285714285714,Alta espec. / Baixa produt.,1996
6058,0.0,0.0,Não especializado,1996
6059,1.5293336681034826,520.0,Baixa espec. / Baixa produt.,1996
6060,4.55315542706252,350.0,Alta espec. / Baixa produt.,1996
6061,0.4933695300904431,300.0,Não especializado,1996
6062,0.0,0.0,Não especializado,1996
6063,0.1587375457802026,800.0,Não especializado,1996
6064,0.2253190169994607,500.0,Não especializado,1996
6065,0.0,0.0,Não especializado,1996
6066,0.4375903634281497,300.0,Não especializado,1996
6067,0.5620301230280298,600.0,Não especializado,1996
6068,0.1623680162825485,300.0,Não especializado,1996
6069,1.7353912570690042,745.4545454545455,Baixa espec. / Baixa produt.,1996
6070,0.0,0.0,Não especializado,1996
6071,1.6805622039395516,394.7368421052632,Baixa espec. / Baixa produt.,1996
6072,0.6724188909607535,600.0,Não especializado,1996
6073,0.3310116062005574,400.0,Não especializado,1996
6074,0.0,0.0,Não especializado,1996
6075,0.08523679590946423,1000.0,Não especializado,1996
6076,5.751244749121914,757.1428571428571,Alta espec. / Baixa produt.,1996
6077,0.2249995488352413,400.0,Não especializado,1996
6078,0.600299196825666,400.0,Não especializado,1996
6079,0.04253105140366614,600.0,Não especializado,1996
6080,2.7025137324152757,800.0,Baixa espec. / Baixa produt.,1996
6081,0.6521016655872717,700.0,Não especializado,1996
6082,1.2586677716335348,500.0,Baixa espec. / Baixa produt.,1996
6083,0.0,0.0,Não especializado,1996
6084,7.219011481227035,460.0,Alta espec. / Baixa produt.,1996
6085,0.0,0.0,Não especializado,1996
6086,3.1691566408628993,625.0,Baixa espec. / Baixa produt.,1996
6087,0.0,0.0,Não especializado,1996
6088,4.391932585322821,900.0,Baixa espec. / Baixa produt.,1996
6089,0.0,0.0,Não especializado,1996
6090,0.0,0.0,Não especializado,1996
6091,0.03559616810865305,500.0,Não especializado,1996
6092,5.57577249163185,840.0,Alta espec. / Baixa produt.,1996
6093,0.0,0.0,Não especializado,1996
6094,0.016699130860628554,1000.0,Não especializado,1996
6095,2.3554659453507605,812.5,Baixa espec. / Baixa produt.,1996
6096,0.32752868359383364,150.0,Não especializado,1996
6097,0.0,0.0,Não especializado,1996
6098,0.7363255823576635,172.41379310344828,Não especializado,1996
6099,4.88109668433529,400.0,Alta espec. / Baixa produt.,1996
6100,0.012557870781028945,1000.0,Não especializado,1996
6101,0.0635043599360787,1625.0,Não especializado,1996
6102,0.0,0.0,Não especializado,1996
6103,0.0,0.0,Não especializado,1996
6104,0.0,0.0,Não especializado,1996
6105,0.04929638356390211,250.0,Não especializado,1996
6106,1.7923461861880696,490.19607843137254,Baixa espec. / Baixa produt.,1996
6107,0.5406301784638363,333.3333333333333,Não especializado,1996
6108,0.33284942511222004,600.0,Não especializado,1996
6109,0.30933890500338757,460.0,Não especializado,1996
6110,0.1864370829671419,400.0,Não especializado,1996
6111,0.0,0.0,Não especializado,1996
6112,0.714634328618422,750.0,Não especializado,1996
6113,0.2824863445585909,600.0,Não especializado,1996
6114,1.7593986460007889,694.4444444444445,Baixa espec. / Baixa produt.,1996
6115,0.7317571222064764,400.0,Não especializado,1996
6116,1.4904666246047198,373.9130434782609,Baixa espec. / Baixa produt.,1996
6117,0.0,0.0,Não especializado,1996
6118,0.4887218461113303,300.0,Não especializado,1996
6119,0.35564232188092704,333.3333333333333,Não especializado,1996
6120,16.375056679118455,466.29213483146066,Alta espec. / Baixa produt.,1996
6121,3.2366461794055708,700.0,Baixa espec. / Baixa produt.,1996
6122,2.47175551488767,600.0,Baixa espec. / Baixa produt.,1996
6123,0.12452086732215753,600.0,Não especializado,1996
6124,0.0,0.0,Não especializado,1996
6125,3.293145252117362,448.0,Baixa espec. / Baixa produt.,1996
6126,0.5818284523079532,1200.0,Não especializado,1996
6127,0.0,0.0,Não especializado,1996
6128,0.0,0.0,Não especializado,1996
6129,2.2249439921934377,1800.0,Baixa espec. / Alta produt.,1996
6130,0.21756004762375347,1500.0,Não especializado,1996
6131,0.30967031840840364,400.0,Não especializado,1996
6132,0.9241285817377881,800.0,Não especializado,1996
6133,0.4852058616069322,600.0,Não especializado,1996
6134,0.14676904724885906,294.11764705882354,Não especializado,1996
6135,0.07774480087995801,750.0,Não especializado,1996
6136,0.1240152278823725,300.0,Não especializado,1996
6137,4.1044523507441175,309.09090909090907,Baixa espec. / Baixa produt.,1996
6138,0.0,0.0,Não especializado,1996
6139,2.9122827533658255,400.0,Baixa espec. / Baixa produt.,1996
6140,0.6561038346078288,235.2941176470588,Não especializado,1996
6141,1.475689348668468,625.0,Baixa espec. / Baixa produt.,1996
6142,0.0,0.0,Não especializado,1996
6143,2.6430605785642483,1000.0,Baixa espec. / Baixa produt.,1996
6144,13.58484211860625,1000.0,Alta espec. / Baixa produt.,1996
6145,0.0,0.0,Não especializado,1996
6146,0.6494329779813537,200.0,Não especializado,1996
6147,5.301211083089935,501.45772594752185,Alta espec. / Baixa produt.,1996
6148,0.0,0.0,Não especializado,1996
6149,6.586466726054236,541.0958904109589,Alta espec. / Baixa produt.,1996
6150,1.8289793834132495,800.0,Baixa espec. / Baixa produt.,1996
6151,0.2859799919294569,500.0,Não especializado,1996
6152,1.9495895866554962,1000.0,Baixa espec. / Baixa produt.,1996
6153,0.040741171767448424,666.6666666666666,Não especializado,1996
6154,16.522547415486184,624.2484969939879,Alta espec. / Baixa produt.,1996
6155,1.1156086652586457,805.1948051948052,Baixa espec. / Baixa produt.,1996
6156,6.234127802060567,416.6666666666667,Alta espec. / Baixa produt.,1996
6157,0.0,0.0,Não especializado,1996
6158,0.0,0.0,Não especializado,1996
6159,0.0,0.0,Não especializado,1996
6160,0.0,0.0,Não especializado,1996
6161,0.22221948851190634,800.0,Não especializado,1996
6162,0.3470511908920939,600.0,Não especializado,1996
6163,0.046432781248443085,1000.0,Não especializado,1996
6164,0.2096149642994983,400.0,Não especializado,1996
6165,0.0,0.0,Não especializado,1996
6166,0.0,0.0,Não especializado,1996
6167,1.1572094758325118,200.0,Baixa espec. / Baixa produt.,1996
6168,12.625054454745788,500.0,Alta espec. / Baixa produt.,1996
6169,0.0,0.0,Não especializado,1996
6170,0.0,0.0,Não especializado,1996
7001,0.0,0.0,Não especializado,1996
7002,0.059122169417807215,500.0,Não especializado,1996
7003,0.9967359692786838,273.6842105263158,Não especializado,1996
7004,0.0,0.0,Não especializado,1996
7005,0.0,0.0,Não especializado,1996
7006,0.859558213750886,245.9016393442623,Não especializado,1996
7007,0.0,0.0,Não especializado,1996
7008,0.0,0.0,Não especializado,1996
7009,0.017546306279899466,500.0,Não especializado,1996
7010,0.0,0.0,Não especializado,1996
7011,0.0,0.0,Não especializado,1996
7012,0.0,0.0,Não especializado,1996
7013,0.0589175635060043,641.025641025641,Não especializado,1996
7014,0.0,0.0,Não especializado,1996
7015,0.0,0.0,Não especializado,1996
7016,0.0,0.0,Não especializado,1996
7017,0.0,0.0,Não especializado,1996
7018,0.0,0.0,Não especializado,1996
7019,0.017387976735639982,1000.0,Não especializado,1996
7020,0.5138561124827702,800.0,Não especializado,1996
7021,0.39778009297176986,600.0,Não especializado,1996
7022,0.016574730607692455,1000.0,Não especializado,1996
7023,0.19450393128594018,269.2307692307692,Não especializado,1996
7024,0.10646190175748001,800.0,Não especializado,1996
7025,0.0,0.0,Não especializado,1996
7026,0.0,0.0,Não especializado,1996
7027,0.05304255978243301,600.0,Não especializado,1996
7028,0.0,0.0,Não especializado,1996
7029,0.0,0.0,Não especializado,1996
7030,0.14146898792852372,560.9756097560976,Não especializado,1996
7031,0.0,0.0,Não especializado,1996
7032,0.0,0.0,Não especializado,1996
7033,0.0,0.0,Não especializado,1996
7034,0.061034945487206865,875.0,Não especializado,1996
7035,0.05275042380057768,166.66666666666666,Não especializado,1996
7036,0.4363517332041315,800.0,Não especializado,1996
7037,0.0,0.0,Não especializado,1996
7038,0.0,0.0,Não especializado,1996
7039,0.0,0.0,Não especializado,1996
7040,0.0,0.0,Não especializado,1996
7041,0.03903645856314303,166.66666666666666,Não especializado,1996
7042,0.4534024521906795,593.5483870967741,Não especializado,1996
7043,0.09197117840397318,600.0,Não especializado,1996
7044,0.0,0.0,Não especializado,1996
7045,0.0,0.0,Não especializado,1996
7046,1.011682962443705,1000.0,Baixa espec. / Baixa produt.,1996
7047,0.0,0.0,Não especializado,1996
7048,0.0,0.0,Não especializado,1996
7049,0.0,0.0,Não especializado,1996
7050,0.0,0.0,Não especializado,1996
7051,0.0,0.0,Não especializado,1996
7052,0.0,0.0,Não especializado,1996
7053,0.0,0.0,Não especializado,1996
7054,0.5482663531215412,500.0,Não especializado,1996
7055,0.3419194664809307,600.0,Não especializado,1996
7056,0.5048410929655286,1680.0,Não especializado,1996
7057,0.09128457956762756,187.5,Não especializado,1996
7058,0.0,0.0,Não especializado,1996
7059,0.0,0.0,Não especializado,1996
7060,0.0,0.0,Não especializado,1996
7061,0.0,0.0,Não especializado,1996
7062,0.0,0.0,Não especializado,1996
7063,0.17404803809900277,800.0,Não especializado,1996
7064,3.2505913824788655,204.54545454545453,Baixa espec. / Baixa produt.,1996
7065,0.0,0.0,Não especializado,1996
7066,0.08494158030650326,300.0,Não especializado,1996
7067,0.0,0.0,Não especializado,1996
7068,0.0,0.0,Não especializado,1996
7069,0.10222601707216912,600.0,Não especializado,1996
7070,0.6421731229471103,596.1538461538462,Não especializado,1996
7071,0.1754890035238319,545.4545454545455,Não especializado,1996
7072,0.2293325465224722,1076.923076923077,Não especializado,1996
7073,0.03315200725695291,1000.0,Não especializado,1996
7074,0.31852674732451147,277.77777777777777,Não especializado,1996
7075,0.20707753716047528,310.81081081081084,Não especializado,1996
7076,0.263194594198492,800.0,Não especializado,1996
7077,0.0,0.0,Não especializado,1996
7078,0.0,0.0,Não especializado,1996
7079,0.0,0.0,Não especializado,1996
7080,1.992254476290061,343.3734939759036,Baixa espec. / Baixa produt.,1996
7081,0.0,0.0,Não especializado,1996
7082,0.0,0.0,Não especializado,1996
7083,0.11220732413578217,250.0,Não especializado,1996
7084,0.0,0.0,Não especializado,1996
7085,0.0,0.0,Não especializado,1996
7086,0.0,0.0,Não especializado,1996
7087,0.0,0.0,Não especializado,1996
7088,0.0,0.0,Não especializado,1996
7089,0.0,0.0,Não especializado,1996
7090,0.0,0.0,Não especializado,1996
7091,0.07063699560640306,250.0,Não especializado,1996
7092,0.062346766594281094,600.0,Não especializado,1996
7093,0.0,0.0,Não especializado,1996
7094,0.0,0.0,Não especializado,1996
7095,0.09028596353863932,600.0,Não especializado,1996
7096,0.14791944247589667,241.3793103448276,Não especializado,1996
7097,0.09309446454888737,642.8571428571429,Não especializado,1996
7098,0.5200193042366864,800.0,Não especializado,1996
7099,0.0,0.0,Não especializado,1996
7100,0.0,0.0,Não especializado,1996
7101,0.6424731103916511,840.0,Não especializado,1996
7102,0.0,0.0,Não especializado,1996
7103,0.0,0.0,Não especializado,1996
7104,0.0,0.0,Não especializado,1996
7105,0.0,0.0,Não especializado,1996
7106,0.0,0.0,Não especializado,1996
7107,0.23236387515370743,300.0,Não especializado,1996
7108,0.0,0.0,Não especializado,1996
7109,0.2111737448559329,250.0,Não especializado,1996
7110,0.18177340793629534,600.0,Não especializado,1996
7111,0.0807828893707005,300.0,Não especializado,1996
7112,0.9695398348731512,500.0,Não especializado,1996
7113,0.8955758619611447,682.5396825396825,Não especializado,1996
7114,0.0,0.0,Não especializado,1996
7115,1.7288916643458994,480.5194805194805,Baixa espec. / Baixa produt.,1996
7116,0.022732206366417047,1000.0,Não especializado,1996
7117,0.0,0.0,Não especializado,1996
7118,0.0,0.0,Não especializado,1996
7119,0.0,0.0,Não especializado,1996
7120,0.0,0.0,Não especializado,1996
7121,0.0,0.0,Não especializado,1996
7122,3.9996213351142225,300.0,Baixa espec. / Baixa produt.,1996
7123,0.0,0.0,Não especializado,1996
7124,0.0,0.0,Não especializado,1996
7125,0.0,0.0,Não especializado,1996
7126,0.0,0.0,Não especializado,1996
7127,0.5463309575803195,1172.4137931034484,Não especializado,1996
7128,0.4964682832090878,258.06451612903226,Não especializado,1996
7129,0.0,0.0,Não especializado,1996
7130,0.04111788737287827,800.0,Não especializado,1996
7131,0.0,0.0,Não especializado,1996
7132,0.6594340235968084,600.0,Não especializado,1996
7133,0.09135219777471469,125.0,Não especializado,1996
7134,0.0,0.0,Não especializado,1996
7135,0.28103905733516715,442.62295081967216,Não especializado,1996
7136,0.0,0.0,Não especializado,1996
7137,0.061075247781180106,250.0,Não especializado,1996
7138,0.0,0.0,Não especializado,1996
7139,0.0,0.0,Não especializado,1996
7140,0.11891147311387769,1000.0,Não especializado,1996
7141,0.6300415530181875,1192.5925925925926,Não especializado,1996
7142,0.0,0.0,Não especializado,1996
7143,0.42941761402895046,900.0,Não especializado,1996
7144,0.5997209167546225,800.0,Não especializado,1996
7145,0.6141207197964814,500.0,Não especializado,1996
7146,0.0,0.0,Não especializado,1996
7147,0.33700744416421524,600.0,Não especializado,1996
7148,0.06498631955518322,250.0,Não especializado,1996
7149,0.021913285602587467,1000.0,Não especializado,1996
7150,0.04998600315980254,200.0,Não especializado,1996
7151,0.0,0.0,Não especializado,1996
7152,0.0,0.0,Não especializado,1996
7153,0.0,0.0,Não especializado,1996
7154,2.070410276695735,600.0,Baixa espec. / Baixa produt.,1996
7155,0.0,0.0,Não especializado,1996
7156,0.0,0.0,Não especializado,1996
7157,0.0,0.0,Não especializado,1996
7158,0.01763808166416831,500.0,Não especializado,1996
7159,0.11112382660630248,346.15384615384613,Não especializado,1996
7160,0.10847384762905278,1000.0,Não especializado,1996
7161,1.5486478705709203,200.0,Baixa espec. / Baixa produt.,1996
7162,0.0,0.0,Não especializado,1996
7163,0.0,0.0,Não especializado,1996
7164,0.0,0.0,Não especializado,1996
7165,0.0,0.0,Não especializado,1996
8001,0.27320469578947776,66.66666666666667,Não especializado,1996
8002,0.0,0.0,Não especializado,1996
8003,3.380208733911218,300.0,Baixa espec. / Baixa produt.,1996
8004,0.0,0.0,Não especializado,1996
8005,0.0,0.0,Não especializado,1996
8006,0.0,0.0,Não especializado,1996
8007,1.904290299200854,300.0,Baixa espec. / Baixa produt.,1996
8008,2.966969610771188,74.07407407407408,Baixa espec. / Baixa produt.,1996
8009,2.856435448801281,300.0,Baixa espec. / Baixa produt.,1996
8010,0.0,0.0,Não especializado,1996
8011,0.0,0.0,Não especializado,1996
8012,7.952084275709781,65.0,Alta espec. / Baixa produt.,1996
8013,0.0,0.0,Não especializado,1996
8014,0.0,0.0,Não especializado,1996
8015,0.0,0.0,Não especializado,1996
8016,0.9569702094801589,380.95238095238096,Não especializado,1996
8017,0.1721049180564302,50.0,Não especializado,1996
8018,0.0,0.0,Não especializado,1996
8019,0.09686695118615954,200.0,Não especializado,1996
8020,0.0,0.0,Não especializado,1996
8021,1.0747986416472284,300.0,Baixa espec. / Baixa produt.,1996
8022,0.0,0.0,Não especializado,1996
8023,0.0,0.0,Não especializado,1996
8024,0.0,0.0,Não especializado,1996
8025,0.36333260478579704,50.0,Não especializado,1996
8026,3.029626390595199,63.63636363636363,Baixa espec. / Baixa produt.,1996
8027,1.4401213644823148,68.96551724137932,Baixa espec. / Baixa produt.,1996
8028,2.1581956724276345,300.0,Baixa espec. / Baixa produt.,1996
8029,0.0,0.0,Não especializado,1996
8030,0.0,0.0,Não especializado,1996
8031,5.581540532140434,300.0,Alta espec. / Baixa produt.,1996
8032,0.0,0.0,Não especializado,1996
8033,1.0678473021377235,71.42857142857143,Baixa espec. / Baixa produt.,1996
8034,0.0,0.0,Não especializado,1996
8035,0.1721049180564302,75.0,Não especializado,1996
8036,0.0,0.0,Não especializado,1996
8037,0.0,0.0,Não especializado,1996
8038,0.0,0.0,Não especializado,1996
8039,1.7293234554708607,300.0,Baixa espec. / Baixa produt.,1996
8040,0.0,0.0,Não especializado,1996
8041,0.0,0.0,Não especializado,1996
8042,2.5165527896777458,300.0,Baixa espec. / Baixa produt.,1996
8043,0.0,0.0,Não especializado,1996
8044,0.0,0.0,Não especializado,1996
8045,6.321860873410414,69.3069306930693,Alta espec. / Baixa produt.,1996
8046,0.0,0.0,Não especializado,1996
8047,0.057095123609196684,200.0,Não especializado,1996
8048,0.0,0.0,Não especializado,1996
8049,0.0,0.0,Não especializado,1996
8050,0.0,0.0,Não especializado,1996
8051,0.24314958003916567,75.0,Não especializado,1996
8052,0.0,0.0,Não especializado,1996
8053,0.0,0.0,Não especializado,1996
8054,2.196264252809669,66.66666666666667,Baixa espec. / Baixa produt.,1996
8055,0.0,0.0,Não especializado,1996
8056,0.0,0.0,Não especializado,1996
8057,0.0,0.0,Não especializado,1996
8058,0.09899980148750617,200.0,Não especializado,1996
8059,0.5719599838589138,33.333333333333336,Não especializado,1996
8060,0.51672681702178,416.6666666666667,Não especializado,1996
8061,0.09207319421619602,100.0,Não especializado,1996
8062,0.384842309634029,140.0,Não especializado,1996
8063,0.0,0.0,Não especializado,1996
8064,0.07981492871403974,100.0,Não especializado,1996
8065,0.0,0.0,Não especializado,1996
8066,0.0,0.0,Não especializado,1996
8067,0.0,0.0,Não especializado,1996
8068,0.0,0.0,Não especializado,1996
8069,0.0,0.0,Não especializado,1996
8070,0.0,0.0,Não especializado,1996
8071,0.2557103877283927,66.66666666666667,Não especializado,1996
8072,0.05715560573166405,200.0,Não especializado,1996
8073,0.0,0.0,Não especializado,1996
8074,0.0,0.0,Não especializado,1996
8075,0.0,0.0,Não especializado,1996
8076,0.0,0.0,Não especializado,1996
8077,0.0,0.0,Não especializado,1996
8078,0.0,0.0,Não especializado,1996
8079,0.0,0.0,Não especializado,1996
8080,0.041567713259392035,100.0,Não especializado,1996
8081,0.0,0.0,Não especializado,1996
8082,0.0,0.0,Não especializado,1996
8083,0.0,0.0,Não especializado,1996
8084,0.10631505775505588,100.0,Não especializado,1996
8085,0.0,0.0,Não especializado,1996
8086,0.0,0.0,Não especializado,1996
8087,0.15886391263780297,407.4074074074074,Não especializado,1996
8088,0.0,0.0,Não especializado,1996
8089,1.665721492142134,86.95652173913044,Baixa espec. / Baixa produt.,1996
8090,3.403020612468677,70.0,Baixa espec. / Baixa produt.,1996
8091,0.46059053984736104,300.0,Não especializado,1996
8092,0.0,0.0,Não especializado,1996
8093,0.0,0.0,Não especializado,1996
9001,0.0,0.0,Não especializado,1996
9002,0.032030211819941146,500.0,Não especializado,1996
9003,0.0,0.0,Não especializado,1996
9004,0.0,0.0,Não especializado,1996
9005,0.0,0.0,Não especializado,1996
9006,0.0,0.0,Não especializado,1996
9007,0.0,0.0,Não especializado,1996
9008,0.0,0.0,Não especializado,1996
9009,0.0,0.0,Não especializado,1996
9010,0.670709981072124,1333.3333333333333,Não especializado,1996
9011,0.9045245902881955,400.0,Não especializado,1996
9012,0.24201402659148938,1529.4117647058824,Não especializado,1996
9013,0.17195255888676264,222.22222222222223,Não especializado,1996
9014,0.0,0.0,Não especializado,1996
9015,0.0,0.0,Não especializado,1996
9016,0.0,0.0,Não especializado,1996
9017,0.0,0.0,Não especializado,1996
9018,0.0,0.0,Não especializado,1996
9019,0.0,0.0,Não especializado,1996
9020,0.0,0.0,Não especializado,1996
9021,0.49640027851307944,512.8205128205128,Não especializado,1996
9022,0.007231589841936854,2000.0,Não especializado,1996
9023,0.0,0.0,Não especializado,1996
9024,0.0,0.0,Não especializado,1996
9025,0.0,0.0,Não especializado,1996
9026,0.0,0.0,Não especializado,1996
9027,0.0,0.0,Não especializado,1996
9028,0.0,0.0,Não especializado,1996
9029,0.0,0.0,Não especializado,1996
9030,0.0,0.0,Não especializado,1996
9031,0.0,0.0,Não especializado,1996
9032,0.2286224229266562,2750.0,Não especializado,1996
9033,0.005276246020994608,500.0,Não especializado,1996
9034,0.0,0.0,Não especializado,1996
9035,0.0,0.0,Não especializado,1996
9036,0.0,0.0,Não especializado,1996
9037,0.0,0.0,Não especializado,1996
9038,0.0,0.0,Não especializado,1996
9039,0.0,0.0,Não especializado,1996
9040,0.07291201596039305,800.0,Não especializado,1996
9041,0.0,0.0,Não especializado,1996
9042,0.04918403993681938,500.0,Não especializado,1996
9043,0.4419594857196285,243.24324324324326,Não especializado,1996
9044,0.04713246718557839,250.0,Não especializado,1996
9045,0.0,0.0,Não especializado,1996
9046,0.0,0.0,Não especializado,1996
9047,0.0,0.0,Não especializado,1996
9048,0.0,0.0,Não especializado,1996
9049,0.0,0.0,Não especializado,1996
9050,0.0,0.0,Não especializado,1996
9051,0.0,0.0,Não especializado,1996
9052,0.0,0.0,Não especializado,1996
9053,1.7105458289828281,200.0,Baixa espec. / Baixa produt.,1996
9054,1.1662604600718163,698.9473684210526,Baixa espec. / Baixa produt.,1996
9055,1.856672120120126,200.0,Baixa espec. / Baixa produt.,1996
9056,0.07266652095715942,500.0,Não especializado,1996
9057,0.0247102779073464,500.0,Não especializado,1996
9058,0.0,0.0,Não especializado,1996
9059,0.11072212561192461,500.0,Não especializado,1996
9060,0.0,0.0,Não especializado,1996
9061,0.0,0.0,Não especializado,1996
9062,0.0,0.0,Não especializado,1996
9063,0.0,0.0,Não especializado,1996
9064,0.0,0.0,Não especializado,1996
9065,0.0,0.0,Não especializado,1996
9066,0.0,0.0,Não especializado,1996
9067,0.0,0.0,Não especializado,1996
9068,1.0845204384058464,589.2857142857143,Baixa espec. / Baixa produt.,1996
9069,0.2173472076162951,700.0,Não especializado,1996
9070,0.0,0.0,Não especializado,1996
9071,0.0,0.0,Não especializado,1996
9072,4.389922547526336,700.0,Baixa espec. / Baixa produt.,1996
9073,0.0,0.0,Não especializado,1996
9074,0.0,0.0,Não especializado,1996
10001,0.0,0.0,Não especializado,2005
10002,0.0,0.0,Não especializado,2005
10003,0.0,0.0,Não especializado,2005
10004,0.0,0.0,Não especializado,2005
10005,0.0,0.0,Não especializado,2005
10006,0.9700731293298455,900.0,Não especializado,2005
10007,0.0,0.0,Não especializado,2005
10008,0.0,0.0,Não especializado,2005
10009,0.0,0.0,Não especializado,2005
1001,0.0,0.0,Não especializado,2005
10010,0.0,0.0,Não especializado,2005
10011,0.0,0.0,Não especializado,2005
10012,0.0,0.0,Não especializado,2005
10013,0.09525748921337948,1200.0,Não especializado,2005
10014,1.3104496659368088,1000.0,Baixa espec. / Baixa produt.,2005
10015,0.0,0.0,Não especializado,2005
10016,0.0,0.0,Não especializado,2005
10017,0.0,0.0,Não especializado,2005
10018,0.0,0.0,Não especializado,2005
10019,0.0,0.0,Não especializado,2005
1002,0.0,0.0,Não especializado,2005
10020,0.0,0.0,Não especializado,2005
10021,0.0,0.0,Não especializado,2005
10022,0.0,0.0,Não especializado,2005
10023,0.0,0.0,Não especializado,2005
10024,30.55730357389013,900.0,Alta espec. / Baixa produt.,2005
10025,0.0,0.0,Não especializado,2005
10026,0.0,0.0,Não especializado,2005
10027,0.0,0.0,Não especializado,2005
10028,0.0,0.0,Não especializado,2005
10029,0.0,0.0,Não especializado,2005
1003,0.0,0.0,Não especializado,2005
10030,0.0,0.0,Não especializado,2005
10031,0.0,0.0,Não especializado,2005
10032,0.0,0.0,Não especializado,2005
10033,19.49300593101428,1376.4373232799246,Alta espec. / Alta produt.,2005
10034,0.0,0.0,Não especializado,2005
10035,0.0,0.0,Não especializado,2005
10036,0.0,0.0,Não especializado,2005
10037,0.0,0.0,Não especializado,2005
10038,6.601598597001767,3649.6435426377843,Alta espec. / Alta produt.,2005
10039,0.0,0.0,Não especializado,2005
1004,0.0,0.0,Não especializado,2005
10040,0.0,0.0,Não especializado,2005
10041,0.0,0.0,Não especializado,2005
10042,0.0,0.0,Não especializado,2005
10043,0.0,0.0,Não especializado,2005
10044,0.0,0.0,Não especializado,2005
10045,0.37820572637163596,600.0,Não especializado,2005
10046,0.0,0.0,Não especializado,2005
10047,7.6178112395401225,3155.216881594373,Alta espec. / Alta produt.,2005
10048,0.0,0.0,Não especializado,2005
10049,0.0,0.0,Não especializado,2005
1005,0.003118815488868397,1000.0,Não especializado,2005
10050,0.9608299361013573,300.0,Não especializado,2005
10051,2.4160311900290496,1200.0,Baixa espec. / Alta produt.,2005
10052,1.7104151710871518,1200.0,Baixa espec. / Alta produt.,2005
10053,0.0,0.0,Não especializado,2005
10054,0.0,0.0,Não especializado,2005
10055,4.707707833512486,700.0,Alta espec. / Baixa produt.,2005
10056,31.19539111951661,1200.0,Alta espec. / Alta produt.,2005
10057,0.0,0.0,Não especializado,2005
10058,0.0,0.0,Não especializado,2005
10059,0.0,0.0,Não especializado,2005
1006,0.0,0.0,Não especializado,2005
10060,0.0,0.0,Não especializado,2005
10061,0.6979347052842537,1800.0,Não especializado,2005
10062,0.0,0.0,Não especializado,2005
10063,2.3407405244623365,1200.0,Baixa espec. / Alta produt.,2005
10064,0.0,0.0,Não especializado,2005
10065,0.0,0.0,Não especializado,2005
10066,0.0,0.0,Não especializado,2005
10067,0.0,0.0,Não especializado,2005
10068,0.0,0.0,Não especializado,2005
10069,0.0,0.0,Não especializado,2005
1007,0.0,0.0,Não especializado,2005
10070,0.0,0.0,Não especializado,2005
10071,2.36777080207673,430.3370786516854,Baixa espec. / Baixa produt.,2005
10072,0.0,0.0,Não especializado,2005
10073,0.0,0.0,Não especializado,2005
10074,0.0,0.0,Não especializado,2005
10075,0.0,0.0,Não especializado,2005
10076,1.8830831334049944,600.0,Baixa espec. / Baixa produt.,2005
10077,0.0,0.0,Não especializado,2005
10078,0.0,0.0,Não especializado,2005
10079,0.0,0.0,Não especializado,2005
1008,0.0,0.0,Não especializado,2005
10080,0.0,0.0,Não especializado,2005
10081,0.8258466164803816,300.6134969325153,Não especializado,2005
10082,4.19155339191011,1000.0,Alta espec. / Baixa produt.,2005
10083,0.0,0.0,Não especializado,2005
10084,0.0,0.0,Não especializado,2005
10085,5.240185802619929,628.421052631579,Alta espec. / Baixa produt.,2005
10086,0.0,0.0,Não especializado,2005
10087,0.0,0.0,Não especializado,2005
10088,0.0,0.0,Não especializado,2005
10089,0.0,0.0,Não especializado,2005
1009,0.0,0.0,Não especializado,2005
10090,0.12756853744460567,1200.0,Não especializado,2005
10091,0.0,0.0,Não especializado,2005
10092,0.0,0.0,Não especializado,2005
10093,0.0,0.0,Não especializado,2005
10094,0.0,0.0,Não especializado,2005
10095,0.0,0.0,Não especializado,2005
10096,0.0,0.0,Não especializado,2005
10097,0.0,0.0,Não especializado,2005
10098,0.0,0.0,Não especializado,2005
10099,0.0,0.0,Não especializado,2005
1010,0.0,0.0,Não especializado,2005
10100,0.0,0.0,Não especializado,2005
10101,1.035384983581756,1000.0,Baixa espec. / Baixa produt.,2005
10102,7.113869615085534,600.0,Alta espec. / Baixa produt.,2005
10103,0.0,0.0,Não especializado,2005
10104,0.0,0.0,Não especializado,2005
10105,2.9709001104340573,3178.181818181818,Alta espec. / Alta produt.,2005
10106,0.0,0.0,Não especializado,2005
10107,3.3068341277251116,3741.6958310308837,Alta espec. / Alta produt.,2005
10108,0.0,0.0,Não especializado,2005
10109,0.0,0.0,Não especializado,2005
1011,0.0,0.0,Não especializado,2005
10110,0.0,0.0,Não especializado,2005
10111,0.0,0.0,Não especializado,2005
10112,0.0,0.0,Não especializado,2005
10113,0.0,0.0,Não especializado,2005
10114,0.0,0.0,Não especializado,2005
10115,17.082857304387012,900.0,Alta espec. / Baixa produt.,2005
10116,0.0,0.0,Não especializado,2005
10117,0.0,0.0,Não especializado,2005
10118,0.14457218895173826,1000.0,Não especializado,2005
10119,0.0,0.0,Não especializado,2005
1012,0.0,0.0,Não especializado,2005
10120,0.0,0.0,Não especializado,2005
10121,0.0,0.0,Não especializado,2005
10122,0.0,0.0,Não especializado,2005
10123,0.0,0.0,Não especializado,2005
10124,0.0,0.0,Não especializado,2005
10125,0.0,0.0,Não especializado,2005
10126,5.816533572571915,3600.0212528558527,Alta espec. / Alta produt.,2005
10127,0.0,0.0,Não especializado,2005
10128,0.0,0.0,Não especializado,2005
10129,0.0,0.0,Não especializado,2005
1013,0.0,0.0,Não especializado,2005
10130,0.0,0.0,Não especializado,2005
10131,0.0,0.0,Não especializado,2005
10132,2.8683122288024876,500.0,Baixa espec. / Baixa produt.,2005
10133,0.0,0.0,Não especializado,2005
10134,0.0,0.0,Não especializado,2005
10135,0.0,0.0,Não especializado,2005
10136,0.762632647334751,1200.0,Não especializado,2005
10137,0.0,0.0,Não especializado,2005
10138,0.0,0.0,Não especializado,2005
10139,0.0,0.0,Não especializado,2005
1014,0.0,0.0,Não especializado,2005
10140,0.3635561028192161,1500.0,Não especializado,2005
10141,1.3130091379405917,800.0,Baixa espec. / Baixa produt.,2005
10142,0.0,0.0,Não especializado,2005
10143,0.0,0.0,Não especializado,2005
10144,0.0,0.0,Não especializado,2005
10145,0.0,0.0,Não especializado,2005
10146,0.0,0.0,Não especializado,2005
10147,0.0,0.0,Não especializado,2005
10148,16.331871937457223,1200.0,Alta espec. / Alta produt.,2005
10149,0.0,0.0,Não especializado,2005
1015,0.0,0.0,Não especializado,2005
10150,0.913574985513314,342.85714285714283,Não especializado,2005
10151,0.0,0.0,Não especializado,2005
10152,0.0,0.0,Não especializado,2005
10153,0.0,0.0,Não especializado,2005
10154,0.0,0.0,Não especializado,2005
10155,0.0,0.0,Não especializado,2005
10156,0.0,0.0,Não especializado,2005
10157,1.3705620359339101,1000.0,Baixa espec. / Baixa produt.,2005
10158,0.0,0.0,Não especializado,2005
10159,0.0,0.0,Não especializado,2005
1016,0.0,0.0,Não especializado,2005
10160,0.0,0.0,Não especializado,2005
10161,0.0,0.0,Não especializado,2005
10162,0.0,0.0,Não especializado,2005
10163,0.0,0.0,Não especializado,2005
10164,0.0,0.0,Não especializado,2005
10165,0.0,0.0,Não especializado,2005
10166,0.0,0.0,Não especializado,2005
10167,0.0,0.0,Não especializado,2005
10168,0.0,0.0,Não especializado,2005
10169,0.0,0.0,Não especializado,2005
1017,0.0,0.0,Não especializado,2005
10170,2.5100242026224384,1200.0,Baixa espec. / Alta produt.,2005
10171,0.0,0.0,Não especializado,2005
10172,0.0,0.0,Não especializado,2005
10173,0.0,0.0,Não especializado,2005
10174,0.0,0.0,Não especializado,2005
10175,0.0,0.0,Não especializado,2005
10176,0.0,0.0,Não especializado,2005
10177,0.0,0.0,Não especializado,2005
10178,0.0,0.0,Não especializado,2005
10179,0.0,0.0,Não especializado,2005
1018,0.0,0.0,Não especializado,2005
10180,0.0,0.0,Não especializado,2005
10181,0.0,0.0,Não especializado,2005
10182,0.0,0.0,Não especializado,2005
10183,0.0,0.0,Não especializado,2005
10184,0.0,0.0,Não especializado,2005
10185,0.0,0.0,Não especializado,2005
10186,0.0,0.0,Não especializado,2005
10187,0.0,0.0,Não especializado,2005
10188,0.0,0.0,Não especializado,2005
10189,0.0,0.0,Não especializado,2005
1019,0.0,0.0,Não especializado,2005
10190,6.5907909669174805,1000.0,Alta espec. / Baixa produt.,2005
10191,0.0,0.0,Não especializado,2005
10192,29.641123396189727,1800.0,Alta espec. / Alta produt.,2005
10193,0.0,0.0,Não especializado,2005
10194,0.0,0.0,Não especializado,2005
10195,0.0,0.0,Não especializado,2005
10196,0.0,0.0,Não especializado,2005
10197,0.0,0.0,Não especializado,2005
10198,0.0,0.0,Não especializado,2005
10199,0.0,0.0,Não especializado,2005
1020,0.0,0.0,Não especializado,2005
10200,0.0,0.0,Não especializado,2005
10201,0.0,0.0,Não especializado,2005
10202,2.1747563361334854,1200.0,Baixa espec. / Alta produt.,2005
10203,2.8530957183048615,1500.0,Baixa espec. / Alta produt.,2005
10204,0.0,0.0,Não especializado,2005
10205,0.0,0.0,Não especializado,2005
10206,0.0,0.0,Não especializado,2005
10207,0.0,0.0,Não especializado,2005
10208,0.0,0.0,Não especializado,2005
10209,0.0,0.0,Não especializado,2005
1021,0.0,0.0,Não especializado,2005
10210,0.0,0.0,Não especializado,2005
10211,0.0,0.0,Não especializado,2005
10212,0.0,0.0,Não especializado,2005
10213,7.513391211238703,900.0,Alta espec. / Baixa produt.,2005
10214,0.0,0.0,Não especializado,2005
10215,0.0,0.0,Não especializado,2005
10216,2.859162907498492,1500.0,Baixa espec. / Alta produt.,2005
10217,0.0,0.0,Não especializado,2005
10218,0.0,0.0,Não especializado,2005
10219,1.5794670863449822,1000.0,Baixa espec. / Baixa produt.,2005
1022,0.0,0.0,Não especializado,2005
10220,0.0,0.0,Não especializado,2005
10221,0.0,0.0,Não especializado,2005
10222,11.204344643759717,900.0,Alta espec. / Baixa produt.,2005
10223,0.0,0.0,Não especializado,2005
10224,0.0,0.0,Não especializado,2005
10225,0.0,0.0,Não especializado,2005
10226,0.0,0.0,Não especializado,2005
10227,0.0,0.0,Não especializado,2005
10228,0.0,0.0,Não especializado,2005
10229,0.0,0.0,Não especializado,2005
1023,0.0,0.0,Não especializado,2005
10230,0.8759096789909875,663.3333333333334,Não especializado,2005
10231,0.0,0.0,Não especializado,2005
10232,0.0,0.0,Não especializado,2005
10233,0.0,0.0,Não especializado,2005
10234,0.0,0.0,Não especializado,2005
10235,0.0,0.0,Não especializado,2005
10236,21.969303223058265,1200.0,Alta espec. / Alta produt.,2005
10237,0.0,0.0,Não especializado,2005
10238,0.0,0.0,Não especializado,2005
10239,0.0,0.0,Não especializado,2005
1024,0.0,0.0,Não especializado,2005
10240,0.0,0.0,Não especializado,2005
10241,0.0,0.0,Não especializado,2005
10242,0.0,0.0,Não especializado,2005
10243,0.0,0.0,Não especializado,2005
10244,0.0,0.0,Não especializado,2005
10245,0.0,0.0,Não especializado,2005
10246,0.0,0.0,Não especializado,2005
10247,0.0,0.0,Não especializado,2005
10248,0.0,0.0,Não especializado,2005
10249,0.0,0.0,Não especializado,2005
1025,0.0,0.0,Não especializado,2005
10250,0.0,0.0,Não especializado,2005
10251,0.0,0.0,Não especializado,2005
10252,0.0,0.0,Não especializado,2005
10253,17.184577674478092,700.0,Alta espec. / Baixa produt.,2005
10254,0.0,0.0,Não especializado,2005
10255,2.4069483660063837,1200.0,Baixa espec. / Alta produt.,2005
10256,1.3845344014531622,720.0,Baixa espec. / Baixa produt.,2005
10257,0.0,0.0,Não especializado,2005
10258,0.0,0.0,Não especializado,2005
10259,0.0,0.0,Não especializado,2005
1026,0.0,0.0,Não especializado,2005
10260,0.0,0.0,Não especializado,2005
10261,0.0,0.0,Não especializado,2005
10262,0.0,0.0,Não especializado,2005
10263,10.096530842937417,600.0,Alta espec. / Baixa produt.,2005
10264,0.0,0.0,Não especializado,2005
10265,0.0,0.0,Não especializado,2005
10266,0.0,0.0,Não especializado,2005
10267,0.0,0.0,Não especializado,2005
10268,0.0,0.0,Não especializado,2005
10269,0.0,0.0,Não especializado,2005
1027,0.0,0.0,Não especializado,2005
10270,0.0,0.0,Não especializado,2005
10271,0.0,0.0,Não especializado,2005
10272,0.0,0.0,Não especializado,2005
10273,0.0,0.0,Não especializado,2005
10274,0.0,0.0,Não especializado,2005
10275,0.0,0.0,Não especializado,2005
10276,5.008278488050177,3652.120174938201,Alta espec. / Alta produt.,2005
10277,8.793468654356873,900.0,Alta espec. / Baixa produt.,2005
10278,0.35969003671780786,1200.0,Não especializado,2005
10279,0.6954900461675801,1200.0,Não especializado,2005
1028,0.0,0.0,Não especializado,2005
10280,0.0,0.0,Não especializado,2005
10281,0.0,0.0,Não especializado,2005
10282,0.0,0.0,Não especializado,2005
10283,0.0,0.0,Não especializado,2005
10284,0.0,0.0,Não especializado,2005
10285,0.0,0.0,Não especializado,2005
10286,0.0,0.0,Não especializado,2005
10287,0.0,0.0,Não especializado,2005
10288,0.0,0.0,Não especializado,2005
10289,0.0,0.0,Não especializado,2005
1029,0.0,0.0,Não especializado,2005
10290,6.9582380285875445,4500.0,Alta espec. / Alta produt.,2005
10291,0.0,0.0,Não especializado,2005
10292,0.0,0.0,Não especializado,2005
10293,0.0,0.0,Não especializado,2005
10294,0.0,0.0,Não especializado,2005
10295,10.219334700969585,3623.9056869341266,Alta espec. / Alta produt.,2005
10296,0.0,0.0,Não especializado,2005
10297,0.0,0.0,Não especializado,2005
10298,0.0,0.0,Não especializado,2005
10299,0.0,0.0,Não especializado,2005
1030,0.0,0.0,Não especializado,2005
10300,0.0,0.0,Não especializado,2005
10301,0.0,0.0,Não especializado,2005
10302,0.0,0.0,Não especializado,2005
10303,0.0,0.0,Não especializado,2005
10304,0.0,0.0,Não especializado,2005
10305,0.0,0.0,Não especializado,2005
10306,0.0,0.0,Não especializado,2005
10307,15.440439151131956,700.0,Alta espec. / Baixa produt.,2005
10308,0.0,0.0,Não especializado,2005
10309,0.0,0.0,Não especializado,2005
1031,0.0,0.0,Não especializado,2005
10310,0.0,0.0,Não especializado,2005
10311,0.0,0.0,Não especializado,2005
10312,0.0,0.0,Não especializado,2005
10313,0.0,0.0,Não especializado,2005
10314,0.0,0.0,Não especializado,2005
10315,11.565775116139061,900.0,Alta espec. / Baixa produt.,2005
10316,0.0,0.0,Não especializado,2005
10317,0.0,0.0,Não especializado,2005
10318,0.0,0.0,Não especializado,2005
10319,0.0,0.0,Não especializado,2005
1032,0.0,0.0,Não especializado,2005
10320,0.0,0.0,Não especializado,2005
10321,0.0,0.0,Não especializado,2005
10322,0.0,0.0,Não especializado,2005
10323,0.0,0.0,Não especializado,2005
10324,0.0,0.0,Não especializado,2005
10325,0.0,0.0,Não especializado,2005
10326,0.0,0.0,Não especializado,2005
10327,0.0,0.0,Não especializado,2005
10328,0.0,0.0,Não especializado,2005
10329,2.5169464977206806,1350.0,Baixa espec. / Alta produt.,2005
1033,0.0,0.0,Não especializado,2005
10330,0.0,0.0,Não especializado,2005
10331,0.0,0.0,Não especializado,2005
10332,0.0,0.0,Não especializado,2005
10333,0.0,0.0,Não especializado,2005
10334,0.0,0.0,Não especializado,2005
10335,0.0,0.0,Não especializado,2005
10336,0.0,0.0,Não especializado,2005
1034,0.0,0.0,Não especializado,2005
1035,0.0,0.0,Não especializado,2005
1036,0.0,0.0,Não especializado,2005
1037,0.0,0.0,Não especializado,2005
1038,0.0,0.0,Não especializado,2005
1039,0.0,0.0,Não especializado,2005
1040,0.0,0.0,Não especializado,2005
1041,0.0,0.0,Não especializado,2005
1042,0.0,0.0,Não especializado,2005
1043,0.0,0.0,Não especializado,2005
1044,0.0,0.0,Não especializado,2005
1045,0.0,0.0,Não especializado,2005
1046,0.0,0.0,Não especializado,2005
1047,0.0,0.0,Não especializado,2005
1048,0.5606884406262332,3251.946213729653,Não especializado,2005
1049,0.19783665172249063,1247.457627118644,Não especializado,2005
1050,0.0,0.0,Não especializado,2005
1051,0.0,0.0,Não especializado,2005
1052,0.20183828222530184,1505.7471264367816,Não especializado,2005
1053,0.0,0.0,Não especializado,2005
1054,0.0,0.0,Não especializado,2005
1055,5.8188309199636095,900.0,Alta espec. / Baixa produt.,2005
1056,0.21992576121693203,1942.4007744433688,Não especializado,2005
1057,0.0,0.0,Não especializado,2005
1058,0.5975650476671849,1500.0,Não especializado,2005
1059,0.43050858353916494,773.3333333333334,Não especializado,2005
1060,0.0,0.0,Não especializado,2005
1061,0.7819485051912914,1200.0,Não especializado,2005
1062,1.2775763561869689,2024.0,Baixa espec. / Alta produt.,2005
1063,0.48297191201076417,1230.0,Não especializado,2005
1064,0.0212314077289492,1800.0,Não especializado,2005
1065,3.2321413572596964,3518.9251317823314,Alta espec. / Alta produt.,2005
1066,0.0,0.0,Não especializado,2005
1067,0.0,0.0,Não especializado,2005
1068,4.654513394715734,2800.0,Alta espec. / Alta produt.,2005
1069,0.0,0.0,Não especializado,2005
1070,0.0,0.0,Não especializado,2005
1071,1.1344017863706604,1050.0,Baixa espec. / Baixa produt.,2005
1072,0.0005465156299162928,2000.0,Não especializado,2005
1073,1.5493674417305245,1207.910208444682,Baixa espec. / Alta produt.,2005
1074,1.0712076057655633,847.2727272727273,Baixa espec. / Baixa produt.,2005
1075,4.076159943159515,1200.0,Alta espec. / Alta produt.,2005
1076,0.0,0.0,Não especializado,2005
1077,0.0,0.0,Não especializado,2005
1078,0.2053689774975596,1128.5714285714287,Não especializado,2005
1079,0.0,0.0,Não especializado,2005
1080,0.0,0.0,Não especializado,2005
1081,0.5587143612794809,1000.0,Não especializado,2005
1082,0.0,0.0,Não especializado,2005
1083,0.47722608453256754,1979.8566063502901,Não especializado,2005
1084,1.337044777645599,2332.801913112794,Baixa espec. / Alta produt.,2005
1085,13.510061869485188,1260.0,Alta espec. / Alta produt.,2005
1086,0.2712289383748078,2535.433070866142,Não especializado,2005
1087,0.0,0.0,Não especializado,2005
1088,0.9255327027267612,1620.0,Não especializado,2005
1089,0.0,0.0,Não especializado,2005
1090,0.0,0.0,Não especializado,2005
1091,0.0,0.0,Não especializado,2005
1092,0.0,0.0,Não especializado,2005
1093,0.0,0.0,Não especializado,2005
1094,0.0,0.0,Não especializado,2005
1095,0.0874314837593423,900.0,Não especializado,2005
1096,0.0,0.0,Não especializado,2005
1097,1.375586743018759,3607.1217442709603,Baixa espec. / Alta produt.,2005
1098,1.6283590919054933,3179.7748256494147,Baixa espec. / Alta produt.,2005
1099,6.741449519516352,3423.0690010298663,Alta espec. / Alta produt.,2005
1100,6.115121062957049,3900.0135758892206,Alta espec. / Alta produt.,2005
11001,0.0,0.0,Não especializado,2005
11002,0.0,0.0,Não especializado,2005
11003,0.0,0.0,Não especializado,2005
11004,0.0,0.0,Não especializado,2005
11005,0.0,0.0,Não especializado,2005
11006,0.0,0.0,Não especializado,2005
11007,1.1126961682964553,3000.0,Baixa espec. / Alta produt.,2005
11008,0.0,0.0,Não especializado,2005
11009,0.0,0.0,Não especializado,2005
1101,0.0,0.0,Não especializado,2005
11010,0.0,0.0,Não especializado,2005
11011,0.0,0.0,Não especializado,2005
11012,0.0,0.0,Não especializado,2005
11013,0.0,0.0,Não especializado,2005
11014,0.0,0.0,Não especializado,2005
11015,0.0,0.0,Não especializado,2005
11016,0.0,0.0,Não especializado,2005
11017,0.0,0.0,Não especializado,2005
11018,0.0,0.0,Não especializado,2005
11019,0.0,0.0,Não especializado,2005
1102,0.0,0.0,Não especializado,2005
11020,0.0,0.0,Não especializado,2005
11021,0.0,0.0,Não especializado,2005
11022,0.0,0.0,Não especializado,2005
11023,0.0,0.0,Não especializado,2005
11024,0.0,0.0,Não especializado,2005
11025,0.0,0.0,Não especializado,2005
11026,0.0,0.0,Não especializado,2005
11027,0.0,0.0,Não especializado,2005
11028,0.0,0.0,Não especializado,2005
11029,0.0,0.0,Não especializado,2005
1103,0.016586096473037368,1578.9473684210527,Não especializado,2005
11030,0.0,0.0,Não especializado,2005
11031,0.0,0.0,Não especializado,2005
11032,0.0,0.0,Não especializado,2005
11033,0.0,0.0,Não especializado,2005
11034,0.0,0.0,Não especializado,2005
11035,0.0,0.0,Não especializado,2005
11036,0.0,0.0,Não especializado,2005
11037,0.0,0.0,Não especializado,2005
11038,0.0,0.0,Não especializado,2005
11039,0.0,0.0,Não especializado,2005
1104,0.0,0.0,Não especializado,2005
11040,0.0,0.0,Não especializado,2005
11041,1.5712491694225759,2641.434262948207,Baixa espec. / Alta produt.,2005
11042,0.0,0.0,Não especializado,2005
11043,0.0,0.0,Não especializado,2005
11044,0.0,0.0,Não especializado,2005
11045,0.0,0.0,Não especializado,2005
11046,0.0,0.0,Não especializado,2005
11047,0.0,0.0,Não especializado,2005
11048,0.0,0.0,Não especializado,2005
11049,0.0,0.0,Não especializado,2005
1105,0.3149357916292,3427.9250161603104,Não especializado,2005
11050,0.0,0.0,Não especializado,2005
11051,0.0,0.0,Não especializado,2005
11052,0.0,0.0,Não especializado,2005
11053,0.0,0.0,Não especializado,2005
11054,0.0,0.0,Não especializado,2005
11055,0.0,0.0,Não especializado,2005
11056,0.0,0.0,Não especializado,2005
11057,0.0,0.0,Não especializado,2005
11058,0.0,0.0,Não especializado,2005
11059,0.0,0.0,Não especializado,2005
1106,6.876875078562874,3894.9375363160952,Alta espec. / Alta produt.,2005
11060,0.0,0.0,Não especializado,2005
11061,0.0,0.0,Não especializado,2005
11062,0.0,0.0,Não especializado,2005
11063,0.0,0.0,Não especializado,2005
11064,0.0,0.0,Não especializado,2005
11065,0.0,0.0,Não especializado,2005
11066,0.0,0.0,Não especializado,2005
11067,0.0,0.0,Não especializado,2005
11068,0.0,0.0,Não especializado,2005
11069,0.15049489111833064,1000.0,Não especializado,2005
1107,1.4790227538796452,3182.215036378335,Baixa espec. / Alta produt.,2005
11070,0.0,0.0,Não especializado,2005
11071,0.0,0.0,Não especializado,2005
11072,0.0,0.0,Não especializado,2005
11073,0.0,0.0,Não especializado,2005
11074,0.0,0.0,Não especializado,2005
11075,0.0,0.0,Não especializado,2005
11076,0.0,0.0,Não especializado,2005
11077,0.0,0.0,Não especializado,2005
11078,1.2272540072432636,1500.0,Baixa espec. / Alta produt.,2005
11079,0.0,0.0,Não especializado,2005
1108,0.0,0.0,Não especializado,2005
11080,0.0,0.0,Não especializado,2005
11081,0.0,0.0,Não especializado,2005
11082,0.0,0.0,Não especializado,2005
11083,0.0,0.0,Não especializado,2005
11084,0.0,0.0,Não especializado,2005
11085,0.0,0.0,Não especializado,2005
11086,0.0,0.0,Não especializado,2005
11087,0.591716261156905,3749.3333333333335,Não especializado,2005
11088,1.5728202093310095,2203.3898305084745,Baixa espec. / Alta produt.,2005
11089,0.0,0.0,Não especializado,2005
1109,2.7838886411646797,4044.8954489544894,Baixa espec. / Alta produt.,2005
11090,0.0,0.0,Não especializado,2005
11091,0.0,0.0,Não especializado,2005
11092,0.0,0.0,Não especializado,2005
11093,0.0,0.0,Não especializado,2005
11094,0.0,0.0,Não especializado,2005
11095,0.0,0.0,Não especializado,2005
11096,0.0,0.0,Não especializado,2005
11097,0.0,0.0,Não especializado,2005
11098,0.0,0.0,Não especializado,2005
11099,0.0,0.0,Não especializado,2005
1110,1.204137455169966,3000.0,Baixa espec. / Alta produt.,2005
11100,0.0,0.0,Não especializado,2005
11101,1.2658874099063924,3749.8039215686276,Baixa espec. / Alta produt.,2005
11102,0.9838543921512592,3600.0,Não especializado,2005
11103,1.6944347459474787,3692.3076923076924,Baixa espec. / Alta produt.,2005
11104,0.0,0.0,Não especializado,2005
11105,0.0,0.0,Não especializado,2005
11106,0.0,0.0,Não especializado,2005
11107,3.5260049396510906,2000.0,Alta espec. / Alta produt.,2005
11108,0.0,0.0,Não especializado,2005
11109,0.0,0.0,Não especializado,2005
1111,8.484193660983166,3871.523980628027,Alta espec. / Alta produt.,2005
11110,0.0,0.0,Não especializado,2005
11111,0.0,0.0,Não especializado,2005
11112,0.0,0.0,Não especializado,2005
11113,0.0,0.0,Não especializado,2005
11114,0.0,0.0,Não especializado,2005
11115,0.0,0.0,Não especializado,2005
11116,0.0,0.0,Não especializado,2005
11117,0.0,0.0,Não especializado,2005
11118,0.0,0.0,Não especializado,2005
11119,0.0,0.0,Não especializado,2005
1112,4.915011094535008,3001.9867549668875,Alta espec. / Alta produt.,2005
11120,0.0,0.0,Não especializado,2005
11121,0.0,0.0,Não especializado,2005
11122,0.0,0.0,Não especializado,2005
11123,0.06680851464602067,3303.030303030303,Não especializado,2005
11124,0.0,0.0,Não especializado,2005
11125,0.0,0.0,Não especializado,2005
11126,0.0,0.0,Não especializado,2005
11127,3.198499755569431,1500.0,Alta espec. / Alta produt.,2005
11128,0.0,0.0,Não especializado,2005
11129,0.0,0.0,Não especializado,2005
1113,0.0,0.0,Não especializado,2005
11130,0.0,0.0,Não especializado,2005
11131,0.0,0.0,Não especializado,2005
11132,0.0,0.0,Não especializado,2005
11133,0.0,0.0,Não especializado,2005
11134,0.9730744954684658,2400.0,Não especializado,2005
11135,0.0,0.0,Não especializado,2005
11136,0.9679779389857206,2100.0,Não especializado,2005
11137,0.0,0.0,Não especializado,2005
11138,0.0,0.0,Não especializado,2005
11139,0.0,0.0,Não especializado,2005
1114,0.0,0.0,Não especializado,2005
11140,0.0,0.0,Não especializado,2005
11141,0.0,0.0,Não especializado,2005
11142,0.0,0.0,Não especializado,2005
11143,0.0,0.0,Não especializado,2005
11144,0.0,0.0,Não especializado,2005
11145,0.0,0.0,Não especializado,2005
11146,0.0,0.0,Não especializado,2005
11147,0.0,0.0,Não especializado,2005
11148,0.0,0.0,Não especializado,2005
11149,0.0,0.0,Não especializado,2005
1115,0.0,0.0,Não especializado,2005
11150,0.0,0.0,Não especializado,2005
11151,0.0,0.0,Não especializado,2005
11152,0.0,0.0,Não especializado,2005
11153,0.0,0.0,Não especializado,2005
11154,0.0,0.0,Não especializado,2005
11155,0.6018640767870926,2741.0714285714284,Não especializado,2005
11156,0.0,0.0,Não especializado,2005
11157,0.0,0.0,Não especializado,2005
11158,0.0,0.0,Não especializado,2005
11159,0.0,0.0,Não especializado,2005
1116,0.0,0.0,Não especializado,2005
11160,0.0,0.0,Não especializado,2005
11161,0.0,0.0,Não especializado,2005
11162,0.0,0.0,Não especializado,2005
11163,0.0,0.0,Não especializado,2005
11164,0.0,0.0,Não especializado,2005
11165,0.0,0.0,Não especializado,2005
11166,0.0,0.0,Não especializado,2005
11167,29.926618635699768,1121.2121212121212,Alta espec. / Alta produt.,2005
11168,0.0,0.0,Não especializado,2005
11169,0.0,0.0,Não especializado,2005
1117,0.31195132624881006,3750.0,Não especializado,2005
11170,0.0,0.0,Não especializado,2005
11171,11.624103953180109,1700.0,Alta espec. / Alta produt.,2005
11172,0.0,0.0,Não especializado,2005
11173,0.0,0.0,Não especializado,2005
11174,0.13705620359339102,500.0,Não especializado,2005
11175,0.0,0.0,Não especializado,2005
11176,0.0,0.0,Não especializado,2005
11177,0.0,0.0,Não especializado,2005
11178,0.0,0.0,Não especializado,2005
11179,0.0,0.0,Não especializado,2005
1118,1.3265644978215632,3850.0,Baixa espec. / Alta produt.,2005
11180,0.0,0.0,Não especializado,2005
11181,0.0,0.0,Não especializado,2005
11182,0.0,0.0,Não especializado,2005
11183,0.0,0.0,Não especializado,2005
11184,0.0,0.0,Não especializado,2005
11185,0.0,0.0,Não especializado,2005
11186,0.0,0.0,Não especializado,2005
11187,0.0,0.0,Não especializado,2005
11188,0.0,0.0,Não especializado,2005
11189,0.0,0.0,Não especializado,2005
1119,0.0,0.0,Não especializado,2005
11190,0.0,0.0,Não especializado,2005
11191,0.0,0.0,Não especializado,2005
11192,0.0,0.0,Não especializado,2005
11193,0.0,0.0,Não especializado,2005
11194,0.0,0.0,Não especializado,2005
11195,0.0,0.0,Não especializado,2005
11196,0.0,0.0,Não especializado,2005
11197,0.0,0.0,Não especializado,2005
11198,0.0,0.0,Não especializado,2005
11199,0.0,0.0,Não especializado,2005
11200,0.0,0.0,Não especializado,2005
11201,0.0,0.0,Não especializado,2005
11202,0.0,0.0,Não especializado,2005
11203,0.15884801366356727,1500.0,Não especializado,2005
11204,0.0,0.0,Não especializado,2005
11205,0.0,0.0,Não especializado,2005
11206,0.0,0.0,Não especializado,2005
11207,0.0,0.0,Não especializado,2005
11208,2.2428058974815865,3825.0,Baixa espec. / Alta produt.,2005
11209,0.0,0.0,Não especializado,2005
11210,0.0,0.0,Não especializado,2005
11211,0.0,0.0,Não especializado,2005
11212,0.0,0.0,Não especializado,2005
11213,0.0,0.0,Não especializado,2005
11214,0.0,0.0,Não especializado,2005
11215,0.0,0.0,Não especializado,2005
11216,0.0,0.0,Não especializado,2005
11217,0.0,0.0,Não especializado,2005
11218,0.0,0.0,Não especializado,2005
11219,0.0,0.0,Não especializado,2005
11220,0.0,0.0,Não especializado,2005
11221,0.0,0.0,Não especializado,2005
11222,0.0,0.0,Não especializado,2005
11223,0.0,0.0,Não especializado,2005
11224,0.0,0.0,Não especializado,2005
11225,0.0,0.0,Não especializado,2005
11226,0.0,0.0,Não especializado,2005
11227,0.0,0.0,Não especializado,2005
11228,0.0,0.0,Não especializado,2005
11229,1.1391250777110862,3729.6066252587993,Baixa espec. / Alta produt.,2005
11230,0.0,0.0,Não especializado,2005
11231,0.0,0.0,Não especializado,2005
11232,0.0,0.0,Não especializado,2005
11233,0.0,0.0,Não especializado,2005
11234,0.0,0.0,Não especializado,2005
11235,0.0,0.0,Não especializado,2005
11236,0.0,0.0,Não especializado,2005
11237,0.0,0.0,Não especializado,2005
11238,0.0,0.0,Não especializado,2005
11239,0.0,0.0,Não especializado,2005
11240,0.0,0.0,Não especializado,2005
11241,0.0,0.0,Não especializado,2005
11242,0.0,0.0,Não especializado,2005
11243,0.0,0.0,Não especializado,2005
11244,0.0,0.0,Não especializado,2005
11245,0.0,0.0,Não especializado,2005
11246,0.0,0.0,Não especializado,2005
11247,0.0,0.0,Não especializado,2005
11248,0.0,0.0,Não especializado,2005
11249,0.0,0.0,Não especializado,2005
11250,0.0,0.0,Não especializado,2005
11251,0.0,0.0,Não especializado,2005
11252,0.0,0.0,Não especializado,2005
11253,0.0,0.0,Não especializado,2005
11254,0.0,0.0,Não especializado,2005
11255,0.0,0.0,Não especializado,2005
11256,6.454735272449189,2250.0,Alta espec. / Alta produt.,2005
11257,0.0,0.0,Não especializado,2005
11258,0.0,0.0,Não especializado,2005
11259,0.0,0.0,Não especializado,2005
11260,0.0,0.0,Não especializado,2005
11261,5.023270972051923,1046.341463414634,Alta espec. / Baixa produt.,2005
11262,0.0,0.0,Não especializado,2005
11263,0.0,0.0,Não especializado,2005
11264,0.0,0.0,Não especializado,2005
11265,0.0,0.0,Não especializado,2005
11266,0.0,0.0,Não especializado,2005
11267,0.0,0.0,Não especializado,2005
11268,0.0,0.0,Não especializado,2005
11269,0.0,0.0,Não especializado,2005
11270,0.0,0.0,Não especializado,2005
11271,0.0,0.0,Não especializado,2005
11272,0.0,0.0,Não especializado,2005
11273,0.0,0.0,Não especializado,2005
11274,0.0,0.0,Não especializado,2005
11275,0.0,0.0,Não especializado,2005
11276,0.0,0.0,Não especializado,2005
11277,0.0,0.0,Não especializado,2005
11278,0.0,0.0,Não especializado,2005
11279,0.0,0.0,Não especializado,2005
11280,0.0,0.0,Não especializado,2005
11281,0.0,0.0,Não especializado,2005
11282,0.0,0.0,Não especializado,2005
11283,0.0,0.0,Não especializado,2005
11284,0.48121737911638013,1500.0,Não especializado,2005
11285,0.0,0.0,Não especializado,2005
11286,0.0,0.0,Não especializado,2005
11287,0.0,0.0,Não especializado,2005
11288,0.0,0.0,Não especializado,2005
11289,0.0,0.0,Não especializado,2005
11290,0.0,0.0,Não especializado,2005
11291,0.0,0.0,Não especializado,2005
11292,0.0,0.0,Não especializado,2005
11293,0.0,0.0,Não especializado,2005
11294,0.0,0.0,Não especializado,2005
11295,7.556985396308789,1281.6462736373749,Alta espec. / Alta produt.,2005
11296,0.0,0.0,Não especializado,2005
11297,0.0,0.0,Não especializado,2005
11298,0.0,0.0,Não especializado,2005
11299,0.0,0.0,Não especializado,2005
11300,0.0,0.0,Não especializado,2005
11301,0.0,0.0,Não especializado,2005
11302,0.0,0.0,Não especializado,2005
11303,0.0,0.0,Não especializado,2005
11304,0.0,0.0,Não especializado,2005
11305,0.0,0.0,Não especializado,2005
11306,0.0,0.0,Não especializado,2005
11307,0.10602644564712295,2000.0,Não especializado,2005
11308,0.0,0.0,Não especializado,2005
11309,0.0,0.0,Não especializado,2005
11310,0.0,0.0,Não especializado,2005
11311,0.0,0.0,Não especializado,2005
11312,0.0,0.0,Não especializado,2005
11313,0.0,0.0,Não especializado,2005
11314,0.0,0.0,Não especializado,2005
11315,0.11465177430299019,2700.0,Não especializado,2005
11316,0.0,0.0,Não especializado,2005
11317,0.0,0.0,Não especializado,2005
11318,0.0,0.0,Não especializado,2005
11319,0.0,0.0,Não especializado,2005
11320,0.10922543033495531,1440.0,Não especializado,2005
11321,0.0,0.0,Não especializado,2005
11322,0.0,0.0,Não especializado,2005
11323,0.0,0.0,Não especializado,2005
11324,0.0,0.0,Não especializado,2005
11325,0.0,0.0,Não especializado,2005
11326,0.0,0.0,Não especializado,2005
11327,0.0,0.0,Não especializado,2005
11328,0.0,0.0,Não especializado,2005
11329,0.0,0.0,Não especializado,2005
11330,0.0,0.0,Não especializado,2005
11331,0.041187396068225884,666.6666666666666,Não especializado,2005
11332,0.0,0.0,Não especializado,2005
11333,0.0,0.0,Não especializado,2005
11334,0.0,0.0,Não especializado,2005
11335,0.0,0.0,Não especializado,2005
11336,0.0,0.0,Não especializado,2005
11337,0.0,0.0,Não especializado,2005
11338,0.0,0.0,Não especializado,2005
11339,3.068282421842003,1800.0,Alta espec. / Alta produt.,2005
11340,0.0,0.0,Não especializado,2005
11341,0.3631878328609308,4500.0,Não especializado,2005
11342,0.0,0.0,Não especializado,2005
11343,0.0,0.0,Não especializado,2005
11344,0.0,0.0,Não especializado,2005
11345,0.0,0.0,Não especializado,2005
11346,0.0,0.0,Não especializado,2005
11347,0.0,0.0,Não especializado,2005
11348,0.0,0.0,Não especializado,2005
11349,0.0,0.0,Não especializado,2005
11350,0.0,0.0,Não especializado,2005
11351,0.0,0.0,Não especializado,2005
11352,0.0,0.0,Não especializado,2005
11353,0.0,0.0,Não especializado,2005
11354,0.0,0.0,Não especializado,2005
11355,0.0,0.0,Não especializado,2005
11356,0.0,0.0,Não especializado,2005
11357,0.0,0.0,Não especializado,2005
11358,0.0,0.0,Não especializado,2005
11359,0.0,0.0,Não especializado,2005
11360,0.0,0.0,Não especializado,2005
11361,0.0,0.0,Não especializado,2005
11362,0.0,0.0,Não especializado,2005
11363,0.0,0.0,Não especializado,2005
11364,0.0,0.0,Não especializado,2005
11365,0.9741662648966382,1800.0,Não especializado,2005
11366,0.0,0.0,Não especializado,2005
11367,0.0,0.0,Não especializado,2005
11368,0.0,0.0,Não especializado,2005
11369,0.0,0.0,Não especializado,2005
11370,0.0,0.0,Não especializado,2005
11371,0.0,0.0,Não especializado,2005
11372,0.0,0.0,Não especializado,2005
11373,0.0,0.0,Não especializado,2005
11374,0.0,0.0,Não especializado,2005
11375,0.0,0.0,Não especializado,2005
11376,0.0,0.0,Não especializado,2005
11377,0.0,0.0,Não especializado,2005
11378,0.0,0.0,Não especializado,2005
11379,0.0,0.0,Não especializado,2005
11380,0.0,0.0,Não especializado,2005
11381,0.0,0.0,Não especializado,2005
11382,0.0,0.0,Não especializado,2005
11383,0.0,0.0,Não especializado,2005
11384,0.0,0.0,Não especializado,2005
11385,0.0,0.0,Não especializado,2005
11386,0.0,0.0,Não especializado,2005
11387,0.0,0.0,Não especializado,2005
11388,0.0,0.0,Não especializado,2005
11389,0.0,0.0,Não especializado,2005
11390,0.0,0.0,Não especializado,2005
11391,0.0,0.0,Não especializado,2005
11392,0.0,0.0,Não especializado,2005
11393,0.0,0.0,Não especializado,2005
11394,0.0,0.0,Não especializado,2005
11395,0.0,0.0,Não especializado,2005
11396,2.7220944171292505,3760.5522682445758,Baixa espec. / Alta produt.,2005
11397,0.0,0.0,Não especializado,2005
11398,0.0,0.0,Não especializado,2005
11399,0.0,0.0,Não especializado,2005
11400,0.0,0.0,Não especializado,2005
11401,0.0,0.0,Não especializado,2005
11402,0.0,0.0,Não especializado,2005
11403,0.0,0.0,Não especializado,2005
11404,0.0,0.0,Não especializado,2005
11405,0.0,0.0,Não especializado,2005
11406,0.0,0.0,Não especializado,2005
11407,0.0,0.0,Não especializado,2005
11408,0.0,0.0,Não especializado,2005
11409,0.0,0.0,Não especializado,2005
11410,0.0,0.0,Não especializado,2005
11411,0.0,0.0,Não especializado,2005
11412,0.0,0.0,Não especializado,2005
11413,0.0,0.0,Não especializado,2005
11414,0.0,0.0,Não especializado,2005
11415,0.0,0.0,Não especializado,2005
11416,0.0,0.0,Não especializado,2005
11417,0.0,0.0,Não especializado,2005
11418,0.0,0.0,Não especializado,2005
11419,0.0,0.0,Não especializado,2005
11420,0.0,0.0,Não especializado,2005
11421,0.0,0.0,Não especializado,2005
11422,0.0,0.0,Não especializado,2005
11423,0.0,0.0,Não especializado,2005
11424,0.0,0.0,Não especializado,2005
11425,0.0,0.0,Não especializado,2005
11426,0.0,0.0,Não especializado,2005
11427,0.0,0.0,Não especializado,2005
11428,0.0,0.0,Não especializado,2005
11429,0.0,0.0,Não especializado,2005
11430,0.0,0.0,Não especializado,2005
11431,0.0,0.0,Não especializado,2005
11432,0.0,0.0,Não especializado,2005
11433,0.0,0.0,Não especializado,2005
11434,0.0,0.0,Não especializado,2005
11435,0.0,0.0,Não especializado,2005
11436,0.0,0.0,Não especializado,2005
11437,0.0,0.0,Não especializado,2005
11438,0.0,0.0,Não especializado,2005
11439,0.0,0.0,Não especializado,2005
11440,0.0,0.0,Não especializado,2005
11441,0.0,0.0,Não especializado,2005
11442,0.0,0.0,Não especializado,2005
11443,19.592296644825733,1800.0,Alta espec. / Alta produt.,2005
11444,0.30360477975198646,2750.0,Não especializado,2005
11445,0.0,0.0,Não especializado,2005
11446,0.0,0.0,Não especializado,2005
11447,0.0,0.0,Não especializado,2005
11448,0.13482965876967168,1200.0,Não especializado,2005
11449,0.0,0.0,Não especializado,2005
11450,0.0,0.0,Não especializado,2005
11451,0.0,0.0,Não especializado,2005
11452,0.0,0.0,Não especializado,2005
11453,0.0,0.0,Não especializado,2005
11454,0.0,0.0,Não especializado,2005
11455,0.0,0.0,Não especializado,2005
11456,0.0,0.0,Não especializado,2005
11457,0.0,0.0,Não especializado,2005
11458,0.0,0.0,Não especializado,2005
11459,0.0,0.0,Não especializado,2005
11460,0.0,0.0,Não especializado,2005
11461,0.0,0.0,Não especializado,2005
11462,0.0,0.0,Não especializado,2005
11463,0.0,0.0,Não especializado,2005
11464,0.0,0.0,Não especializado,2005
11465,0.0,0.0,Não especializado,2005
11466,1.2352929534093189,3000.0,Baixa espec. / Alta produt.,2005
11467,6.525971768064,1116.72131147541,Alta espec. / Alta produt.,2005
11468,0.0,0.0,Não especializado,2005
11469,0.0,0.0,Não especializado,2005
11470,0.0,0.0,Não especializado,2005
11471,0.0,0.0,Não especializado,2005
11472,0.0,0.0,Não especializado,2005
11473,0.0,0.0,Não especializado,2005
11474,0.3758796078420928,2266.6666666666665,Não especializado,2005
11475,0.0,0.0,Não especializado,2005
11476,0.0,0.0,Não especializado,2005
11477,0.0,0.0,Não especializado,2005
11478,0.0,0.0,Não especializado,2005
11479,0.0,0.0,Não especializado,2005
11480,0.0,0.0,Não especializado,2005
11481,0.0,0.0,Não especializado,2005
11482,0.0,0.0,Não especializado,2005
11483,0.0,0.0,Não especializado,2005
11484,0.0,0.0,Não especializado,2005
11485,0.0,0.0,Não especializado,2005
11486,0.0,0.0,Não especializado,2005
11487,0.0,0.0,Não especializado,2005
11488,0.0,0.0,Não especializado,2005
11489,1.6748793445372487,3200.0,Baixa espec. / Alta produt.,2005
11490,0.0,0.0,Não especializado,2005
11491,0.0,0.0,Não especializado,2005
11492,0.0,0.0,Não especializado,2005
11493,0.0,0.0,Não especializado,2005
11494,0.0,0.0,Não especializado,2005
11495,0.0,0.0,Não especializado,2005
11496,0.0,0.0,Não especializado,2005
11497,0.0,0.0,Não especializado,2005
11498,0.0,0.0,Não especializado,2005
11499,0.0,0.0,Não especializado,2005
11500,0.8442230661492269,2699.009900990099,Não especializado,2005
11501,0.0,0.0,Não especializado,2005
11502,0.0,0.0,Não especializado,2005
11503,0.0,0.0,Não especializado,2005
11504,0.0,0.0,Não especializado,2005
11505,0.0,0.0,Não especializado,2005
11506,0.0,0.0,Não especializado,2005
11507,0.0,0.0,Não especializado,2005
11508,0.0,0.0,Não especializado,2005
11509,0.0,0.0,Não especializado,2005
11510,0.0,0.0,Não especializado,2005
11511,0.0,0.0,Não especializado,2005
11512,0.0,0.0,Não especializado,2005
11513,0.0,0.0,Não especializado,2005
11514,0.0,0.0,Não especializado,2005
11515,0.0,0.0,Não especializado,2005
11516,0.5157421467639242,3750.0,Não especializado,2005
11517,0.0,0.0,Não especializado,2005
11518,0.0,0.0,Não especializado,2005
11519,0.0,0.0,Não especializado,2005
11520,0.0,0.0,Não especializado,2005
11521,0.0,0.0,Não especializado,2005
11522,0.0,0.0,Não especializado,2005
11523,0.0,0.0,Não especializado,2005
11524,0.0,0.0,Não especializado,2005
11525,0.0,0.0,Não especializado,2005
11526,0.0,0.0,Não especializado,2005
11527,0.0,0.0,Não especializado,2005
11528,0.0,0.0,Não especializado,2005
11529,0.0,0.0,Não especializado,2005
11530,0.0,0.0,Não especializado,2005
11531,0.0,0.0,Não especializado,2005
11532,0.0,0.0,Não especializado,2005
11533,0.0,0.0,Não especializado,2005
11534,0.0,0.0,Não especializado,2005
11535,0.0,0.0,Não especializado,2005
11536,0.0,0.0,Não especializado,2005
11537,0.0,0.0,Não especializado,2005
11538,0.0,0.0,Não especializado,2005
11539,0.0,0.0,Não especializado,2005
11540,0.0,0.0,Não especializado,2005
11541,0.0,0.0,Não especializado,2005
11542,0.0,0.0,Não especializado,2005
11543,0.0,0.0,Não especializado,2005
11544,0.0,0.0,Não especializado,2005
11545,0.0,0.0,Não especializado,2005
11546,0.0,0.0,Não especializado,2005
11547,0.0,0.0,Não especializado,2005
11548,0.0,0.0,Não especializado,2005
11549,0.0,0.0,Não especializado,2005
11550,0.0,0.0,Não especializado,2005
11551,0.0,0.0,Não especializado,2005
11552,0.0,0.0,Não especializado,2005
11553,0.0,0.0,Não especializado,2005
11554,0.0,0.0,Não especializado,2005
11555,0.0,0.0,Não especializado,2005
11556,0.0,0.0,Não especializado,2005
11557,0.0,0.0,Não especializado,2005
11558,0.0,0.0,Não especializado,2005
11559,0.0,0.0,Não especializado,2005
11560,0.10960474095142789,1200.0,Não especializado,2005
11561,0.0,0.0,Não especializado,2005
11562,0.0,0.0,Não especializado,2005
11563,0.0,0.0,Não especializado,2005
11564,0.0,0.0,Não especializado,2005
11565,0.0,0.0,Não especializado,2005
11566,0.0,0.0,Não especializado,2005
11567,0.0,0.0,Não especializado,2005
11568,0.0,0.0,Não especializado,2005
11569,0.0,0.0,Não especializado,2005
11570,0.0,0.0,Não especializado,2005
11571,0.0,0.0,Não especializado,2005
11572,0.0,0.0,Não especializado,2005
11573,0.0,0.0,Não especializado,2005
11574,0.0,0.0,Não especializado,2005
11575,0.0,0.0,Não especializado,2005
11576,1.4679231599427465,3000.0,Baixa espec. / Alta produt.,2005
11577,0.0,0.0,Não especializado,2005
11578,0.0,0.0,Não especializado,2005
11579,0.0,0.0,Não especializado,2005
11580,0.0,0.0,Não especializado,2005
11581,0.16484249880476262,3750.0,Não especializado,2005
11582,0.0,0.0,Não especializado,2005
11583,0.0,0.0,Não especializado,2005
11584,0.0,0.0,Não especializado,2005
11585,0.0,0.0,Não especializado,2005
11586,0.0,0.0,Não especializado,2005
11587,0.0,0.0,Não especializado,2005
11588,0.0,0.0,Não especializado,2005
11589,0.0,0.0,Não especializado,2005
11590,0.0,0.0,Não especializado,2005
11591,0.0,0.0,Não especializado,2005
11592,0.0,0.0,Não especializado,2005
11593,0.0,0.0,Não especializado,2005
11594,0.0,0.0,Não especializado,2005
11595,0.0,0.0,Não especializado,2005
11596,0.0,0.0,Não especializado,2005
11597,0.0,0.0,Não especializado,2005
11598,0.0,0.0,Não especializado,2005
11599,0.0,0.0,Não especializado,2005
11600,0.0,0.0,Não especializado,2005
11601,0.0,0.0,Não especializado,2005
11602,2.3643400186128356,3100.0,Baixa espec. / Alta produt.,2005
11603,0.0,0.0,Não especializado,2005
11604,0.0,0.0,Não especializado,2005
11605,0.0,0.0,Não especializado,2005
11606,0.0,0.0,Não especializado,2005
11607,0.0,0.0,Não especializado,2005
11608,4.329902606116082,1349.3333333333333,Alta espec. / Alta produt.,2005
11609,0.0,0.0,Não especializado,2005
11610,0.0,0.0,Não especializado,2005
11611,0.0,0.0,Não especializado,2005
11612,0.0,0.0,Não especializado,2005
11613,0.0,0.0,Não especializado,2005
11614,0.0,0.0,Não especializado,2005
11615,0.0,0.0,Não especializado,2005
11616,0.0,0.0,Não especializado,2005
11617,0.0,0.0,Não especializado,2005
11618,0.0,0.0,Não especializado,2005
11619,0.0,0.0,Não especializado,2005
11620,0.0,0.0,Não especializado,2005
11621,0.0,0.0,Não especializado,2005
11622,0.0,0.0,Não especializado,2005
11623,0.0,0.0,Não especializado,2005
11624,0.0,0.0,Não especializado,2005
11625,0.0,0.0,Não especializado,2005
11626,2.0537659951757004,3845.6692913385828,Baixa espec. / Alta produt.,2005
11627,0.0,0.0,Não especializado,2005
11628,0.0,0.0,Não especializado,2005
11629,0.0,0.0,Não especializado,2005
11630,0.0,0.0,Não especializado,2005
11631,0.0,0.0,Não especializado,2005
11632,0.0,0.0,Não especializado,2005
11633,0.0,0.0,Não especializado,2005
11634,0.0,0.0,Não especializado,2005
11635,0.0,0.0,Não especializado,2005
11636,0.0,0.0,Não especializado,2005
11637,0.0,0.0,Não especializado,2005
11638,0.0,0.0,Não especializado,2005
11639,0.0,0.0,Não especializado,2005
11640,0.0,0.0,Não especializado,2005
11641,0.0,0.0,Não especializado,2005
11642,0.0,0.0,Não especializado,2005
11643,0.0,0.0,Não especializado,2005
11644,0.0,0.0,Não especializado,2005
11645,0.0,0.0,Não especializado,2005
11646,0.0,0.0,Não especializado,2005
11647,0.0,0.0,Não especializado,2005
11648,0.0,0.0,Não especializado,2005
11649,0.0,0.0,Não especializado,2005
11650,0.0,0.0,Não especializado,2005
11651,0.0,0.0,Não especializado,2005
11652,0.0,0.0,Não especializado,2005
11653,0.0,0.0,Não especializado,2005
11654,0.0,0.0,Não especializado,2005
11655,0.0,0.0,Não especializado,2005
11656,0.0,0.0,Não especializado,2005
11657,0.0,0.0,Não especializado,2005
11658,0.0,0.0,Não especializado,2005
11659,0.0,0.0,Não especializado,2005
11660,0.0,0.0,Não especializado,2005
11661,0.0,0.0,Não especializado,2005
11662,0.0,0.0,Não especializado,2005
11663,0.0,0.0,Não especializado,2005
11664,0.0,0.0,Não especializado,2005
11665,0.0,0.0,Não especializado,2005
11666,0.0,0.0,Não especializado,2005
11667,0.0,0.0,Não especializado,2005
11668,0.0,0.0,Não especializado,2005
11669,0.0,0.0,Não especializado,2005
11670,0.0,0.0,Não especializado,2005
11671,0.0,0.0,Não especializado,2005
11672,0.0,0.0,Não especializado,2005
11673,0.0,0.0,Não especializado,2005
11674,1.9504473224405459,3250.0,Baixa espec. / Alta produt.,2005
11675,0.0,0.0,Não especializado,2005
11676,0.0,0.0,Não especializado,2005
11677,0.0,0.0,Não especializado,2005
11678,0.0,0.0,Não especializado,2005
11679,0.0,0.0,Não especializado,2005
11680,0.0,0.0,Não especializado,2005
11681,0.0,0.0,Não especializado,2005
11682,0.0,0.0,Não especializado,2005
11683,0.0,0.0,Não especializado,2005
11684,0.0,0.0,Não especializado,2005
11685,0.0,0.0,Não especializado,2005
11686,0.0,0.0,Não especializado,2005
11687,0.0,0.0,Não especializado,2005
11688,0.0,0.0,Não especializado,2005
11689,0.0,0.0,Não especializado,2005
11690,0.0,0.0,Não especializado,2005
11691,0.0,0.0,Não especializado,2005
11692,0.0,0.0,Não especializado,2005
11693,0.0,0.0,Não especializado,2005
11694,0.0,0.0,Não especializado,2005
11695,0.0,0.0,Não especializado,2005
11696,0.0,0.0,Não especializado,2005
11697,0.0,0.0,Não especializado,2005
11698,0.0,0.0,Não especializado,2005
11699,0.0,0.0,Não especializado,2005
11700,0.17416079757139455,1000.0,Não especializado,2005
11701,0.0,0.0,Não especializado,2005
11702,0.0,0.0,Não especializado,2005
11703,0.15521992862432177,4048.9795918367345,Não especializado,2005
11704,0.0,0.0,Não especializado,2005
11705,0.0,0.0,Não especializado,2005
11706,0.0,0.0,Não especializado,2005
11707,0.0,0.0,Não especializado,2005
11708,0.0,0.0,Não especializado,2005
11709,0.0,0.0,Não especializado,2005
11710,0.0,0.0,Não especializado,2005
11711,0.0,0.0,Não especializado,2005
11712,0.0,0.0,Não especializado,2005
11713,0.0,0.0,Não especializado,2005
11714,0.0,0.0,Não especializado,2005
11715,0.0,0.0,Não especializado,2005
11716,0.0,0.0,Não especializado,2005
11717,0.0,0.0,Não especializado,2005
11718,0.0,0.0,Não especializado,2005
11719,0.0,0.0,Não especializado,2005
11720,0.0,0.0,Não especializado,2005
11721,0.0,0.0,Não especializado,2005
11722,0.0,0.0,Não especializado,2005
11723,0.0,0.0,Não especializado,2005
11724,0.0,0.0,Não especializado,2005
11725,0.0,0.0,Não especializado,2005
11726,0.0,0.0,Não especializado,2005
11727,0.0,0.0,Não especializado,2005
11728,0.0,0.0,Não especializado,2005
11729,0.0,0.0,Não especializado,2005
11730,0.0,0.0,Não especializado,2005
11731,0.0,0.0,Não especializado,2005
11732,0.0,0.0,Não especializado,2005
11733,0.0,0.0,Não especializado,2005
11734,0.0,0.0,Não especializado,2005
11735,0.0,0.0,Não especializado,2005
11736,0.0,0.0,Não especializado,2005
11737,0.0,0.0,Não especializado,2005
11738,0.0,0.0,Não especializado,2005
11739,0.0,0.0,Não especializado,2005
11740,0.0,0.0,Não especializado,2005
11741,0.0,0.0,Não especializado,2005
11742,0.0,0.0,Não especializado,2005
11743,0.0,0.0,Não especializado,2005
11744,0.0,0.0,Não especializado,2005
11745,0.0,0.0,Não especializado,2005
11746,0.0,0.0,Não especializado,2005
11747,0.0,0.0,Não especializado,2005
11748,0.0,0.0,Não especializado,2005
11749,0.0,0.0,Não especializado,2005
11750,0.0,0.0,Não especializado,2005
11751,0.0,0.0,Não especializado,2005
11752,0.0,0.0,Não especializado,2005
11753,0.0,0.0,Não especializado,2005
11754,0.0,0.0,Não especializado,2005
11755,0.0,0.0,Não especializado,2005
11756,0.0,0.0,Não especializado,2005
11757,0.0,0.0,Não especializado,2005
11758,0.0,0.0,Não especializado,2005
11759,0.0,0.0,Não especializado,2005
11760,0.0,0.0,Não especializado,2005
11761,0.0,0.0,Não especializado,2005
11762,0.0,0.0,Não especializado,2005
11763,0.0,0.0,Não especializado,2005
11764,0.0,0.0,Não especializado,2005
11765,0.0,0.0,Não especializado,2005
11766,0.0,0.0,Não especializado,2005
11767,0.0,0.0,Não especializado,2005
11768,0.0,0.0,Não especializado,2005
11769,0.0,0.0,Não especializado,2005
11770,0.0,0.0,Não especializado,2005
12001,0.0,0.0,Não especializado,2005
12002,0.0,0.0,Não especializado,2005
12003,0.0,0.0,Não especializado,2005
12004,0.0,0.0,Não especializado,2005
12005,0.0,0.0,Não especializado,2005
12006,0.0,0.0,Não especializado,2005
12007,0.0,0.0,Não especializado,2005
12008,0.0,0.0,Não especializado,2005
12009,0.0,0.0,Não especializado,2005
12010,0.0,0.0,Não especializado,2005
12011,0.0,0.0,Não especializado,2005
12012,0.0,0.0,Não especializado,2005
12013,0.0,0.0,Não especializado,2005
12014,0.0,0.0,Não especializado,2005
12015,0.0,0.0,Não especializado,2005
12016,0.0,0.0,Não especializado,2005
12017,0.0,0.0,Não especializado,2005
12018,0.0,0.0,Não especializado,2005
12019,0.0,0.0,Não especializado,2005
12020,0.0,0.0,Não especializado,2005
12021,0.0,0.0,Não especializado,2005
12022,0.0,0.0,Não especializado,2005
12023,0.0,0.0,Não especializado,2005
12024,0.0,0.0,Não especializado,2005
12025,0.0,0.0,Não especializado,2005
12026,0.0,0.0,Não especializado,2005
12027,0.0,0.0,Não especializado,2005
12028,0.0,0.0,Não especializado,2005
12029,0.0,0.0,Não especializado,2005
12030,0.0,0.0,Não especializado,2005
12031,0.0,0.0,Não especializado,2005
12032,0.0,0.0,Não especializado,2005
12033,0.0,0.0,Não especializado,2005
12034,0.0,0.0,Não especializado,2005
12035,0.0,0.0,Não especializado,2005
12036,0.0,0.0,Não especializado,2005
12038,0.0,0.0,Não especializado,2005
12039,0.0,0.0,Não especializado,2005
12040,0.0,0.0,Não especializado,2005
12041,0.0,0.0,Não especializado,2005
12042,0.0,0.0,Não especializado,2005
12043,0.0,0.0,Não especializado,2005
12044,0.0,0.0,Não especializado,2005
12045,0.0,0.0,Não especializado,2005
12046,0.0,0.0,Não especializado,2005
12047,0.0,0.0,Não especializado,2005
12048,0.0,0.0,Não especializado,2005
12049,0.0,0.0,Não especializado,2005
12050,0.0,0.0,Não especializado,2005
12051,0.0,0.0,Não especializado,2005
12052,0.0,0.0,Não especializado,2005
12053,0.0,0.0,Não especializado,2005
12054,0.0,0.0,Não especializado,2005
12056,0.0,0.0,Não especializado,2005
12057,0.0,0.0,Não especializado,2005
12058,0.0,0.0,Não especializado,2005
12059,0.0,0.0,Não especializado,2005
12060,0.0,0.0,Não especializado,2005
12061,0.0,0.0,Não especializado,2005
12062,0.0,0.0,Não especializado,2005
12063,0.0,0.0,Não especializado,2005
12064,0.0,0.0,Não especializado,2005
13001,0.17472662212490783,1200.0,Não especializado,2005
13002,0.10064535947684453,3500.0,Não especializado,2005
13003,3.2678869020318997,2703.448275862069,Alta espec. / Alta produt.,2005
13004,0.0,0.0,Não especializado,2005
13005,0.0,0.0,Não especializado,2005
13006,0.0925978896178489,1125.0,Não especializado,2005
13007,0.0,0.0,Não especializado,2005
13008,0.0,0.0,Não especializado,2005
13009,0.0,0.0,Não especializado,2005
13010,2.049575239712143,1200.0,Baixa espec. / Alta produt.,2005
13011,0.0,0.0,Não especializado,2005
13012,0.0,0.0,Não especializado,2005
13013,0.946570572103282,1561.98347107438,Não especializado,2005
13014,0.0,0.0,Não especializado,2005
13015,17.099553671707138,1249.1935483870968,Alta espec. / Alta produt.,2005
13016,11.45943480202395,1350.6849315068494,Alta espec. / Alta produt.,2005
13017,0.0,0.0,Não especializado,2005
13018,0.0,0.0,Não especializado,2005
13019,0.0,0.0,Não especializado,2005
13020,0.0,0.0,Não especializado,2005
13021,21.04683524242157,1207.6470588235295,Alta espec. / Alta produt.,2005
13022,0.0,0.0,Não especializado,2005
13023,0.0,0.0,Não especializado,2005
13024,1.4418017832863277,1544.2857142857142,Baixa espec. / Alta produt.,2005
13025,0.0,0.0,Não especializado,2005
13026,0.0,0.0,Não especializado,2005
13027,1.2691005259922008,1500.0,Baixa espec. / Alta produt.,2005
13028,0.0,0.0,Não especializado,2005
13029,10.710650592989124,1800.0,Alta espec. / Alta produt.,2005
13030,0.0,0.0,Não especializado,2005
13031,0.0,0.0,Não especializado,2005
13032,0.40692658262482784,1604.6065259117083,Não especializado,2005
13033,0.0,0.0,Não especializado,2005
13034,0.0,0.0,Não especializado,2005
13035,0.0,0.0,Não especializado,2005
13036,0.0,0.0,Não especializado,2005
13037,0.11066214572577014,2028.5714285714287,Não especializado,2005
13038,0.45203111795695466,2850.0,Não especializado,2005
13039,0.0,0.0,Não especializado,2005
13040,0.0,0.0,Não especializado,2005
13041,0.0,0.0,Não especializado,2005
13042,0.0,0.0,Não especializado,2005
13043,0.0,0.0,Não especializado,2005
13044,0.0,0.0,Não especializado,2005
13045,0.0,0.0,Não especializado,2005
13046,22.97256124536009,1210.909090909091,Alta espec. / Alta produt.,2005
13047,0.0,0.0,Não especializado,2005
13048,0.0,0.0,Não especializado,2005
13049,11.622764153277714,1800.0,Alta espec. / Alta produt.,2005
13050,0.0,0.0,Não especializado,2005
13051,0.0,0.0,Não especializado,2005
13052,0.3543249241688626,1400.0,Não especializado,2005
13053,0.8826662447078063,3000.0,Não especializado,2005
13054,0.0,0.0,Não especializado,2005
13055,0.0,0.0,Não especializado,2005
13056,0.0,0.0,Não especializado,2005
13057,0.21567554655937854,2400.0,Não especializado,2005
13058,0.370881980925512,1800.0,Não especializado,2005
13059,0.0,0.0,Não especializado,2005
13060,0.0,0.0,Não especializado,2005
13061,0.72247628779369,2718.4466019417478,Não especializado,2005
13062,0.0,0.0,Não especializado,2005
13063,0.0,0.0,Não especializado,2005
13064,0.0,0.0,Não especializado,2005
13065,0.0,0.0,Não especializado,2005
13066,0.0,0.0,Não especializado,2005
13067,0.01269029938768665,750.0,Não especializado,2005
13068,0.0,0.0,Não especializado,2005
13069,0.7425013017733411,2500.0,Não especializado,2005
13070,0.0,0.0,Não especializado,2005
13071,0.8999473609445555,3087.5,Não especializado,2005
13072,0.20261021055623357,3000.0,Não especializado,2005
13073,0.0,0.0,Não especializado,2005
13074,0.08523655111266425,2020.0,Não especializado,2005
13075,0.0,0.0,Não especializado,2005
13076,0.0,0.0,Não especializado,2005
13077,0.0,0.0,Não especializado,2005
13078,0.0,0.0,Não especializado,2005
13079,0.0,0.0,Não especializado,2005
13080,0.0,0.0,Não especializado,2005
13081,1.5727439843073165,1488.888888888889,Baixa espec. / Alta produt.,2005
13082,1.5868843161059192,2230.508474576271,Baixa espec. / Alta produt.,2005
13083,0.0,0.0,Não especializado,2005
13084,0.0,0.0,Não especializado,2005
13085,0.0,0.0,Não especializado,2005
13086,0.04057707430967756,2000.0,Não especializado,2005
13087,0.40043018658110324,2446.153846153846,Não especializado,2005
13088,0.0,0.0,Não especializado,2005
13089,0.0,0.0,Não especializado,2005
13090,0.0,0.0,Não especializado,2005
13091,0.2768213624153111,2000.0,Não especializado,2005
13092,0.0,0.0,Não especializado,2005
13093,0.0,0.0,Não especializado,2005
13094,0.0,0.0,Não especializado,2005
13095,0.0,0.0,Não especializado,2005
13096,0.0,0.0,Não especializado,2005
13097,0.0,0.0,Não especializado,2005
13098,0.0,0.0,Não especializado,2005
13099,1.9431745826846543,1500.0,Baixa espec. / Alta produt.,2005
13100,0.0,0.0,Não especializado,2005
13101,3.4227416049365256,1860.0,Alta espec. / Alta produt.,2005
13102,0.0,0.0,Não especializado,2005
13103,0.0,0.0,Não especializado,2005
13104,0.0,0.0,Não especializado,2005
13105,0.0,0.0,Não especializado,2005
13106,0.0,0.0,Não especializado,2005
13107,0.0,0.0,Não especializado,2005
13108,0.0,0.0,Não especializado,2005
13109,0.0,0.0,Não especializado,2005
13110,0.0,0.0,Não especializado,2005
13111,0.0,0.0,Não especializado,2005
13112,0.0,0.0,Não especializado,2005
13113,0.0,0.0,Não especializado,2005
13114,0.0,0.0,Não especializado,2005
13115,0.0,0.0,Não especializado,2005
13116,0.0,0.0,Não especializado,2005
13117,0.0,0.0,Não especializado,2005
13118,0.0,0.0,Não especializado,2005
13119,0.0,0.0,Não especializado,2005
13120,17.409799577584348,2113.5021097046415,Alta espec. / Alta produt.,2005
13121,0.8003519588794499,2038.8349514563106,Não especializado,2005
13122,0.0,0.0,Não especializado,2005
13123,4.806439551660508,1875.5555555555557,Alta espec. / Alta produt.,2005
13124,0.0,0.0,Não especializado,2005
13125,0.0,0.0,Não especializado,2005
13126,0.0,0.0,Não especializado,2005
13127,0.0,0.0,Não especializado,2005
13128,0.0,0.0,Não especializado,2005
13129,0.0,0.0,Não especializado,2005
13130,0.0,0.0,Não especializado,2005
13131,2.201746978310882,2776.8595041322315,Baixa espec. / Alta produt.,2005
13132,0.0,0.0,Não especializado,2005
13133,0.7068031587105665,1800.0,Não especializado,2005
13134,5.52975881360644,2780.9523809523807,Alta espec. / Alta produt.,2005
13135,0.0,0.0,Não especializado,2005
13136,0.0,0.0,Não especializado,2005
13137,0.0,0.0,Não especializado,2005
13138,0.0,0.0,Não especializado,2005
13139,0.0,0.0,Não especializado,2005
13140,9.385838445034317,1875.0,Alta espec. / Alta produt.,2005
13141,0.0,0.0,Não especializado,2005
13142,0.0,0.0,Não especializado,2005
13143,0.0,0.0,Não especializado,2005
13144,0.0,0.0,Não especializado,2005
13145,0.0,0.0,Não especializado,2005
13146,0.0,0.0,Não especializado,2005
13147,0.0,0.0,Não especializado,2005
13148,0.0,0.0,Não especializado,2005
13150,18.794384563725977,1307.6923076923076,Alta espec. / Alta produt.,2005
13151,0.0,0.0,Não especializado,2005
13152,0.0,0.0,Não especializado,2005
13153,0.0,0.0,Não especializado,2005
13154,39.83766984447899,1400.0,Alta espec. / Alta produt.,2005
13155,0.6272551235134901,1800.0,Não especializado,2005
13156,1.732072601933869,1900.0,Baixa espec. / Alta produt.,2005
13157,0.0,0.0,Não especializado,2005
13158,0.0,0.0,Não especializado,2005
13159,0.0,0.0,Não especializado,2005
13160,0.0,0.0,Não especializado,2005
13161,0.0,0.0,Não especializado,2005
13162,0.0,0.0,Não especializado,2005
13163,0.0,0.0,Não especializado,2005
13164,4.051593663556323,1100.0,Alta espec. / Baixa produt.,2005
13165,0.0,0.0,Não especializado,2005
13166,0.10049021233787689,2250.0,Não especializado,2005
13167,1.7558228628810526,1483.3333333333333,Baixa espec. / Alta produt.,2005
13168,20.17844059065731,1500.0,Alta espec. / Alta produt.,2005
13169,3.1826745072012343,1422.829581993569,Alta espec. / Alta produt.,2005
13170,0.0,0.0,Não especializado,2005
13171,2.9827876414303978,1500.0,Alta espec. / Alta produt.,2005
13172,0.0,0.0,Não especializado,2005
13173,0.0,0.0,Não especializado,2005
13174,0.0,0.0,Não especializado,2005
13175,0.0,0.0,Não especializado,2005
13176,15.929327639543112,1467.5675675675675,Alta espec. / Alta produt.,2005
13177,1.30640058809068,2250.0,Baixa espec. / Alta produt.,2005
13178,0.0,0.0,Não especializado,2005
13179,0.0,0.0,Não especializado,2005
13180,0.0,0.0,Não especializado,2005
13181,0.0,0.0,Não especializado,2005
13182,1.2536329671339543,2400.0,Baixa espec. / Alta produt.,2005
13183,1.3309696661053658,900.0,Baixa espec. / Baixa produt.,2005
13184,20.870838061905353,1680.0,Alta espec. / Alta produt.,2005
13185,6.991982096499933,1936.842105263158,Alta espec. / Alta produt.,2005
13186,0.0,0.0,Não especializado,2005
13187,0.7055559208404506,3000.0,Não especializado,2005
13188,0.0,0.0,Não especializado,2005
13189,0.0,0.0,Não especializado,2005
13190,0.18744355274840802,3000.0,Não especializado,2005
13191,0.0,0.0,Não especializado,2005
13192,0.0,0.0,Não especializado,2005
13193,1.0970822843239336,2550.0,Baixa espec. / Alta produt.,2005
13194,1.2950005367267354,1348.0,Baixa espec. / Alta produt.,2005
13195,0.0,0.0,Não especializado,2005
13196,4.248702938742553,1710.1010101010102,Alta espec. / Alta produt.,2005
13197,0.0,0.0,Não especializado,2005
13198,0.25734928840102705,1800.0,Não especializado,2005
13199,0.0,0.0,Não especializado,2005
13200,0.0,0.0,Não especializado,2005
13201,0.0,0.0,Não especializado,2005
13202,0.0,0.0,Não especializado,2005
13203,0.0,0.0,Não especializado,2005
13204,0.0,0.0,Não especializado,2005
13205,0.0,0.0,Não especializado,2005
13206,6.120734555012895,1800.0,Alta espec. / Alta produt.,2005
13207,0.0,0.0,Não especializado,2005
13208,0.8640327467715224,3300.0,Não especializado,2005
13209,0.046084708046312456,1166.6666666666667,Não especializado,2005
13210,0.0,0.0,Não especializado,2005
13211,0.0,0.0,Não especializado,2005
13212,0.0,0.0,Não especializado,2005
13213,0.31772498483418277,1800.0,Não especializado,2005
13214,0.0,0.0,Não especializado,2005
13215,0.37388319491982036,1800.0,Não especializado,2005
13216,0.0,0.0,Não especializado,2005
13217,0.0,0.0,Não especializado,2005
13218,0.16743727985693224,1353.3333333333333,Não especializado,2005
13219,0.0,0.0,Não especializado,2005
13220,0.09719665707013417,3300.0,Não especializado,2005
13221,0.0,0.0,Não especializado,2005
13222,0.0,0.0,Não especializado,2005
13223,2.339949641610077,1675.3138075313807,Baixa espec. / Alta produt.,2005
13224,0.0,0.0,Não especializado,2005
13225,14.167769834048114,1500.0,Alta espec. / Alta produt.,2005
13226,9.28237004059599,2308.064516129032,Alta espec. / Alta produt.,2005
13227,0.24084574245430646,1500.0,Não especializado,2005
13228,0.0,0.0,Não especializado,2005
13229,0.0,0.0,Não especializado,2005
13230,0.0,0.0,Não especializado,2005
13231,0.0,0.0,Não especializado,2005
13232,0.0,0.0,Não especializado,2005
13233,0.0,0.0,Não especializado,2005
13234,0.0,0.0,Não especializado,2005
13235,0.0,0.0,Não especializado,2005
13236,4.175532165376292,1500.0,Alta espec. / Alta produt.,2005
13237,0.0,0.0,Não especializado,2005
13238,2.154882827573991,2114.0776699029125,Baixa espec. / Alta produt.,2005
13239,0.0,0.0,Não especializado,2005
13240,1.0083493506098369,3000.0,Baixa espec. / Alta produt.,2005
13241,0.0,0.0,Não especializado,2005
13242,0.0,0.0,Não especializado,2005
13243,1.3298159171575499,3775.4045307443366,Baixa espec. / Alta produt.,2005
13244,0.0,0.0,Não especializado,2005
13245,0.529537172269615,2475.0,Não especializado,2005
13246,0.0,0.0,Não especializado,2005
13247,0.0,0.0,Não especializado,2005
13248,0.0,0.0,Não especializado,2005
13249,0.0,0.0,Não especializado,2005
13250,0.0,0.0,Não especializado,2005
13251,0.0,0.0,Não especializado,2005
13252,0.0,0.0,Não especializado,2005
13253,0.0,0.0,Não especializado,2005
13254,0.0,0.0,Não especializado,2005
13255,0.0,0.0,Não especializado,2005
13256,0.0,0.0,Não especializado,2005
13257,0.0,0.0,Não especializado,2005
13258,0.0,0.0,Não especializado,2005
13259,0.0,0.0,Não especializado,2005
13260,1.9384896388139712,3322.330097087379,Baixa espec. / Alta produt.,2005
13261,1.1462245159856488,3000.0,Baixa espec. / Alta produt.,2005
13262,0.0,0.0,Não especializado,2005
13263,0.0,0.0,Não especializado,2005
13264,0.0,0.0,Não especializado,2005
13265,16.536777722461718,1403.27868852459,Alta espec. / Alta produt.,2005
13266,0.0,0.0,Não especializado,2005
13267,0.0,0.0,Não especializado,2005
13268,0.0,0.0,Não especializado,2005
13269,0.0,0.0,Não especializado,2005
13270,0.03276283827796593,2100.0,Não especializado,2005
13271,0.0,0.0,Não especializado,2005
13272,0.0,0.0,Não especializado,2005
13273,0.3255893830369696,2766.6666666666665,Não especializado,2005
13274,1.7624811799172586,2200.0,Baixa espec. / Alta produt.,2005
13275,0.0,0.0,Não especializado,2005
13276,0.0,0.0,Não especializado,2005
13277,0.0,0.0,Não especializado,2005
13278,0.26883034310587905,1900.0,Não especializado,2005
13279,0.0,0.0,Não especializado,2005
13280,0.0,0.0,Não especializado,2005
13281,0.0,0.0,Não especializado,2005
13282,0.0,0.0,Não especializado,2005
13283,0.0,0.0,Não especializado,2005
13284,0.0,0.0,Não especializado,2005
13285,6.036997310179824,2516.990291262136,Alta espec. / Alta produt.,2005
13286,0.0,0.0,Não especializado,2005
13287,0.0,0.0,Não especializado,2005
13288,0.0,0.0,Não especializado,2005
13289,2.302463493547481,2197.452229299363,Baixa espec. / Alta produt.,2005
13290,0.0,0.0,Não especializado,2005
13291,0.3698820790237045,2166.6666666666665,Não especializado,2005
13292,0.0,0.0,Não especializado,2005
13293,0.0,0.0,Não especializado,2005
13294,0.1894225637152953,2000.0,Não especializado,2005
13295,0.0,0.0,Não especializado,2005
13296,0.0,0.0,Não especializado,2005
13297,0.0,0.0,Não especializado,2005
13298,9.824063694659987,2100.0,Alta espec. / Alta produt.,2005
13299,28.78411919748975,1500.877192982456,Alta espec. / Alta produt.,2005
13300,9.562740805484822,2400.0,Alta espec. / Alta produt.,2005
13301,0.0,0.0,Não especializado,2005
13302,0.0,0.0,Não especializado,2005
13303,7.32961256466974,1512.621359223301,Alta espec. / Alta produt.,2005
13304,0.0,0.0,Não especializado,2005
13305,5.885407560740495,1500.0,Alta espec. / Alta produt.,2005
13306,0.0,0.0,Não especializado,2005
13307,17.01925768672362,1800.0,Alta espec. / Alta produt.,2005
13308,5.1072523020733565,1872.8155339805826,Alta espec. / Alta produt.,2005
13309,0.0,0.0,Não especializado,2005
13310,0.0,0.0,Não especializado,2005
13311,1.049153725937291,3000.0,Baixa espec. / Alta produt.,2005
13312,28.442328978613695,1993.2038834951456,Alta espec. / Alta produt.,2005
13313,12.699622813767869,1381.720430107527,Alta espec. / Alta produt.,2005
13314,2.8046414272994906,3168.6067019400352,Baixa espec. / Alta produt.,2005
13315,0.0,0.0,Não especializado,2005
13316,0.0,0.0,Não especializado,2005
13317,4.430345845693838,2300.0,Alta espec. / Alta produt.,2005
13318,0.0,0.0,Não especializado,2005
13319,3.4882766636860887,1200.0,Alta espec. / Alta produt.,2005
13320,0.13208776473633618,3000.0,Não especializado,2005
13321,0.0,0.0,Não especializado,2005
13322,0.0,0.0,Não especializado,2005
13323,0.0,0.0,Não especializado,2005
13324,0.9436032207983591,2550.0,Não especializado,2005
13325,2.5744432137311017,3000.0,Baixa espec. / Alta produt.,2005
13326,0.0,0.0,Não especializado,2005
13327,9.099975345185555,2100.0,Alta espec. / Alta produt.,2005
13328,0.0,0.0,Não especializado,2005
13329,0.0,0.0,Não especializado,2005
13330,0.0,0.0,Não especializado,2005
13331,0.0,0.0,Não especializado,2005
13332,0.0,0.0,Não especializado,2005
13333,5.442304623562704,1900.0,Alta espec. / Alta produt.,2005
13334,0.0,0.0,Não especializado,2005
13335,0.0,0.0,Não especializado,2005
13336,0.2140950756926198,3380.0,Não especializado,2005
13337,0.0,0.0,Não especializado,2005
13338,0.9646443946413875,1800.0,Não especializado,2005
13339,4.528151409450756,1500.0,Alta espec. / Alta produt.,2005
13340,0.0,0.0,Não especializado,2005
13341,0.0,0.0,Não especializado,2005
13342,7.020266067518619,2500.0,Alta espec. / Alta produt.,2005
13343,1.6197101039045487,2400.0,Baixa espec. / Alta produt.,2005
13344,0.0,0.0,Não especializado,2005
13345,0.18970318973561426,3000.0,Não especializado,2005
13346,5.194067053398544,1839.2857142857142,Alta espec. / Alta produt.,2005
13347,0.0,0.0,Não especializado,2005
13348,0.0,0.0,Não especializado,2005
13349,2.7495324279164945,1900.0,Baixa espec. / Alta produt.,2005
13350,9.900851274523843,2265.4676258992804,Alta espec. / Alta produt.,2005
13351,0.0,0.0,Não especializado,2005
13352,0.5363782010310503,1722.2222222222222,Não especializado,2005
13353,0.0,0.0,Não especializado,2005
13354,0.0,0.0,Não especializado,2005
13355,0.0,0.0,Não especializado,2005
13356,0.0,0.0,Não especializado,2005
13357,0.0,0.0,Não especializado,2005
13358,0.03169433794776625,1800.0,Não especializado,2005
13359,0.0,0.0,Não especializado,2005
13360,0.0,0.0,Não especializado,2005
13361,0.0,0.0,Não especializado,2005
13362,0.0,0.0,Não especializado,2005
13363,0.0,0.0,Não especializado,2005
13364,0.0,0.0,Não especializado,2005
13365,2.018800836713462,1500.0,Baixa espec. / Alta produt.,2005
13366,0.0,0.0,Não especializado,2005
13367,0.5425832757268627,1900.0,Não especializado,2005
13368,2.057940852935458,1500.0,Baixa espec. / Alta produt.,2005
13369,0.739632497597962,2152.9411764705883,Não especializado,2005
13370,0.0,0.0,Não especializado,2005
13371,24.357270964695033,1052.0,Alta espec. / Baixa produt.,2005
13372,0.0,0.0,Não especializado,2005
13373,3.874701317726703,1900.0,Alta espec. / Alta produt.,2005
13374,0.0,0.0,Não especializado,2005
13375,0.0,0.0,Não especializado,2005
13376,0.0,0.0,Não especializado,2005
13377,18.05526652805962,2427.1844660194174,Alta espec. / Alta produt.,2005
13378,0.2768597516612335,1795.9183673469388,Não especializado,2005
13379,0.0,0.0,Não especializado,2005
13380,0.0,0.0,Não especializado,2005
13381,9.79647674363864,2164.4171779141107,Alta espec. / Alta produt.,2005
13382,0.0,0.0,Não especializado,2005
13383,12.63173015080013,1900.0,Alta espec. / Alta produt.,2005
13384,0.0,0.0,Não especializado,2005
13385,2.87327725189376,1403.3333333333333,Baixa espec. / Alta produt.,2005
13386,0.4503329161703837,2328.7671232876714,Não especializado,2005
13387,0.0,0.0,Não especializado,2005
13388,12.577374717036163,1600.0,Alta espec. / Alta produt.,2005
13389,0.0,0.0,Não especializado,2005
13390,0.0,0.0,Não especializado,2005
13391,0.0,0.0,Não especializado,2005
13392,0.0,0.0,Não especializado,2005
13393,0.0,0.0,Não especializado,2005
13394,0.0,0.0,Não especializado,2005
13395,1.0550230361355664,2246.6666666666665,Baixa espec. / Alta produt.,2005
13396,0.0,0.0,Não especializado,2005
13397,0.0,0.0,Não especializado,2005
13398,0.0,0.0,Não especializado,2005
13399,0.0,0.0,Não especializado,2005
13400,0.0,0.0,Não especializado,2005
13401,2.8805495981297145,1848.2758620689656,Baixa espec. / Alta produt.,2005
13402,0.0,0.0,Não especializado,2005
13403,0.0,0.0,Não especializado,2005
13404,0.08765489974071675,2630.4347826086955,Não especializado,2005
13405,0.0,0.0,Não especializado,2005
13406,0.0,0.0,Não especializado,2005
13407,0.0,0.0,Não especializado,2005
13408,0.0,0.0,Não especializado,2005
13409,3.0325920737097345,1500.0,Alta espec. / Alta produt.,2005
13410,2.9312865082734336,2013.5922330097087,Baixa espec. / Alta produt.,2005
13411,0.0,0.0,Não especializado,2005
13412,0.0,0.0,Não especializado,2005
13413,6.050258676146487,2319.6531791907514,Alta espec. / Alta produt.,2005
13414,0.0,0.0,Não especializado,2005
13415,0.0,0.0,Não especializado,2005
13416,0.0,0.0,Não especializado,2005
13417,0.0,0.0,Não especializado,2005
13418,0.0,0.0,Não especializado,2005
13419,0.0,0.0,Não especializado,2005
13420,0.4712658104630796,1960.0,Não especializado,2005
13421,17.539864759461903,1261.3793103448277,Alta espec. / Alta produt.,2005
13422,0.0,0.0,Não especializado,2005
13423,0.0,0.0,Não especializado,2005
13424,1.2746694702798311,2700.0,Baixa espec. / Alta produt.,2005
13425,0.0,0.0,Não especializado,2005
13426,0.0,0.0,Não especializado,2005
13427,0.0,0.0,Não especializado,2005
13428,0.0,0.0,Não especializado,2005
13429,0.0,0.0,Não especializado,2005
13430,6.940323792910134,1417.8082191780823,Alta espec. / Alta produt.,2005
13431,0.05652693267962271,1350.0,Não especializado,2005
13432,4.176180640631048,1950.0,Alta espec. / Alta produt.,2005
13433,0.1339351460613199,1200.0,Não especializado,2005
13434,0.0,0.0,Não especializado,2005
13435,0.10709051033462094,1680.0,Não especializado,2005
13436,0.0,0.0,Não especializado,2005
13437,0.0,0.0,Não especializado,2005
13438,0.0,0.0,Não especializado,2005
13439,0.0,0.0,Não especializado,2005
13440,0.2097602666621682,1260.0,Não especializado,2005
13441,0.0,0.0,Não especializado,2005
13442,3.134082417834886,1500.0,Alta espec. / Alta produt.,2005
13443,0.0,0.0,Não especializado,2005
13444,0.0,0.0,Não especializado,2005
13445,0.0,0.0,Não especializado,2005
13446,0.0,0.0,Não especializado,2005
13447,0.0,0.0,Não especializado,2005
13448,1.045303290379915,3450.0,Baixa espec. / Alta produt.,2005
13449,0.0,0.0,Não especializado,2005
13450,3.1500364158988203,1830.5647840531562,Alta espec. / Alta produt.,2005
13451,0.0,0.0,Não especializado,2005
13452,0.0,0.0,Não especializado,2005
13453,0.0,0.0,Não especializado,2005
13454,0.0,0.0,Não especializado,2005
13455,0.0,0.0,Não especializado,2005
13456,0.0,0.0,Não especializado,2005
13457,0.04272662251338394,3733.3333333333335,Não especializado,2005
13458,0.0,0.0,Não especializado,2005
13459,11.22931549357697,2113.2075471698113,Alta espec. / Alta produt.,2005
13460,0.0,0.0,Não especializado,2005
13461,0.17051634207370525,1633.3333333333333,Não especializado,2005
13462,0.761552737043991,1500.0,Não especializado,2005
13463,0.0,0.0,Não especializado,2005
13464,3.1036965772187584,1350.0,Alta espec. / Alta produt.,2005
13465,0.0,0.0,Não especializado,2005
13466,0.0,0.0,Não especializado,2005
13467,0.0,0.0,Não especializado,2005
13468,0.21064757743485082,1800.0,Não especializado,2005
13469,0.0,0.0,Não especializado,2005
13470,0.0,0.0,Não especializado,2005
13471,0.0,0.0,Não especializado,2005
13472,0.10539685713454962,1500.0,Não especializado,2005
13473,0.0,0.0,Não especializado,2005
13474,37.499512536385076,1409.7087378640776,Alta espec. / Alta produt.,2005
13475,0.0,0.0,Não especializado,2005
13476,0.0,0.0,Não especializado,2005
13477,24.00930995091368,1680.0,Alta espec. / Alta produt.,2005
13478,3.2168331199720286,2850.0,Alta espec. / Alta produt.,2005
13479,0.0,0.0,Não especializado,2005
13480,0.0,0.0,Não especializado,2005
13481,0.6495272257252009,1800.0,Não especializado,2005
13482,0.0,0.0,Não especializado,2005
13483,0.0,0.0,Não especializado,2005
13484,0.0,0.0,Não especializado,2005
13485,0.0,0.0,Não especializado,2005
13486,12.047682412644855,1900.0,Alta espec. / Alta produt.,2005
13487,2.953369263593994,1850.0,Alta espec. / Alta produt.,2005
13488,0.0,0.0,Não especializado,2005
13489,32.491076447694695,2250.0,Alta espec. / Alta produt.,2005
13490,0.0,0.0,Não especializado,2005
13491,0.0,0.0,Não especializado,2005
13492,0.0,0.0,Não especializado,2005
13493,0.0,0.0,Não especializado,2005
13494,1.8041212442149157,3000.0,Baixa espec. / Alta produt.,2005
13495,0.0,0.0,Não especializado,2005
13496,0.0,0.0,Não especializado,2005
13497,1.2819616297207914,1060.0,Baixa espec. / Baixa produt.,2005
13498,0.7208677620065993,1800.0,Não especializado,2005
13499,0.0,0.0,Não especializado,2005
13500,0.0,0.0,Não especializado,2005
13502,0.0,0.0,Não especializado,2005
13503,0.0,0.0,Não especializado,2005
13504,14.190199021120486,1800.0,Alta espec. / Alta produt.,2005
13505,2.1650907524173366,1900.0,Baixa espec. / Alta produt.,2005
13506,0.0,0.0,Não especializado,2005
13507,0.0,0.0,Não especializado,2005
13508,0.0,0.0,Não especializado,2005
13509,0.0,0.0,Não especializado,2005
13510,0.0,0.0,Não especializado,2005
13511,0.0,0.0,Não especializado,2005
13512,0.0,0.0,Não especializado,2005
13513,0.0,0.0,Não especializado,2005
13514,0.0,0.0,Não especializado,2005
13515,0.0,0.0,Não especializado,2005
13516,0.0,0.0,Não especializado,2005
13517,0.0,0.0,Não especializado,2005
13518,0.0,0.0,Não especializado,2005
13519,0.0,0.0,Não especializado,2005
13520,0.0,0.0,Não especializado,2005
13521,0.0,0.0,Não especializado,2005
13522,2.3992172684710313,2100.0,Baixa espec. / Alta produt.,2005
13523,0.0,0.0,Não especializado,2005
13524,0.0,0.0,Não especializado,2005
13525,0.0,0.0,Não especializado,2005
13526,0.0,0.0,Não especializado,2005
13527,0.0,0.0,Não especializado,2005
13528,0.0,0.0,Não especializado,2005
13529,0.0,0.0,Não especializado,2005
13530,0.0,0.0,Não especializado,2005
13531,0.0,0.0,Não especializado,2005
13532,0.0,0.0,Não especializado,2005
13533,0.0,0.0,Não especializado,2005
13534,0.0,0.0,Não especializado,2005
13535,0.0,0.0,Não especializado,2005
13536,1.6003548237225305,1800.0,Baixa espec. / Alta produt.,2005
13537,0.0,0.0,Não especializado,2005
13538,0.0,0.0,Não especializado,2005
13539,0.28408581753954654,1960.0,Não especializado,2005
13540,0.7912672771016749,3000.0,Não especializado,2005
13541,2.5255325231466115,2200.0,Baixa espec. / Alta produt.,2005
13542,0.0,0.0,Não especializado,2005
13543,0.0,0.0,Não especializado,2005
13544,0.0,0.0,Não especializado,2005
13545,0.0,0.0,Não especializado,2005
13546,3.476799825693769,1123.2876712328766,Alta espec. / Alta produt.,2005
13547,0.0,0.0,Não especializado,2005
13548,0.0,0.0,Não especializado,2005
13549,0.0,0.0,Não especializado,2005
13550,0.0,0.0,Não especializado,2005
13551,0.0,0.0,Não especializado,2005
13552,0.0,0.0,Não especializado,2005
13553,10.913322704960763,1900.0,Alta espec. / Alta produt.,2005
13554,25.41399505155219,1260.3174603174602,Alta espec. / Alta produt.,2005
13555,0.0,0.0,Não especializado,2005
13556,0.0,0.0,Não especializado,2005
13557,0.0,0.0,Não especializado,2005
13558,0.0,0.0,Não especializado,2005
13559,0.0,0.0,Não especializado,2005
13560,0.0,0.0,Não especializado,2005
13561,31.389603671233445,2151.3888888888887,Alta espec. / Alta produt.,2005
13562,0.0,0.0,Não especializado,2005
13563,0.0,0.0,Não especializado,2005
13564,0.0,0.0,Não especializado,2005
13565,0.0,0.0,Não especializado,2005
13566,0.0,0.0,Não especializado,2005
13567,0.0,0.0,Não especializado,2005
13568,0.0,0.0,Não especializado,2005
13569,0.0,0.0,Não especializado,2005
13570,0.0,0.0,Não especializado,2005
14001,2.6406311435374783,1680.0,Baixa espec. / Alta produt.,2005
14002,0.0,0.0,Não especializado,2005
14003,0.0,0.0,Não especializado,2005
14004,0.0,0.0,Não especializado,2005
14005,1.151023138222014,778.4552845528456,Baixa espec. / Baixa produt.,2005
14006,8.27816214856579,1028.5714285714287,Alta espec. / Baixa produt.,2005
14007,2.6587331565180263,1116.6666666666667,Baixa espec. / Alta produt.,2005
14008,0.46054141614392646,1681.8181818181818,Não especializado,2005
14009,0.011238058820220378,1200.0,Não especializado,2005
14010,0.35808068532309734,1120.0,Não especializado,2005
14011,0.0,0.0,Não especializado,2005
14012,0.03063100944035599,2362.5,Não especializado,2005
14013,0.059022656405411204,1900.0,Não especializado,2005
14014,0.05891259443953338,1384.6153846153845,Não especializado,2005
14015,0.0,0.0,Não especializado,2005
14016,0.0,0.0,Não especializado,2005
14017,0.0,0.0,Não especializado,2005
14018,0.0,0.0,Não especializado,2005
14019,0.0,0.0,Não especializado,2005
14020,0.3971673567061668,1589.3617021276596,Não especializado,2005
14021,0.0714335010759306,1550.0,Não especializado,2005
14022,0.0,0.0,Não especializado,2005
14023,0.3561174300757955,1600.0,Não especializado,2005
14024,0.002466314761060482,2000.0,Não especializado,2005
14025,2.4608707761387474,1240.0,Baixa espec. / Alta produt.,2005
14026,0.9367566833307304,1500.0,Não especializado,2005
14027,0.0,0.0,Não especializado,2005
14028,0.7693280634694484,1900.0,Não especializado,2005
14029,0.3364269262082646,1242.1052631578948,Não especializado,2005
14030,0.0,0.0,Não especializado,2005
14031,0.49747339965633103,1740.0,Não especializado,2005
14032,0.0,0.0,Não especializado,2005
14033,0.0,0.0,Não especializado,2005
14034,0.0,0.0,Não especializado,2005
14035,0.07247155932661897,1613.3333333333333,Não especializado,2005
14036,0.0,0.0,Não especializado,2005
14037,0.15886280788772308,1680.3921568627452,Não especializado,2005
14038,0.22945893138647774,2158.823529411765,Não especializado,2005
14039,0.0,0.0,Não especializado,2005
14040,0.06520076897623403,1750.0,Não especializado,2005
14041,0.0,0.0,Não especializado,2005
14042,1.349122829759811,1680.357142857143,Baixa espec. / Alta produt.,2005
14043,2.893479187970128,1199.3769470404984,Baixa espec. / Alta produt.,2005
14044,0.006126861416429325,1233.3333333333333,Não especializado,2005
14045,1.6393269952259693,1231.6666666666667,Baixa espec. / Alta produt.,2005
14046,0.0,0.0,Não especializado,2005
14047,0.4014304744571981,1739.5348837209303,Não especializado,2005
14048,0.11306670007326015,1246.6666666666667,Não especializado,2005
14049,0.11340429801376231,1485.7142857142858,Não especializado,2005
14050,0.14069457829588203,1337.5,Não especializado,2005
14051,0.0,0.0,Não especializado,2005
14052,0.0,0.0,Não especializado,2005
14053,0.023451397027871156,1800.0,Não especializado,2005
14054,0.0,0.0,Não especializado,2005
14055,0.0,0.0,Não especializado,2005
14056,0.05681920278297284,968.0365296803653,Não especializado,2005
14057,0.2037462277998433,1240.0,Não especializado,2005
14058,0.0,0.0,Não especializado,2005
14059,0.0,0.0,Não especializado,2005
14060,0.0,0.0,Não especializado,2005
14061,0.16139027825675495,1973.9130434782608,Não especializado,2005
14062,2.240868928751943,1245.0,Baixa espec. / Alta produt.,2005
14063,0.0,0.0,Não especializado,2005
14064,0.054022225594000634,1300.0,Não especializado,2005
14065,0.0,0.0,Não especializado,2005
14066,0.008646717625976179,1500.0,Não especializado,2005
14067,1.0602142925586409,1100.0,Baixa espec. / Baixa produt.,2005
14068,0.0,0.0,Não especializado,2005
14069,0.0,0.0,Não especializado,2005
14070,1.1167352787650624,1050.0,Baixa espec. / Baixa produt.,2005
14071,0.11470627057596784,1300.0,Não especializado,2005
14072,0.7799936339283132,2097.7443609022557,Não especializado,2005
14073,0.0,0.0,Não especializado,2005
14074,0.19900438072821067,2000.0,Não especializado,2005
14075,0.0,0.0,Não especializado,2005
14076,0.0,0.0,Não especializado,2005
14077,3.1881471509897823,1100.0,Alta espec. / Baixa produt.,2005
14078,1.1531057952411372,1200.0,Baixa espec. / Alta produt.,2005
14079,0.0,0.0,Não especializado,2005
14080,0.06732874419745942,1600.0,Não especializado,2005
14081,0.0,0.0,Não especializado,2005
14082,0.0,0.0,Não especializado,2005
14083,0.0,0.0,Não especializado,2005
14084,0.909465270579966,1037.6470588235295,Não especializado,2005
14085,1.348093805836633,1150.0,Baixa espec. / Alta produt.,2005
14086,0.0,0.0,Não especializado,2005
14087,0.0,0.0,Não especializado,2005
14088,0.041220479531150656,1860.0,Não especializado,2005
14089,8.242276519547378,1100.0,Alta espec. / Baixa produt.,2005
14090,0.0,0.0,Não especializado,2005
14091,0.0,0.0,Não especializado,2005
14092,0.0,0.0,Não especializado,2005
14093,0.061741645679223814,628.5714285714286,Não especializado,2005
14094,0.0,0.0,Não especializado,2005
14095,0.0,0.0,Não especializado,2005
14096,0.0,0.0,Não especializado,2005
14097,0.22236702293220306,2148.4375,Não especializado,2005
14098,0.27163693905714814,1350.0,Não especializado,2005
14099,2.97802739927338,1400.0,Alta espec. / Alta produt.,2005
14100,0.631739126108079,1707.7922077922078,Não especializado,2005
14101,0.0,0.0,Não especializado,2005
14102,0.0,0.0,Não especializado,2005
14103,0.0,0.0,Não especializado,2005
14104,1.4929351021368014,1596.4285714285713,Baixa espec. / Alta produt.,2005
14105,0.5282132000998572,1350.9036144578313,Não especializado,2005
14106,2.2339543082739524,1214.2857142857142,Baixa espec. / Alta produt.,2005
14107,0.09418383645064382,1740.0,Não especializado,2005
14108,0.0,0.0,Não especializado,2005
14109,0.0,0.0,Não especializado,2005
14110,1.711089343540397,1800.0,Baixa espec. / Alta produt.,2005
14111,0.7589733882309715,1400.0,Não especializado,2005
14112,6.872860750358863,929.9163179916318,Alta espec. / Baixa produt.,2005
14113,0.0,0.0,Não especializado,2005
14114,0.0,0.0,Não especializado,2005
14115,0.0,0.0,Não especializado,2005
14116,0.0,0.0,Não especializado,2005
14117,0.11791331884115859,1350.0,Não especializado,2005
14118,1.6445738575636548,1100.0,Baixa espec. / Baixa produt.,2005
14119,0.0,0.0,Não especializado,2005
14120,0.0,0.0,Não especializado,2005
14121,2.812143845763918,1198.6754966887418,Baixa espec. / Alta produt.,2005
14122,0.13733218789409563,1485.7142857142858,Não especializado,2005
14123,0.0,0.0,Não especializado,2005
14124,0.0,0.0,Não especializado,2005
14125,1.5442287389108058,1630.0,Baixa espec. / Alta produt.,2005
14126,9.475132891128725,1360.0,Alta espec. / Alta produt.,2005
14127,0.0,0.0,Não especializado,2005
14128,0.019986344352050867,2000.0,Não especializado,2005
14129,0.1787638679308653,2000.0,Não especializado,2005
14130,0.0,0.0,Não especializado,2005
14131,0.0,0.0,Não especializado,2005
14132,0.0,0.0,Não especializado,2005
14133,0.0,0.0,Não especializado,2005
14134,2.258116265052256,1172.4137931034484,Baixa espec. / Alta produt.,2005
14135,0.0,0.0,Não especializado,2005
14136,0.0,0.0,Não especializado,2005
14137,0.043027437188017346,1400.0,Não especializado,2005
14138,0.7053491091569266,1200.0,Não especializado,2005
14139,0.0,0.0,Não especializado,2005
14140,0.3388410678556366,1950.0,Não especializado,2005
14141,1.8916574912722328,1376.969696969697,Baixa espec. / Alta produt.,2005
14142,0.7662714155121807,2198.3471074380163,Não especializado,2005
14143,0.0,0.0,Não especializado,2005
14144,0.8386799389018837,1600.0,Não especializado,2005
14145,2.616309315530582,1086.6666666666667,Baixa espec. / Baixa produt.,2005
14146,0.3201927454100083,2000.0,Não especializado,2005
14147,0.0,0.0,Não especializado,2005
14148,0.592974279055145,2096.7741935483873,Não especializado,2005
14149,0.1614743534275331,2242.553191489362,Não especializado,2005
14150,0.0,0.0,Não especializado,2005
14151,0.0323824989704038,1583.3333333333333,Não especializado,2005
14152,0.0,0.0,Não especializado,2005
14153,0.0,0.0,Não especializado,2005
14154,0.20687065708039273,1800.0,Não especializado,2005
14155,0.8041395677339509,1244.4444444444443,Não especializado,2005
14156,0.45432552264080456,1503.1055900621118,Não especializado,2005
14157,0.03277399829315725,1545.4545454545455,Não especializado,2005
14158,3.5869845013370365,1238.888888888889,Alta espec. / Alta produt.,2005
14159,0.0,0.0,Não especializado,2005
14160,0.003298427126037819,2000.0,Não especializado,2005
14161,0.0,0.0,Não especializado,2005
14162,0.0,0.0,Não especializado,2005
14163,0.03873529212345446,2166.6666666666665,Não especializado,2005
14164,0.00522570390318771,1666.6666666666667,Não especializado,2005
14165,1.0323413369557477,746.6666666666666,Baixa espec. / Baixa produt.,2005
14166,1.1138371214259868,1236.923076923077,Baixa espec. / Alta produt.,2005
14167,0.0009161548391226081,2000.0,Não especializado,2005
14168,0.0,0.0,Não especializado,2005
14169,0.0,0.0,Não especializado,2005
14170,0.0,0.0,Não especializado,2005
14171,0.1340014037307495,1727.2727272727273,Não especializado,2005
14172,0.0,0.0,Não especializado,2005
14173,0.01713831473898635,1000.0,Não especializado,2005
14174,2.7164886167334665,2100.0,Baixa espec. / Alta produt.,2005
14175,0.20303134780569757,929.4117647058823,Não especializado,2005
14176,2.602203467362907,1142.857142857143,Baixa espec. / Alta produt.,2005
14177,0.0,0.0,Não especializado,2005
14178,1.038882210826121,770.0,Baixa espec. / Baixa produt.,2005
14179,1.721765874894488,1059.7826086956522,Baixa espec. / Baixa produt.,2005
14180,0.0,0.0,Não especializado,2005
14181,0.12882258860315857,1600.0,Não especializado,2005
14182,0.0570911630407585,1000.0,Não especializado,2005
14183,0.4972407972822,1228.5714285714287,Não especializado,2005
14184,1.2566962426905626,1200.0,Baixa espec. / Alta produt.,2005
14185,0.3543864532190617,1900.0,Não especializado,2005
14186,0.42352465105876835,900.0,Não especializado,2005
14187,5.189198599965905,1400.0,Alta espec. / Alta produt.,2005
14188,0.3192727387089585,1400.0,Não especializado,2005
14189,0.0765279165435582,1584.375,Não especializado,2005
14190,0.0,0.0,Não especializado,2005
14191,0.0,0.0,Não especializado,2005
14192,0.0,0.0,Não especializado,2005
14193,0.0,0.0,Não especializado,2005
14194,0.0,0.0,Não especializado,2005
14195,0.211582374539887,1500.0,Não especializado,2005
14196,0.7655602467633925,1600.0,Não especializado,2005
14197,0.0,0.0,Não especializado,2005
14198,3.288624785371211,1240.0,Alta espec. / Alta produt.,2005
14199,1.0315888727135198,1240.0,Baixa espec. / Alta produt.,2005
14200,0.0,0.0,Não especializado,2005
14201,0.0,0.0,Não especializado,2005
14202,0.034579531846385625,1500.0,Não especializado,2005
14203,0.0,0.0,Não especializado,2005
14204,0.0,0.0,Não especializado,2005
14205,0.0,0.0,Não especializado,2005
14206,0.0,0.0,Não especializado,2005
14207,0.0,0.0,Não especializado,2005
14208,0.03768002772362905,1600.0,Não especializado,2005
14209,0.0,0.0,Não especializado,2005
14210,0.0,0.0,Não especializado,2005
14211,0.0,0.0,Não especializado,2005
14212,0.14663173414231243,1541.6666666666667,Não especializado,2005
14213,0.0,0.0,Não especializado,2005
14214,0.08810755945289422,1333.3333333333333,Não especializado,2005
14215,0.0,0.0,Não especializado,2005
14216,0.0,0.0,Não especializado,2005
14217,0.0,0.0,Não especializado,2005
14218,0.0,0.0,Não especializado,2005
14219,0.0,0.0,Não especializado,2005
14220,0.0,0.0,Não especializado,2005
14221,2.009620736176764,1325.6048387096773,Baixa espec. / Alta produt.,2005
14222,0.07755823490111187,872.7272727272727,Não especializado,2005
14223,0.0,0.0,Não especializado,2005
14224,0.37122673339961326,2044.4444444444443,Não especializado,2005
14225,0.0,0.0,Não especializado,2005
14226,0.0,0.0,Não especializado,2005
14227,0.0,0.0,Não especializado,2005
14228,0.0,0.0,Não especializado,2005
14229,0.0,0.0,Não especializado,2005
14230,0.39233188131052404,1680.0,Não especializado,2005
14231,0.0,0.0,Não especializado,2005
14232,0.0,0.0,Não especializado,2005
14233,0.0,0.0,Não especializado,2005
14234,0.36744591764400153,1950.0,Não especializado,2005
14235,0.20235863449616825,1250.0,Não especializado,2005
14236,0.06402482653576981,1600.0,Não especializado,2005
14237,0.0,0.0,Não especializado,2005
14238,2.256130991340423,1700.0,Baixa espec. / Alta produt.,2005
14239,1.344162913807484,1248.888888888889,Baixa espec. / Alta produt.,2005
14240,1.4166111233037337,2000.0,Baixa espec. / Alta produt.,2005
14241,0.6026423825228362,484.05797101449275,Não especializado,2005
14242,5.476219278474935,1450.6666666666667,Alta espec. / Alta produt.,2005
14243,1.460977860525195,1501.0309278350514,Baixa espec. / Alta produt.,2005
14244,0.0,0.0,Não especializado,2005
14245,0.08046352461451528,2150.0,Não especializado,2005
14246,0.0,0.0,Não especializado,2005
14247,4.939526077941697,1680.0,Alta espec. / Alta produt.,2005
14248,8.003977495378322,1379.2048929663608,Alta espec. / Alta produt.,2005
14249,0.24576320780345945,1800.0,Não especializado,2005
14250,5.616212854014895,1760.0,Alta espec. / Alta produt.,2005
14251,0.03490944372790168,1363.6363636363637,Não especializado,2005
14252,0.2863455807752539,1200.0,Não especializado,2005
14253,0.0,0.0,Não especializado,2005
14254,1.9757845073492522,1000.0,Baixa espec. / Baixa produt.,2005
14255,0.0,0.0,Não especializado,2005
14256,0.0,0.0,Não especializado,2005
14257,0.0,0.0,Não especializado,2005
14258,0.0,0.0,Não especializado,2005
14259,0.0,0.0,Não especializado,2005
14260,0.0,0.0,Não especializado,2005
14261,0.02157482240169396,2400.0,Não especializado,2005
14262,0.0,0.0,Não especializado,2005
14263,0.0319064383120627,2000.0,Não especializado,2005
14264,0.0,0.0,Não especializado,2005
14265,0.059557978172809126,1200.0,Não especializado,2005
14266,0.0,0.0,Não especializado,2005
14267,0.0,0.0,Não especializado,2005
14268,0.0,0.0,Não especializado,2005
14269,0.0,0.0,Não especializado,2005
14270,0.6061522038889449,1400.0,Não especializado,2005
14271,0.38538218219765136,1253.3333333333333,Não especializado,2005
14272,2.344571112577486,1251.2820512820513,Baixa espec. / Alta produt.,2005
14273,0.0069224581531368914,1800.0,Não especializado,2005
14274,3.21179436541772,1040.0,Alta espec. / Baixa produt.,2005
14275,0.23062681028102042,1114.2857142857142,Não especializado,2005
14276,0.0,0.0,Não especializado,2005
14277,0.0,0.0,Não especializado,2005
14278,0.1983508677806544,1883.3333333333333,Não especializado,2005
14279,0.9293712291775531,1200.0,Não especializado,2005
14280,0.22226677495142544,2133.3333333333335,Não especializado,2005
14281,0.0,0.0,Não especializado,2005
14282,0.8137552193329644,1401.8691588785048,Não especializado,2005
14283,0.4193831336269018,1900.0,Não especializado,2005
14284,0.0,0.0,Não especializado,2005
14285,0.0,0.0,Não especializado,2005
14286,0.0,0.0,Não especializado,2005
14287,5.206278246858338,1000.0,Alta espec. / Baixa produt.,2005
14288,0.0,0.0,Não especializado,2005
14289,0.0,0.0,Não especializado,2005
14290,0.0,0.0,Não especializado,2005
14291,0.0,0.0,Não especializado,2005
14292,0.0,0.0,Não especializado,2005
14293,0.0,0.0,Não especializado,2005
14294,0.0,0.0,Não especializado,2005
14295,0.0,0.0,Não especializado,2005
14296,0.0,0.0,Não especializado,2005
14297,0.0,0.0,Não especializado,2005
14298,0.0,0.0,Não especializado,2005
14299,0.0,0.0,Não especializado,2005
14300,0.0,0.0,Não especializado,2005
14301,0.0,0.0,Não especializado,2005
14302,0.0,0.0,Não especializado,2005
14303,0.0,0.0,Não especializado,2005
14304,0.0,0.0,Não especializado,2005
14305,0.0,0.0,Não especializado,2005
14306,0.0,0.0,Não especializado,2005
14307,0.0,0.0,Não especializado,2005
14308,0.0,0.0,Não especializado,2005
14309,0.0,0.0,Não especializado,2005
14310,0.0,0.0,Não especializado,2005
14311,0.0,0.0,Não especializado,2005
14312,0.0,0.0,Não especializado,2005
14313,0.0,0.0,Não especializado,2005
14314,0.0,0.0,Não especializado,2005
14315,0.0,0.0,Não especializado,2005
14316,0.0,0.0,Não especializado,2005
14317,0.0,0.0,Não especializado,2005
14318,0.0,0.0,Não especializado,2005
14319,0.0,0.0,Não especializado,2005
14320,0.0,0.0,Não especializado,2005
14321,0.0,0.0,Não especializado,2005
14322,0.0,0.0,Não especializado,2005
14323,0.0,0.0,Não especializado,2005
14324,0.0,0.0,Não especializado,2005
14325,0.0,0.0,Não especializado,2005
14326,0.0,0.0,Não especializado,2005
14327,0.0,0.0,Não especializado,2005
14328,0.0,0.0,Não especializado,2005
14329,0.0,0.0,Não especializado,2005
14330,0.0,0.0,Não especializado,2005
14331,0.0,0.0,Não especializado,2005
14332,0.0,0.0,Não especializado,2005
14333,0.0,0.0,Não especializado,2005
14334,0.0,0.0,Não especializado,2005
14335,0.0,0.0,Não especializado,2005
14336,0.0,0.0,Não especializado,2005
14337,0.0,0.0,Não especializado,2005
14338,0.0,0.0,Não especializado,2005
14339,0.0,0.0,Não especializado,2005
14340,0.0,0.0,Não especializado,2005
14341,0.0,0.0,Não especializado,2005
14342,0.0,0.0,Não especializado,2005
14343,0.0,0.0,Não especializado,2005
14344,0.0,0.0,Não especializado,2005
14345,0.0,0.0,Não especializado,2005
14346,0.0,0.0,Não especializado,2005
14347,0.0,0.0,Não especializado,2005
14348,0.0,0.0,Não especializado,2005
14349,0.0,0.0,Não especializado,2005
14350,0.0,0.0,Não especializado,2005
14351,0.0,0.0,Não especializado,2005
14352,0.0,0.0,Não especializado,2005
14353,0.0,0.0,Não especializado,2005
14354,0.0,0.0,Não especializado,2005
14355,0.0,0.0,Não especializado,2005
14356,0.0,0.0,Não especializado,2005
14357,0.0,0.0,Não especializado,2005
14358,0.0,0.0,Não especializado,2005
14359,0.0,0.0,Não especializado,2005
14360,0.0,0.0,Não especializado,2005
14361,0.0,0.0,Não especializado,2005
14362,0.0,0.0,Não especializado,2005
14363,0.0,0.0,Não especializado,2005
14364,0.0,0.0,Não especializado,2005
14365,0.0,0.0,Não especializado,2005
14366,0.0,0.0,Não especializado,2005
14367,0.0,0.0,Não especializado,2005
14368,0.0,0.0,Não especializado,2005
14369,0.0,0.0,Não especializado,2005
14370,0.0,0.0,Não especializado,2005
14371,0.0,0.0,Não especializado,2005
14372,0.0,0.0,Não especializado,2005
14373,0.0,0.0,Não especializado,2005
14374,0.0,0.0,Não especializado,2005
14375,0.0,0.0,Não especializado,2005
14376,0.0,0.0,Não especializado,2005
14377,0.0,0.0,Não especializado,2005
14378,0.0,0.0,Não especializado,2005
14379,0.0,0.0,Não especializado,2005
14380,0.0,0.0,Não especializado,2005
14381,0.0,0.0,Não especializado,2005
14382,0.0,0.0,Não especializado,2005
14383,0.0,0.0,Não especializado,2005
14384,0.0,0.0,Não especializado,2005
14385,0.0,0.0,Não especializado,2005
14386,0.0,0.0,Não especializado,2005
14387,0.0,0.0,Não especializado,2005
14388,0.0,0.0,Não especializado,2005
14389,0.0,0.0,Não especializado,2005
14390,0.0,0.0,Não especializado,2005
14391,0.0,0.0,Não especializado,2005
14392,0.0,0.0,Não especializado,2005
14393,0.0,0.0,Não especializado,2005
14394,0.0,0.0,Não especializado,2005
14395,0.0,0.0,Não especializado,2005
14396,0.0,0.0,Não especializado,2005
14397,0.0,0.0,Não especializado,2005
14398,0.0,0.0,Não especializado,2005
14399,0.0,0.0,Não especializado,2005
14400,0.0,0.0,Não especializado,2005
14401,0.0,0.0,Não especializado,2005
14402,0.0,0.0,Não especializado,2005
14403,0.0,0.0,Não especializado,2005
14404,0.0,0.0,Não especializado,2005
14405,0.0,0.0,Não especializado,2005
14406,0.0,0.0,Não especializado,2005
14407,0.0,0.0,Não especializado,2005
14408,0.0,0.0,Não especializado,2005
14409,0.0,0.0,Não especializado,2005
14410,0.0,0.0,Não especializado,2005
14411,0.0,0.0,Não especializado,2005
14412,0.0,0.0,Não especializado,2005
14413,0.0,0.0,Não especializado,2005
14414,0.0,0.0,Não especializado,2005
14415,0.0,0.0,Não especializado,2005
14416,0.0,0.0,Não especializado,2005
14417,0.0,0.0,Não especializado,2005
14418,0.0,0.0,Não especializado,2005
14419,0.0,0.0,Não especializado,2005
14420,0.0,0.0,Não especializado,2005
14421,0.0,0.0,Não especializado,2005
14422,0.0,0.0,Não especializado,2005
14423,0.0,0.0,Não especializado,2005
14424,0.0,0.0,Não especializado,2005
14425,0.0,0.0,Não especializado,2005
14426,0.0,0.0,Não especializado,2005
14427,0.0,0.0,Não especializado,2005
14428,0.0,0.0,Não especializado,2005
14429,0.0,0.0,Não especializado,2005
14430,0.0,0.0,Não especializado,2005
14431,0.0,0.0,Não especializado,2005
14432,0.0,0.0,Não especializado,2005
14433,0.0,0.0,Não especializado,2005
14434,0.0,0.0,Não especializado,2005
14435,0.0,0.0,Não especializado,2005
14436,0.0,0.0,Não especializado,2005
14437,0.0,0.0,Não especializado,2005
14438,0.0,0.0,Não especializado,2005
14439,0.0,0.0,Não especializado,2005
14440,0.0,0.0,Não especializado,2005
14441,0.0,0.0,Não especializado,2005
14442,0.0,0.0,Não especializado,2005
14443,0.0,0.0,Não especializado,2005
14444,0.0,0.0,Não especializado,2005
14445,0.0,0.0,Não especializado,2005
14446,0.0,0.0,Não especializado,2005
14447,0.0,0.0,Não especializado,2005
14448,0.0,0.0,Não especializado,2005
14449,0.0,0.0,Não especializado,2005
14450,0.0,0.0,Não especializado,2005
14451,0.0,0.0,Não especializado,2005
14452,0.0,0.0,Não especializado,2005
14453,0.0,0.0,Não especializado,2005
14454,0.0,0.0,Não especializado,2005
14455,0.0,0.0,Não especializado,2005
14456,0.0,0.0,Não especializado,2005
14457,0.0,0.0,Não especializado,2005
14458,0.0,0.0,Não especializado,2005
14459,0.0,0.0,Não especializado,2005
14460,0.0,0.0,Não especializado,2005
14461,0.0,0.0,Não especializado,2005
14462,0.0,0.0,Não especializado,2005
14463,0.0,0.0,Não especializado,2005
14464,0.0,0.0,Não especializado,2005
14465,0.0,0.0,Não especializado,2005
14466,0.0,0.0,Não especializado,2005
14467,0.0,0.0,Não especializado,2005
14468,0.0,0.0,Não especializado,2005
14469,0.0,0.0,Não especializado,2005
14470,0.0,0.0,Não especializado,2005
14471,0.0,0.0,Não especializado,2005
14472,0.0,0.0,Não especializado,2005
14473,0.0,0.0,Não especializado,2005
14474,0.0,0.0,Não especializado,2005
14475,0.0,0.0,Não especializado,2005
14476,0.0,0.0,Não especializado,2005
14477,0.0,0.0,Não especializado,2005
14478,0.0,0.0,Não especializado,2005
14479,0.0,0.0,Não especializado,2005
14480,0.0,0.0,Não especializado,2005
15001,0.0,0.0,Não especializado,2005
15002,0.0,0.0,Não especializado,2005
15003,0.0,0.0,Não especializado,2005
15004,0.0,0.0,Não especializado,2005
15005,0.0,0.0,Não especializado,2005
15006,0.0,0.0,Não especializado,2005
15007,0.0,0.0,Não especializado,2005
15008,0.0,0.0,Não especializado,2005
15009,0.0,0.0,Não especializado,2005
15010,0.0,0.0,Não especializado,2005
15011,0.0,0.0,Não especializado,2005
15012,0.0,0.0,Não especializado,2005
15013,0.0,0.0,Não especializado,2005
15014,0.0,0.0,Não especializado,2005
15015,0.0,0.0,Não especializado,2005
15016,0.0,0.0,Não especializado,2005
15017,0.0,0.0,Não especializado,2005
15018,0.0,0.0,Não especializado,2005
15019,0.0,0.0,Não especializado,2005
15020,0.0,0.0,Não especializado,2005
15021,0.0,0.0,Não especializado,2005
15022,0.0,0.0,Não especializado,2005
15023,0.0,0.0,Não especializado,2005
15024,0.0,0.0,Não especializado,2005
15025,0.0,0.0,Não especializado,2005
15026,0.0,0.0,Não especializado,2005
15027,0.0,0.0,Não especializado,2005
15028,0.0,0.0,Não especializado,2005
15029,0.0,0.0,Não especializado,2005
15030,0.0,0.0,Não especializado,2005
15031,0.0,0.0,Não especializado,2005
15032,0.0,0.0,Não especializado,2005
15033,0.0,0.0,Não especializado,2005
15034,0.0,0.0,Não especializado,2005
15035,0.0,0.0,Não especializado,2005
15036,0.0,0.0,Não especializado,2005
15037,0.0,0.0,Não especializado,2005
15038,0.0,0.0,Não especializado,2005
15039,0.0,0.0,Não especializado,2005
15040,0.0,0.0,Não especializado,2005
15041,0.0,0.0,Não especializado,2005
15042,0.0,0.0,Não especializado,2005
15043,0.0,0.0,Não especializado,2005
15044,0.0,0.0,Não especializado,2005
15045,0.0,0.0,Não especializado,2005
15046,0.0,0.0,Não especializado,2005
15047,0.0,0.0,Não especializado,2005
15048,0.0,0.0,Não especializado,2005
15049,0.0,0.0,Não especializado,2005
15050,0.0,0.0,Não especializado,2005
15051,0.0,0.0,Não especializado,2005
15052,0.0,0.0,Não especializado,2005
15053,0.0,0.0,Não especializado,2005
15054,0.0,0.0,Não especializado,2005
15055,0.0,0.0,Não especializado,2005
15056,0.0,0.0,Não especializado,2005
15057,0.0,0.0,Não especializado,2005
15058,0.0,0.0,Não especializado,2005
15059,0.0,0.0,Não especializado,2005
15060,0.0,0.0,Não especializado,2005
15061,0.0,0.0,Não especializado,2005
15062,0.0,0.0,Não especializado,2005
15063,0.0,0.0,Não especializado,2005
15064,0.0,0.0,Não especializado,2005
15065,0.0,0.0,Não especializado,2005
15066,0.0,0.0,Não especializado,2005
15067,0.0,0.0,Não especializado,2005
15068,0.0,0.0,Não especializado,2005
15069,0.0,0.0,Não especializado,2005
15070,0.0,0.0,Não especializado,2005
15071,0.0,0.0,Não especializado,2005
15072,0.0,0.0,Não especializado,2005
15073,0.0,0.0,Não especializado,2005
15074,0.0,0.0,Não especializado,2005
15075,0.0,0.0,Não especializado,2005
15076,0.0,0.0,Não especializado,2005
15077,0.0,0.0,Não especializado,2005
15078,0.0,0.0,Não especializado,2005
15079,0.0,0.0,Não especializado,2005
15080,0.0,0.0,Não especializado,2005
15081,0.0,0.0,Não especializado,2005
15082,0.0,0.0,Não especializado,2005
15083,0.0,0.0,Não especializado,2005
15084,0.0,0.0,Não especializado,2005
15085,0.0,0.0,Não especializado,2005
15086,0.0,0.0,Não especializado,2005
15087,0.0,0.0,Não especializado,2005
15088,0.0,0.0,Não especializado,2005
15089,0.0,0.0,Não especializado,2005
15090,0.0,0.0,Não especializado,2005
15091,0.0,0.0,Não especializado,2005
15092,0.0,0.0,Não especializado,2005
15093,0.0,0.0,Não especializado,2005
15094,0.0,0.0,Não especializado,2005
15095,0.0,0.0,Não especializado,2005
15096,0.0,0.0,Não especializado,2005
15097,0.0,0.0,Não especializado,2005
15098,0.0,0.0,Não especializado,2005
15099,0.0,0.0,Não especializado,2005
15100,0.0,0.0,Não especializado,2005
15101,0.0,0.0,Não especializado,2005
15102,0.0,0.0,Não especializado,2005
15103,0.0,0.0,Não especializado,2005
15104,0.0,0.0,Não especializado,2005
15105,0.0,0.0,Não especializado,2005
15106,0.0,0.0,Não especializado,2005
15107,0.0,0.0,Não especializado,2005
15108,0.0,0.0,Não especializado,2005
15109,0.0,0.0,Não especializado,2005
15110,0.0,0.0,Não especializado,2005
15111,0.0,0.0,Não especializado,2005
15112,0.0,0.0,Não especializado,2005
15113,0.0,0.0,Não especializado,2005
15114,0.0,0.0,Não especializado,2005
15115,0.0,0.0,Não especializado,2005
15116,0.0,0.0,Não especializado,2005
15117,0.0,0.0,Não especializado,2005
15118,0.0,0.0,Não especializado,2005
15119,0.0,0.0,Não especializado,2005
15120,0.0,0.0,Não especializado,2005
15121,0.0,0.0,Não especializado,2005
15122,0.0,0.0,Não especializado,2005
15123,0.0,0.0,Não especializado,2005
15124,0.0,0.0,Não especializado,2005
15125,0.0,0.0,Não especializado,2005
15126,0.0,0.0,Não especializado,2005
15127,0.0,0.0,Não especializado,2005
15128,0.0,0.0,Não especializado,2005
15129,0.0,0.0,Não especializado,2005
15130,0.0,0.0,Não especializado,2005
15131,0.0,0.0,Não especializado,2005
15132,0.0,0.0,Não especializado,2005
15133,0.0,0.0,Não especializado,2005
15134,0.0,0.0,Não especializado,2005
15135,0.0,0.0,Não especializado,2005
15136,0.0,0.0,Não especializado,2005
15137,0.0,0.0,Não especializado,2005
15138,0.0,0.0,Não especializado,2005
15139,0.0,0.0,Não especializado,2005
15140,0.0,0.0,Não especializado,2005
15141,0.0,0.0,Não especializado,2005
15142,0.0,0.0,Não especializado,2005
15143,0.0,0.0,Não especializado,2005
15144,0.0,0.0,Não especializado,2005
15145,0.0,0.0,Não especializado,2005
15146,0.0,0.0,Não especializado,2005
15147,0.0,0.0,Não especializado,2005
15148,0.0,0.0,Não especializado,2005
15149,0.0,0.0,Não especializado,2005
15150,0.0,0.0,Não especializado,2005
15151,0.0,0.0,Não especializado,2005
15152,0.0,0.0,Não especializado,2005
15153,0.0,0.0,Não especializado,2005
15154,0.0,0.0,Não especializado,2005
15155,0.0,0.0,Não especializado,2005
15156,0.0,0.0,Não especializado,2005
15157,0.0,0.0,Não especializado,2005
15158,0.0,0.0,Não especializado,2005
15159,0.0,0.0,Não especializado,2005
15160,0.0,0.0,Não especializado,2005
15161,0.0,0.0,Não especializado,2005
15162,0.0,0.0,Não especializado,2005
15163,0.0,0.0,Não especializado,2005
15164,0.0,0.0,Não especializado,2005
15165,0.0,0.0,Não especializado,2005
15166,0.0,0.0,Não especializado,2005
15167,0.0,0.0,Não especializado,2005
15168,0.0,0.0,Não especializado,2005
15169,0.0,0.0,Não especializado,2005
15170,0.0,0.0,Não especializado,2005
15171,0.0,0.0,Não especializado,2005
15172,0.0,0.0,Não especializado,2005
15173,0.0,0.0,Não especializado,2005
15174,0.0,0.0,Não especializado,2005
15175,0.0,0.0,Não especializado,2005
15176,0.0,0.0,Não especializado,2005
15177,0.0,0.0,Não especializado,2005
15178,0.0,0.0,Não especializado,2005
15179,0.0,0.0,Não especializado,2005
15180,0.0,0.0,Não especializado,2005
15181,0.0,0.0,Não especializado,2005
15182,0.0,0.0,Não especializado,2005
15183,0.0,0.0,Não especializado,2005
15184,0.0,0.0,Não especializado,2005
15185,0.0,0.0,Não especializado,2005
15186,0.0,0.0,Não especializado,2005
15187,0.0,0.0,Não especializado,2005
15188,0.0,0.0,Não especializado,2005
15189,0.0,0.0,Não especializado,2005
16001,0.0,0.0,Não especializado,2005
16002,0.0,0.0,Não especializado,2005
16003,0.0,0.0,Não especializado,2005
16004,0.0,0.0,Não especializado,2005
16005,0.0,0.0,Não especializado,2005
16006,0.0,0.0,Não especializado,2005
16007,0.0,0.0,Não especializado,2005
16008,0.0,0.0,Não especializado,2005
16009,0.0,0.0,Não especializado,2005
16010,0.0,0.0,Não especializado,2005
16011,0.0,0.0,Não especializado,2005
16012,0.0,0.0,Não especializado,2005
16013,0.0,0.0,Não especializado,2005
16014,0.5287885987778485,1995.9473150962513,Não especializado,2005
16015,0.0,0.0,Não especializado,2005
16016,0.0,0.0,Não especializado,2005
16017,0.0,0.0,Não especializado,2005
16018,0.0,0.0,Não especializado,2005
16019,0.0,0.0,Não especializado,2005
16020,0.0,0.0,Não especializado,2005
16021,0.0,0.0,Não especializado,2005
16022,0.0,0.0,Não especializado,2005
16023,0.4402665976564783,3000.0,Não especializado,2005
16024,0.0,0.0,Não especializado,2005
16025,0.0,0.0,Não especializado,2005
16026,0.0,0.0,Não especializado,2005
16027,0.0,0.0,Não especializado,2005
16028,0.0,0.0,Não especializado,2005
16029,0.0,0.0,Não especializado,2005
16030,0.0,0.0,Não especializado,2005
16031,0.0,0.0,Não especializado,2005
16032,0.0,0.0,Não especializado,2005
16033,0.0,0.0,Não especializado,2005
16034,0.0,0.0,Não especializado,2005
16035,0.0,0.0,Não especializado,2005
16036,0.0,0.0,Não especializado,2005
16037,0.0,0.0,Não especializado,2005
16038,0.0,0.0,Não especializado,2005
16039,0.0,0.0,Não especializado,2005
16040,0.0,0.0,Não especializado,2005
16041,10.964599423946058,2509.638347056913,Alta espec. / Alta produt.,2005
16042,0.0,0.0,Não especializado,2005
16043,0.0,0.0,Não especializado,2005
16044,0.0,0.0,Não especializado,2005
16045,0.24639825485204722,3900.0,Não especializado,2005
16046,0.0,0.0,Não especializado,2005
16047,0.0,0.0,Não especializado,2005
16048,0.0,0.0,Não especializado,2005
16049,0.0,0.0,Não especializado,2005
16050,0.0,0.0,Não especializado,2005
16051,0.0,0.0,Não especializado,2005
16052,0.0,0.0,Não especializado,2005
16053,0.0,0.0,Não especializado,2005
16054,0.0,0.0,Não especializado,2005
16055,0.0,0.0,Não especializado,2005
16056,0.4359708350943025,3470.873786407767,Não especializado,2005
16057,3.2522612274523026,3707.4350191416484,Alta espec. / Alta produt.,2005
16058,0.0,0.0,Não especializado,2005
16059,0.0,0.0,Não especializado,2005
16060,0.7601963968287485,3500.0,Não especializado,2005
16061,0.0,0.0,Não especializado,2005
16062,0.0,0.0,Não especializado,2005
16063,0.0,0.0,Não especializado,2005
16064,0.0,0.0,Não especializado,2005
16065,0.0,0.0,Não especializado,2005
16066,0.7744173963037029,4099.047619047619,Não especializado,2005
16067,0.0,0.0,Não especializado,2005
16068,0.0,0.0,Não especializado,2005
16069,0.3195613045495055,2169.8630136986303,Não especializado,2005
16070,0.0,0.0,Não especializado,2005
16071,0.0,0.0,Não especializado,2005
16072,0.0,0.0,Não especializado,2005
16073,0.0,0.0,Não especializado,2005
16074,1.306629112974894,2700.0,Baixa espec. / Alta produt.,2005
16075,0.0,0.0,Não especializado,2005
16076,0.0,0.0,Não especializado,2005
16077,0.0,0.0,Não especializado,2005
16078,0.0,0.0,Não especializado,2005
16079,2.6584723122792973,1902.2900763358778,Baixa espec. / Alta produt.,2005
16080,0.0,0.0,Não especializado,2005
16081,1.1316621697602356,3714.285714285714,Baixa espec. / Alta produt.,2005
16082,0.8494250959488218,3000.0,Não especializado,2005
16083,0.0,0.0,Não especializado,2005
16084,0.0,0.0,Não especializado,2005
16085,0.0,0.0,Não especializado,2005
16086,2.626659550185428,2613.0,Baixa espec. / Alta produt.,2005
16087,0.0,0.0,Não especializado,2005
16088,0.0,0.0,Não especializado,2005
16089,0.0,0.0,Não especializado,2005
16090,0.788215676588581,2759.389107674575,Não especializado,2005
16091,0.8593021030578394,3150.0,Não especializado,2005
16092,0.0,0.0,Não especializado,2005
16093,0.0,0.0,Não especializado,2005
16094,0.0,0.0,Não especializado,2005
16095,4.471800523008312,2923.6111111111113,Alta espec. / Alta produt.,2005
16096,7.773584136058713,2498.1949458483755,Alta espec. / Alta produt.,2005
16097,0.0,0.0,Não especializado,2005
16098,2.907997846471987,4200.0,Baixa espec. / Alta produt.,2005
16099,1.1163662546877697,3900.0,Baixa espec. / Alta produt.,2005
16100,0.0,0.0,Não especializado,2005
16101,0.03696786794751625,2833.3333333333335,Não especializado,2005
16102,0.0,0.0,Não especializado,2005
16103,0.0,0.0,Não especializado,2005
16104,0.0,0.0,Não especializado,2005
16105,0.0,0.0,Não especializado,2005
16106,0.0,0.0,Não especializado,2005
16107,0.0,0.0,Não especializado,2005
16108,0.8454613655610704,2650.0,Não especializado,2005
16109,0.0,0.0,Não especializado,2005
16110,0.0,0.0,Não especializado,2005
16111,0.3562589711847286,2400.0,Não especializado,2005
16112,0.0,0.0,Não especializado,2005
16113,0.0,0.0,Não especializado,2005
16114,0.0,0.0,Não especializado,2005
16115,0.12334668109292277,3741.3793103448274,Não especializado,2005
16116,0.0,0.0,Não especializado,2005
16117,0.0,0.0,Não especializado,2005
16118,0.0,0.0,Não especializado,2005
16119,0.0,0.0,Não especializado,2005
16120,0.0,0.0,Não especializado,2005
16121,1.7341437935156925,2229.3357933579337,Baixa espec. / Alta produt.,2005
16122,0.9657945911273678,1260.0518806744487,Não especializado,2005
16123,0.0,0.0,Não especializado,2005
16124,0.0,0.0,Não especializado,2005
16125,0.0,0.0,Não especializado,2005
16126,0.0,0.0,Não especializado,2005
16127,0.0,0.0,Não especializado,2005
16128,0.0,0.0,Não especializado,2005
16129,0.0,0.0,Não especializado,2005
16130,5.362753498135712,2461.603914060838,Alta espec. / Alta produt.,2005
16131,0.0,0.0,Não especializado,2005
16132,3.300149310509913,3450.0,Alta espec. / Alta produt.,2005
16133,0.0,0.0,Não especializado,2005
16134,0.0,0.0,Não especializado,2005
16135,0.0,0.0,Não especializado,2005
16136,0.0,0.0,Não especializado,2005
16137,0.0,0.0,Não especializado,2005
16138,0.0,0.0,Não especializado,2005
16139,0.0,0.0,Não especializado,2005
16140,0.0,0.0,Não especializado,2005
16141,0.0,0.0,Não especializado,2005
16142,0.0,0.0,Não especializado,2005
16143,0.0,0.0,Não especializado,2005
16144,0.0,0.0,Não especializado,2005
16145,0.0,0.0,Não especializado,2005
16146,0.0,0.0,Não especializado,2005
16147,4.96002608735608,4900.0,Alta espec. / Alta produt.,2005
16148,0.0,0.0,Não especializado,2005
16149,0.0,0.0,Não especializado,2005
16150,0.0,0.0,Não especializado,2005
16151,0.5480299384975604,3600.0,Não especializado,2005
16152,0.0,0.0,Não especializado,2005
16153,0.0,0.0,Não especializado,2005
16154,0.0,0.0,Não especializado,2005
16155,2.751562391628576,3300.0,Baixa espec. / Alta produt.,2005
16156,0.0,0.0,Não especializado,2005
16157,0.0,0.0,Não especializado,2005
16158,0.0,0.0,Não especializado,2005
16159,0.0,0.0,Não especializado,2005
16160,0.0,0.0,Não especializado,2005
16161,0.0,0.0,Não especializado,2005
16162,0.0,0.0,Não especializado,2005
16163,0.0,0.0,Não especializado,2005
16164,0.0,0.0,Não especializado,2005
16165,0.0,0.0,Não especializado,2005
16166,0.0,0.0,Não especializado,2005
16167,0.0,0.0,Não especializado,2005
16168,0.0,0.0,Não especializado,2005
16169,0.0,0.0,Não especializado,2005
16170,0.0,0.0,Não especializado,2005
16171,0.0,0.0,Não especializado,2005
16172,0.0,0.0,Não especializado,2005
16173,12.693375195544775,2320.0,Alta espec. / Alta produt.,2005
16174,0.0,0.0,Não especializado,2005
16175,0.0,0.0,Não especializado,2005
16176,0.16585675096152758,3000.0,Não especializado,2005
16177,0.615526703078936,2200.0,Não especializado,2005
16178,0.0,0.0,Não especializado,2005
16179,0.0,0.0,Não especializado,2005
16180,0.38113014495009295,3202.846975088968,Não especializado,2005
16181,0.0,0.0,Não especializado,2005
16182,0.0,0.0,Não especializado,2005
16183,0.0,0.0,Não especializado,2005
16184,0.0,0.0,Não especializado,2005
16185,0.0,0.0,Não especializado,2005
16186,0.0,0.0,Não especializado,2005
16187,0.2813285922207953,2485.089463220676,Não especializado,2005
16188,0.0,0.0,Não especializado,2005
16189,0.0,0.0,Não especializado,2005
16190,0.0,0.0,Não especializado,2005
16191,0.0,0.0,Não especializado,2005
16192,0.0,0.0,Não especializado,2005
16193,0.0,0.0,Não especializado,2005
16194,0.0,0.0,Não especializado,2005
16195,0.0,0.0,Não especializado,2005
16196,0.0,0.0,Não especializado,2005
16197,0.0,0.0,Não especializado,2005
16198,0.0,0.0,Não especializado,2005
16199,0.0,0.0,Não especializado,2005
16200,0.0,0.0,Não especializado,2005
16201,0.0,0.0,Não especializado,2005
16202,0.0,0.0,Não especializado,2005
16203,1.7474657573326844,3462.970711297071,Baixa espec. / Alta produt.,2005
2001,0.0,0.0,Não especializado,2005
2002,0.0,0.0,Não especializado,2005
2003,0.0,0.0,Não especializado,2005
2004,0.0,0.0,Não especializado,2005
2005,0.0,0.0,Não especializado,2005
2006,0.0,0.0,Não especializado,2005
2007,0.0,0.0,Não especializado,2005
2008,0.0,0.0,Não especializado,2005
2009,0.0,0.0,Não especializado,2005
2010,0.0,0.0,Não especializado,2005
2011,0.0,0.0,Não especializado,2005
2012,0.0,0.0,Não especializado,2005
2013,0.0,0.0,Não especializado,2005
2014,0.0,0.0,Não especializado,2005
2015,0.0,0.0,Não especializado,2005
2016,0.0,0.0,Não especializado,2005
2017,0.0,0.0,Não especializado,2005
2018,0.0,0.0,Não especializado,2005
2019,0.0,0.0,Não especializado,2005
2020,0.0,0.0,Não especializado,2005
2021,0.0,0.0,Não especializado,2005
2022,0.0,0.0,Não especializado,2005
2023,0.0,0.0,Não especializado,2005
2024,0.0,0.0,Não especializado,2005
2025,0.0,0.0,Não especializado,2005
2026,0.0,0.0,Não especializado,2005
2027,0.0,0.0,Não especializado,2005
2028,0.0,0.0,Não especializado,2005
2029,0.0,0.0,Não especializado,2005
2030,0.0,0.0,Não especializado,2005
2031,0.0,0.0,Não especializado,2005
2032,0.0,0.0,Não especializado,2005
2033,0.0,0.0,Não especializado,2005
2034,0.0,0.0,Não especializado,2005
2035,0.0,0.0,Não especializado,2005
2036,0.0,0.0,Não especializado,2005
2037,0.0,0.0,Não especializado,2005
2038,0.0,0.0,Não especializado,2005
2039,0.0,0.0,Não especializado,2005
2040,0.0,0.0,Não especializado,2005
2041,0.0,0.0,Não especializado,2005
2042,0.0,0.0,Não especializado,2005
2043,0.0,0.0,Não especializado,2005
2044,0.0,0.0,Não especializado,2005
2045,0.0,0.0,Não especializado,2005
2046,0.0,0.0,Não especializado,2005
2047,0.0,0.0,Não especializado,2005
2048,0.0,0.0,Não especializado,2005
2049,0.0,0.0,Não especializado,2005
2050,0.0,0.0,Não especializado,2005
2051,0.0,0.0,Não especializado,2005
2052,0.0,0.0,Não especializado,2005
2053,0.0,0.0,Não especializado,2005
2054,0.0,0.0,Não especializado,2005
2055,0.0,0.0,Não especializado,2005
2056,0.0,0.0,Não especializado,2005
2057,0.0,0.0,Não especializado,2005
2058,0.0,0.0,Não especializado,2005
2059,0.0,0.0,Não especializado,2005
2061,0.0,0.0,Não especializado,2005
2062,0.0,0.0,Não especializado,2005
2063,0.0,0.0,Não especializado,2005
2064,0.0,0.0,Não especializado,2005
2065,0.0,0.0,Não especializado,2005
2066,0.0,0.0,Não especializado,2005
2067,0.0,0.0,Não especializado,2005
2068,0.0,0.0,Não especializado,2005
2069,0.0,0.0,Não especializado,2005
2070,0.0,0.0,Não especializado,2005
2071,0.0,0.0,Não especializado,2005
2072,0.0,0.0,Não especializado,2005
2073,0.0,0.0,Não especializado,2005
2074,0.0,0.0,Não especializado,2005
2075,0.0,0.0,Não especializado,2005
2076,0.0,0.0,Não especializado,2005
21001,0.08059437137781227,1200.0,Não especializado,2005
21002,0.0,0.0,Não especializado,2005
21003,0.0,0.0,Não especializado,2005
21004,0.0,0.0,Não especializado,2005
21005,0.0,0.0,Não especializado,2005
3001,0.0,0.0,Não especializado,2005
3002,0.0,0.0,Não especializado,2005
3003,0.0,0.0,Não especializado,2005
3004,0.0,0.0,Não especializado,2005
3005,0.0,0.0,Não especializado,2005
3006,0.0,0.0,Não especializado,2005
3007,0.0,0.0,Não especializado,2005
3008,0.0,0.0,Não especializado,2005
3009,0.0,0.0,Não especializado,2005
3010,0.0,0.0,Não especializado,2005
3011,0.0,0.0,Não especializado,2005
3012,0.0,0.0,Não especializado,2005
3013,0.0,0.0,Não especializado,2005
3014,0.0,0.0,Não especializado,2005
3015,0.0,0.0,Não especializado,2005
3016,0.0,0.0,Não especializado,2005
3017,0.0,0.0,Não especializado,2005
3018,0.0,0.0,Não especializado,2005
3019,0.0,0.0,Não especializado,2005
3020,1.4279054439838046,3599.8995983935743,Baixa espec. / Alta produt.,2005
3021,0.0,0.0,Não especializado,2005
3022,0.0,0.0,Não especializado,2005
3023,0.0,0.0,Não especializado,2005
3024,0.0,0.0,Não especializado,2005
3025,0.16739558730716708,300.0,Não especializado,2005
3026,0.0,0.0,Não especializado,2005
3027,0.0,0.0,Não especializado,2005
3028,0.0,0.0,Não especializado,2005
3029,0.0,0.0,Não especializado,2005
3030,0.0,0.0,Não especializado,2005
3031,0.36035979387462486,649.1228070175439,Não especializado,2005
3032,0.0,0.0,Não especializado,2005
3033,0.0,0.0,Não especializado,2005
3034,0.0,0.0,Não especializado,2005
3035,0.0,0.0,Não especializado,2005
3036,0.0,0.0,Não especializado,2005
3037,0.0,0.0,Não especializado,2005
3038,0.0,0.0,Não especializado,2005
3039,0.0,0.0,Não especializado,2005
3040,0.0,0.0,Não especializado,2005
3041,0.0,0.0,Não especializado,2005
3042,0.0,0.0,Não especializado,2005
3043,0.0,0.0,Não especializado,2005
3044,0.0,0.0,Não especializado,2005
3045,0.0,0.0,Não especializado,2005
3046,0.0,0.0,Não especializado,2005
3047,0.0,0.0,Não especializado,2005
3048,0.2768543080010902,3600.9174311926604,Não especializado,2005
3049,0.0,0.0,Não especializado,2005
3050,0.0,0.0,Não especializado,2005
3051,0.0,0.0,Não especializado,2005
3052,0.0,0.0,Não especializado,2005
3053,0.0,0.0,Não especializado,2005
3054,0.0,0.0,Não especializado,2005
3055,0.0,0.0,Não especializado,2005
3056,0.0,0.0,Não especializado,2005
3057,0.0,0.0,Não especializado,2005
3058,0.0,0.0,Não especializado,2005
3059,0.0,0.0,Não especializado,2005
3060,0.0,0.0,Não especializado,2005
3061,0.0,0.0,Não especializado,2005
3062,0.0,0.0,Não especializado,2005
3063,0.0,0.0,Não especializado,2005
3064,0.0,0.0,Não especializado,2005
3065,0.0,0.0,Não especializado,2005
3066,0.0,0.0,Não especializado,2005
3067,0.0,0.0,Não especializado,2005
3068,0.0,0.0,Não especializado,2005
3069,0.03209647546553273,1000.0,Não especializado,2005
3070,0.0,0.0,Não especializado,2005
3071,0.0,0.0,Não especializado,2005
3072,0.0,0.0,Não especializado,2005
3073,0.0,0.0,Não especializado,2005
3074,0.0,0.0,Não especializado,2005
3075,0.0,0.0,Não especializado,2005
3076,0.0,0.0,Não especializado,2005
3077,0.0,0.0,Não especializado,2005
3078,0.0,0.0,Não especializado,2005
3079,0.0,0.0,Não especializado,2005
3080,0.0,0.0,Não especializado,2005
3081,0.0,0.0,Não especializado,2005
3082,0.0,0.0,Não especializado,2005
3083,0.0,0.0,Não especializado,2005
3084,0.0,0.0,Não especializado,2005
3085,0.0,0.0,Não especializado,2005
3086,0.0,0.0,Não especializado,2005
3087,0.0,0.0,Não especializado,2005
3088,0.0,0.0,Não especializado,2005
3089,0.0,0.0,Não especializado,2005
3090,0.0,0.0,Não especializado,2005
3091,0.0,0.0,Não especializado,2005
3092,0.0,0.0,Não especializado,2005
3093,0.0,0.0,Não especializado,2005
3094,0.0,0.0,Não especializado,2005
3095,0.0,0.0,Não especializado,2005
3096,0.0,0.0,Não especializado,2005
3097,0.0,0.0,Não especializado,2005
3098,0.0,0.0,Não especializado,2005
3099,1.8675074931782762,3500.0,Baixa espec. / Alta produt.,2005
3100,0.0,0.0,Não especializado,2005
3101,0.0,0.0,Não especializado,2005
3102,0.0,0.0,Não especializado,2005
4001,6.75933676717937,158.74213836477986,Alta espec. / Baixa produt.,2005
4002,0.0,0.0,Não especializado,2005
4003,0.0,0.0,Não especializado,2005
4004,0.11921629342535608,500.0,Não especializado,2005
4005,0.7765964057362479,305.0,Não especializado,2005
4006,0.0,0.0,Não especializado,2005
4007,0.0,0.0,Não especializado,2005
4008,0.0,0.0,Não especializado,2005
4009,0.0,0.0,Não especializado,2005
4010,0.0,0.0,Não especializado,2005
4011,0.0,0.0,Não especializado,2005
4012,0.0,0.0,Não especializado,2005
4013,0.0,0.0,Não especializado,2005
4014,0.11947635602008568,168.141592920354,Não especializado,2005
4015,0.0,0.0,Não especializado,2005
4016,0.0,0.0,Não especializado,2005
4017,0.7094034037617714,3646.153846153846,Não especializado,2005
4018,0.0,0.0,Não especializado,2005
4019,0.0,0.0,Não especializado,2005
4020,0.0,0.0,Não especializado,2005
4021,0.0,0.0,Não especializado,2005
4022,1.8022540595605498,149.17127071823205,Baixa espec. / Baixa produt.,2005
4023,1.8881044140404877,230.86900129701687,Baixa espec. / Baixa produt.,2005
4024,0.0,0.0,Não especializado,2005
4025,0.13853058552935246,3503.2894736842104,Não especializado,2005
4026,0.0,0.0,Não especializado,2005
4027,0.0,0.0,Não especializado,2005
4028,0.0,0.0,Não especializado,2005
4029,0.0,0.0,Não especializado,2005
4030,0.4606645315464708,1501.9762845849802,Não especializado,2005
4031,0.0,0.0,Não especializado,2005
4032,2.265639925268209,205.33333333333334,Baixa espec. / Baixa produt.,2005
4033,0.09172611251542952,200.0,Não especializado,2005
4034,1.4926033180118115,137.77089783281733,Baixa espec. / Baixa produt.,2005
4035,0.26360682862224066,88.0,Não especializado,2005
4036,0.0,0.0,Não especializado,2005
4037,0.0,0.0,Não especializado,2005
4038,0.0,0.0,Não especializado,2005
4039,0.0,0.0,Não especializado,2005
4040,15.010071049421345,161.0878661087866,Alta espec. / Baixa produt.,2005
4041,0.0,0.0,Não especializado,2005
4042,0.5515985055389399,1500.0,Não especializado,2005
4043,3.64855937366659,119.40298507462687,Alta espec. / Baixa produt.,2005
4044,0.0,0.0,Não especializado,2005
4045,0.0,0.0,Não especializado,2005
4046,0.0,0.0,Não especializado,2005
4047,0.0,0.0,Não especializado,2005
4048,0.0,0.0,Não especializado,2005
4049,0.0,0.0,Não especializado,2005
4050,0.0,0.0,Não especializado,2005
4051,0.0,0.0,Não especializado,2005
4052,0.0,0.0,Não especializado,2005
4053,0.0,0.0,Não especializado,2005
4054,0.0,0.0,Não especializado,2005
4055,0.0,0.0,Não especializado,2005
4056,0.0,0.0,Não especializado,2005
4057,0.0,0.0,Não especializado,2005
4058,0.0,0.0,Não especializado,2005
4059,0.628700701453451,404.76190476190476,Não especializado,2005
4060,0.27089503496298445,418.6046511627907,Não especializado,2005
4061,0.0,0.0,Não especializado,2005
4062,0.0,0.0,Não especializado,2005
4063,0.0,0.0,Não especializado,2005
4064,0.0,0.0,Não especializado,2005
4065,0.0,0.0,Não especializado,2005
4066,0.0,0.0,Não especializado,2005
4067,0.0,0.0,Não especializado,2005
4068,0.0,0.0,Não especializado,2005
4069,0.0,0.0,Não especializado,2005
4070,0.0,0.0,Não especializado,2005
4071,0.0,0.0,Não especializado,2005
4072,0.0,0.0,Não especializado,2005
4073,0.0,0.0,Não especializado,2005
4074,0.0,0.0,Não especializado,2005
4075,0.0,0.0,Não especializado,2005
4076,0.0,0.0,Não especializado,2005
4077,0.0,0.0,Não especializado,2005
4078,0.13892553805033747,133.33333333333334,Não especializado,2005
4079,0.0,0.0,Não especializado,2005
4080,0.0,0.0,Não especializado,2005
4081,0.0,0.0,Não especializado,2005
4082,0.0,0.0,Não especializado,2005
4083,0.0,0.0,Não especializado,2005
4084,0.0,0.0,Não especializado,2005
4085,0.0,0.0,Não especializado,2005
4086,0.8350934657854169,3887.5,Não especializado,2005
4087,0.0,0.0,Não especializado,2005
4088,0.0,0.0,Não especializado,2005
4089,0.0,0.0,Não especializado,2005
4090,0.0,0.0,Não especializado,2005
4091,0.0,0.0,Não especializado,2005
4092,0.0,0.0,Não especializado,2005
4093,0.0,0.0,Não especializado,2005
4094,0.0,0.0,Não especializado,2005
4095,0.0,0.0,Não especializado,2005
4096,0.0,0.0,Não especializado,2005
4097,0.0,0.0,Não especializado,2005
4098,0.0,0.0,Não especializado,2005
4099,1.9527836037960107,186.31732168850073,Baixa espec. / Baixa produt.,2005
4100,1.5560333296137836,586.046511627907,Baixa espec. / Baixa produt.,2005
4101,0.0,0.0,Não especializado,2005
4102,0.34904500447849585,800.0,Não especializado,2005
4103,2.750345598320315,301.2048192771084,Baixa espec. / Baixa produt.,2005
4104,0.062476548576018864,791.6666666666666,Não especializado,2005
4105,2.1947785786013156,900.0,Baixa espec. / Baixa produt.,2005
4106,0.0,0.0,Não especializado,2005
4107,0.0,0.0,Não especializado,2005
4108,1.471566607717438,816.6666666666666,Baixa espec. / Baixa produt.,2005
4109,1.0567260750439924,1400.0,Baixa espec. / Alta produt.,2005
4110,0.0,0.0,Não especializado,2005
4111,0.1662365674148326,1500.0,Não especializado,2005
4112,0.5555873377070933,1200.0,Não especializado,2005
4113,0.0,0.0,Não especializado,2005
4114,1.0624809575979042,1093.939393939394,Baixa espec. / Baixa produt.,2005
4115,0.16648357568736577,1371.4285714285713,Não especializado,2005
4116,0.0,0.0,Não especializado,2005
4117,0.7257097798734018,814.8148148148148,Não especializado,2005
4118,0.0,0.0,Não especializado,2005
4119,0.31281928669825787,1153.8461538461538,Não especializado,2005
4120,0.0,0.0,Não especializado,2005
4121,0.0,0.0,Não especializado,2005
4122,0.07219875726949475,700.0,Não especializado,2005
4123,0.0,0.0,Não especializado,2005
4124,0.0,0.0,Não especializado,2005
4125,0.0,0.0,Não especializado,2005
4126,0.11376124117940618,1080.0,Não especializado,2005
4127,0.0,0.0,Não especializado,2005
4128,0.0,0.0,Não especializado,2005
4129,0.0,0.0,Não especializado,2005
4130,0.0,0.0,Não especializado,2005
4131,0.0,0.0,Não especializado,2005
4132,0.152213554914163,375.0,Não especializado,2005
4133,0.0,0.0,Não especializado,2005
4134,0.24043658033819135,700.0,Não especializado,2005
4135,0.6074873409019161,250.0,Não especializado,2005
4136,0.0,0.0,Não especializado,2005
4137,0.0,0.0,Não especializado,2005
4138,0.13597047266993084,333.3333333333333,Não especializado,2005
4139,0.0,0.0,Não especializado,2005
4140,0.0,0.0,Não especializado,2005
4141,0.0,0.0,Não especializado,2005
4142,0.0,0.0,Não especializado,2005
4143,0.0,0.0,Não especializado,2005
4144,0.0,0.0,Não especializado,2005
4145,1.3559688636190266,807.6923076923077,Baixa espec. / Baixa produt.,2005
4146,0.24553730462660162,611.1111111111111,Não especializado,2005
4147,0.0,0.0,Não especializado,2005
4148,0.0,0.0,Não especializado,2005
4149,0.0,0.0,Não especializado,2005
4150,0.13971844639700365,1153.8461538461538,Não especializado,2005
4151,0.0,0.0,Não especializado,2005
4152,0.0,0.0,Não especializado,2005
4153,0.0,0.0,Não especializado,2005
4154,0.0,0.0,Não especializado,2005
4155,0.0,0.0,Não especializado,2005
4156,0.0,0.0,Não especializado,2005
4157,0.0,0.0,Não especializado,2005
4158,0.0,0.0,Não especializado,2005
4159,0.0,0.0,Não especializado,2005
4160,0.13510191158559973,793.6507936507936,Não especializado,2005
4161,0.5224037079768694,548.8372093023256,Não especializado,2005
4162,2.59306335557715,606.4814814814815,Baixa espec. / Baixa produt.,2005
4163,0.0,0.0,Não especializado,2005
4164,0.0,0.0,Não especializado,2005
4165,0.0,0.0,Não especializado,2005
4166,0.0795668929607744,1066.6666666666667,Não especializado,2005
4167,3.538647224984707,353.48837209302326,Alta espec. / Baixa produt.,2005
4168,0.0,0.0,Não especializado,2005
4169,2.0926402447488965,800.0,Baixa espec. / Baixa produt.,2005
4170,0.0,0.0,Não especializado,2005
4171,0.0,0.0,Não especializado,2005
4172,0.0,0.0,Não especializado,2005
4173,0.29045611519791875,450.0,Não especializado,2005
4174,0.8562126056126828,468.75,Não especializado,2005
4175,0.0,0.0,Não especializado,2005
4176,7.609062576407277,950.0,Alta espec. / Baixa produt.,2005
4177,0.0,0.0,Não especializado,2005
4178,0.0,0.0,Não especializado,2005
4179,0.0,0.0,Não especializado,2005
4180,0.2953044931366497,466.6666666666667,Não especializado,2005
4181,0.24089340984083388,697.6744186046511,Não especializado,2005
4182,1.9785820999553423,3000.0,Baixa espec. / Alta produt.,2005
4183,2.252129576635119,1000.0,Baixa espec. / Baixa produt.,2005
4184,0.0,0.0,Não especializado,2005
4185,0.0,0.0,Não especializado,2005
4186,0.0,0.0,Não especializado,2005
4187,0.0,0.0,Não especializado,2005
4188,0.4441938092197794,900.0,Não especializado,2005
4189,0.0,0.0,Não especializado,2005
4190,0.22674528588208775,1103.448275862069,Não especializado,2005
4191,0.0,0.0,Não especializado,2005
4192,2.4014503398880565,707.6124567474048,Baixa espec. / Baixa produt.,2005
4193,0.0,0.0,Não especializado,2005
4194,0.0,0.0,Não especializado,2005
4195,0.0,0.0,Não especializado,2005
4196,0.0,0.0,Não especializado,2005
4197,0.0,0.0,Não especializado,2005
4198,0.14796097251581006,700.0,Não especializado,2005
4199,0.0,0.0,Não especializado,2005
4200,1.2436709493577889,472.72727272727275,Baixa espec. / Baixa produt.,2005
4201,0.0,0.0,Não especializado,2005
4202,0.0,0.0,Não especializado,2005
4203,0.0,0.0,Não especializado,2005
4204,0.0,0.0,Não especializado,2005
4205,0.0,0.0,Não especializado,2005
4206,0.0,0.0,Não especializado,2005
4207,0.0,0.0,Não especializado,2005
4208,0.0,0.0,Não especializado,2005
4209,0.0,0.0,Não especializado,2005
4210,0.0,0.0,Não especializado,2005
4211,2.0830983962118474,704.6413502109705,Baixa espec. / Baixa produt.,2005
4212,0.0,0.0,Não especializado,2005
4213,0.0,0.0,Não especializado,2005
4214,0.0,0.0,Não especializado,2005
4215,2.4649558216271377,2250.0,Baixa espec. / Alta produt.,2005
4216,0.051211082185955395,1050.0,Não especializado,2005
4217,0.7339090378008548,300.0,Não especializado,2005
4218,0.17115668732113373,250.0,Não especializado,2005
4219,0.0,0.0,Não especializado,2005
4220,0.05068883533463397,1166.6666666666667,Não especializado,2005
4221,0.0,0.0,Não especializado,2005
4222,0.0,0.0,Não especializado,2005
4223,0.0,0.0,Não especializado,2005
4224,1.9181758106124525,629.1666666666666,Baixa espec. / Baixa produt.,2005
4225,0.0,0.0,Não especializado,2005
4226,3.276124164842022,480.0,Alta espec. / Baixa produt.,2005
4227,0.0,0.0,Não especializado,2005
4228,0.0,0.0,Não especializado,2005
4229,0.0,0.0,Não especializado,2005
4230,0.0,0.0,Não especializado,2005
4231,0.0,0.0,Não especializado,2005
4232,0.0,0.0,Não especializado,2005
4233,0.0,0.0,Não especializado,2005
4234,0.0,0.0,Não especializado,2005
4235,0.5486824310800529,636.3636363636364,Não especializado,2005
4236,0.0,0.0,Não especializado,2005
5001,0.0,0.0,Não especializado,2005
5002,2.150482332020491,375.3213367609255,Baixa espec. / Baixa produt.,2005
5003,6.984526531174888,300.0,Alta espec. / Baixa produt.,2005
5004,0.38305451773537497,333.3333333333333,Não especializado,2005
5005,4.848033740088339,400.0,Alta espec. / Baixa produt.,2005
5006,1.162577913749387,350.0,Baixa espec. / Baixa produt.,2005
5007,14.924911989784588,2405.714285714286,Alta espec. / Alta produt.,2005
5008,6.00232748772842,300.0,Alta espec. / Baixa produt.,2005
5009,1.1527103542962671,360.0,Baixa espec. / Baixa produt.,2005
5010,15.956381866210336,629.976580796253,Alta espec. / Baixa produt.,2005
5011,0.36496236624624484,600.0,Não especializado,2005
5012,0.5335402211314151,500.0,Não especializado,2005
5013,0.0,0.0,Não especializado,2005
5014,6.839500060008707,588.6363636363636,Alta espec. / Baixa produt.,2005
5015,5.008245743342452,461.53846153846155,Alta espec. / Baixa produt.,2005
5016,5.027187725747488,800.0,Alta espec. / Baixa produt.,2005
5017,0.4468969373579374,342.85714285714283,Não especializado,2005
5018,1.8227163535302886,517.6470588235294,Baixa espec. / Baixa produt.,2005
5019,0.0,0.0,Não especializado,2005
5020,8.536643538102641,500.0,Alta espec. / Baixa produt.,2005
5021,4.257650964628692,394.7368421052632,Alta espec. / Baixa produt.,2005
5022,0.0,0.0,Não especializado,2005
5023,0.5848923794458579,250.0,Não especializado,2005
5024,0.0,0.0,Não especializado,2005
5025,5.395350550767119,600.0,Alta espec. / Baixa produt.,2005
5026,0.0,0.0,Não especializado,2005
5027,0.2378526128435126,800.0,Não especializado,2005
5028,0.0,0.0,Não especializado,2005
5029,0.8787721289223307,800.0,Não especializado,2005
5030,1.5652169467417532,700.0,Baixa espec. / Baixa produt.,2005
5031,0.0,0.0,Não especializado,2005
5032,0.0,0.0,Não especializado,2005
5033,0.06321209954166271,250.0,Não especializado,2005
5034,0.0,0.0,Não especializado,2005
5035,0.3492263265587444,666.6666666666666,Não especializado,2005
5036,0.0,0.0,Não especializado,2005
5037,0.0,0.0,Não especializado,2005
5038,0.0,0.0,Não especializado,2005
5039,2.2648904946038018,666.6666666666666,Baixa espec. / Baixa produt.,2005
5040,0.35064941672402045,625.0,Não especializado,2005
5041,1.3312092646051148,400.0,Baixa espec. / Baixa produt.,2005
5042,0.276224213097312,250.0,Não especializado,2005
5043,0.0,0.0,Não especializado,2005
5044,0.0,0.0,Não especializado,2005
5045,2.2184206248104092,595.2380952380952,Baixa espec. / Baixa produt.,2005
5046,5.480913180713627,646.0176991150443,Alta espec. / Baixa produt.,2005
5047,3.4896735264212686,342.85714285714283,Alta espec. / Baixa produt.,2005
5048,0.37467904918038925,807.6923076923077,Não especializado,2005
5049,9.711241294699645,2730.0,Alta espec. / Alta produt.,2005
5050,0.0,0.0,Não especializado,2005
5051,7.622784902933961,597.9899497487437,Alta espec. / Baixa produt.,2005
5052,1.7084134145504015,800.0,Baixa espec. / Baixa produt.,2005
5053,10.382404303097807,400.0,Alta espec. / Baixa produt.,2005
5054,8.169834636074793,685.7142857142857,Alta espec. / Baixa produt.,2005
5055,2.0209428004659435,300.0,Baixa espec. / Baixa produt.,2005
5056,3.555171329700654,362.5,Alta espec. / Baixa produt.,2005
5057,3.585390286003109,300.0,Alta espec. / Baixa produt.,2005
5058,0.0,0.0,Não especializado,2005
5059,0.0,0.0,Não especializado,2005
5060,1.2198524380794467,800.0,Baixa espec. / Baixa produt.,2005
5061,0.770499345129608,500.0,Não especializado,2005
5062,0.06514153862650998,500.0,Não especializado,2005
5063,0.0,0.0,Não especializado,2005
5064,2.7746608197989864,666.6666666666666,Baixa espec. / Baixa produt.,2005
5065,0.0,0.0,Não especializado,2005
5066,1.2069312004049964,400.0,Baixa espec. / Baixa produt.,2005
5067,5.142977869266755,439.56043956043953,Alta espec. / Baixa produt.,2005
5068,0.0,0.0,Não especializado,2005
5069,0.30696834640437576,1100.0,Não especializado,2005
5070,14.005430804699646,100.0,Alta espec. / Baixa produt.,2005
5071,0.6786227670668346,583.3333333333334,Não especializado,2005
5072,0.7634987832204235,600.0,Não especializado,2005
5073,0.4617548095610065,588.2352941176471,Não especializado,2005
5074,0.29549919939586067,800.0,Não especializado,2005
5075,1.6599029101866245,400.0,Baixa espec. / Baixa produt.,2005
5076,0.21951369097978218,500.0,Não especializado,2005
5077,0.0,0.0,Não especializado,2005
5078,0.0,0.0,Não especializado,2005
5079,4.896016146852985,615.3846153846154,Alta espec. / Baixa produt.,2005
5080,0.0,0.0,Não especializado,2005
5081,0.8123996116321245,600.0,Não especializado,2005
5082,7.639325893472533,800.0,Alta espec. / Baixa produt.,2005
5083,0.0,0.0,Não especializado,2005
5084,0.0,0.0,Não especializado,2005
5085,2.369785246142072,800.0,Baixa espec. / Baixa produt.,2005
5086,13.61854045097866,545.4545454545455,Alta espec. / Baixa produt.,2005
5087,0.0,0.0,Não especializado,2005
5088,0.3344580490674542,600.0,Não especializado,2005
5089,9.281705622049468,300.0,Alta espec. / Baixa produt.,2005
5090,3.529545040036312,600.0,Alta espec. / Baixa produt.,2005
5091,0.0,0.0,Não especializado,2005
5092,0.3090853694830267,800.0,Não especializado,2005
5093,0.0,0.0,Não especializado,2005
5094,12.768483924512497,530.0,Alta espec. / Baixa produt.,2005
5095,6.331693533328587,313.04347826086956,Alta espec. / Baixa produt.,2005
5096,1.2780621266646064,400.0,Baixa espec. / Baixa produt.,2005
5097,17.404807213607327,400.0,Alta espec. / Baixa produt.,2005
5098,13.943184445567647,200.0,Alta espec. / Baixa produt.,2005
5099,9.69024401622462,100.0,Alta espec. / Baixa produt.,2005
5100,0.0,0.0,Não especializado,2005
5101,10.545265547067968,400.0,Alta espec. / Baixa produt.,2005
5102,0.2726117918189712,800.0,Não especializado,2005
5103,2.0928729154454437,800.0,Baixa espec. / Baixa produt.,2005
5104,0.0,0.0,Não especializado,2005
5105,5.597174844340269,578.5714285714286,Alta espec. / Baixa produt.,2005
5106,0.0,0.0,Não especializado,2005
5107,0.44705614538692134,750.0,Não especializado,2005
5108,6.246324540075102,400.0,Alta espec. / Baixa produt.,2005
5109,4.383117709050256,600.0,Alta espec. / Baixa produt.,2005
5110,0.5007528332406577,500.0,Não especializado,2005
5111,3.2424148486764452,522.2222222222222,Alta espec. / Baixa produt.,2005
5112,0.34211739370258676,1000.0,Não especializado,2005
5113,4.9003056300725865,416.6666666666667,Alta espec. / Baixa produt.,2005
5114,2.9177715166084943,699.3006993006993,Baixa espec. / Baixa produt.,2005
5115,0.0,0.0,Não especializado,2005
5116,1.3499210414168332,685.7142857142857,Baixa espec. / Baixa produt.,2005
5117,1.8151686597412076,690.4761904761905,Baixa espec. / Baixa produt.,2005
5118,0.0,0.0,Não especializado,2005
5119,0.8396698562068171,375.0,Não especializado,2005
5120,0.07399677255097226,833.3333333333334,Não especializado,2005
5121,0.0,0.0,Não especializado,2005
5122,0.0,0.0,Não especializado,2005
5123,9.06500375708715,500.0,Alta espec. / Baixa produt.,2005
5124,0.0,0.0,Não especializado,2005
5125,0.252777092921821,466.6666666666667,Não especializado,2005
5126,1.3020406374632243,801.3468013468014,Baixa espec. / Baixa produt.,2005
5127,0.9844279687002756,315.7894736842105,Não especializado,2005
5128,4.393860644611653,200.0,Alta espec. / Baixa produt.,2005
5129,2.0870838061905355,210.52631578947367,Baixa espec. / Baixa produt.,2005
5130,0.0,0.0,Não especializado,2005
5131,1.1448676146894663,414.6341463414634,Baixa espec. / Baixa produt.,2005
5132,0.0,0.0,Não especializado,2005
5133,3.6338415060842326,500.0,Alta espec. / Baixa produt.,2005
5134,0.0,0.0,Não especializado,2005
5135,1.8840639058703095,805.3097345132743,Baixa espec. / Baixa produt.,2005
5136,1.1527103542962671,720.0,Baixa espec. / Baixa produt.,2005
5137,3.256216409018676,636.3636363636364,Alta espec. / Baixa produt.,2005
5138,0.6558640767078858,500.0,Não especializado,2005
5139,0.1584772934053708,900.0,Não especializado,2005
5140,4.555903732214352,598.8372093023256,Alta espec. / Baixa produt.,2005
5141,0.8635333058774347,400.0,Não especializado,2005
5142,0.0,0.0,Não especializado,2005
5143,0.0,0.0,Não especializado,2005
5144,30.230946762252188,600.0,Alta espec. / Baixa produt.,2005
5145,10.545265547067968,500.0,Alta espec. / Baixa produt.,2005
5146,0.0,0.0,Não especializado,2005
5147,1.2684163747652508,333.3333333333333,Baixa espec. / Baixa produt.,2005
5148,0.0,0.0,Não especializado,2005
6001,0.5310115944909818,900.0,Não especializado,2005
6002,1.9927691674094647,200.0,Baixa espec. / Baixa produt.,2005
6003,0.11724624872475832,1500.0,Não especializado,2005
6004,0.2122705016184348,500.0,Não especializado,2005
6005,3.5400772966065452,500.0,Alta espec. / Baixa produt.,2005
6006,0.4359014824745662,753.8461538461538,Não especializado,2005
6007,3.3920437899745592,1000.0,Alta espec. / Baixa produt.,2005
6008,0.0,0.0,Não especializado,2005
6009,18.758002158559314,503.1645569620253,Alta espec. / Baixa produt.,2005
6010,0.17073287076205282,611.1111111111111,Não especializado,2005
6011,8.157270746306649,699.0920881971466,Alta espec. / Baixa produt.,2005
6012,0.0,0.0,Não especializado,2005
6013,1.2228479829478545,1000.0,Baixa espec. / Baixa produt.,2005
6014,3.530535682018036,491.73553719008265,Alta espec. / Baixa produt.,2005
6015,0.589702349671564,400.0,Não especializado,2005
6016,0.0,0.0,Não especializado,2005
6017,1.256562016122585,1000.0,Baixa espec. / Baixa produt.,2005
6018,0.2358809398686256,800.0,Não especializado,2005
6019,0.0,0.0,Não especializado,2005
6020,0.0,0.0,Não especializado,2005
6021,0.8408513803947255,1000.0,Não especializado,2005
6022,0.7511292498609865,300.0,Não especializado,2005
6023,2.0787281342782404,400.0,Baixa espec. / Baixa produt.,2005
6024,0.0,0.0,Não especializado,2005
6025,0.0,0.0,Não especializado,2005
6026,11.157853587146606,800.0,Alta espec. / Baixa produt.,2005
6027,15.454268474151334,1200.0,Alta espec. / Alta produt.,2005
6028,7.350847852740004,790.6976744186046,Alta espec. / Baixa produt.,2005
6029,2.0092179213493164,729.4117647058823,Baixa espec. / Baixa produt.,2005
6030,0.3681571337187122,796.875,Não especializado,2005
6031,2.2983271064122492,400.0,Baixa espec. / Baixa produt.,2005
6032,0.0,0.0,Não especializado,2005
6033,0.7416821255798577,320.0,Não especializado,2005
6034,1.932894418129911,200.0,Baixa espec. / Baixa produt.,2005
6035,0.5234146402924247,500.0,Não especializado,2005
6036,0.0,0.0,Não especializado,2005
6037,0.0,0.0,Não especializado,2005
6038,0.0,0.0,Não especializado,2005
6039,0.4104155547164731,700.0,Não especializado,2005
6040,0.0,0.0,Não especializado,2005
6041,1.7356127675359285,488.8888888888889,Baixa espec. / Baixa produt.,2005
6042,0.0,0.0,Não especializado,2005
6043,0.30247949544458175,1000.0,Não especializado,2005
6044,0.11300398026989124,1000.0,Não especializado,2005
6045,17.309147993924697,400.0,Alta espec. / Baixa produt.,2005
6046,2.183410751091637,684.2105263157895,Baixa espec. / Baixa produt.,2005
6047,6.552752542714416,397.36842105263156,Alta espec. / Baixa produt.,2005
6048,0.30011637438642097,666.6666666666666,Não especializado,2005
6049,0.34608014343659355,800.0,Não especializado,2005
6050,0.0,0.0,Não especializado,2005
6051,0.23101741533525189,600.0,Não especializado,2005
6052,0.0,0.0,Não especializado,2005
6053,2.8135196442161368,541.4141414141415,Baixa espec. / Baixa produt.,2005
6054,0.959470639916325,1000.0,Não especializado,2005
6055,0.0,0.0,Não especializado,2005
6056,1.1651256560568528,216.60649819494586,Baixa espec. / Baixa produt.,2005
6057,4.767806231387113,120.0,Alta espec. / Baixa produt.,2005
6058,0.0,0.0,Não especializado,2005
6059,0.2602635225031293,800.0,Não especializado,2005
6060,11.204344643759717,246.15384615384616,Alta espec. / Baixa produt.,2005
6061,0.04614639474365616,800.0,Não especializado,2005
6062,0.0,0.0,Não especializado,2005
6063,0.0,0.0,Não especializado,2005
6064,1.3787605782784131,200.0,Baixa espec. / Baixa produt.,2005
6065,1.2112805020280775,800.0,Baixa espec. / Baixa produt.,2005
6066,3.3136693955666447,200.0,Alta espec. / Baixa produt.,2005
6067,2.2944050465036963,66.66666666666667,Baixa espec. / Baixa produt.,2005
6068,1.7312726019917601,878.2608695652174,Baixa espec. / Baixa produt.,2005
6069,3.2953954834587402,500.0,Alta espec. / Baixa produt.,2005
6070,2.482049179181881,396.22641509433964,Baixa espec. / Baixa produt.,2005
6071,0.6659343027494631,300.0,Não especializado,2005
6072,1.0130510527811678,700.0,Baixa espec. / Baixa produt.,2005
6073,0.08250621976258996,400.0,Não especializado,2005
6074,0.0,0.0,Não especializado,2005
6075,1.3378321962698168,600.0,Baixa espec. / Baixa produt.,2005
6076,12.250764075181467,500.0,Alta espec. / Baixa produt.,2005
6077,1.2004654975456839,666.6666666666666,Baixa espec. / Baixa produt.,2005
6078,2.082195590108159,240.96385542168676,Baixa espec. / Baixa produt.,2005
6079,0.20845292360483192,600.0,Não especializado,2005
6080,3.236881752636264,399.2094861660079,Alta espec. / Baixa produt.,2005
6081,0.30282012550701937,450.0,Não especializado,2005
6082,1.396315952099351,606.25,Baixa espec. / Baixa produt.,2005
6083,0.17040828355528084,400.0,Não especializado,2005
6084,6.317938806973715,450.63291139240505,Alta espec. / Baixa produt.,2005
6085,0.34146574152410564,1300.0,Não especializado,2005
6086,4.070195834261854,233.33333333333334,Alta espec. / Baixa produt.,2005
6087,0.0,0.0,Não especializado,2005
6088,2.574231968698384,1200.0,Baixa espec. / Alta produt.,2005
6089,0.0,0.0,Não especializado,2005
6090,0.0363236892408798,666.6666666666666,Não especializado,2005
6091,1.3533179237555772,300.0,Baixa espec. / Baixa produt.,2005
6092,8.787721289223306,350.0,Alta espec. / Baixa produt.,2005
6093,1.567041208917443,400.0,Baixa espec. / Baixa produt.,2005
6094,0.0,0.0,Não especializado,2005
6095,5.533009700622082,500.0,Alta espec. / Baixa produt.,2005
6096,0.0,0.0,Não especializado,2005
6097,0.0,0.0,Não especializado,2005
6098,3.052576868888096,90.9090909090909,Alta espec. / Baixa produt.,2005
6099,0.0,0.0,Não especializado,2005
6100,0.4383832270137482,700.0,Não especializado,2005
6101,0.0,0.0,Não especializado,2005
6102,0.0,0.0,Não especializado,2005
6103,0.04754318802161124,500.0,Não especializado,2005
6104,0.0,0.0,Não especializado,2005
6105,1.5135623763344088,600.0,Baixa espec. / Baixa produt.,2005
6106,0.2527295784306703,600.0,Não especializado,2005
6107,0.7924487370832018,1000.0,Não especializado,2005
6108,0.0,0.0,Não especializado,2005
6109,0.3213483167426305,800.0,Não especializado,2005
6110,1.9234926427055308,400.0,Baixa espec. / Baixa produt.,2005
6111,0.0,0.0,Não especializado,2005
6112,0.8408513803947255,700.0,Não especializado,2005
6113,1.133772969904257,470.5882352941176,Baixa espec. / Baixa produt.,2005
6114,3.274979212790767,260.8695652173913,Alta espec. / Baixa produt.,2005
6115,0.0,0.0,Não especializado,2005
6116,1.6106874600193664,275.0,Baixa espec. / Baixa produt.,2005
6117,0.0,0.0,Não especializado,2005
6118,0.1847377517520151,800.0,Não especializado,2005
6119,0.0894558454591594,800.0,Não especializado,2005
6120,0.0,0.0,Não especializado,2005
6121,8.759096789909876,358.3333333333333,Alta espec. / Baixa produt.,2005
6122,1.219757581746781,342.85714285714283,Baixa espec. / Baixa produt.,2005
6123,0.0,0.0,Não especializado,2005
6124,0.0,0.0,Não especializado,2005
6125,1.2194415004869346,219.04761904761904,Baixa espec. / Baixa produt.,2005
6126,0.5637406110067782,433.3333333333333,Não especializado,2005
6127,0.0,0.0,Não especializado,2005
6128,0.0,0.0,Não especializado,2005
6129,2.9615007868968415,400.0,Alta espec. / Baixa produt.,2005
6130,0.0,0.0,Não especializado,2005
6131,1.0263521811077603,800.0,Baixa espec. / Baixa produt.,2005
6132,5.195213899734026,746.6666666666666,Alta espec. / Baixa produt.,2005
6133,0.12178635482347518,800.0,Não especializado,2005
6134,1.0857298841504484,585.7142857142857,Baixa espec. / Baixa produt.,2005
6135,0.2907073204867386,800.0,Não especializado,2005
6136,0.0037878109005272873,1000.0,Não especializado,2005
6137,0.0,0.0,Não especializado,2005
6138,0.0,0.0,Não especializado,2005
6139,0.0,0.0,Não especializado,2005
6140,0.0,0.0,Não especializado,2005
6141,3.971998101185128,450.0,Alta espec. / Baixa produt.,2005
6142,0.379501995998313,714.2857142857143,Não especializado,2005
6143,5.630323941587797,300.0,Alta espec. / Baixa produt.,2005
6144,14.722617116437888,1005.8823529411765,Alta espec. / Baixa produt.,2005
6145,0.0,0.0,Não especializado,2005
6146,2.5219815183803234,213.37579617834396,Baixa espec. / Baixa produt.,2005
6147,1.5931759161226442,172.89719626168224,Baixa espec. / Baixa produt.,2005
6148,0.0,0.0,Não especializado,2005
6149,2.7495324279164945,400.0,Baixa espec. / Baixa produt.,2005
6150,0.0,0.0,Não especializado,2005
6151,0.5127846518883166,800.0,Não especializado,2005
6152,5.8776889934477206,500.0,Alta espec. / Baixa produt.,2005
6153,0.5105155938449115,134.6153846153846,Não especializado,2005
6154,6.829314830482113,300.0,Alta espec. / Baixa produt.,2005
6155,3.087305068314962,450.0,Alta espec. / Baixa produt.,2005
6156,2.2223493508283734,833.3333333333334,Baixa espec. / Baixa produt.,2005
6157,0.0,0.0,Não especializado,2005
6158,0.0,0.0,Não especializado,2005
6159,2.178244402189009,400.0,Baixa espec. / Baixa produt.,2005
6160,0.4871454192939007,1000.0,Não especializado,2005
6161,0.6991790729335237,800.0,Não especializado,2005
6162,0.0,0.0,Não especializado,2005
6163,4.037601673426924,400.0,Alta espec. / Baixa produt.,2005
6164,1.1176403634673033,200.0,Baixa espec. / Baixa produt.,2005
6165,0.0,0.0,Não especializado,2005
6166,0.9814024505482963,400.0,Não especializado,2005
6167,0.0,0.0,Não especializado,2005
6168,11.919515578467783,300.0,Alta espec. / Baixa produt.,2005
6169,0.16230619795399248,257.14285714285717,Não especializado,2005
6170,0.0,0.0,Não especializado,2005
7001,0.0,0.0,Não especializado,2005
7002,0.05646639608799151,600.0,Não especializado,2005
7003,0.24195093706157386,400.0,Não especializado,2005
7004,0.0,0.0,Não especializado,2005
7005,0.0,0.0,Não especializado,2005
7006,0.7225113424961932,400.0,Não especializado,2005
7007,0.0,0.0,Não especializado,2005
7008,0.0,0.0,Não especializado,2005
7009,0.0,0.0,Não especializado,2005
7010,0.0,0.0,Não especializado,2005
7011,0.0,0.0,Não especializado,2005
7012,0.0,0.0,Não especializado,2005
7013,0.12016671647103942,300.0,Não especializado,2005
7014,0.0,0.0,Não especializado,2005
7015,0.0,0.0,Não especializado,2005
7016,0.0,0.0,Não especializado,2005
7017,0.0,0.0,Não especializado,2005
7018,1.1701665424292131,1200.0,Baixa espec. / Alta produt.,2005
7019,0.0,0.0,Não especializado,2005
7020,0.29667285023194306,600.0,Não especializado,2005
7021,0.0,0.0,Não especializado,2005
7022,0.7918264765907926,600.0,Não especializado,2005
7023,0.5906349311417879,360.0,Não especializado,2005
7024,0.0,0.0,Não especializado,2005
7025,0.0,0.0,Não especializado,2005
7026,0.0,0.0,Não especializado,2005
7027,0.0939567685011297,833.3333333333334,Não especializado,2005
7028,0.0,0.0,Não especializado,2005
7029,0.0,0.0,Não especializado,2005
7030,1.0263521811077603,1000.0,Baixa espec. / Baixa produt.,2005
7031,0.0,0.0,Não especializado,2005
7032,0.0,0.0,Não especializado,2005
7033,0.0,0.0,Não especializado,2005
7034,0.2071043372229153,380.0,Não especializado,2005
7035,0.04393860644611653,333.3333333333333,Não especializado,2005
7036,0.589702349671564,450.0,Não especializado,2005
7037,0.0,0.0,Não especializado,2005
7038,0.0,0.0,Não especializado,2005
7039,0.0,0.0,Não especializado,2005
7040,0.0,0.0,Não especializado,2005
7041,0.3195307184873725,320.0,Não especializado,2005
7042,0.036681436057488026,600.0,Não especializado,2005
7043,1.1998062633350601,784.6153846153846,Baixa espec. / Baixa produt.,2005
7044,0.0,0.0,Não especializado,2005
7045,0.0,0.0,Não especializado,2005
7046,0.0,0.0,Não especializado,2005
7047,0.0,0.0,Não especializado,2005
7048,0.0,0.0,Não especializado,2005
7049,0.0,0.0,Não especializado,2005
7050,0.0,0.0,Não especializado,2005
7051,0.0,0.0,Não especializado,2005
7052,0.0,0.0,Não especializado,2005
7053,0.0,0.0,Não especializado,2005
7054,0.0,0.0,Não especializado,2005
7055,0.0,0.0,Não especializado,2005
7056,0.3222164472715212,1000.0,Não especializado,2005
7057,0.4375272883993381,540.0,Não especializado,2005
7058,0.0,0.0,Não especializado,2005
7059,0.0,0.0,Não especializado,2005
7060,0.0,0.0,Não especializado,2005
7061,0.0,0.0,Não especializado,2005
7062,0.0,0.0,Não especializado,2005
7063,0.03974228835243315,400.0,Não especializado,2005
7064,0.0,0.0,Não especializado,2005
7065,0.0,0.0,Não especializado,2005
7066,0.09043054595447712,300.0,Não especializado,2005
7067,0.0,0.0,Não especializado,2005
7068,0.0,0.0,Não especializado,2005
7069,0.0,0.0,Não especializado,2005
7070,0.0,0.0,Não especializado,2005
7071,0.9200228255447968,333.3333333333333,Não especializado,2005
7072,0.40522042111246714,1000.0,Não especializado,2005
7073,0.0,0.0,Não especializado,2005
7074,0.05281331437077406,600.0,Não especializado,2005
7075,1.3418376818873912,1000.0,Baixa espec. / Baixa produt.,2005
7076,0.2375059807898191,600.0,Não especializado,2005
7077,0.0,0.0,Não especializado,2005
7078,0.0,0.0,Não especializado,2005
7079,0.0,0.0,Não especializado,2005
7080,0.44817378575038863,1000.0,Não especializado,2005
7081,0.0,0.0,Não especializado,2005
7082,0.0,0.0,Não especializado,2005
7083,0.09035761809483642,600.0,Não especializado,2005
7084,0.0,0.0,Não especializado,2005
7085,0.0,0.0,Não especializado,2005
7086,0.0,0.0,Não especializado,2005
7087,0.0,0.0,Não especializado,2005
7088,0.0,0.0,Não especializado,2005
7089,0.0,0.0,Não especializado,2005
7090,0.0,0.0,Não especializado,2005
7091,0.03689225206356563,272.72727272727275,Não especializado,2005
7092,0.0,0.0,Não especializado,2005
7093,0.0,0.0,Não especializado,2005
7094,0.06471156147385974,285.7142857142857,Não especializado,2005
7095,0.0,0.0,Não especializado,2005
7096,0.18586782198046187,400.0,Não especializado,2005
7097,0.0,0.0,Não especializado,2005
7098,0.07498724803408623,1000.0,Não especializado,2005
7099,0.0,0.0,Não especializado,2005
7100,0.0,0.0,Não especializado,2005
7101,1.1028576702562625,900.0,Baixa espec. / Baixa produt.,2005
7102,0.0,0.0,Não especializado,2005
7103,0.0,0.0,Não especializado,2005
7104,0.0,0.0,Não especializado,2005
7105,0.0,0.0,Não especializado,2005
7106,0.0,0.0,Não especializado,2005
7107,0.7779645416704191,451.06382978723406,Não especializado,2005
7108,0.0,0.0,Não especializado,2005
7109,0.23505618133761644,333.3333333333333,Não especializado,2005
7110,0.0,0.0,Não especializado,2005
7111,0.3961231975874038,300.0,Não especializado,2005
7112,0.4458331616517171,800.0,Não especializado,2005
7113,0.0,0.0,Não especializado,2005
7114,0.0,0.0,Não especializado,2005
7115,0.47526382370136655,1000.0,Não especializado,2005
7116,0.0,0.0,Não especializado,2005
7117,0.0,0.0,Não especializado,2005
7118,0.0,0.0,Não especializado,2005
7119,0.0,0.0,Não especializado,2005
7120,0.0,0.0,Não especializado,2005
7121,0.0,0.0,Não especializado,2005
7122,0.31650691084066995,800.0,Não especializado,2005
7123,0.0,0.0,Não especializado,2005
7124,0.0,0.0,Não especializado,2005
7125,0.0,0.0,Não especializado,2005
7126,0.0,0.0,Não especializado,2005
7127,0.0,0.0,Não especializado,2005
7128,0.18017823933331478,304.3478260869565,Não especializado,2005
7129,0.0,0.0,Não especializado,2005
7130,0.0,0.0,Não especializado,2005
7131,0.0,0.0,Não especializado,2005
7132,0.0,0.0,Não especializado,2005
7133,0.05691818462666861,600.0,Não especializado,2005
7134,0.0,0.0,Não especializado,2005
7135,0.0,0.0,Não especializado,2005
7136,0.0,0.0,Não especializado,2005
7137,0.021502020746060547,333.3333333333333,Não especializado,2005
7138,0.0,0.0,Não especializado,2005
7139,0.0,0.0,Não especializado,2005
7140,0.04032515617692898,400.0,Não especializado,2005
7141,0.03472331182694574,600.0,Não especializado,2005
7142,0.0,0.0,Não especializado,2005
7143,1.584679541812913,480.0,Baixa espec. / Baixa produt.,2005
7144,0.0,0.0,Não especializado,2005
7145,0.46203483067050377,1000.0,Não especializado,2005
7146,0.0,0.0,Não especializado,2005
7147,0.0,0.0,Não especializado,2005
7148,0.07109355738426215,600.0,Não especializado,2005
7149,0.05113220601829876,600.0,Não especializado,2005
7150,0.0,0.0,Não especializado,2005
7151,0.0,0.0,Não especializado,2005
7152,0.0,0.0,Não especializado,2005
7153,0.0,0.0,Não especializado,2005
7154,0.0,0.0,Não especializado,2005
7155,0.0,0.0,Não especializado,2005
7156,0.0,0.0,Não especializado,2005
7157,0.0,0.0,Não especializado,2005
7158,0.14551096939947683,400.0,Não especializado,2005
7159,0.0,0.0,Não especializado,2005
7160,0.08924209194551744,600.0,Não especializado,2005
7161,0.34408735950125807,1000.0,Não especializado,2005
7162,0.06575319626619551,1000.0,Não especializado,2005
7163,0.0,0.0,Não especializado,2005
7164,0.0,0.0,Não especializado,2005
7165,0.0,0.0,Não especializado,2005
8001,1.853961437903345,480.0,Baixa espec. / Baixa produt.,2005
8002,0.0,0.0,Não especializado,2005
8003,5.009309193978839,300.0,Alta espec. / Baixa produt.,2005
8004,0.0,0.0,Não especializado,2005
8005,0.0,0.0,Não especializado,2005
8006,0.0,0.0,Não especializado,2005
8007,2.51312403224517,300.0,Baixa espec. / Baixa produt.,2005
8008,0.0,0.0,Não especializado,2005
8009,0.0,0.0,Não especializado,2005
8010,0.0,0.0,Não especializado,2005
8011,0.0,0.0,Não especializado,2005
8012,0.1940146258659691,62.5,Não especializado,2005
8013,0.0,0.0,Não especializado,2005
8014,0.0,0.0,Não especializado,2005
8015,0.0,0.0,Não especializado,2005
8016,0.8268889035985031,400.0,Não especializado,2005
8017,0.0,0.0,Não especializado,2005
8018,0.0,0.0,Não especializado,2005
8019,0.873065816396861,300.0,Não especializado,2005
8020,0.0,0.0,Não especializado,2005
8021,2.8560094189975747,300.0,Baixa espec. / Baixa produt.,2005
8022,0.0,0.0,Não especializado,2005
8023,0.0,0.0,Não especializado,2005
8024,0.0,0.0,Não especializado,2005
8025,0.0,0.0,Não especializado,2005
8026,2.577420577197546,119.23076923076923,Baixa espec. / Baixa produt.,2005
8027,0.49499681809950474,118.51851851851852,Não especializado,2005
8028,0.8612101955234216,300.0,Não especializado,2005
8029,0.0,0.0,Não especializado,2005
8030,0.0,0.0,Não especializado,2005
8031,5.089991888136158,300.0,Alta espec. / Baixa produt.,2005
8032,0.0,0.0,Não especializado,2005
8033,5.834583220149132,300.0,Alta espec. / Baixa produt.,2005
8034,0.0,0.0,Não especializado,2005
8035,0.0,0.0,Não especializado,2005
8036,19.28458630595476,50.0,Alta espec. / Baixa produt.,2005
8037,0.0,0.0,Não especializado,2005
8038,0.0,0.0,Não especializado,2005
8039,2.801086160939929,300.0,Baixa espec. / Baixa produt.,2005
8040,0.0,0.0,Não especializado,2005
8041,0.0,0.0,Não especializado,2005
8042,2.037153571592676,300.0,Baixa espec. / Baixa produt.,2005
8043,0.0,0.0,Não especializado,2005
8044,0.0,0.0,Não especializado,2005
8045,0.7292768703038869,125.0,Não especializado,2005
8046,0.0,0.0,Não especializado,2005
8047,6.894981319236749,300.0,Alta espec. / Baixa produt.,2005
8048,0.0,0.0,Não especializado,2005
8049,0.0,0.0,Não especializado,2005
8050,0.0,0.0,Não especializado,2005
8051,2.0665073694542415,480.0,Baixa espec. / Baixa produt.,2005
8052,0.0,0.0,Não especializado,2005
8053,0.0,0.0,Não especializado,2005
8054,0.0,0.0,Não especializado,2005
8055,2.9878252383359243,300.0,Alta espec. / Baixa produt.,2005
8056,0.0,0.0,Não especializado,2005
8057,0.0,0.0,Não especializado,2005
8058,5.272632773533984,300.0,Alta espec. / Baixa produt.,2005
8059,0.0,0.0,Não especializado,2005
8060,0.0,0.0,Não especializado,2005
8061,1.4136322681379079,296.2962962962963,Baixa espec. / Baixa produt.,2005
8062,31.96533618954978,300.2061855670103,Alta espec. / Baixa produt.,2005
8063,6.894981319236749,300.0,Alta espec. / Baixa produt.,2005
8064,2.265410879951417,270.0,Baixa espec. / Baixa produt.,2005
8065,0.0,0.0,Não especializado,2005
8066,0.0,0.0,Não especializado,2005
8067,0.0,0.0,Não especializado,2005
8068,0.0,0.0,Não especializado,2005
8069,0.0,0.0,Não especializado,2005
8070,0.0,0.0,Não especializado,2005
8071,0.0,0.0,Não especializado,2005
8072,8.34231623757774,298.7012987012987,Alta espec. / Baixa produt.,2005
8073,0.0,0.0,Não especializado,2005
8074,0.0,0.0,Não especializado,2005
8075,0.0,0.0,Não especializado,2005
8076,0.0,0.0,Não especializado,2005
8077,0.0,0.0,Não especializado,2005
8078,0.0,0.0,Não especializado,2005
8079,0.0,0.0,Não especializado,2005
8080,1.9551205418641115,546.1538461538462,Baixa espec. / Baixa produt.,2005
8081,0.0,0.0,Não especializado,2005
8082,0.0,0.0,Não especializado,2005
8083,0.0,0.0,Não especializado,2005
8084,8.516366475066768,300.0,Alta espec. / Baixa produt.,2005
8085,0.0,0.0,Não especializado,2005
8086,0.0,0.0,Não especializado,2005
8087,0.0,0.0,Não especializado,2005
8088,0.0,0.0,Não especializado,2005
8089,0.0,0.0,Não especializado,2005
8090,1.0324206075797941,900.0,Baixa espec. / Baixa produt.,2005
8091,2.5609930614307923,300.0,Baixa espec. / Baixa produt.,2005
8092,0.0,0.0,Não especializado,2005
8093,0.0,0.0,Não especializado,2005
9001,0.0,0.0,Não especializado,2005
9002,0.0,0.0,Não especializado,2005
9003,0.0,0.0,Não especializado,2005
9004,0.0,0.0,Não especializado,2005
9005,0.0,0.0,Não especializado,2005
9006,0.0,0.0,Não especializado,2005
9007,0.0,0.0,Não especializado,2005
9008,0.0,0.0,Não especializado,2005
9009,0.0,0.0,Não especializado,2005
9010,0.0,0.0,Não especializado,2005
9011,0.0,0.0,Não especializado,2005
9012,0.0,0.0,Não especializado,2005
9013,0.0,0.0,Não especializado,2005
9014,0.0,0.0,Não especializado,2005
9015,0.0,0.0,Não especializado,2005
9016,0.0,0.0,Não especializado,2005
9017,0.0,0.0,Não especializado,2005
9018,0.0,0.0,Não especializado,2005
9019,0.0,0.0,Não especializado,2005
9020,0.0,0.0,Não especializado,2005
9021,0.0,0.0,Não especializado,2005
9022,0.0,0.0,Não especializado,2005
9023,0.0,0.0,Não especializado,2005
9024,0.0,0.0,Não especializado,2005
9025,0.0,0.0,Não especializado,2005
9026,0.0,0.0,Não especializado,2005
9027,0.0,0.0,Não especializado,2005
9028,0.0,0.0,Não especializado,2005
9029,0.0,0.0,Não especializado,2005
9030,0.0,0.0,Não especializado,2005
9031,0.0,0.0,Não especializado,2005
9032,0.0,0.0,Não especializado,2005
9033,0.0,0.0,Não especializado,2005
9034,0.0,0.0,Não especializado,2005
9035,0.0,0.0,Não especializado,2005
9036,0.0,0.0,Não especializado,2005
9037,0.0,0.0,Não especializado,2005
9038,0.0,0.0,Não especializado,2005
9039,0.0,0.0,Não especializado,2005
9040,0.0,0.0,Não especializado,2005
9041,0.0,0.0,Não especializado,2005
9042,0.0,0.0,Não especializado,2005
9043,0.0,0.0,Não especializado,2005
9044,0.0,0.0,Não especializado,2005
9045,0.0,0.0,Não especializado,2005
9046,0.0,0.0,Não especializado,2005
9047,0.0,0.0,Não especializado,2005
9048,0.0,0.0,Não especializado,2005
9049,0.0,0.0,Não especializado,2005
9050,0.0,0.0,Não especializado,2005
9051,0.0,0.0,Não especializado,2005
9052,0.0,0.0,Não especializado,2005
9053,0.0,0.0,Não especializado,2005
9054,0.0,0.0,Não especializado,2005
9055,0.0,0.0,Não especializado,2005
9056,0.0,0.0,Não especializado,2005
9057,0.0,0.0,Não especializado,2005
9058,0.0,0.0,Não especializado,2005
9059,0.0,0.0,Não especializado,2005
9060,0.0,0.0,Não especializado,2005
9061,0.0,0.0,Não especializado,2005
9062,0.0,0.0,Não especializado,2005
9063,0.0,0.0,Não especializado,2005
9064,0.0,0.0,Não especializado,2005
9065,0.0,0.0,Não especializado,2005
9066,0.0,0.0,Não especializado,2005
9067,0.0,0.0,Não especializado,2005
9068,0.0,0.0,Não especializado,2005
9069,0.0,0.0,Não especializado,2005
9070,0.0,0.0,Não especializado,2005
9071,0.0,0.0,Não especializado,2005
9072,0.0,0.0,Não especializado,2005
9073,0.0,0.0,Não especializado,2005
9074,0.0,0.0,Não especializado,2005
10001,0.0,0.0,Não especializado,2024
10002,0.0,0.0,Não especializado,2024
10003,0.0,0.0,Não especializado,2024
10004,0.0,0.0,Não especializado,2024
10005,0.0,0.0,Não especializado,2024
10006,0.0,0.0,Não especializado,2024
10007,0.0,0.0,Não especializado,2024
10008,0.0,0.0,Não especializado,2024
10009,0.0,0.0,Não especializado,2024
1001,0.424403958237705,4124.0113567227745,Não especializado,2024
10010,0.0,0.0,Não especializado,2024
10011,0.0,0.0,Não especializado,2024
10012,0.0,0.0,Não especializado,2024
10013,0.0,0.0,Não especializado,2024
10014,0.0,0.0,Não especializado,2024
10015,0.0,0.0,Não especializado,2024
10016,0.0,0.0,Não especializado,2024
10017,0.0,0.0,Não especializado,2024
10018,0.0,0.0,Não especializado,2024
10019,0.0,0.0,Não especializado,2024
1002,0.0,0.0,Não especializado,2024
10020,0.0,0.0,Não especializado,2024
10021,0.0,0.0,Não especializado,2024
10022,0.0,0.0,Não especializado,2024
10023,0.0,0.0,Não especializado,2024
10024,0.5687909229031597,566.6666666666666,Não especializado,2024
10025,0.0,0.0,Não especializado,2024
10026,0.0,0.0,Não especializado,2024
10027,0.0,0.0,Não especializado,2024
10028,0.0,0.0,Não especializado,2024
10029,0.0,0.0,Não especializado,2024
1003,0.0,0.0,Não especializado,2024
10030,6.456050593203584,4486.022695820648,Alta espec. / Alta produt.,2024
10031,0.0,0.0,Não especializado,2024
10032,0.0,0.0,Não especializado,2024
10033,0.0,0.0,Não especializado,2024
10034,0.0,0.0,Não especializado,2024
10035,0.0,0.0,Não especializado,2024
10036,0.0,0.0,Não especializado,2024
10037,0.0,0.0,Não especializado,2024
10038,3.533873609855779,4593.9878754729025,Alta espec. / Alta produt.,2024
10039,0.0,0.0,Não especializado,2024
1004,0.0,0.0,Não especializado,2024
10040,0.0,0.0,Não especializado,2024
10041,0.0,0.0,Não especializado,2024
10042,0.0,0.0,Não especializado,2024
10043,0.0,0.0,Não especializado,2024
10044,0.0,0.0,Não especializado,2024
10045,0.0,0.0,Não especializado,2024
10046,0.0,0.0,Não especializado,2024
10047,5.697477929969645,2290.21113243762,Alta espec. / Baixa produt.,2024
10048,0.0,0.0,Não especializado,2024
10049,0.0,0.0,Não especializado,2024
1005,0.0,0.0,Não especializado,2024
10050,0.0,0.0,Não especializado,2024
10051,0.0,0.0,Não especializado,2024
10052,0.0,0.0,Não especializado,2024
10053,0.0,0.0,Não especializado,2024
10054,0.0,0.0,Não especializado,2024
10055,0.0,0.0,Não especializado,2024
10056,0.32618834288353243,200.0,Não especializado,2024
10057,0.0,0.0,Não especializado,2024
10058,0.0,0.0,Não especializado,2024
10059,0.0,0.0,Não especializado,2024
1006,0.0,0.0,Não especializado,2024
10060,0.0,0.0,Não especializado,2024
10061,0.6430476113575425,1095.2380952380952,Não especializado,2024
10062,0.0,0.0,Não especializado,2024
10063,0.6703487600508659,200.0,Não especializado,2024
10064,0.0,0.0,Não especializado,2024
10065,0.0,0.0,Não especializado,2024
10066,0.0,0.0,Não especializado,2024
10067,0.0,0.0,Não especializado,2024
10068,0.0,0.0,Não especializado,2024
10069,0.0,0.0,Não especializado,2024
1007,0.0,0.0,Não especializado,2024
10070,0.0,0.0,Não especializado,2024
10071,0.0,0.0,Não especializado,2024
10072,0.0,0.0,Não especializado,2024
10073,0.0,0.0,Não especializado,2024
10074,0.0,0.0,Não especializado,2024
10075,0.0,0.0,Não especializado,2024
10076,6.3977746778364875,1119.8501872659176,Alta espec. / Baixa produt.,2024
10077,0.0,0.0,Não especializado,2024
10078,0.0,0.0,Não especializado,2024
10079,0.0,0.0,Não especializado,2024
1008,0.0,0.0,Não especializado,2024
10080,0.0,0.0,Não especializado,2024
10081,0.0,0.0,Não especializado,2024
10082,0.0,0.0,Não especializado,2024
10083,0.0,0.0,Não especializado,2024
10084,0.0,0.0,Não especializado,2024
10085,1.208556007571735,1481.132075471698,Baixa espec. / Baixa produt.,2024
10086,0.0,0.0,Não especializado,2024
10087,0.0,0.0,Não especializado,2024
10088,0.0,0.0,Não especializado,2024
10089,0.0,0.0,Não especializado,2024
1009,0.0,0.0,Não especializado,2024
10090,0.0,0.0,Não especializado,2024
10091,0.0,0.0,Não especializado,2024
10092,0.0,0.0,Não especializado,2024
10093,0.0,0.0,Não especializado,2024
10094,0.0,0.0,Não especializado,2024
10095,7.300377386857269,4491.914449660929,Alta espec. / Alta produt.,2024
10096,0.0,0.0,Não especializado,2024
10097,0.0,0.0,Não especializado,2024
10098,0.0,0.0,Não especializado,2024
10099,0.0,0.0,Não especializado,2024
1010,0.0,0.0,Não especializado,2024
10100,0.0,0.0,Não especializado,2024
10101,0.0,0.0,Não especializado,2024
10102,0.0,0.0,Não especializado,2024
10103,0.0,0.0,Não especializado,2024
10104,0.0,0.0,Não especializado,2024
10105,0.0,0.0,Não especializado,2024
10106,0.0,0.0,Não especializado,2024
10107,6.738076570077908,4373.848111746577,Alta espec. / Alta produt.,2024
10108,8.799069210704955,4044.287548138639,Alta espec. / Alta produt.,2024
10109,0.0,0.0,Não especializado,2024
1011,0.0,0.0,Não especializado,2024
10110,0.0,0.0,Não especializado,2024
10111,0.0,0.0,Não especializado,2024
10112,0.0,0.0,Não especializado,2024
10113,0.0,0.0,Não especializado,2024
10114,0.0,0.0,Não especializado,2024
10115,0.0,0.0,Não especializado,2024
10116,0.0,0.0,Não especializado,2024
10117,0.0,0.0,Não especializado,2024
10118,0.0,0.0,Não especializado,2024
10119,0.0,0.0,Não especializado,2024
1012,0.0,0.0,Não especializado,2024
10120,0.0,0.0,Não especializado,2024
10121,0.0,0.0,Não especializado,2024
10122,0.0,0.0,Não especializado,2024
10123,0.0,0.0,Não especializado,2024
10124,0.0,0.0,Não especializado,2024
10125,0.0,0.0,Não especializado,2024
10126,3.920480442203959,4271.999694382366,Alta espec. / Alta produt.,2024
10127,0.0,0.0,Não especializado,2024
10128,0.0,0.0,Não especializado,2024
10129,0.0,0.0,Não especializado,2024
1013,0.0,0.0,Não especializado,2024
10130,0.0,0.0,Não especializado,2024
10131,0.0,0.0,Não especializado,2024
10132,2.8605084830519787,773.1481481481482,Alta espec. / Baixa produt.,2024
10133,0.0,0.0,Não especializado,2024
10134,0.0,0.0,Não especializado,2024
10135,0.0,0.0,Não especializado,2024
10136,0.0,0.0,Não especializado,2024
10137,0.0,0.0,Não especializado,2024
10138,0.0,0.0,Não especializado,2024
10139,0.0,0.0,Não especializado,2024
1014,0.0,0.0,Não especializado,2024
10140,0.0,0.0,Não especializado,2024
10141,0.0,0.0,Não especializado,2024
10142,0.0,0.0,Não especializado,2024
10143,0.0,0.0,Não especializado,2024
10144,0.0,0.0,Não especializado,2024
10145,0.0,0.0,Não especializado,2024
10146,0.0,0.0,Não especializado,2024
10147,0.0,0.0,Não especializado,2024
10148,0.0,0.0,Não especializado,2024
10149,0.0,0.0,Não especializado,2024
1015,0.0,0.0,Não especializado,2024
10150,1.0953646659719825,958.3333333333334,Baixa espec. / Baixa produt.,2024
10151,0.0,0.0,Não especializado,2024
10152,0.0,0.0,Não especializado,2024
10153,0.0,0.0,Não especializado,2024
10154,0.0,0.0,Não especializado,2024
10155,0.0,0.0,Não especializado,2024
10156,0.0,0.0,Não especializado,2024
10157,0.0,0.0,Não especializado,2024
10158,0.0,0.0,Não especializado,2024
10159,0.0,0.0,Não especializado,2024
1016,0.0,0.0,Não especializado,2024
10160,0.0,0.0,Não especializado,2024
10161,0.0,0.0,Não especializado,2024
10162,0.0,0.0,Não especializado,2024
10163,0.0,0.0,Não especializado,2024
10164,0.0,0.0,Não especializado,2024
10165,0.0,0.0,Não especializado,2024
10166,0.0,0.0,Não especializado,2024
10167,0.0,0.0,Não especializado,2024
10168,0.0,0.0,Não especializado,2024
10169,0.0,0.0,Não especializado,2024
1017,0.0,0.0,Não especializado,2024
10170,0.0944051324320597,1000.0,Não especializado,2024
10171,0.0,0.0,Não especializado,2024
10172,0.0,0.0,Não especializado,2024
10173,0.0,0.0,Não especializado,2024
10174,0.0,0.0,Não especializado,2024
10175,0.0,0.0,Não especializado,2024
10176,0.0,0.0,Não especializado,2024
10177,0.0,0.0,Não especializado,2024
10178,0.0,0.0,Não especializado,2024
10179,0.0,0.0,Não especializado,2024
1018,0.0,0.0,Não especializado,2024
10180,0.0,0.0,Não especializado,2024
10181,0.0,0.0,Não especializado,2024
10182,0.0,0.0,Não especializado,2024
10183,0.0,0.0,Não especializado,2024
10184,0.0,0.0,Não especializado,2024
10185,0.0,0.0,Não especializado,2024
10186,0.0,0.0,Não especializado,2024
10187,0.0,0.0,Não especializado,2024
10188,0.0,0.0,Não especializado,2024
10189,0.0,0.0,Não especializado,2024
1019,0.0,0.0,Não especializado,2024
10190,0.3791939486021064,200.0,Não especializado,2024
10191,0.0,0.0,Não especializado,2024
10192,20.93488255679705,2339.0603085554,Alta espec. / Baixa produt.,2024
10193,0.0,0.0,Não especializado,2024
10194,0.0,0.0,Não especializado,2024
10195,0.0,0.0,Não especializado,2024
10196,0.0,0.0,Não especializado,2024
10197,0.0,0.0,Não especializado,2024
10198,0.0,0.0,Não especializado,2024
10199,0.0,0.0,Não especializado,2024
1020,0.0,0.0,Não especializado,2024
10200,0.0,0.0,Não especializado,2024
10201,0.0,0.0,Não especializado,2024
10202,0.0,0.0,Não especializado,2024
10203,0.0,0.0,Não especializado,2024
10204,0.0,0.0,Não especializado,2024
10205,0.0,0.0,Não especializado,2024
10206,0.0,0.0,Não especializado,2024
10207,0.0,0.0,Não especializado,2024
10208,0.0,0.0,Não especializado,2024
10209,0.0,0.0,Não especializado,2024
1021,0.0,0.0,Não especializado,2024
10210,0.0,0.0,Não especializado,2024
10211,0.0,0.0,Não especializado,2024
10212,0.0,0.0,Não especializado,2024
10213,1.1837912407295335,807.0175438596491,Baixa espec. / Baixa produt.,2024
10214,0.0,0.0,Não especializado,2024
10215,0.0,0.0,Não especializado,2024
10216,0.0,0.0,Não especializado,2024
10217,0.0,0.0,Não especializado,2024
10218,0.0,0.0,Não especializado,2024
10219,0.0,0.0,Não especializado,2024
1022,0.0,0.0,Não especializado,2024
10220,0.0,0.0,Não especializado,2024
10221,0.0,0.0,Não especializado,2024
10222,0.6250449702232523,280.0,Não especializado,2024
10223,0.0,0.0,Não especializado,2024
10224,0.0,0.0,Não especializado,2024
10225,0.0,0.0,Não especializado,2024
10226,0.0,0.0,Não especializado,2024
10227,0.0,0.0,Não especializado,2024
10228,0.0,0.0,Não especializado,2024
10229,0.0,0.0,Não especializado,2024
1023,0.0,0.0,Não especializado,2024
10230,0.0,0.0,Não especializado,2024
10231,0.0,0.0,Não especializado,2024
10232,0.0,0.0,Não especializado,2024
10233,0.0,0.0,Não especializado,2024
10234,0.0,0.0,Não especializado,2024
10235,0.0,0.0,Não especializado,2024
10236,0.0,0.0,Não especializado,2024
10237,0.0,0.0,Não especializado,2024
10238,0.0,0.0,Não especializado,2024
10239,0.0,0.0,Não especializado,2024
1024,0.0,0.0,Não especializado,2024
10240,0.0,0.0,Não especializado,2024
10241,0.0,0.0,Não especializado,2024
10242,0.0,0.0,Não especializado,2024
10243,0.0,0.0,Não especializado,2024
10244,0.0,0.0,Não especializado,2024
10245,0.0,0.0,Não especializado,2024
10246,0.0,0.0,Não especializado,2024
10247,0.0,0.0,Não especializado,2024
10248,0.0,0.0,Não especializado,2024
10249,0.0,0.0,Não especializado,2024
1025,0.0,0.0,Não especializado,2024
10250,0.0,0.0,Não especializado,2024
10251,0.0,0.0,Não especializado,2024
10252,0.0,0.0,Não especializado,2024
10253,15.914655115573256,2072.924187725632,Alta espec. / Baixa produt.,2024
10254,0.0,0.0,Não especializado,2024
10255,0.0,0.0,Não especializado,2024
10256,0.0,0.0,Não especializado,2024
10257,0.0,0.0,Não especializado,2024
10258,0.0,0.0,Não especializado,2024
10259,0.0,0.0,Não especializado,2024
1026,0.0,0.0,Não especializado,2024
10260,0.0,0.0,Não especializado,2024
10261,0.0,0.0,Não especializado,2024
10262,0.0,0.0,Não especializado,2024
10263,1.2011016443031188,1634.6153846153845,Baixa espec. / Baixa produt.,2024
10264,0.0,0.0,Não especializado,2024
10265,0.0,0.0,Não especializado,2024
10266,0.0,0.0,Não especializado,2024
10267,0.0,0.0,Não especializado,2024
10268,0.0,0.0,Não especializado,2024
10269,0.0,0.0,Não especializado,2024
1027,0.0,0.0,Não especializado,2024
10270,0.0,0.0,Não especializado,2024
10271,0.0,0.0,Não especializado,2024
10272,0.0,0.0,Não especializado,2024
10273,0.0,0.0,Não especializado,2024
10274,0.0,0.0,Não especializado,2024
10275,0.0,0.0,Não especializado,2024
10276,8.206680729298558,3913.002753257075,Alta espec. / Alta produt.,2024
10277,0.0,0.0,Não especializado,2024
10278,0.9856304801209986,200.0,Não especializado,2024
10279,0.0,0.0,Não especializado,2024
1028,0.0,0.0,Não especializado,2024
10280,0.0,0.0,Não especializado,2024
10281,0.0,0.0,Não especializado,2024
10282,0.0,0.0,Não especializado,2024
10283,0.0,0.0,Não especializado,2024
10284,0.0,0.0,Não especializado,2024
10285,0.0,0.0,Não especializado,2024
10286,0.0,0.0,Não especializado,2024
10287,0.0,0.0,Não especializado,2024
10288,0.0,0.0,Não especializado,2024
10289,0.0,0.0,Não especializado,2024
1029,0.0,0.0,Não especializado,2024
10290,13.197227593202525,4492.130750605327,Alta espec. / Alta produt.,2024
10291,0.0,0.0,Não especializado,2024
10292,0.0,0.0,Não especializado,2024
10293,0.0,0.0,Não especializado,2024
10294,0.0,0.0,Não especializado,2024
10295,7.778875302631005,4705.00589920782,Alta espec. / Alta produt.,2024
10296,0.0,0.0,Não especializado,2024
10297,0.0,0.0,Não especializado,2024
10298,0.0,0.0,Não especializado,2024
10299,0.0,0.0,Não especializado,2024
1030,0.0,0.0,Não especializado,2024
10300,0.0,0.0,Não especializado,2024
10301,0.0,0.0,Não especializado,2024
10302,0.0,0.0,Não especializado,2024
10303,0.0,0.0,Não especializado,2024
10304,0.0,0.0,Não especializado,2024
10305,0.0,0.0,Não especializado,2024
10306,0.0,0.0,Não especializado,2024
10307,2.7184576355996226,1545.4545454545455,Alta espec. / Baixa produt.,2024
10308,0.0,0.0,Não especializado,2024
10309,0.0,0.0,Não especializado,2024
1031,0.0,0.0,Não especializado,2024
10310,0.0,0.0,Não especializado,2024
10311,0.0,0.0,Não especializado,2024
10312,0.0,0.0,Não especializado,2024
10313,0.0,0.0,Não especializado,2024
10314,0.0,0.0,Não especializado,2024
10315,0.4782267349685,150.0,Não especializado,2024
10316,0.0,0.0,Não especializado,2024
10317,0.0,0.0,Não especializado,2024
10318,0.0,0.0,Não especializado,2024
10319,0.0,0.0,Não especializado,2024
1032,0.0,0.0,Não especializado,2024
10320,0.0,0.0,Não especializado,2024
10321,0.0,0.0,Não especializado,2024
10322,0.0,0.0,Não especializado,2024
10323,0.0,0.0,Não especializado,2024
10324,0.0,0.0,Não especializado,2024
10325,0.0,0.0,Não especializado,2024
10326,0.0,0.0,Não especializado,2024
10327,0.0,0.0,Não especializado,2024
10328,0.0,0.0,Não especializado,2024
10329,1.248998158839128,1340.909090909091,Baixa espec. / Baixa produt.,2024
1033,0.0,0.0,Não especializado,2024
10330,0.0,0.0,Não especializado,2024
10331,0.0,0.0,Não especializado,2024
10332,0.0,0.0,Não especializado,2024
10333,0.0,0.0,Não especializado,2024
10334,0.0,0.0,Não especializado,2024
10335,0.0,0.0,Não especializado,2024
10336,0.0,0.0,Não especializado,2024
1034,0.0,0.0,Não especializado,2024
1035,0.0,0.0,Não especializado,2024
1036,0.0,0.0,Não especializado,2024
1037,0.0,0.0,Não especializado,2024
1038,0.0,0.0,Não especializado,2024
1039,0.0,0.0,Não especializado,2024
1040,0.0,0.0,Não especializado,2024
1041,0.0,0.0,Não especializado,2024
1042,0.0,0.0,Não especializado,2024
1043,0.0,0.0,Não especializado,2024
1044,0.0,0.0,Não especializado,2024
1045,0.0,0.0,Não especializado,2024
1046,0.0,0.0,Não especializado,2024
1047,0.0,0.0,Não especializado,2024
1048,0.6959320621595056,4479.929422143802,Não especializado,2024
1049,0.0,0.0,Não especializado,2024
1050,0.0,0.0,Não especializado,2024
1051,0.0,0.0,Não especializado,2024
1052,0.0,0.0,Não especializado,2024
1053,0.0,0.0,Não especializado,2024
1054,0.0,0.0,Não especializado,2024
1055,0.0,0.0,Não especializado,2024
1056,0.005993939651759415,3101.5625,Não especializado,2024
1057,0.0,0.0,Não especializado,2024
1058,0.0,0.0,Não especializado,2024
1059,0.0,0.0,Não especializado,2024
1060,0.0,0.0,Não especializado,2024
1061,0.0,0.0,Não especializado,2024
1062,0.0,0.0,Não especializado,2024
1063,0.0,0.0,Não especializado,2024
1064,0.0,0.0,Não especializado,2024
1065,1.7471275032695432,4799.988395033074,Baixa espec. / Alta produt.,2024
1066,0.5115437444081562,4112.4352331606215,Não especializado,2024
1067,0.0,0.0,Não especializado,2024
1068,2.010634395950398,4667.771818625061,Baixa espec. / Alta produt.,2024
1069,0.0,0.0,Não especializado,2024
1070,0.0,0.0,Não especializado,2024
1071,0.0,0.0,Não especializado,2024
1072,0.0,0.0,Não especializado,2024
1073,0.0,0.0,Não especializado,2024
1074,0.0,0.0,Não especializado,2024
1075,0.0,0.0,Não especializado,2024
1076,0.0,0.0,Não especializado,2024
1077,0.0,0.0,Não especializado,2024
1078,0.0,0.0,Não especializado,2024
1079,0.0,0.0,Não especializado,2024
1080,0.0,0.0,Não especializado,2024
1081,0.0,0.0,Não especializado,2024
1082,0.0,0.0,Não especializado,2024
1083,0.036402742990033675,3000.0,Não especializado,2024
1084,0.0,0.0,Não especializado,2024
1085,0.0,0.0,Não especializado,2024
1086,0.0,0.0,Não especializado,2024
1087,0.0,0.0,Não especializado,2024
1088,0.0,0.0,Não especializado,2024
1089,0.0,0.0,Não especializado,2024
1090,0.0,0.0,Não especializado,2024
1091,0.0,0.0,Não especializado,2024
1092,0.0,0.0,Não especializado,2024
1093,0.0,0.0,Não especializado,2024
1094,0.0,0.0,Não especializado,2024
1095,0.0,0.0,Não especializado,2024
1096,0.0,0.0,Não especializado,2024
1097,1.663492231855425,4010.90662139219,Baixa espec. / Alta produt.,2024
1098,3.360961276713643,4318.641125846025,Alta espec. / Alta produt.,2024
1099,1.1372181542119282,4115.130921447132,Baixa espec. / Alta produt.,2024
1100,0.6153560106578335,4500.191938579655,Não especializado,2024
11001,0.0,0.0,Não especializado,2024
11002,0.0,0.0,Não especializado,2024
11003,0.0,0.0,Não especializado,2024
11004,0.0,0.0,Não especializado,2024
11005,0.0,0.0,Não especializado,2024
11006,0.0,0.0,Não especializado,2024
11007,0.1421592292678632,3900.0,Não especializado,2024
11008,0.0,0.0,Não especializado,2024
11009,0.0,0.0,Não especializado,2024
1101,0.0,0.0,Não especializado,2024
11010,0.0,0.0,Não especializado,2024
11011,0.0,0.0,Não especializado,2024
11012,0.0,0.0,Não especializado,2024
11013,0.0,0.0,Não especializado,2024
11014,0.0,0.0,Não especializado,2024
11015,0.0,0.0,Não especializado,2024
11016,0.0,0.0,Não especializado,2024
11017,0.0,0.0,Não especializado,2024
11018,0.0,0.0,Não especializado,2024
11019,0.0,0.0,Não especializado,2024
1102,0.0,0.0,Não especializado,2024
11020,0.0,0.0,Não especializado,2024
11021,0.0,0.0,Não especializado,2024
11022,0.0,0.0,Não especializado,2024
11023,0.0,0.0,Não especializado,2024
11024,0.0,0.0,Não especializado,2024
11025,0.0,0.0,Não especializado,2024
11026,0.0,0.0,Não especializado,2024
11027,0.0,0.0,Não especializado,2024
11028,0.0,0.0,Não especializado,2024
11029,0.0,0.0,Não especializado,2024
1103,0.0,0.0,Não especializado,2024
11030,0.0,0.0,Não especializado,2024
11031,0.0,0.0,Não especializado,2024
11032,0.0,0.0,Não especializado,2024
11033,0.0,0.0,Não especializado,2024
11034,0.0,0.0,Não especializado,2024
11035,0.0,0.0,Não especializado,2024
11036,0.0,0.0,Não especializado,2024
11037,0.0,0.0,Não especializado,2024
11038,0.0,0.0,Não especializado,2024
11039,0.0,0.0,Não especializado,2024
1104,0.0,0.0,Não especializado,2024
11040,0.0,0.0,Não especializado,2024
11041,0.11972151315066663,4500.0,Não especializado,2024
11042,0.0,0.0,Não especializado,2024
11043,0.0,0.0,Não especializado,2024
11044,0.0,0.0,Não especializado,2024
11045,0.0,0.0,Não especializado,2024
11046,0.0,0.0,Não especializado,2024
11047,0.0,0.0,Não especializado,2024
11048,0.0,0.0,Não especializado,2024
11049,0.0,0.0,Não especializado,2024
1105,2.522920949900597,4276.193001060446,Alta espec. / Alta produt.,2024
11050,0.0,0.0,Não especializado,2024
11051,0.0,0.0,Não especializado,2024
11052,0.0,0.0,Não especializado,2024
11053,0.0,0.0,Não especializado,2024
11054,0.0,0.0,Não especializado,2024
11055,0.0,0.0,Não especializado,2024
11056,0.0,0.0,Não especializado,2024
11057,0.0,0.0,Não especializado,2024
11058,0.0,0.0,Não especializado,2024
11059,0.0,0.0,Não especializado,2024
1106,5.829817429698133,4262.125340599455,Alta espec. / Alta produt.,2024
11060,0.0,0.0,Não especializado,2024
11061,0.0,0.0,Não especializado,2024
11062,0.0,0.0,Não especializado,2024
11063,0.0,0.0,Não especializado,2024
11064,0.0,0.0,Não especializado,2024
11065,0.0,0.0,Não especializado,2024
11066,0.0,0.0,Não especializado,2024
11067,0.0,0.0,Não especializado,2024
11068,0.0,0.0,Não especializado,2024
11069,0.0,0.0,Não especializado,2024
1107,3.917114034767846,4500.0068761603525,Alta espec. / Alta produt.,2024
11070,0.0,0.0,Não especializado,2024
11071,0.0,0.0,Não especializado,2024
11072,0.0,0.0,Não especializado,2024
11073,0.0,0.0,Não especializado,2024
11074,0.0,0.0,Não especializado,2024
11075,0.0,0.0,Não especializado,2024
11076,0.0,0.0,Não especializado,2024
11077,0.0,0.0,Não especializado,2024
11078,0.0,0.0,Não especializado,2024
11079,0.0,0.0,Não especializado,2024
1108,0.0,0.0,Não especializado,2024
11080,0.0,0.0,Não especializado,2024
11081,0.0,0.0,Não especializado,2024
11082,0.0,0.0,Não especializado,2024
11083,0.0,0.0,Não especializado,2024
11084,0.0,0.0,Não especializado,2024
11085,0.0,0.0,Não especializado,2024
11086,0.0,0.0,Não especializado,2024
11087,0.0,0.0,Não especializado,2024
11088,0.0,0.0,Não especializado,2024
11089,0.0,0.0,Não especializado,2024
1109,6.736530189475045,4241.138368949865,Alta espec. / Alta produt.,2024
11090,0.0,0.0,Não especializado,2024
11091,0.0,0.0,Não especializado,2024
11092,0.6076961359394498,4700.0,Não especializado,2024
11093,0.0,0.0,Não especializado,2024
11094,0.0,0.0,Não especializado,2024
11095,0.0,0.0,Não especializado,2024
11096,0.0,0.0,Não especializado,2024
11097,0.0,0.0,Não especializado,2024
11098,0.0,0.0,Não especializado,2024
11099,0.0,0.0,Não especializado,2024
1110,3.161096997233422,4200.0,Alta espec. / Alta produt.,2024
11100,0.0,0.0,Não especializado,2024
11101,0.0,0.0,Não especializado,2024
11102,1.3478262457691774,3400.3496503496503,Baixa espec. / Alta produt.,2024
11103,0.0,0.0,Não especializado,2024
11104,0.0,0.0,Não especializado,2024
11105,0.0,0.0,Não especializado,2024
11106,0.0,0.0,Não especializado,2024
11107,0.0,0.0,Não especializado,2024
11108,0.0,0.0,Não especializado,2024
11109,0.0,0.0,Não especializado,2024
1111,3.1103490524939614,4038.983953658699,Alta espec. / Alta produt.,2024
11110,0.0,0.0,Não especializado,2024
11111,0.0,0.0,Não especializado,2024
11112,0.0,0.0,Não especializado,2024
11113,0.0,0.0,Não especializado,2024
11114,0.0,0.0,Não especializado,2024
11115,0.0,0.0,Não especializado,2024
11116,0.0,0.0,Não especializado,2024
11117,0.0,0.0,Não especializado,2024
11118,0.0,0.0,Não especializado,2024
11119,0.0,0.0,Não especializado,2024
1112,1.0800778603716512,4049.994670077817,Baixa espec. / Alta produt.,2024
11120,0.0,0.0,Não especializado,2024
11121,0.0,0.0,Não especializado,2024
11122,0.0,0.0,Não especializado,2024
11123,0.0,0.0,Não especializado,2024
11124,0.0,0.0,Não especializado,2024
11125,0.0,0.0,Não especializado,2024
11126,0.0,0.0,Não especializado,2024
11127,0.0,0.0,Não especializado,2024
11128,0.0,0.0,Não especializado,2024
11129,0.0,0.0,Não especializado,2024
1113,4.02356709718092,4049.862583431488,Alta espec. / Alta produt.,2024
11130,0.0,0.0,Não especializado,2024
11131,0.0,0.0,Não especializado,2024
11132,0.0,0.0,Não especializado,2024
11133,0.0,0.0,Não especializado,2024
11134,0.0,0.0,Não especializado,2024
11135,0.0,0.0,Não especializado,2024
11136,0.0,0.0,Não especializado,2024
11137,0.0,0.0,Não especializado,2024
11138,0.0,0.0,Não especializado,2024
11139,0.0,0.0,Não especializado,2024
1114,0.0,0.0,Não especializado,2024
11140,0.0,0.0,Não especializado,2024
11141,0.0,0.0,Não especializado,2024
11142,0.0,0.0,Não especializado,2024
11143,0.0,0.0,Não especializado,2024
11144,0.0,0.0,Não especializado,2024
11145,0.0,0.0,Não especializado,2024
11146,0.0,0.0,Não especializado,2024
11147,0.0,0.0,Não especializado,2024
11148,0.0,0.0,Não especializado,2024
11149,0.0,0.0,Não especializado,2024
1115,0.0,0.0,Não especializado,2024
11150,0.0,0.0,Não especializado,2024
11151,0.0,0.0,Não especializado,2024
11152,0.0,0.0,Não especializado,2024
11153,0.0,0.0,Não especializado,2024
11154,0.0,0.0,Não especializado,2024
11155,0.0,0.0,Não especializado,2024
11156,0.0,0.0,Não especializado,2024
11157,0.0,0.0,Não especializado,2024
11158,0.0,0.0,Não especializado,2024
11159,0.0,0.0,Não especializado,2024
1116,0.0,0.0,Não especializado,2024
11160,0.0,0.0,Não especializado,2024
11161,0.0,0.0,Não especializado,2024
11162,0.0,0.0,Não especializado,2024
11163,0.0,0.0,Não especializado,2024
11164,0.0,0.0,Não especializado,2024
11165,0.0,0.0,Não especializado,2024
11166,0.0,0.0,Não especializado,2024
11167,2.527959657347376,1573.3333333333333,Alta espec. / Baixa produt.,2024
11168,0.0,0.0,Não especializado,2024
11169,0.0,0.0,Não especializado,2024
1117,1.2413933660415435,3900.0,Baixa espec. / Alta produt.,2024
11170,0.0,0.0,Não especializado,2024
11171,0.0,0.0,Não especializado,2024
11172,0.0,0.0,Não especializado,2024
11173,0.0,0.0,Não especializado,2024
11174,0.0,0.0,Não especializado,2024
11175,0.0,0.0,Não especializado,2024
11176,0.0,0.0,Não especializado,2024
11177,0.0,0.0,Não especializado,2024
11178,0.0,0.0,Não especializado,2024
11179,0.0,0.0,Não especializado,2024
1118,0.0,0.0,Não especializado,2024
11180,0.0,0.0,Não especializado,2024
11181,0.0,0.0,Não especializado,2024
11182,0.0,0.0,Não especializado,2024
11183,0.0,0.0,Não especializado,2024
11184,0.0,0.0,Não especializado,2024
11185,0.0,0.0,Não especializado,2024
11186,0.0,0.0,Não especializado,2024
11187,0.0,0.0,Não especializado,2024
11188,0.0,0.0,Não especializado,2024
11189,0.0,0.0,Não especializado,2024
1119,0.0,0.0,Não especializado,2024
11190,0.0,0.0,Não especializado,2024
11191,0.0,0.0,Não especializado,2024
11192,0.0,0.0,Não especializado,2024
11193,0.0,0.0,Não especializado,2024
11194,0.0,0.0,Não especializado,2024
11195,0.0,0.0,Não especializado,2024
11196,0.0,0.0,Não especializado,2024
11197,0.0,0.0,Não especializado,2024
11198,0.0,0.0,Não especializado,2024
11199,0.0,0.0,Não especializado,2024
11200,0.0,0.0,Não especializado,2024
11201,0.0,0.0,Não especializado,2024
11202,0.0,0.0,Não especializado,2024
11203,0.0,0.0,Não especializado,2024
11204,0.0,0.0,Não especializado,2024
11205,0.0,0.0,Não especializado,2024
11206,0.0,0.0,Não especializado,2024
11207,0.0,0.0,Não especializado,2024
11208,1.9666539447351508,4700.0778513040095,Baixa espec. / Alta produt.,2024
11209,0.0,0.0,Não especializado,2024
11210,0.0,0.0,Não especializado,2024
11211,0.0,0.0,Não especializado,2024
11212,0.0,0.0,Não especializado,2024
11213,0.0,0.0,Não especializado,2024
11214,0.0,0.0,Não especializado,2024
11215,0.0,0.0,Não especializado,2024
11216,0.0,0.0,Não especializado,2024
11217,0.0,0.0,Não especializado,2024
11218,0.0,0.0,Não especializado,2024
11219,0.0,0.0,Não especializado,2024
11220,0.0,0.0,Não especializado,2024
11221,0.0,0.0,Não especializado,2024
11222,0.0,0.0,Não especializado,2024
11223,0.0,0.0,Não especializado,2024
11224,0.0,0.0,Não especializado,2024
11225,0.0,0.0,Não especializado,2024
11226,0.0,0.0,Não especializado,2024
11227,0.0,0.0,Não especializado,2024
11228,0.0,0.0,Não especializado,2024
11229,0.0,0.0,Não especializado,2024
11230,0.0,0.0,Não especializado,2024
11231,0.0,0.0,Não especializado,2024
11232,0.0,0.0,Não especializado,2024
11233,0.0,0.0,Não especializado,2024
11234,0.0,0.0,Não especializado,2024
11235,0.0,0.0,Não especializado,2024
11236,0.0,0.0,Não especializado,2024
11237,0.0,0.0,Não especializado,2024
11238,0.0,0.0,Não especializado,2024
11239,0.0,0.0,Não especializado,2024
11240,0.0,0.0,Não especializado,2024
11241,0.0,0.0,Não especializado,2024
11242,0.0,0.0,Não especializado,2024
11243,0.0,0.0,Não especializado,2024
11244,0.0,0.0,Não especializado,2024
11245,0.0,0.0,Não especializado,2024
11246,0.0,0.0,Não especializado,2024
11247,0.0,0.0,Não especializado,2024
11248,0.0,0.0,Não especializado,2024
11249,0.0,0.0,Não especializado,2024
11250,0.0,0.0,Não especializado,2024
11251,0.0,0.0,Não especializado,2024
11252,0.0,0.0,Não especializado,2024
11253,0.0,0.0,Não especializado,2024
11254,0.0,0.0,Não especializado,2024
11255,0.0,0.0,Não especializado,2024
11256,0.0,0.0,Não especializado,2024
11257,0.0,0.0,Não especializado,2024
11258,0.0,0.0,Não especializado,2024
11259,0.0,0.0,Não especializado,2024
11260,0.0,0.0,Não especializado,2024
11261,0.7818431929940339,1500.0,Não especializado,2024
11262,0.0,0.0,Não especializado,2024
11263,0.0,0.0,Não especializado,2024
11264,0.0,0.0,Não especializado,2024
11265,0.0,0.0,Não especializado,2024
11266,0.0,0.0,Não especializado,2024
11267,0.0,0.0,Não especializado,2024
11268,0.0,0.0,Não especializado,2024
11269,0.0,0.0,Não especializado,2024
11270,0.0,0.0,Não especializado,2024
11271,0.0,0.0,Não especializado,2024
11272,0.0,0.0,Não especializado,2024
11273,0.0,0.0,Não especializado,2024
11274,0.0,0.0,Não especializado,2024
11275,0.0,0.0,Não especializado,2024
11276,0.0,0.0,Não especializado,2024
11277,0.0,0.0,Não especializado,2024
11278,0.0,0.0,Não especializado,2024
11279,0.0,0.0,Não especializado,2024
11280,0.0,0.0,Não especializado,2024
11281,0.0,0.0,Não especializado,2024
11282,0.0,0.0,Não especializado,2024
11283,0.0,0.0,Não especializado,2024
11284,0.0,0.0,Não especializado,2024
11285,0.0,0.0,Não especializado,2024
11286,0.0,0.0,Não especializado,2024
11287,0.0,0.0,Não especializado,2024
11288,0.0,0.0,Não especializado,2024
11289,0.0,0.0,Não especializado,2024
11290,0.0,0.0,Não especializado,2024
11291,0.0,0.0,Não especializado,2024
11292,0.0,0.0,Não especializado,2024
11293,0.0,0.0,Não especializado,2024
11294,0.0,0.0,Não especializado,2024
11295,0.12227461125450845,600.0,Não especializado,2024
11296,0.0,0.0,Não especializado,2024
11297,0.0,0.0,Não especializado,2024
11298,0.0,0.0,Não especializado,2024
11299,0.0,0.0,Não especializado,2024
11300,0.0,0.0,Não especializado,2024
11301,0.0,0.0,Não especializado,2024
11302,0.0,0.0,Não especializado,2024
11303,0.0,0.0,Não especializado,2024
11304,0.0,0.0,Não especializado,2024
11305,0.0,0.0,Não especializado,2024
11306,0.0,0.0,Não especializado,2024
11307,0.0,0.0,Não especializado,2024
11308,0.0,0.0,Não especializado,2024
11309,0.0,0.0,Não especializado,2024
11310,0.0,0.0,Não especializado,2024
11311,0.0,0.0,Não especializado,2024
11312,0.0,0.0,Não especializado,2024
11313,0.0,0.0,Não especializado,2024
11314,0.0,0.0,Não especializado,2024
11315,0.0,0.0,Não especializado,2024
11316,0.0,0.0,Não especializado,2024
11317,0.0,0.0,Não especializado,2024
11318,0.0,0.0,Não especializado,2024
11319,4.814641368560539,3000.0,Alta espec. / Alta produt.,2024
11320,0.0,0.0,Não especializado,2024
11321,0.0,0.0,Não especializado,2024
11322,0.0,0.0,Não especializado,2024
11323,0.0,0.0,Não especializado,2024
11324,0.0,0.0,Não especializado,2024
11325,0.0,0.0,Não especializado,2024
11326,0.0,0.0,Não especializado,2024
11327,0.0,0.0,Não especializado,2024
11328,0.0,0.0,Não especializado,2024
11329,0.0,0.0,Não especializado,2024
11330,0.0,0.0,Não especializado,2024
11331,0.0,0.0,Não especializado,2024
11332,0.0,0.0,Não especializado,2024
11333,0.0,0.0,Não especializado,2024
11334,0.0,0.0,Não especializado,2024
11335,0.0,0.0,Não especializado,2024
11336,0.0,0.0,Não especializado,2024
11337,0.0,0.0,Não especializado,2024
11338,0.0,0.0,Não especializado,2024
11339,0.0,0.0,Não especializado,2024
11340,0.0,0.0,Não especializado,2024
11341,0.0,0.0,Não especializado,2024
11342,0.0,0.0,Não especializado,2024
11343,0.0,0.0,Não especializado,2024
11344,0.0,0.0,Não especializado,2024
11345,0.0,0.0,Não especializado,2024
11346,0.0,0.0,Não especializado,2024
11347,0.0,0.0,Não especializado,2024
11348,0.0,0.0,Não especializado,2024
11349,0.0,0.0,Não especializado,2024
11350,0.0,0.0,Não especializado,2024
11351,0.0,0.0,Não especializado,2024
11352,0.0,0.0,Não especializado,2024
11353,0.0,0.0,Não especializado,2024
11354,0.0,0.0,Não especializado,2024
11355,0.0,0.0,Não especializado,2024
11356,0.0,0.0,Não especializado,2024
11357,0.0,0.0,Não especializado,2024
11358,0.0,0.0,Não especializado,2024
11359,0.0,0.0,Não especializado,2024
11360,0.0,0.0,Não especializado,2024
11361,0.0,0.0,Não especializado,2024
11362,0.0,0.0,Não especializado,2024
11363,0.0,0.0,Não especializado,2024
11364,0.0,0.0,Não especializado,2024
11365,0.0,0.0,Não especializado,2024
11366,0.0,0.0,Não especializado,2024
11367,0.0,0.0,Não especializado,2024
11368,0.0,0.0,Não especializado,2024
11369,0.0,0.0,Não especializado,2024
11370,0.0,0.0,Não especializado,2024
11371,0.0,0.0,Não especializado,2024
11372,0.0,0.0,Não especializado,2024
11373,0.0,0.0,Não especializado,2024
11374,0.0,0.0,Não especializado,2024
11375,0.0,0.0,Não especializado,2024
11376,0.0,0.0,Não especializado,2024
11377,0.0,0.0,Não especializado,2024
11378,0.0,0.0,Não especializado,2024
11379,0.0,0.0,Não especializado,2024
11380,0.0,0.0,Não especializado,2024
11381,0.0,0.0,Não especializado,2024
11382,0.0,0.0,Não especializado,2024
11383,0.0,0.0,Não especializado,2024
11384,0.0,0.0,Não especializado,2024
11385,0.0,0.0,Não especializado,2024
11386,0.0,0.0,Não especializado,2024
11387,0.0,0.0,Não especializado,2024
11388,0.0,0.0,Não especializado,2024
11389,0.0,0.0,Não especializado,2024
11390,0.0,0.0,Não especializado,2024
11391,0.0,0.0,Não especializado,2024
11392,0.0,0.0,Não especializado,2024
11393,0.0,0.0,Não especializado,2024
11394,0.0,0.0,Não especializado,2024
11395,0.0,0.0,Não especializado,2024
11396,4.178095501933495,4097.421203438395,Alta espec. / Alta produt.,2024
11397,0.0,0.0,Não especializado,2024
11398,0.0,0.0,Não especializado,2024
11399,0.0,0.0,Não especializado,2024
11400,0.0,0.0,Não especializado,2024
11401,0.0,0.0,Não especializado,2024
11402,0.0,0.0,Não especializado,2024
11403,0.0,0.0,Não especializado,2024
11404,0.0,0.0,Não especializado,2024
11405,0.0,0.0,Não especializado,2024
11406,0.0,0.0,Não especializado,2024
11407,0.0,0.0,Não especializado,2024
11408,0.0,0.0,Não especializado,2024
11409,0.0,0.0,Não especializado,2024
11410,0.0,0.0,Não especializado,2024
11411,0.0,0.0,Não especializado,2024
11412,0.0,0.0,Não especializado,2024
11413,0.0,0.0,Não especializado,2024
11414,0.0,0.0,Não especializado,2024
11415,0.0,0.0,Não especializado,2024
11416,0.0,0.0,Não especializado,2024
11417,0.0,0.0,Não especializado,2024
11418,0.0,0.0,Não especializado,2024
11419,0.0,0.0,Não especializado,2024
11420,0.0,0.0,Não especializado,2024
11421,0.0,0.0,Não especializado,2024
11422,0.0,0.0,Não especializado,2024
11423,0.0,0.0,Não especializado,2024
11424,0.0,0.0,Não especializado,2024
11425,0.0,0.0,Não especializado,2024
11426,0.0,0.0,Não especializado,2024
11427,0.0,0.0,Não especializado,2024
11428,0.0,0.0,Não especializado,2024
11429,0.0,0.0,Não especializado,2024
11430,0.0,0.0,Não especializado,2024
11431,0.0,0.0,Não especializado,2024
11432,0.0,0.0,Não especializado,2024
11433,0.0,0.0,Não especializado,2024
11434,0.0,0.0,Não especializado,2024
11435,0.0,0.0,Não especializado,2024
11436,0.0,0.0,Não especializado,2024
11437,0.0,0.0,Não especializado,2024
11438,0.0,0.0,Não especializado,2024
11439,0.0,0.0,Não especializado,2024
11440,0.0,0.0,Não especializado,2024
11441,0.0,0.0,Não especializado,2024
11442,0.0,0.0,Não especializado,2024
11443,0.0,0.0,Não especializado,2024
11444,0.18241879472848727,4200.0,Não especializado,2024
11445,0.0,0.0,Não especializado,2024
11446,0.5936255973885007,4000.0,Não especializado,2024
11447,0.0,0.0,Não especializado,2024
11448,0.0,0.0,Não especializado,2024
11449,0.0,0.0,Não especializado,2024
11450,0.0,0.0,Não especializado,2024
11451,11.86645054802981,2700.0,Alta espec. / Alta produt.,2024
11452,0.0,0.0,Não especializado,2024
11453,0.0,0.0,Não especializado,2024
11454,0.0,0.0,Não especializado,2024
11455,0.0,0.0,Não especializado,2024
11456,0.0,0.0,Não especializado,2024
11457,0.0,0.0,Não especializado,2024
11458,0.0,0.0,Não especializado,2024
11459,0.0,0.0,Não especializado,2024
11460,0.0,0.0,Não especializado,2024
11461,0.0,0.0,Não especializado,2024
11462,0.0,0.0,Não especializado,2024
11463,0.0,0.0,Não especializado,2024
11464,0.0,0.0,Não especializado,2024
11465,0.0,0.0,Não especializado,2024
11466,0.0,0.0,Não especializado,2024
11467,0.29653485716684763,1200.0,Não especializado,2024
11468,0.0,0.0,Não especializado,2024
11469,0.0,0.0,Não especializado,2024
11470,0.0,0.0,Não especializado,2024
11471,0.0,0.0,Não especializado,2024
11472,0.0,0.0,Não especializado,2024
11473,0.0,0.0,Não especializado,2024
11474,0.0,0.0,Não especializado,2024
11475,0.0,0.0,Não especializado,2024
11476,0.0,0.0,Não especializado,2024
11477,0.0,0.0,Não especializado,2024
11478,0.0,0.0,Não especializado,2024
11479,0.0,0.0,Não especializado,2024
11480,0.0,0.0,Não especializado,2024
11481,0.0,0.0,Não especializado,2024
11482,0.0,0.0,Não especializado,2024
11483,0.0,0.0,Não especializado,2024
11484,0.0,0.0,Não especializado,2024
11485,0.0,0.0,Não especializado,2024
11486,0.0,0.0,Não especializado,2024
11487,0.0,0.0,Não especializado,2024
11488,0.0,0.0,Não especializado,2024
11489,0.3938172091044446,4799.794661190965,Não especializado,2024
11490,0.0,0.0,Não especializado,2024
11491,0.0,0.0,Não especializado,2024
11492,0.0,0.0,Não especializado,2024
11493,0.0,0.0,Não especializado,2024
11494,0.0,0.0,Não especializado,2024
11495,0.0,0.0,Não especializado,2024
11496,0.0,0.0,Não especializado,2024
11497,0.0,0.0,Não especializado,2024
11498,0.0,0.0,Não especializado,2024
11499,3.0729363902181475,4000.0,Alta espec. / Alta produt.,2024
11500,0.4691251330477229,4500.662251655629,Não especializado,2024
11501,0.0,0.0,Não especializado,2024
11502,0.0,0.0,Não especializado,2024
11503,0.0,0.0,Não especializado,2024
11504,0.0,0.0,Não especializado,2024
11505,0.0,0.0,Não especializado,2024
11506,0.0,0.0,Não especializado,2024
11507,0.0,0.0,Não especializado,2024
11508,0.0,0.0,Não especializado,2024
11509,0.0,0.0,Não especializado,2024
11510,0.0,0.0,Não especializado,2024
11511,0.0,0.0,Não especializado,2024
11512,0.0,0.0,Não especializado,2024
11513,0.0,0.0,Não especializado,2024
11514,0.0,0.0,Não especializado,2024
11515,0.0,0.0,Não especializado,2024
11516,0.0,0.0,Não especializado,2024
11517,0.0,0.0,Não especializado,2024
11518,0.0,0.0,Não especializado,2024
11519,0.0,0.0,Não especializado,2024
11520,0.0,0.0,Não especializado,2024
11521,0.0,0.0,Não especializado,2024
11522,0.0,0.0,Não especializado,2024
11523,0.0,0.0,Não especializado,2024
11524,0.0,0.0,Não especializado,2024
11525,0.0,0.0,Não especializado,2024
11526,0.0,0.0,Não especializado,2024
11527,0.0,0.0,Não especializado,2024
11528,0.0,0.0,Não especializado,2024
11529,0.0,0.0,Não especializado,2024
11530,0.0,0.0,Não especializado,2024
11531,0.0,0.0,Não especializado,2024
11532,0.0,0.0,Não especializado,2024
11533,0.0,0.0,Não especializado,2024
11534,0.0,0.0,Não especializado,2024
11535,0.0,0.0,Não especializado,2024
11536,0.0,0.0,Não especializado,2024
11537,0.0,0.0,Não especializado,2024
11538,0.0,0.0,Não especializado,2024
11539,0.0,0.0,Não especializado,2024
11540,0.0,0.0,Não especializado,2024
11541,0.0,0.0,Não especializado,2024
11542,0.0,0.0,Não especializado,2024
11543,0.0,0.0,Não especializado,2024
11544,0.0,0.0,Não especializado,2024
11545,0.0,0.0,Não especializado,2024
11546,0.0,0.0,Não especializado,2024
11547,0.0,0.0,Não especializado,2024
11548,0.0,0.0,Não especializado,2024
11549,0.0,0.0,Não especializado,2024
11550,0.0,0.0,Não especializado,2024
11551,0.0,0.0,Não especializado,2024
11552,0.0,0.0,Não especializado,2024
11553,0.0,0.0,Não especializado,2024
11554,0.0,0.0,Não especializado,2024
11555,0.0,0.0,Não especializado,2024
11556,0.0,0.0,Não especializado,2024
11557,0.0,0.0,Não especializado,2024
11558,0.0,0.0,Não especializado,2024
11559,4.901800701651679,4000.0,Alta espec. / Alta produt.,2024
11560,0.0,0.0,Não especializado,2024
11561,0.0,0.0,Não especializado,2024
11562,0.0,0.0,Não especializado,2024
11563,0.0,0.0,Não especializado,2024
11564,0.0,0.0,Não especializado,2024
11565,0.0,0.0,Não especializado,2024
11566,0.0,0.0,Não especializado,2024
11567,0.0,0.0,Não especializado,2024
11568,0.0,0.0,Não especializado,2024
11569,0.0,0.0,Não especializado,2024
11570,0.0,0.0,Não especializado,2024
11571,0.0,0.0,Não especializado,2024
11572,0.0,0.0,Não especializado,2024
11573,0.0,0.0,Não especializado,2024
11574,0.0,0.0,Não especializado,2024
11575,0.0,0.0,Não especializado,2024
11576,0.0,0.0,Não especializado,2024
11577,0.0,0.0,Não especializado,2024
11578,0.0,0.0,Não especializado,2024
11579,0.0,0.0,Não especializado,2024
11580,0.0,0.0,Não especializado,2024
11581,0.06392199806105905,3900.0,Não especializado,2024
11582,0.0,0.0,Não especializado,2024
11583,0.0,0.0,Não especializado,2024
11584,0.0,0.0,Não especializado,2024
11585,0.0,0.0,Não especializado,2024
11586,0.0,0.0,Não especializado,2024
11587,0.0,0.0,Não especializado,2024
11588,0.0,0.0,Não especializado,2024
11589,0.0,0.0,Não especializado,2024
11590,0.0,0.0,Não especializado,2024
11591,0.0,0.0,Não especializado,2024
11592,0.0,0.0,Não especializado,2024
11593,0.0,0.0,Não especializado,2024
11594,0.0,0.0,Não especializado,2024
11595,0.0,0.0,Não especializado,2024
11596,0.0,0.0,Não especializado,2024
11597,0.0,0.0,Não especializado,2024
11598,0.0,0.0,Não especializado,2024
11599,0.0,0.0,Não especializado,2024
11600,0.0,0.0,Não especializado,2024
11601,0.0,0.0,Não especializado,2024
11602,0.0,0.0,Não especializado,2024
11603,0.0,0.0,Não especializado,2024
11604,0.0,0.0,Não especializado,2024
11605,0.0,0.0,Não especializado,2024
11606,0.0,0.0,Não especializado,2024
11607,0.0,0.0,Não especializado,2024
11608,0.0,0.0,Não especializado,2024
11609,0.0,0.0,Não especializado,2024
11610,0.0,0.0,Não especializado,2024
11611,0.0,0.0,Não especializado,2024
11612,0.0,0.0,Não especializado,2024
11613,0.0,0.0,Não especializado,2024
11614,0.0,0.0,Não especializado,2024
11615,0.0,0.0,Não especializado,2024
11616,6.349922417208671,3000.0,Alta espec. / Alta produt.,2024
11617,0.0,0.0,Não especializado,2024
11618,0.0,0.0,Não especializado,2024
11619,0.0,0.0,Não especializado,2024
11620,0.0,0.0,Não especializado,2024
11621,0.0,0.0,Não especializado,2024
11622,0.0,0.0,Não especializado,2024
11623,0.0,0.0,Não especializado,2024
11624,0.0,0.0,Não especializado,2024
11625,0.0,0.0,Não especializado,2024
11626,5.323388568660582,3759.4019030357954,Alta espec. / Alta produt.,2024
11627,0.0,0.0,Não especializado,2024
11628,0.0,0.0,Não especializado,2024
11629,0.0,0.0,Não especializado,2024
11630,0.0,0.0,Não especializado,2024
11631,0.0,0.0,Não especializado,2024
11632,0.0,0.0,Não especializado,2024
11633,0.0,0.0,Não especializado,2024
11634,0.0,0.0,Não especializado,2024
11635,0.0,0.0,Não especializado,2024
11636,0.0,0.0,Não especializado,2024
11637,0.0,0.0,Não especializado,2024
11638,0.0,0.0,Não especializado,2024
11639,0.0,0.0,Não especializado,2024
11640,0.0,0.0,Não especializado,2024
11641,0.0,0.0,Não especializado,2024
11642,0.0,0.0,Não especializado,2024
11643,0.0,0.0,Não especializado,2024
11644,0.0,0.0,Não especializado,2024
11645,0.0,0.0,Não especializado,2024
11646,0.0,0.0,Não especializado,2024
11647,0.0,0.0,Não especializado,2024
11648,0.0,0.0,Não especializado,2024
11649,0.0,0.0,Não especializado,2024
11650,0.0,0.0,Não especializado,2024
11651,0.0,0.0,Não especializado,2024
11652,0.0,0.0,Não especializado,2024
11653,0.0,0.0,Não especializado,2024
11654,0.0,0.0,Não especializado,2024
11655,0.0,0.0,Não especializado,2024
11656,0.0,0.0,Não especializado,2024
11657,0.0,0.0,Não especializado,2024
11658,0.0,0.0,Não especializado,2024
11659,0.0,0.0,Não especializado,2024
11660,0.0,0.0,Não especializado,2024
11661,0.0,0.0,Não especializado,2024
11662,0.0,0.0,Não especializado,2024
11663,0.0,0.0,Não especializado,2024
11664,0.0,0.0,Não especializado,2024
11665,0.0,0.0,Não especializado,2024
11666,0.0,0.0,Não especializado,2024
11667,0.0,0.0,Não especializado,2024
11668,0.0,0.0,Não especializado,2024
11669,0.0,0.0,Não especializado,2024
11670,0.0,0.0,Não especializado,2024
11671,0.0,0.0,Não especializado,2024
11672,0.0,0.0,Não especializado,2024
11673,0.0,0.0,Não especializado,2024
11674,0.4619330424661998,4276.39751552795,Não especializado,2024
11675,0.0,0.0,Não especializado,2024
11676,0.0,0.0,Não especializado,2024
11677,0.0,0.0,Não especializado,2024
11678,0.0,0.0,Não especializado,2024
11679,0.0,0.0,Não especializado,2024
11680,0.0,0.0,Não especializado,2024
11681,0.0,0.0,Não especializado,2024
11682,0.0,0.0,Não especializado,2024
11683,0.0,0.0,Não especializado,2024
11684,0.0,0.0,Não especializado,2024
11685,0.0,0.0,Não especializado,2024
11686,0.0,0.0,Não especializado,2024
11687,0.0,0.0,Não especializado,2024
11688,0.0,0.0,Não especializado,2024
11689,0.0,0.0,Não especializado,2024
11690,0.0,0.0,Não especializado,2024
11691,0.0,0.0,Não especializado,2024
11692,0.0,0.0,Não especializado,2024
11693,0.0,0.0,Não especializado,2024
11694,0.0,0.0,Não especializado,2024
11695,0.0,0.0,Não especializado,2024
11696,0.0,0.0,Não especializado,2024
11697,0.0,0.0,Não especializado,2024
11698,0.0,0.0,Não especializado,2024
11699,0.0,0.0,Não especializado,2024
11700,0.0,0.0,Não especializado,2024
11701,0.0,0.0,Não especializado,2024
11702,0.0,0.0,Não especializado,2024
11703,0.1762842489799386,4500.0,Não especializado,2024
11704,0.0,0.0,Não especializado,2024
11705,0.0,0.0,Não especializado,2024
11706,0.0,0.0,Não especializado,2024
11707,0.0,0.0,Não especializado,2024
11708,1.317999128465081,4000.0,Baixa espec. / Alta produt.,2024
11709,3.968728291744216,5100.0,Alta espec. / Alta produt.,2024
11710,0.0,0.0,Não especializado,2024
11711,0.0,0.0,Não especializado,2024
11712,0.0,0.0,Não especializado,2024
11713,0.0,0.0,Não especializado,2024
11714,0.0,0.0,Não especializado,2024
11715,0.0,0.0,Não especializado,2024
11716,0.0,0.0,Não especializado,2024
11717,0.0,0.0,Não especializado,2024
11718,0.0,0.0,Não especializado,2024
11719,0.0,0.0,Não especializado,2024
11720,0.0,0.0,Não especializado,2024
11721,0.0,0.0,Não especializado,2024
11722,0.0,0.0,Não especializado,2024
11723,0.0,0.0,Não especializado,2024
11724,0.0,0.0,Não especializado,2024
11725,0.0,0.0,Não especializado,2024
11726,0.0,0.0,Não especializado,2024
11727,0.0,0.0,Não especializado,2024
11728,0.0,0.0,Não especializado,2024
11729,0.0,0.0,Não especializado,2024
11730,0.0,0.0,Não especializado,2024
11731,0.0,0.0,Não especializado,2024
11732,0.0,0.0,Não especializado,2024
11733,0.0,0.0,Não especializado,2024
11734,0.0,0.0,Não especializado,2024
11735,0.0,0.0,Não especializado,2024
11736,0.0,0.0,Não especializado,2024
11737,0.0,0.0,Não especializado,2024
11738,0.0,0.0,Não especializado,2024
11739,0.0,0.0,Não especializado,2024
11740,0.0,0.0,Não especializado,2024
11741,0.0,0.0,Não especializado,2024
11742,0.0,0.0,Não especializado,2024
11743,0.0,0.0,Não especializado,2024
11744,0.0,0.0,Não especializado,2024
11745,0.0,0.0,Não especializado,2024
11746,0.0,0.0,Não especializado,2024
11747,0.0,0.0,Não especializado,2024
11748,0.0,0.0,Não especializado,2024
11749,0.0,0.0,Não especializado,2024
11750,0.0,0.0,Não especializado,2024
11751,0.0,0.0,Não especializado,2024
11752,0.0,0.0,Não especializado,2024
11753,0.0,0.0,Não especializado,2024
11754,0.0,0.0,Não especializado,2024
11755,0.0,0.0,Não especializado,2024
11756,0.0,0.0,Não especializado,2024
11757,0.0,0.0,Não especializado,2024
11758,0.0,0.0,Não especializado,2024
11759,0.0,0.0,Não especializado,2024
11760,0.0,0.0,Não especializado,2024
11761,0.0,0.0,Não especializado,2024
11762,0.0,0.0,Não especializado,2024
11763,0.0,0.0,Não especializado,2024
11764,0.0,0.0,Não especializado,2024
11765,0.0,0.0,Não especializado,2024
11766,0.0,0.0,Não especializado,2024
11767,0.0,0.0,Não especializado,2024
11768,0.0,0.0,Não especializado,2024
11769,0.0,0.0,Não especializado,2024
11770,0.0,0.0,Não especializado,2024
12001,0.0,0.0,Não especializado,2024
12002,0.0,0.0,Não especializado,2024
12003,0.0,0.0,Não especializado,2024
12004,0.0,0.0,Não especializado,2024
12005,0.0,0.0,Não especializado,2024
12006,0.0,0.0,Não especializado,2024
12007,0.0,0.0,Não especializado,2024
12008,0.0,0.0,Não especializado,2024
12009,0.0,0.0,Não especializado,2024
12010,0.0,0.0,Não especializado,2024
12011,0.0,0.0,Não especializado,2024
12012,0.0,0.0,Não especializado,2024
12013,0.0,0.0,Não especializado,2024
12014,0.0,0.0,Não especializado,2024
12015,0.0,0.0,Não especializado,2024
12016,0.0,0.0,Não especializado,2024
12017,0.0,0.0,Não especializado,2024
12018,0.0,0.0,Não especializado,2024
12019,0.0,0.0,Não especializado,2024
12020,0.0,0.0,Não especializado,2024
12021,0.0,0.0,Não especializado,2024
12022,0.0,0.0,Não especializado,2024
12023,0.0,0.0,Não especializado,2024
12024,0.0,0.0,Não especializado,2024
12025,0.0,0.0,Não especializado,2024
12026,0.0,0.0,Não especializado,2024
12027,0.0,0.0,Não especializado,2024
12028,0.0,0.0,Não especializado,2024
12029,0.0,0.0,Não especializado,2024
12030,0.0,0.0,Não especializado,2024
12031,0.0,0.0,Não especializado,2024
12032,0.0,0.0,Não especializado,2024
12033,0.0,0.0,Não especializado,2024
12034,0.0,0.0,Não especializado,2024
12035,0.0,0.0,Não especializado,2024
12036,0.0,0.0,Não especializado,2024
12038,0.0,0.0,Não especializado,2024
12039,0.0,0.0,Não especializado,2024
12040,0.0,0.0,Não especializado,2024
12041,0.0,0.0,Não especializado,2024
12042,0.0,0.0,Não especializado,2024
12043,0.0,0.0,Não especializado,2024
12044,0.0,0.0,Não especializado,2024
12045,0.0,0.0,Não especializado,2024
12046,0.0,0.0,Não especializado,2024
12047,0.0,0.0,Não especializado,2024
12048,0.0,0.0,Não especializado,2024
12049,0.0,0.0,Não especializado,2024
12050,0.0,0.0,Não especializado,2024
12051,0.0,0.0,Não especializado,2024
12052,0.0,0.0,Não especializado,2024
12053,0.0,0.0,Não especializado,2024
12054,0.0,0.0,Não especializado,2024
12056,0.0,0.0,Não especializado,2024
12057,0.0,0.0,Não especializado,2024
12058,0.0,0.0,Não especializado,2024
12059,0.0,0.0,Não especializado,2024
12060,0.0,0.0,Não especializado,2024
12061,0.0,0.0,Não especializado,2024
12062,0.0,0.0,Não especializado,2024
12063,0.0,0.0,Não especializado,2024
12064,0.0,0.0,Não especializado,2024
13001,0.0,0.0,Não especializado,2024
13002,0.0,0.0,Não especializado,2024
13003,0.0,0.0,Não especializado,2024
13004,0.0,0.0,Não especializado,2024
13005,0.0,0.0,Não especializado,2024
13006,0.0,0.0,Não especializado,2024
13007,0.0,0.0,Não especializado,2024
13008,0.0,0.0,Não especializado,2024
13009,0.0,0.0,Não especializado,2024
13010,0.0,0.0,Não especializado,2024
13011,0.0,0.0,Não especializado,2024
13012,0.0,0.0,Não especializado,2024
13013,0.0,0.0,Não especializado,2024
13014,0.0,0.0,Não especializado,2024
13015,0.0,0.0,Não especializado,2024
13016,0.0,0.0,Não especializado,2024
13017,0.0,0.0,Não especializado,2024
13018,0.0,0.0,Não especializado,2024
13019,0.0,0.0,Não especializado,2024
13020,0.0,0.0,Não especializado,2024
13021,0.0,0.0,Não especializado,2024
13022,0.0,0.0,Não especializado,2024
13023,0.0,0.0,Não especializado,2024
13024,0.0,0.0,Não especializado,2024
13025,0.0,0.0,Não especializado,2024
13026,0.0,0.0,Não especializado,2024
13027,0.0,0.0,Não especializado,2024
13028,0.0,0.0,Não especializado,2024
13029,0.0,0.0,Não especializado,2024
13030,0.0,0.0,Não especializado,2024
13031,0.0,0.0,Não especializado,2024
13032,0.0,0.0,Não especializado,2024
13033,0.0,0.0,Não especializado,2024
13034,0.0,0.0,Não especializado,2024
13035,0.0,0.0,Não especializado,2024
13036,0.0,0.0,Não especializado,2024
13037,0.0,0.0,Não especializado,2024
13038,0.0,0.0,Não especializado,2024
13039,0.0,0.0,Não especializado,2024
13040,0.0,0.0,Não especializado,2024
13041,0.0,0.0,Não especializado,2024
13042,0.0,0.0,Não especializado,2024
13043,0.0,0.0,Não especializado,2024
13044,0.0,0.0,Não especializado,2024
13045,0.0,0.0,Não especializado,2024
13046,0.0,0.0,Não especializado,2024
13047,0.0,0.0,Não especializado,2024
13048,0.0,0.0,Não especializado,2024
13049,0.0,0.0,Não especializado,2024
13050,0.0,0.0,Não especializado,2024
13051,0.0,0.0,Não especializado,2024
13052,0.0,0.0,Não especializado,2024
13053,0.0,0.0,Não especializado,2024
13054,0.0,0.0,Não especializado,2024
13055,0.0,0.0,Não especializado,2024
13056,0.0,0.0,Não especializado,2024
13057,0.0,0.0,Não especializado,2024
13058,0.0,0.0,Não especializado,2024
13059,0.0,0.0,Não especializado,2024
13060,0.0,0.0,Não especializado,2024
13061,0.0,0.0,Não especializado,2024
13062,0.0,0.0,Não especializado,2024
13063,0.0,0.0,Não especializado,2024
13064,0.0,0.0,Não especializado,2024
13065,0.0,0.0,Não especializado,2024
13066,0.0,0.0,Não especializado,2024
13067,0.0,0.0,Não especializado,2024
13068,0.0,0.0,Não especializado,2024
13069,0.0,0.0,Não especializado,2024
13070,0.0,0.0,Não especializado,2024
13071,0.0,0.0,Não especializado,2024
13072,0.0,0.0,Não especializado,2024
13073,0.0,0.0,Não especializado,2024
13074,0.0,0.0,Não especializado,2024
13075,0.0,0.0,Não especializado,2024
13076,0.0,0.0,Não especializado,2024
13077,0.0,0.0,Não especializado,2024
13078,0.0,0.0,Não especializado,2024
13079,0.0,0.0,Não especializado,2024
13080,0.0,0.0,Não especializado,2024
13081,0.0,0.0,Não especializado,2024
13082,0.0,0.0,Não especializado,2024
13083,0.0,0.0,Não especializado,2024
13084,0.0,0.0,Não especializado,2024
13085,0.0,0.0,Não especializado,2024
13086,0.0,0.0,Não especializado,2024
13087,0.0,0.0,Não especializado,2024
13088,0.0,0.0,Não especializado,2024
13089,0.0,0.0,Não especializado,2024
13090,0.0,0.0,Não especializado,2024
13091,0.0,0.0,Não especializado,2024
13092,0.0,0.0,Não especializado,2024
13093,0.0,0.0,Não especializado,2024
13094,0.0,0.0,Não especializado,2024
13095,0.0,0.0,Não especializado,2024
13096,0.0,0.0,Não especializado,2024
13097,0.0,0.0,Não especializado,2024
13098,0.0,0.0,Não especializado,2024
13099,0.0,0.0,Não especializado,2024
13100,0.0,0.0,Não especializado,2024
13101,0.0,0.0,Não especializado,2024
13102,0.0,0.0,Não especializado,2024
13103,0.0,0.0,Não especializado,2024
13104,0.0,0.0,Não especializado,2024
13105,0.0,0.0,Não especializado,2024
13106,0.0,0.0,Não especializado,2024
13107,0.0,0.0,Não especializado,2024
13108,0.0,0.0,Não especializado,2024
13109,0.0,0.0,Não especializado,2024
13110,0.0,0.0,Não especializado,2024
13111,0.0,0.0,Não especializado,2024
13112,0.0,0.0,Não especializado,2024
13113,0.0,0.0,Não especializado,2024
13114,0.0,0.0,Não especializado,2024
13115,0.0,0.0,Não especializado,2024
13116,0.0,0.0,Não especializado,2024
13117,0.0,0.0,Não especializado,2024
13118,0.0,0.0,Não especializado,2024
13119,0.0,0.0,Não especializado,2024
13120,1.4300970463893121,3298.9985693848353,Baixa espec. / Alta produt.,2024
13121,0.0,0.0,Não especializado,2024
13122,0.0,0.0,Não especializado,2024
13123,0.0,0.0,Não especializado,2024
13124,0.0,0.0,Não especializado,2024
13125,0.0,0.0,Não especializado,2024
13126,0.0,0.0,Não especializado,2024
13127,0.0,0.0,Não especializado,2024
13128,0.0,0.0,Não especializado,2024
13129,0.0,0.0,Não especializado,2024
13130,0.0,0.0,Não especializado,2024
13131,0.0,0.0,Não especializado,2024
13132,0.0,0.0,Não especializado,2024
13133,0.0,0.0,Não especializado,2024
13134,0.0,0.0,Não especializado,2024
13135,0.02343113997541337,1000.0,Não especializado,2024
13136,0.0,0.0,Não especializado,2024
13137,0.0,0.0,Não especializado,2024
13138,0.0,0.0,Não especializado,2024
13139,0.0,0.0,Não especializado,2024
13140,0.12018825629226829,2700.0,Não especializado,2024
13141,0.0,0.0,Não especializado,2024
13142,0.0,0.0,Não especializado,2024
13143,0.0,0.0,Não especializado,2024
13144,0.0,0.0,Não especializado,2024
13145,0.0,0.0,Não especializado,2024
13146,0.0,0.0,Não especializado,2024
13147,0.0,0.0,Não especializado,2024
13148,0.0,0.0,Não especializado,2024
13150,0.0,0.0,Não especializado,2024
13151,0.0,0.0,Não especializado,2024
13152,0.0,0.0,Não especializado,2024
13153,0.0,0.0,Não especializado,2024
13154,0.0,0.0,Não especializado,2024
13155,0.0,0.0,Não especializado,2024
13156,0.0,0.0,Não especializado,2024
13157,0.0,0.0,Não especializado,2024
13158,0.0,0.0,Não especializado,2024
13159,0.0,0.0,Não especializado,2024
13160,0.0,0.0,Não especializado,2024
13161,0.0,0.0,Não especializado,2024
13162,0.0,0.0,Não especializado,2024
13163,0.0,0.0,Não especializado,2024
13164,0.0,0.0,Não especializado,2024
13165,0.0,0.0,Não especializado,2024
13166,0.0,0.0,Não especializado,2024
13167,0.0,0.0,Não especializado,2024
13168,0.0,0.0,Não especializado,2024
13169,0.5618443904127358,1500.0,Não especializado,2024
13170,0.0,0.0,Não especializado,2024
13171,0.0,0.0,Não especializado,2024
13172,0.0,0.0,Não especializado,2024
13173,0.0,0.0,Não especializado,2024
13174,0.0,0.0,Não especializado,2024
13175,0.0,0.0,Não especializado,2024
13176,0.0,0.0,Não especializado,2024
13177,0.0,0.0,Não especializado,2024
13178,0.0,0.0,Não especializado,2024
13179,0.0,0.0,Não especializado,2024
13180,0.0,0.0,Não especializado,2024
13181,0.0,0.0,Não especializado,2024
13182,0.0,0.0,Não especializado,2024
13183,0.0,0.0,Não especializado,2024
13184,0.0,0.0,Não especializado,2024
13185,0.0,0.0,Não especializado,2024
13186,0.0,0.0,Não especializado,2024
13187,0.0,0.0,Não especializado,2024
13188,0.0,0.0,Não especializado,2024
13189,0.0,0.0,Não especializado,2024
13190,0.0,0.0,Não especializado,2024
13191,0.0,0.0,Não especializado,2024
13192,0.0,0.0,Não especializado,2024
13193,0.0,0.0,Não especializado,2024
13194,0.0,0.0,Não especializado,2024
13195,0.0,0.0,Não especializado,2024
13196,0.0,0.0,Não especializado,2024
13197,0.0,0.0,Não especializado,2024
13198,0.0,0.0,Não especializado,2024
13199,0.0,0.0,Não especializado,2024
13200,0.0,0.0,Não especializado,2024
13201,0.0,0.0,Não especializado,2024
13202,0.0,0.0,Não especializado,2024
13203,0.0,0.0,Não especializado,2024
13204,0.0,0.0,Não especializado,2024
13205,0.0,0.0,Não especializado,2024
13206,0.0,0.0,Não especializado,2024
13207,0.0,0.0,Não especializado,2024
13208,0.0,0.0,Não especializado,2024
13209,0.0,0.0,Não especializado,2024
13210,0.0,0.0,Não especializado,2024
13211,0.0,0.0,Não especializado,2024
13212,0.0,0.0,Não especializado,2024
13213,0.0,0.0,Não especializado,2024
13214,0.0,0.0,Não especializado,2024
13215,0.0,0.0,Não especializado,2024
13216,0.0,0.0,Não especializado,2024
13217,0.0,0.0,Não especializado,2024
13218,0.0,0.0,Não especializado,2024
13219,0.0,0.0,Não especializado,2024
13220,0.0,0.0,Não especializado,2024
13221,0.0,0.0,Não especializado,2024
13222,0.0,0.0,Não especializado,2024
13223,0.0,0.0,Não especializado,2024
13224,0.0,0.0,Não especializado,2024
13225,0.0,0.0,Não especializado,2024
13226,0.0,0.0,Não especializado,2024
13227,0.0,0.0,Não especializado,2024
13228,0.0,0.0,Não especializado,2024
13229,0.0,0.0,Não especializado,2024
13230,0.0,0.0,Não especializado,2024
13231,0.0,0.0,Não especializado,2024
13232,0.0,0.0,Não especializado,2024
13233,0.0,0.0,Não especializado,2024
13234,0.0,0.0,Não especializado,2024
13235,0.0,0.0,Não especializado,2024
13236,0.0,0.0,Não especializado,2024
13237,0.0,0.0,Não especializado,2024
13238,1.327206470242169,4800.0,Baixa espec. / Alta produt.,2024
13239,0.0,0.0,Não especializado,2024
13240,0.0,0.0,Não especializado,2024
13241,0.0,0.0,Não especializado,2024
13242,0.0,0.0,Não especializado,2024
13243,0.3593706635025676,4500.0,Não especializado,2024
13244,0.0,0.0,Não especializado,2024
13245,0.0,0.0,Não especializado,2024
13246,0.0,0.0,Não especializado,2024
13247,0.0,0.0,Não especializado,2024
13248,0.0,0.0,Não especializado,2024
13249,0.0,0.0,Não especializado,2024
13250,0.0,0.0,Não especializado,2024
13251,0.0,0.0,Não especializado,2024
13252,0.0,0.0,Não especializado,2024
13253,0.0,0.0,Não especializado,2024
13254,0.0,0.0,Não especializado,2024
13255,0.0,0.0,Não especializado,2024
13256,0.0,0.0,Não especializado,2024
13257,0.0,0.0,Não especializado,2024
13258,0.0,0.0,Não especializado,2024
13259,0.0,0.0,Não especializado,2024
13260,0.0,0.0,Não especializado,2024
13261,0.0,0.0,Não especializado,2024
13262,0.0,0.0,Não especializado,2024
13263,0.0,0.0,Não especializado,2024
13264,0.0,0.0,Não especializado,2024
13265,0.0,0.0,Não especializado,2024
13266,0.0,0.0,Não especializado,2024
13267,0.0,0.0,Não especializado,2024
13268,0.0,0.0,Não especializado,2024
13269,0.0,0.0,Não especializado,2024
13270,0.051040104352401264,2400.0,Não especializado,2024
13271,0.0,0.0,Não especializado,2024
13272,0.0,0.0,Não especializado,2024
13273,0.0,0.0,Não especializado,2024
13274,0.0,0.0,Não especializado,2024
13275,0.0,0.0,Não especializado,2024
13276,0.0,0.0,Não especializado,2024
13277,0.0,0.0,Não especializado,2024
13278,0.0,0.0,Não especializado,2024
13279,0.0,0.0,Não especializado,2024
13280,0.0,0.0,Não especializado,2024
13281,0.0,0.0,Não especializado,2024
13282,0.0,0.0,Não especializado,2024
13283,0.0,0.0,Não especializado,2024
13284,0.0,0.0,Não especializado,2024
13285,0.0658632514307983,2900.0,Não especializado,2024
13286,0.0,0.0,Não especializado,2024
13287,0.0,0.0,Não especializado,2024
13288,0.0,0.0,Não especializado,2024
13289,0.0,0.0,Não especializado,2024
13290,0.0,0.0,Não especializado,2024
13291,0.0,0.0,Não especializado,2024
13292,0.0,0.0,Não especializado,2024
13293,0.0,0.0,Não especializado,2024
13294,0.0,0.0,Não especializado,2024
13295,0.0,0.0,Não especializado,2024
13296,0.0,0.0,Não especializado,2024
13297,0.0,0.0,Não especializado,2024
13298,0.0,0.0,Não especializado,2024
13299,0.0,0.0,Não especializado,2024
13300,0.0,0.0,Não especializado,2024
13301,0.0,0.0,Não especializado,2024
13302,0.0,0.0,Não especializado,2024
13303,0.0,0.0,Não especializado,2024
13304,0.0,0.0,Não especializado,2024
13305,0.0,0.0,Não especializado,2024
13306,0.0,0.0,Não especializado,2024
13307,0.0,0.0,Não especializado,2024
13308,1.2657377978373512,2142.8571428571427,Baixa espec. / Baixa produt.,2024
13309,0.0,0.0,Não especializado,2024
13310,0.0,0.0,Não especializado,2024
13311,0.0,0.0,Não especializado,2024
13312,0.0,0.0,Não especializado,2024
13313,0.0,0.0,Não especializado,2024
13314,0.0,0.0,Não especializado,2024
13315,0.0,0.0,Não especializado,2024
13316,0.0,0.0,Não especializado,2024
13317,0.0,0.0,Não especializado,2024
13318,0.0,0.0,Não especializado,2024
13319,0.0,0.0,Não especializado,2024
13320,0.0,0.0,Não especializado,2024
13321,0.0,0.0,Não especializado,2024
13322,0.0,0.0,Não especializado,2024
13323,0.0,0.0,Não especializado,2024
13324,0.2645539176293766,3032.0,Não especializado,2024
13325,0.0,0.0,Não especializado,2024
13326,0.0,0.0,Não especializado,2024
13327,0.0,0.0,Não especializado,2024
13328,0.0,0.0,Não especializado,2024
13329,0.0,0.0,Não especializado,2024
13330,0.0,0.0,Não especializado,2024
13331,0.0,0.0,Não especializado,2024
13332,0.0,0.0,Não especializado,2024
13333,0.0,0.0,Não especializado,2024
13334,0.0,0.0,Não especializado,2024
13335,0.0,0.0,Não especializado,2024
13336,0.0,0.0,Não especializado,2024
13337,0.0,0.0,Não especializado,2024
13338,0.0,0.0,Não especializado,2024
13339,0.0,0.0,Não especializado,2024
13340,0.0,0.0,Não especializado,2024
13341,0.0,0.0,Não especializado,2024
13342,0.0,0.0,Não especializado,2024
13343,0.0,0.0,Não especializado,2024
13344,0.0,0.0,Não especializado,2024
13345,0.0,0.0,Não especializado,2024
13346,0.0,0.0,Não especializado,2024
13347,0.0,0.0,Não especializado,2024
13348,0.0,0.0,Não especializado,2024
13349,0.0,0.0,Não especializado,2024
13350,0.0,0.0,Não especializado,2024
13351,0.0,0.0,Não especializado,2024
13352,0.0,0.0,Não especializado,2024
13353,0.0,0.0,Não especializado,2024
13354,0.0,0.0,Não especializado,2024
13355,0.0,0.0,Não especializado,2024
13356,0.0,0.0,Não especializado,2024
13357,0.0,0.0,Não especializado,2024
13358,0.0,0.0,Não especializado,2024
13359,0.0,0.0,Não especializado,2024
13360,0.0,0.0,Não especializado,2024
13361,0.0,0.0,Não especializado,2024
13362,0.0,0.0,Não especializado,2024
13363,0.0,0.0,Não especializado,2024
13364,0.0,0.0,Não especializado,2024
13365,0.0,0.0,Não especializado,2024
13366,0.0,0.0,Não especializado,2024
13367,0.0,0.0,Não especializado,2024
13368,0.0,0.0,Não especializado,2024
13369,0.0,0.0,Não especializado,2024
13370,0.0,0.0,Não especializado,2024
13371,0.0,0.0,Não especializado,2024
13372,0.0,0.0,Não especializado,2024
13373,0.0,0.0,Não especializado,2024
13374,0.0,0.0,Não especializado,2024
13375,0.0,0.0,Não especializado,2024
13376,0.0,0.0,Não especializado,2024
13377,1.1972122238803604,4326.153846153846,Baixa espec. / Alta produt.,2024
13378,0.0,0.0,Não especializado,2024
13379,0.0,0.0,Não especializado,2024
13380,0.0,0.0,Não especializado,2024
13381,0.0,0.0,Não especializado,2024
13382,0.0,0.0,Não especializado,2024
13383,0.0,0.0,Não especializado,2024
13384,0.0,0.0,Não especializado,2024
13385,0.0,0.0,Não especializado,2024
13386,0.0,0.0,Não especializado,2024
13387,0.0,0.0,Não especializado,2024
13388,0.0,0.0,Não especializado,2024
13389,0.0,0.0,Não especializado,2024
13390,0.0,0.0,Não especializado,2024
13391,0.0,0.0,Não especializado,2024
13392,0.0,0.0,Não especializado,2024
13393,0.0,0.0,Não especializado,2024
13394,0.0,0.0,Não especializado,2024
13395,0.0,0.0,Não especializado,2024
13396,0.0,0.0,Não especializado,2024
13397,0.0,0.0,Não especializado,2024
13398,0.0,0.0,Não especializado,2024
13399,0.0,0.0,Não especializado,2024
13400,0.0,0.0,Não especializado,2024
13401,0.0,0.0,Não especializado,2024
13402,0.0,0.0,Não especializado,2024
13403,0.0,0.0,Não especializado,2024
13404,0.0,0.0,Não especializado,2024
13405,0.0,0.0,Não especializado,2024
13406,0.0,0.0,Não especializado,2024
13407,0.0,0.0,Não especializado,2024
13408,0.0,0.0,Não especializado,2024
13409,0.0,0.0,Não especializado,2024
13410,0.27384566927460724,3028.688524590164,Não especializado,2024
13411,0.0,0.0,Não especializado,2024
13412,0.0,0.0,Não especializado,2024
13413,0.0,0.0,Não especializado,2024
13414,0.0,0.0,Não especializado,2024
13415,0.0,0.0,Não especializado,2024
13416,0.0,0.0,Não especializado,2024
13417,0.0,0.0,Não especializado,2024
13418,0.0,0.0,Não especializado,2024
13419,0.0,0.0,Não especializado,2024
13420,0.0,0.0,Não especializado,2024
13421,0.0,0.0,Não especializado,2024
13422,0.0,0.0,Não especializado,2024
13423,0.0,0.0,Não especializado,2024
13424,0.0,0.0,Não especializado,2024
13425,0.0,0.0,Não especializado,2024
13426,0.0,0.0,Não especializado,2024
13427,0.0,0.0,Não especializado,2024
13428,0.0,0.0,Não especializado,2024
13429,0.0,0.0,Não especializado,2024
13430,0.0,0.0,Não especializado,2024
13431,0.0,0.0,Não especializado,2024
13432,0.0,0.0,Não especializado,2024
13433,0.0,0.0,Não especializado,2024
13434,0.0,0.0,Não especializado,2024
13435,0.0,0.0,Não especializado,2024
13436,0.0,0.0,Não especializado,2024
13437,0.0,0.0,Não especializado,2024
13438,0.0,0.0,Não especializado,2024
13439,0.0,0.0,Não especializado,2024
13440,0.0,0.0,Não especializado,2024
13441,0.0,0.0,Não especializado,2024
13442,0.0,0.0,Não especializado,2024
13443,0.0,0.0,Não especializado,2024
13444,0.0,0.0,Não especializado,2024
13445,0.0,0.0,Não especializado,2024
13446,0.0,0.0,Não especializado,2024
13447,0.0,0.0,Não especializado,2024
13448,0.0,0.0,Não especializado,2024
13449,0.0,0.0,Não especializado,2024
13450,0.0,0.0,Não especializado,2024
13451,0.0,0.0,Não especializado,2024
13452,0.0,0.0,Não especializado,2024
13453,0.0,0.0,Não especializado,2024
13454,0.0,0.0,Não especializado,2024
13455,0.0,0.0,Não especializado,2024
13456,0.0,0.0,Não especializado,2024
13457,0.0,0.0,Não especializado,2024
13458,0.0,0.0,Não especializado,2024
13459,1.501337207007391,2400.0,Baixa espec. / Alta produt.,2024
13460,0.0,0.0,Não especializado,2024
13461,0.0,0.0,Não especializado,2024
13462,0.0,0.0,Não especializado,2024
13463,0.0,0.0,Não especializado,2024
13464,0.0,0.0,Não especializado,2024
13465,0.0,0.0,Não especializado,2024
13466,0.0,0.0,Não especializado,2024
13467,0.0,0.0,Não especializado,2024
13468,0.0,0.0,Não especializado,2024
13469,0.0,0.0,Não especializado,2024
13470,0.0,0.0,Não especializado,2024
13471,0.0,0.0,Não especializado,2024
13472,0.0,0.0,Não especializado,2024
13473,0.0,0.0,Não especializado,2024
13474,0.0,0.0,Não especializado,2024
13475,0.0,0.0,Não especializado,2024
13476,0.0,0.0,Não especializado,2024
13477,0.0,0.0,Não especializado,2024
13478,0.0,0.0,Não especializado,2024
13479,0.0,0.0,Não especializado,2024
13480,0.0,0.0,Não especializado,2024
13481,0.0,0.0,Não especializado,2024
13482,0.0,0.0,Não especializado,2024
13483,0.0,0.0,Não especializado,2024
13484,0.0,0.0,Não especializado,2024
13485,0.0,0.0,Não especializado,2024
13486,0.0,0.0,Não especializado,2024
13487,0.0,0.0,Não especializado,2024
13488,0.0,0.0,Não especializado,2024
13489,0.0,0.0,Não especializado,2024
13490,0.0,0.0,Não especializado,2024
13491,0.0,0.0,Não especializado,2024
13492,0.0,0.0,Não especializado,2024
13493,0.0,0.0,Não especializado,2024
13494,0.0,0.0,Não especializado,2024
13495,0.0,0.0,Não especializado,2024
13496,0.0,0.0,Não especializado,2024
13497,0.0,0.0,Não especializado,2024
13498,0.0,0.0,Não especializado,2024
13499,0.0,0.0,Não especializado,2024
13500,0.0,0.0,Não especializado,2024
13502,0.0,0.0,Não especializado,2024
13503,0.0,0.0,Não especializado,2024
13504,0.0,0.0,Não especializado,2024
13505,0.0,0.0,Não especializado,2024
13506,0.0,0.0,Não especializado,2024
13507,0.0,0.0,Não especializado,2024
13508,0.0,0.0,Não especializado,2024
13509,0.0,0.0,Não especializado,2024
13510,0.0,0.0,Não especializado,2024
13511,0.0,0.0,Não especializado,2024
13512,0.0,0.0,Não especializado,2024
13513,0.0,0.0,Não especializado,2024
13514,0.0,0.0,Não especializado,2024
13515,0.0,0.0,Não especializado,2024
13516,0.0,0.0,Não especializado,2024
13517,0.0,0.0,Não especializado,2024
13518,0.0,0.0,Não especializado,2024
13519,0.0,0.0,Não especializado,2024
13520,0.0,0.0,Não especializado,2024
13521,0.0,0.0,Não especializado,2024
13522,0.0,0.0,Não especializado,2024
13523,0.0,0.0,Não especializado,2024
13524,0.0,0.0,Não especializado,2024
13525,0.0,0.0,Não especializado,2024
13526,0.0,0.0,Não especializado,2024
13527,0.0,0.0,Não especializado,2024
13528,0.0,0.0,Não especializado,2024
13529,0.0,0.0,Não especializado,2024
13530,0.0,0.0,Não especializado,2024
13531,0.0,0.0,Não especializado,2024
13532,0.0,0.0,Não especializado,2024
13533,0.0,0.0,Não especializado,2024
13534,0.0,0.0,Não especializado,2024
13535,0.0,0.0,Não especializado,2024
13536,0.0,0.0,Não especializado,2024
13537,0.0,0.0,Não especializado,2024
13538,0.0,0.0,Não especializado,2024
13539,0.0,0.0,Não especializado,2024
13540,0.0,0.0,Não especializado,2024
13541,0.0,0.0,Não especializado,2024
13542,0.0,0.0,Não especializado,2024
13543,0.0,0.0,Não especializado,2024
13544,0.0,0.0,Não especializado,2024
13545,0.0,0.0,Não especializado,2024
13546,0.0,0.0,Não especializado,2024
13547,0.0,0.0,Não especializado,2024
13548,0.0,0.0,Não especializado,2024
13549,0.0,0.0,Não especializado,2024
13550,0.0,0.0,Não especializado,2024
13551,0.0,0.0,Não especializado,2024
13552,0.0,0.0,Não especializado,2024
13553,0.0,0.0,Não especializado,2024
13554,0.0,0.0,Não especializado,2024
13555,0.0,0.0,Não especializado,2024
13556,0.0,0.0,Não especializado,2024
13557,0.0,0.0,Não especializado,2024
13558,0.0,0.0,Não especializado,2024
13559,0.0,0.0,Não especializado,2024
13560,0.0,0.0,Não especializado,2024
13561,0.0,0.0,Não especializado,2024
13562,0.0,0.0,Não especializado,2024
13563,0.0,0.0,Não especializado,2024
13564,0.0,0.0,Não especializado,2024
13565,0.0,0.0,Não especializado,2024
13566,0.0,0.0,Não especializado,2024
13567,0.0,0.0,Não especializado,2024
13568,0.0,0.0,Não especializado,2024
13569,0.0,0.0,Não especializado,2024
13570,0.0,0.0,Não especializado,2024
14001,0.0,0.0,Não especializado,2024
14002,0.0,0.0,Não especializado,2024
14003,0.0,0.0,Não especializado,2024
14004,0.0,0.0,Não especializado,2024
14005,0.0,0.0,Não especializado,2024
14006,0.0,0.0,Não especializado,2024
14007,0.0,0.0,Não especializado,2024
14008,0.0,0.0,Não especializado,2024
14009,0.0,0.0,Não especializado,2024
14010,0.0,0.0,Não especializado,2024
14011,0.0,0.0,Não especializado,2024
14012,0.0,0.0,Não especializado,2024
14013,0.0,0.0,Não especializado,2024
14014,0.0,0.0,Não especializado,2024
14015,0.0,0.0,Não especializado,2024
14016,0.0,0.0,Não especializado,2024
14017,0.0,0.0,Não especializado,2024
14018,0.0,0.0,Não especializado,2024
14019,0.0,0.0,Não especializado,2024
14020,0.0,0.0,Não especializado,2024
14021,0.0,0.0,Não especializado,2024
14022,0.0,0.0,Não especializado,2024
14023,0.0,0.0,Não especializado,2024
14024,0.0,0.0,Não especializado,2024
14025,0.0,0.0,Não especializado,2024
14026,0.0,0.0,Não especializado,2024
14027,0.0,0.0,Não especializado,2024
14028,0.0,0.0,Não especializado,2024
14029,0.0,0.0,Não especializado,2024
14030,0.0,0.0,Não especializado,2024
14031,0.0,0.0,Não especializado,2024
14032,0.0,0.0,Não especializado,2024
14033,0.0,0.0,Não especializado,2024
14034,0.0,0.0,Não especializado,2024
14035,0.0,0.0,Não especializado,2024
14036,0.0,0.0,Não especializado,2024
14037,0.0,0.0,Não especializado,2024
14038,0.0,0.0,Não especializado,2024
14039,0.0,0.0,Não especializado,2024
14040,0.0,0.0,Não especializado,2024
14041,0.0,0.0,Não especializado,2024
14042,0.0,0.0,Não especializado,2024
14043,0.0,0.0,Não especializado,2024
14044,0.0,0.0,Não especializado,2024
14045,0.0,0.0,Não especializado,2024
14046,0.0,0.0,Não especializado,2024
14047,0.0,0.0,Não especializado,2024
14048,0.09870847663901461,3716.2162162162163,Não especializado,2024
14049,0.0,0.0,Não especializado,2024
14050,0.0,0.0,Não especializado,2024
14051,0.0,0.0,Não especializado,2024
14052,0.0,0.0,Não especializado,2024
14053,0.0,0.0,Não especializado,2024
14054,0.0,0.0,Não especializado,2024
14055,0.0,0.0,Não especializado,2024
14056,0.0,0.0,Não especializado,2024
14057,0.0,0.0,Não especializado,2024
14058,0.0,0.0,Não especializado,2024
14059,0.0,0.0,Não especializado,2024
14060,0.0,0.0,Não especializado,2024
14061,0.0,0.0,Não especializado,2024
14062,0.0,0.0,Não especializado,2024
14063,0.0,0.0,Não especializado,2024
14064,0.0,0.0,Não especializado,2024
14065,0.0,0.0,Não especializado,2024
14066,0.0,0.0,Não especializado,2024
14067,0.0,0.0,Não especializado,2024
14068,0.0,0.0,Não especializado,2024
14069,0.0,0.0,Não especializado,2024
14070,0.0,0.0,Não especializado,2024
14071,0.0,0.0,Não especializado,2024
14072,0.0,0.0,Não especializado,2024
14073,0.0,0.0,Não especializado,2024
14074,0.0,0.0,Não especializado,2024
14075,0.0,0.0,Não especializado,2024
14076,0.0,0.0,Não especializado,2024
14077,0.0,0.0,Não especializado,2024
14078,0.0,0.0,Não especializado,2024
14079,0.0,0.0,Não especializado,2024
14080,0.0,0.0,Não especializado,2024
14081,0.0,0.0,Não especializado,2024
14082,0.0,0.0,Não especializado,2024
14083,0.0,0.0,Não especializado,2024
14084,0.0,0.0,Não especializado,2024
14085,0.0,0.0,Não especializado,2024
14086,0.0,0.0,Não especializado,2024
14087,0.0,0.0,Não especializado,2024
14088,0.0,0.0,Não especializado,2024
14089,0.0,0.0,Não especializado,2024
14090,0.0,0.0,Não especializado,2024
14091,0.0,0.0,Não especializado,2024
14092,0.0,0.0,Não especializado,2024
14093,0.0,0.0,Não especializado,2024
14094,0.0,0.0,Não especializado,2024
14095,0.0,0.0,Não especializado,2024
14096,0.0,0.0,Não especializado,2024
14097,0.0,0.0,Não especializado,2024
14098,0.0,0.0,Não especializado,2024
14099,0.0,0.0,Não especializado,2024
14100,0.0,0.0,Não especializado,2024
14101,0.0,0.0,Não especializado,2024
14102,0.0,0.0,Não especializado,2024
14103,0.0,0.0,Não especializado,2024
14104,0.0,0.0,Não especializado,2024
14105,0.0,0.0,Não especializado,2024
14106,0.0,0.0,Não especializado,2024
14107,0.0,0.0,Não especializado,2024
14108,0.0,0.0,Não especializado,2024
14109,0.0,0.0,Não especializado,2024
14110,0.0,0.0,Não especializado,2024
14111,0.0,0.0,Não especializado,2024
14112,0.0,0.0,Não especializado,2024
14113,0.0,0.0,Não especializado,2024
14114,0.0,0.0,Não especializado,2024
14115,0.0,0.0,Não especializado,2024
14116,0.0,0.0,Não especializado,2024
14117,0.05136131742525553,3500.0,Não especializado,2024
14118,0.0,0.0,Não especializado,2024
14119,0.0,0.0,Não especializado,2024
14120,0.0,0.0,Não especializado,2024
14121,0.0,0.0,Não especializado,2024
14122,0.0,0.0,Não especializado,2024
14123,0.0,0.0,Não especializado,2024
14124,0.0,0.0,Não especializado,2024
14125,0.0,0.0,Não especializado,2024
14126,0.0,0.0,Não especializado,2024
14127,0.0,0.0,Não especializado,2024
14128,0.0,0.0,Não especializado,2024
14129,0.0,0.0,Não especializado,2024
14130,0.0,0.0,Não especializado,2024
14131,0.0,0.0,Não especializado,2024
14132,0.0,0.0,Não especializado,2024
14133,0.0,0.0,Não especializado,2024
14134,0.0,0.0,Não especializado,2024
14135,0.0,0.0,Não especializado,2024
14136,0.0,0.0,Não especializado,2024
14137,0.0,0.0,Não especializado,2024
14138,0.0,0.0,Não especializado,2024
14139,0.0,0.0,Não especializado,2024
14140,0.0,0.0,Não especializado,2024
14141,0.0,0.0,Não especializado,2024
14142,0.0,0.0,Não especializado,2024
14143,0.0,0.0,Não especializado,2024
14144,0.0,0.0,Não especializado,2024
14145,0.0,0.0,Não especializado,2024
14146,0.0,0.0,Não especializado,2024
14147,0.0,0.0,Não especializado,2024
14148,0.0,0.0,Não especializado,2024
14149,0.0,0.0,Não especializado,2024
14150,0.0,0.0,Não especializado,2024
14151,0.0,0.0,Não especializado,2024
14152,0.0,0.0,Não especializado,2024
14153,0.0,0.0,Não especializado,2024
14154,0.0,0.0,Não especializado,2024
14155,0.0,0.0,Não especializado,2024
14156,0.0,0.0,Não especializado,2024
14157,0.0,0.0,Não especializado,2024
14158,0.0,0.0,Não especializado,2024
14159,0.0,0.0,Não especializado,2024
14160,0.0,0.0,Não especializado,2024
14161,0.0,0.0,Não especializado,2024
14162,0.0,0.0,Não especializado,2024
14163,0.0,0.0,Não especializado,2024
14164,0.0,0.0,Não especializado,2024
14165,0.0,0.0,Não especializado,2024
14166,0.0,0.0,Não especializado,2024
14167,0.0,0.0,Não especializado,2024
14168,0.0,0.0,Não especializado,2024
14169,0.0,0.0,Não especializado,2024
14170,0.0,0.0,Não especializado,2024
14171,0.0,0.0,Não especializado,2024
14172,0.0,0.0,Não especializado,2024
14173,0.0,0.0,Não especializado,2024
14174,0.0,0.0,Não especializado,2024
14175,0.0,0.0,Não especializado,2024
14176,0.0,0.0,Não especializado,2024
14177,0.0,0.0,Não especializado,2024
14178,0.0,0.0,Não especializado,2024
14179,0.0,0.0,Não especializado,2024
14180,0.0,0.0,Não especializado,2024
14181,0.0,0.0,Não especializado,2024
14182,0.0,0.0,Não especializado,2024
14183,0.0,0.0,Não especializado,2024
14184,0.0,0.0,Não especializado,2024
14185,0.0,0.0,Não especializado,2024
14186,0.0,0.0,Não especializado,2024
14187,0.0,0.0,Não especializado,2024
14188,0.0,0.0,Não especializado,2024
14189,0.0,0.0,Não especializado,2024
14190,0.0,0.0,Não especializado,2024
14191,0.0,0.0,Não especializado,2024
14192,0.0,0.0,Não especializado,2024
14193,0.0,0.0,Não especializado,2024
14194,0.0,0.0,Não especializado,2024
14195,0.0,0.0,Não especializado,2024
14196,0.0,0.0,Não especializado,2024
14197,0.0,0.0,Não especializado,2024
14198,0.0,0.0,Não especializado,2024
14199,0.0,0.0,Não especializado,2024
14200,0.0,0.0,Não especializado,2024
14201,0.0,0.0,Não especializado,2024
14202,0.0,0.0,Não especializado,2024
14203,0.0,0.0,Não especializado,2024
14204,0.0,0.0,Não especializado,2024
14205,0.0,0.0,Não especializado,2024
14206,0.0,0.0,Não especializado,2024
14207,0.0,0.0,Não especializado,2024
14208,0.0,0.0,Não especializado,2024
14209,0.0,0.0,Não especializado,2024
14210,0.0,0.0,Não especializado,2024
14211,0.0,0.0,Não especializado,2024
14212,0.0,0.0,Não especializado,2024
14213,0.0,0.0,Não especializado,2024
14214,0.0,0.0,Não especializado,2024
14215,0.0,0.0,Não especializado,2024
14216,0.0,0.0,Não especializado,2024
14217,0.0,0.0,Não especializado,2024
14218,0.0,0.0,Não especializado,2024
14219,0.0,0.0,Não especializado,2024
14220,0.0,0.0,Não especializado,2024
14221,0.0,0.0,Não especializado,2024
14222,0.0,0.0,Não especializado,2024
14223,0.0,0.0,Não especializado,2024
14224,0.0,0.0,Não especializado,2024
14225,0.0,0.0,Não especializado,2024
14226,0.0,0.0,Não especializado,2024
14227,0.0,0.0,Não especializado,2024
14228,0.0,0.0,Não especializado,2024
14229,0.0,0.0,Não especializado,2024
14230,0.0,0.0,Não especializado,2024
14231,0.0,0.0,Não especializado,2024
14232,0.0,0.0,Não especializado,2024
14233,0.0,0.0,Não especializado,2024
14234,0.0,0.0,Não especializado,2024
14235,0.0,0.0,Não especializado,2024
14236,0.0,0.0,Não especializado,2024
14237,0.0,0.0,Não especializado,2024
14238,0.0,0.0,Não especializado,2024
14239,0.20993064086141178,2507.6923076923076,Não especializado,2024
14240,0.0,0.0,Não especializado,2024
14241,0.0,0.0,Não especializado,2024
14242,0.0,0.0,Não especializado,2024
14243,0.0,0.0,Não especializado,2024
14244,0.0,0.0,Não especializado,2024
14245,0.0,0.0,Não especializado,2024
14246,0.0,0.0,Não especializado,2024
14247,0.0,0.0,Não especializado,2024
14248,0.0,0.0,Não especializado,2024
14249,0.0,0.0,Não especializado,2024
14250,0.0,0.0,Não especializado,2024
14251,0.0,0.0,Não especializado,2024
14252,0.0,0.0,Não especializado,2024
14253,0.0,0.0,Não especializado,2024
14254,0.0,0.0,Não especializado,2024
14255,0.0,0.0,Não especializado,2024
14256,0.0,0.0,Não especializado,2024
14257,0.0,0.0,Não especializado,2024
14258,0.0,0.0,Não especializado,2024
14259,0.0,0.0,Não especializado,2024
14260,0.0,0.0,Não especializado,2024
14261,0.0,0.0,Não especializado,2024
14262,0.0,0.0,Não especializado,2024
14263,0.0,0.0,Não especializado,2024
14264,0.0,0.0,Não especializado,2024
14265,0.0,0.0,Não especializado,2024
14266,0.0,0.0,Não especializado,2024
14267,0.0,0.0,Não especializado,2024
14268,0.0,0.0,Não especializado,2024
14269,0.0,0.0,Não especializado,2024
14270,0.0,0.0,Não especializado,2024
14271,0.0,0.0,Não especializado,2024
14272,0.0,0.0,Não especializado,2024
14273,0.0,0.0,Não especializado,2024
14274,0.0,0.0,Não especializado,2024
14275,0.0,0.0,Não especializado,2024
14276,0.0,0.0,Não especializado,2024
14277,0.0,0.0,Não especializado,2024
14278,0.0,0.0,Não especializado,2024
14279,0.0,0.0,Não especializado,2024
14280,0.0,0.0,Não especializado,2024
14281,0.0,0.0,Não especializado,2024
14282,0.0,0.0,Não especializado,2024
14283,0.0,0.0,Não especializado,2024
14284,0.0,0.0,Não especializado,2024
14285,0.0,0.0,Não especializado,2024
14286,0.0,0.0,Não especializado,2024
14287,0.0,0.0,Não especializado,2024
14288,0.0,0.0,Não especializado,2024
14289,0.0,0.0,Não especializado,2024
14290,0.0,0.0,Não especializado,2024
14291,0.0,0.0,Não especializado,2024
14292,0.0,0.0,Não especializado,2024
14293,0.0,0.0,Não especializado,2024
14294,0.0,0.0,Não especializado,2024
14295,0.0,0.0,Não especializado,2024
14296,0.0,0.0,Não especializado,2024
14297,0.0,0.0,Não especializado,2024
14298,0.0,0.0,Não especializado,2024
14299,0.0,0.0,Não especializado,2024
14300,0.0,0.0,Não especializado,2024
14301,0.0,0.0,Não especializado,2024
14302,0.0,0.0,Não especializado,2024
14303,0.0,0.0,Não especializado,2024
14304,0.0,0.0,Não especializado,2024
14305,0.0,0.0,Não especializado,2024
14306,0.0,0.0,Não especializado,2024
14307,0.0,0.0,Não especializado,2024
14308,0.0,0.0,Não especializado,2024
14309,0.0,0.0,Não especializado,2024
14310,0.0,0.0,Não especializado,2024
14311,0.0,0.0,Não especializado,2024
14312,0.0,0.0,Não especializado,2024
14313,0.0,0.0,Não especializado,2024
14314,0.0,0.0,Não especializado,2024
14315,0.0,0.0,Não especializado,2024
14316,0.0,0.0,Não especializado,2024
14317,0.0,0.0,Não especializado,2024
14318,0.0,0.0,Não especializado,2024
14319,0.0,0.0,Não especializado,2024
14320,0.0,0.0,Não especializado,2024
14321,0.0,0.0,Não especializado,2024
14322,0.0,0.0,Não especializado,2024
14323,0.0,0.0,Não especializado,2024
14324,0.0,0.0,Não especializado,2024
14325,0.0,0.0,Não especializado,2024
14326,0.0,0.0,Não especializado,2024
14327,0.0,0.0,Não especializado,2024
14328,0.0,0.0,Não especializado,2024
14329,0.0,0.0,Não especializado,2024
14330,0.0,0.0,Não especializado,2024
14331,0.0,0.0,Não especializado,2024
14332,0.0,0.0,Não especializado,2024
14333,0.0,0.0,Não especializado,2024
14334,0.0,0.0,Não especializado,2024
14335,0.0,0.0,Não especializado,2024
14336,0.0,0.0,Não especializado,2024
14337,0.0,0.0,Não especializado,2024
14338,0.0,0.0,Não especializado,2024
14339,0.0,0.0,Não especializado,2024
14340,0.0,0.0,Não especializado,2024
14341,0.0,0.0,Não especializado,2024
14342,0.0,0.0,Não especializado,2024
14343,0.0,0.0,Não especializado,2024
14344,0.0,0.0,Não especializado,2024
14345,0.0,0.0,Não especializado,2024
14346,0.0,0.0,Não especializado,2024
14347,0.0,0.0,Não especializado,2024
14348,0.0,0.0,Não especializado,2024
14349,0.0,0.0,Não especializado,2024
14350,0.0,0.0,Não especializado,2024
14351,0.0,0.0,Não especializado,2024
14352,0.0,0.0,Não especializado,2024
14353,0.0,0.0,Não especializado,2024
14354,0.0,0.0,Não especializado,2024
14355,0.0,0.0,Não especializado,2024
14356,0.0,0.0,Não especializado,2024
14357,0.0,0.0,Não especializado,2024
14358,0.0,0.0,Não especializado,2024
14359,0.0,0.0,Não especializado,2024
14360,0.0,0.0,Não especializado,2024
14361,0.0,0.0,Não especializado,2024
14362,0.0,0.0,Não especializado,2024
14363,0.0,0.0,Não especializado,2024
14364,0.0,0.0,Não especializado,2024
14365,0.0,0.0,Não especializado,2024
14366,0.0,0.0,Não especializado,2024
14367,0.0,0.0,Não especializado,2024
14368,0.0,0.0,Não especializado,2024
14369,0.0,0.0,Não especializado,2024
14370,0.0,0.0,Não especializado,2024
14371,0.0,0.0,Não especializado,2024
14372,0.0,0.0,Não especializado,2024
14373,0.0,0.0,Não especializado,2024
14374,0.0,0.0,Não especializado,2024
14375,0.0,0.0,Não especializado,2024
14376,0.0,0.0,Não especializado,2024
14377,0.0,0.0,Não especializado,2024
14378,0.0,0.0,Não especializado,2024
14379,0.0,0.0,Não especializado,2024
14380,0.0,0.0,Não especializado,2024
14381,0.0,0.0,Não especializado,2024
14382,0.0,0.0,Não especializado,2024
14383,0.0,0.0,Não especializado,2024
14384,0.0,0.0,Não especializado,2024
14385,0.0,0.0,Não especializado,2024
14386,0.0,0.0,Não especializado,2024
14387,0.0,0.0,Não especializado,2024
14388,0.0,0.0,Não especializado,2024
14389,0.0,0.0,Não especializado,2024
14390,0.0,0.0,Não especializado,2024
14391,0.0,0.0,Não especializado,2024
14392,0.0,0.0,Não especializado,2024
14393,0.0,0.0,Não especializado,2024
14394,0.0,0.0,Não especializado,2024
14395,0.0,0.0,Não especializado,2024
14396,0.0,0.0,Não especializado,2024
14397,0.0,0.0,Não especializado,2024
14398,0.0,0.0,Não especializado,2024
14399,0.0,0.0,Não especializado,2024
14400,0.0,0.0,Não especializado,2024
14401,0.0,0.0,Não especializado,2024
14402,0.0,0.0,Não especializado,2024
14403,0.0,0.0,Não especializado,2024
14404,0.0,0.0,Não especializado,2024
14405,0.0,0.0,Não especializado,2024
14406,0.0,0.0,Não especializado,2024
14407,0.0,0.0,Não especializado,2024
14408,0.0,0.0,Não especializado,2024
14409,0.0,0.0,Não especializado,2024
14410,0.0,0.0,Não especializado,2024
14411,0.0,0.0,Não especializado,2024
14412,0.0,0.0,Não especializado,2024
14413,0.0,0.0,Não especializado,2024
14414,0.0,0.0,Não especializado,2024
14415,0.0,0.0,Não especializado,2024
14416,0.0,0.0,Não especializado,2024
14417,0.0,0.0,Não especializado,2024
14418,0.0,0.0,Não especializado,2024
14419,0.0,0.0,Não especializado,2024
14420,0.0,0.0,Não especializado,2024
14421,0.0,0.0,Não especializado,2024
14422,0.0,0.0,Não especializado,2024
14423,0.0,0.0,Não especializado,2024
14424,0.0,0.0,Não especializado,2024
14425,0.0,0.0,Não especializado,2024
14426,0.0,0.0,Não especializado,2024
14427,0.0,0.0,Não especializado,2024
14428,0.0,0.0,Não especializado,2024
14429,0.0,0.0,Não especializado,2024
14430,0.0,0.0,Não especializado,2024
14431,0.0,0.0,Não especializado,2024
14432,0.0,0.0,Não especializado,2024
14433,0.0,0.0,Não especializado,2024
14434,0.0,0.0,Não especializado,2024
14435,0.0,0.0,Não especializado,2024
14436,0.0,0.0,Não especializado,2024
14437,0.0,0.0,Não especializado,2024
14438,0.0,0.0,Não especializado,2024
14439,0.0,0.0,Não especializado,2024
14440,0.0,0.0,Não especializado,2024
14441,0.0,0.0,Não especializado,2024
14442,0.0,0.0,Não especializado,2024
14443,0.0,0.0,Não especializado,2024
14444,0.0,0.0,Não especializado,2024
14445,0.0,0.0,Não especializado,2024
14446,0.0,0.0,Não especializado,2024
14447,0.0,0.0,Não especializado,2024
14448,0.0,0.0,Não especializado,2024
14449,0.0,0.0,Não especializado,2024
14450,0.0,0.0,Não especializado,2024
14451,0.0,0.0,Não especializado,2024
14452,0.0,0.0,Não especializado,2024
14453,0.0,0.0,Não especializado,2024
14454,0.0,0.0,Não especializado,2024
14455,0.0,0.0,Não especializado,2024
14456,0.0,0.0,Não especializado,2024
14457,0.0,0.0,Não especializado,2024
14458,0.0,0.0,Não especializado,2024
14459,0.0,0.0,Não especializado,2024
14460,0.0,0.0,Não especializado,2024
14461,0.0,0.0,Não especializado,2024
14462,0.0,0.0,Não especializado,2024
14463,0.0,0.0,Não especializado,2024
14464,0.0,0.0,Não especializado,2024
14465,0.0,0.0,Não especializado,2024
14466,0.0,0.0,Não especializado,2024
14467,0.0,0.0,Não especializado,2024
14468,0.0,0.0,Não especializado,2024
14469,0.0,0.0,Não especializado,2024
14470,0.0,0.0,Não especializado,2024
14471,0.0,0.0,Não especializado,2024
14472,0.0,0.0,Não especializado,2024
14473,0.0,0.0,Não especializado,2024
14474,0.0,0.0,Não especializado,2024
14475,0.0,0.0,Não especializado,2024
14476,0.0,0.0,Não especializado,2024
14477,0.0,0.0,Não especializado,2024
14478,0.0,0.0,Não especializado,2024
14479,0.0,0.0,Não especializado,2024
14480,0.0,0.0,Não especializado,2024
15001,0.0,0.0,Não especializado,2024
15002,0.0,0.0,Não especializado,2024
15003,0.0,0.0,Não especializado,2024
15004,0.0,0.0,Não especializado,2024
15005,0.0,0.0,Não especializado,2024
15006,0.0,0.0,Não especializado,2024
15007,0.0,0.0,Não especializado,2024
15008,0.0,0.0,Não especializado,2024
15009,0.0,0.0,Não especializado,2024
15010,0.0,0.0,Não especializado,2024
15011,0.0,0.0,Não especializado,2024
15012,0.0,0.0,Não especializado,2024
15013,0.0,0.0,Não especializado,2024
15014,0.0,0.0,Não especializado,2024
15015,0.0,0.0,Não especializado,2024
15016,0.0,0.0,Não especializado,2024
15017,0.0,0.0,Não especializado,2024
15018,0.0,0.0,Não especializado,2024
15019,0.0,0.0,Não especializado,2024
15020,0.0,0.0,Não especializado,2024
15021,0.0,0.0,Não especializado,2024
15022,0.0,0.0,Não especializado,2024
15023,0.0,0.0,Não especializado,2024
15024,0.0,0.0,Não especializado,2024
15025,0.0,0.0,Não especializado,2024
15026,0.0,0.0,Não especializado,2024
15027,0.0,0.0,Não especializado,2024
15028,0.0,0.0,Não especializado,2024
15029,0.0,0.0,Não especializado,2024
15030,0.0,0.0,Não especializado,2024
15031,0.0,0.0,Não especializado,2024
15032,0.0,0.0,Não especializado,2024
15033,0.0,0.0,Não especializado,2024
15034,0.0,0.0,Não especializado,2024
15035,0.0,0.0,Não especializado,2024
15036,0.0,0.0,Não especializado,2024
15037,0.0,0.0,Não especializado,2024
15038,0.0,0.0,Não especializado,2024
15039,0.0,0.0,Não especializado,2024
15040,0.0,0.0,Não especializado,2024
15041,0.0,0.0,Não especializado,2024
15042,0.0,0.0,Não especializado,2024
15043,0.0,0.0,Não especializado,2024
15044,0.0,0.0,Não especializado,2024
15045,0.0,0.0,Não especializado,2024
15046,0.0,0.0,Não especializado,2024
15047,0.0,0.0,Não especializado,2024
15048,0.0,0.0,Não especializado,2024
15049,0.0,0.0,Não especializado,2024
15050,0.0,0.0,Não especializado,2024
15051,0.0,0.0,Não especializado,2024
15052,0.0,0.0,Não especializado,2024
15053,0.0,0.0,Não especializado,2024
15054,0.0,0.0,Não especializado,2024
15055,0.0,0.0,Não especializado,2024
15056,0.0,0.0,Não especializado,2024
15057,0.0,0.0,Não especializado,2024
15058,0.0,0.0,Não especializado,2024
15059,0.0,0.0,Não especializado,2024
15060,0.0,0.0,Não especializado,2024
15061,0.0,0.0,Não especializado,2024
15062,0.0,0.0,Não especializado,2024
15063,0.0,0.0,Não especializado,2024
15064,0.0,0.0,Não especializado,2024
15065,0.0,0.0,Não especializado,2024
15066,0.0,0.0,Não especializado,2024
15067,0.0,0.0,Não especializado,2024
15068,0.0,0.0,Não especializado,2024
15069,0.0,0.0,Não especializado,2024
15070,0.0,0.0,Não especializado,2024
15071,0.0,0.0,Não especializado,2024
15072,0.0,0.0,Não especializado,2024
15073,0.0,0.0,Não especializado,2024
15074,0.0,0.0,Não especializado,2024
15075,0.0,0.0,Não especializado,2024
15076,0.0,0.0,Não especializado,2024
15077,0.0,0.0,Não especializado,2024
15078,0.0,0.0,Não especializado,2024
15079,0.0,0.0,Não especializado,2024
15080,0.0,0.0,Não especializado,2024
15081,0.0,0.0,Não especializado,2024
15082,0.0,0.0,Não especializado,2024
15083,0.0,0.0,Não especializado,2024
15084,0.0,0.0,Não especializado,2024
15085,0.0,0.0,Não especializado,2024
15086,0.0,0.0,Não especializado,2024
15087,0.0,0.0,Não especializado,2024
15088,0.0,0.0,Não especializado,2024
15089,0.0,0.0,Não especializado,2024
15090,0.0,0.0,Não especializado,2024
15091,0.0,0.0,Não especializado,2024
15092,0.0,0.0,Não especializado,2024
15093,0.0,0.0,Não especializado,2024
15094,0.0,0.0,Não especializado,2024
15095,0.0,0.0,Não especializado,2024
15096,0.0,0.0,Não especializado,2024
15097,0.0,0.0,Não especializado,2024
15098,0.0,0.0,Não especializado,2024
15099,0.0,0.0,Não especializado,2024
15100,0.0,0.0,Não especializado,2024
15101,0.0,0.0,Não especializado,2024
15102,0.0,0.0,Não especializado,2024
15103,0.0,0.0,Não especializado,2024
15104,0.0,0.0,Não especializado,2024
15105,0.0,0.0,Não especializado,2024
15106,0.0,0.0,Não especializado,2024
15107,0.0,0.0,Não especializado,2024
15108,0.0,0.0,Não especializado,2024
15109,0.0,0.0,Não especializado,2024
15110,0.0,0.0,Não especializado,2024
15111,0.0,0.0,Não especializado,2024
15112,0.0,0.0,Não especializado,2024
15113,0.0,0.0,Não especializado,2024
15114,0.0,0.0,Não especializado,2024
15115,0.0,0.0,Não especializado,2024
15116,0.0,0.0,Não especializado,2024
15117,0.0,0.0,Não especializado,2024
15118,0.0,0.0,Não especializado,2024
15119,0.0,0.0,Não especializado,2024
15120,0.0,0.0,Não especializado,2024
15121,0.0,0.0,Não especializado,2024
15122,0.0,0.0,Não especializado,2024
15123,0.0,0.0,Não especializado,2024
15124,0.0,0.0,Não especializado,2024
15125,0.0,0.0,Não especializado,2024
15126,0.0,0.0,Não especializado,2024
15127,0.0,0.0,Não especializado,2024
15128,0.0,0.0,Não especializado,2024
15129,0.0,0.0,Não especializado,2024
15130,0.0,0.0,Não especializado,2024
15131,0.0,0.0,Não especializado,2024
15132,0.0,0.0,Não especializado,2024
15133,0.0,0.0,Não especializado,2024
15134,0.0,0.0,Não especializado,2024
15135,0.0,0.0,Não especializado,2024
15136,0.0,0.0,Não especializado,2024
15137,0.0,0.0,Não especializado,2024
15138,0.0,0.0,Não especializado,2024
15139,0.0,0.0,Não especializado,2024
15140,0.0,0.0,Não especializado,2024
15141,0.0,0.0,Não especializado,2024
15142,0.0,0.0,Não especializado,2024
15143,0.0,0.0,Não especializado,2024
15144,0.0,0.0,Não especializado,2024
15145,0.0,0.0,Não especializado,2024
15146,0.0,0.0,Não especializado,2024
15147,0.0,0.0,Não especializado,2024
15148,0.0,0.0,Não especializado,2024
15149,0.0,0.0,Não especializado,2024
15150,0.0,0.0,Não especializado,2024
15151,0.0,0.0,Não especializado,2024
15152,0.0,0.0,Não especializado,2024
15153,0.0,0.0,Não especializado,2024
15154,0.0,0.0,Não especializado,2024
15155,0.0,0.0,Não especializado,2024
15156,0.0,0.0,Não especializado,2024
15157,0.0,0.0,Não especializado,2024
15158,0.0,0.0,Não especializado,2024
15159,0.0,0.0,Não especializado,2024
15160,0.0,0.0,Não especializado,2024
15161,0.0,0.0,Não especializado,2024
15162,0.0,0.0,Não especializado,2024
15163,0.0,0.0,Não especializado,2024
15164,0.0,0.0,Não especializado,2024
15165,0.0,0.0,Não especializado,2024
15166,0.0,0.0,Não especializado,2024
15167,0.0,0.0,Não especializado,2024
15168,0.0,0.0,Não especializado,2024
15169,0.0,0.0,Não especializado,2024
15170,0.0,0.0,Não especializado,2024
15171,0.0,0.0,Não especializado,2024
15172,0.0,0.0,Não especializado,2024
15173,0.0,0.0,Não especializado,2024
15174,0.0,0.0,Não especializado,2024
15175,0.0,0.0,Não especializado,2024
15176,0.0,0.0,Não especializado,2024
15177,0.0,0.0,Não especializado,2024
15178,0.0,0.0,Não especializado,2024
15179,0.0,0.0,Não especializado,2024
15180,0.0,0.0,Não especializado,2024
15181,0.0,0.0,Não especializado,2024
15182,0.0,0.0,Não especializado,2024
15183,0.0,0.0,Não especializado,2024
15184,0.0,0.0,Não especializado,2024
15185,0.0,0.0,Não especializado,2024
15186,0.0,0.0,Não especializado,2024
15187,0.0,0.0,Não especializado,2024
15188,0.0,0.0,Não especializado,2024
15189,0.0,0.0,Não especializado,2024
16001,0.0,0.0,Não especializado,2024
16002,0.0,0.0,Não especializado,2024
16003,0.0,0.0,Não especializado,2024
16004,0.0,0.0,Não especializado,2024
16005,0.0,0.0,Não especializado,2024
16006,0.22079502797991027,3235.0746268656717,Não especializado,2024
16007,0.0,0.0,Não especializado,2024
16008,0.0,0.0,Não especializado,2024
16009,0.0,0.0,Não especializado,2024
16010,0.0,0.0,Não especializado,2024
16011,0.0,0.0,Não especializado,2024
16012,0.0,0.0,Não especializado,2024
16013,0.0,0.0,Não especializado,2024
16014,0.47698369802342244,3345.038167938931,Não especializado,2024
16015,0.0,0.0,Não especializado,2024
16016,0.0,0.0,Não especializado,2024
16017,0.0,0.0,Não especializado,2024
16018,0.0,0.0,Não especializado,2024
16019,0.0,0.0,Não especializado,2024
16020,0.0,0.0,Não especializado,2024
16021,0.0,0.0,Não especializado,2024
16022,0.0,0.0,Não especializado,2024
16023,4.391161337700718,3760.0,Alta espec. / Alta produt.,2024
16024,0.0,0.0,Não especializado,2024
16025,0.0,0.0,Não especializado,2024
16026,0.02666207451108561,4000.0,Não especializado,2024
16027,0.0,0.0,Não especializado,2024
16028,0.0,0.0,Não especializado,2024
16029,0.0,0.0,Não especializado,2024
16030,0.0,0.0,Não especializado,2024
16031,0.0,0.0,Não especializado,2024
16032,0.0,0.0,Não especializado,2024
16033,0.0,0.0,Não especializado,2024
16034,0.0,0.0,Não especializado,2024
16035,0.0,0.0,Não especializado,2024
16036,0.0,0.0,Não especializado,2024
16037,0.0,0.0,Não especializado,2024
16038,0.0,0.0,Não especializado,2024
16039,0.0,0.0,Não especializado,2024
16040,0.0,0.0,Não especializado,2024
16041,0.11809024516326308,3924.576271186441,Não especializado,2024
16042,0.0,0.0,Não especializado,2024
16043,0.0,0.0,Não especializado,2024
16044,0.0,0.0,Não especializado,2024
16045,1.0941730285964624,3830.5830583058305,Baixa espec. / Alta produt.,2024
16046,0.0,0.0,Não especializado,2024
16047,0.0,0.0,Não especializado,2024
16048,0.0,0.0,Não especializado,2024
16049,0.0,0.0,Não especializado,2024
16050,0.0,0.0,Não especializado,2024
16051,0.0,0.0,Não especializado,2024
16052,0.0,0.0,Não especializado,2024
16053,0.0,0.0,Não especializado,2024
16054,0.0,0.0,Não especializado,2024
16055,0.0,0.0,Não especializado,2024
16056,0.06991003072581278,3955.8333333333335,Não especializado,2024
16057,0.871710226671509,4064.0,Não especializado,2024
16058,0.0,0.0,Não especializado,2024
16059,0.0,0.0,Não especializado,2024
16060,0.0,0.0,Não especializado,2024
16061,0.0,0.0,Não especializado,2024
16062,0.0,0.0,Não especializado,2024
16063,0.0,0.0,Não especializado,2024
16064,0.0,0.0,Não especializado,2024
16065,0.0,0.0,Não especializado,2024
16066,0.0,0.0,Não especializado,2024
16067,0.0,0.0,Não especializado,2024
16068,0.0,0.0,Não especializado,2024
16069,0.0,0.0,Não especializado,2024
16070,0.0,0.0,Não especializado,2024
16071,0.0,0.0,Não especializado,2024
16072,0.0,0.0,Não especializado,2024
16073,5.56342307539976,4049.671977507029,Alta espec. / Alta produt.,2024
16074,0.0,0.0,Não especializado,2024
16075,0.0,0.0,Não especializado,2024
16076,0.5373025383414262,1822.7146814404432,Não especializado,2024
16077,0.0,0.0,Não especializado,2024
16078,0.0,0.0,Não especializado,2024
16079,0.020234668930790796,3900.0,Não especializado,2024
16080,0.0,0.0,Não especializado,2024
16081,0.1450586499494173,3550.4,Não especializado,2024
16082,0.0,0.0,Não especializado,2024
16083,0.0,0.0,Não especializado,2024
16084,0.0,0.0,Não especializado,2024
16085,0.0,0.0,Não especializado,2024
16086,0.0,0.0,Não especializado,2024
16087,0.0,0.0,Não especializado,2024
16088,0.0,0.0,Não especializado,2024
16089,0.0,0.0,Não especializado,2024
16090,0.11956902571422597,4011.688311688312,Não especializado,2024
16091,0.0,0.0,Não especializado,2024
16092,0.0,0.0,Não especializado,2024
16093,0.0,0.0,Não especializado,2024
16094,0.0,0.0,Não especializado,2024
16095,0.6689270255793957,3564.0776699029125,Não especializado,2024
16096,0.0,0.0,Não especializado,2024
16097,0.0,0.0,Não especializado,2024
16098,0.0,0.0,Não especializado,2024
16099,0.6511418176586247,4469.873417721519,Não especializado,2024
16100,0.0,0.0,Não especializado,2024
16101,0.0,0.0,Não especializado,2024
16102,0.0,0.0,Não especializado,2024
16103,0.0,0.0,Não especializado,2024
16104,0.0,0.0,Não especializado,2024
16105,0.0,0.0,Não especializado,2024
16106,0.0,0.0,Não especializado,2024
16107,0.0,0.0,Não especializado,2024
16108,0.0,0.0,Não especializado,2024
16109,0.0,0.0,Não especializado,2024
16110,0.0,0.0,Não especializado,2024
16111,0.0,0.0,Não especializado,2024
16112,0.0,0.0,Não especializado,2024
16113,0.0,0.0,Não especializado,2024
16114,0.0,0.0,Não especializado,2024
16115,0.0,0.0,Não especializado,2024
16116,0.0,0.0,Não especializado,2024
16117,0.0,0.0,Não especializado,2024
16118,0.0,0.0,Não especializado,2024
16119,0.0,0.0,Não especializado,2024
16120,0.0,0.0,Não especializado,2024
16121,0.20480101128142159,3850.4761904761904,Não especializado,2024
16122,0.0,0.0,Não especializado,2024
16123,0.0,0.0,Não especializado,2024
16124,0.0,0.0,Não especializado,2024
16125,0.0,0.0,Não especializado,2024
16126,0.0,0.0,Não especializado,2024
16127,0.0,0.0,Não especializado,2024
16128,0.0,0.0,Não especializado,2024
16129,0.0,0.0,Não especializado,2024
16130,0.0,0.0,Não especializado,2024
16131,0.0,0.0,Não especializado,2024
16132,0.0,0.0,Não especializado,2024
16133,0.0,0.0,Não especializado,2024
16134,0.0,0.0,Não especializado,2024
16135,0.0,0.0,Não especializado,2024
16136,0.0,0.0,Não especializado,2024
16137,0.0,0.0,Não especializado,2024
16138,0.0,0.0,Não especializado,2024
16139,0.0,0.0,Não especializado,2024
16140,0.0,0.0,Não especializado,2024
16141,0.0,0.0,Não especializado,2024
16142,0.0,0.0,Não especializado,2024
16143,0.0,0.0,Não especializado,2024
16144,0.0,0.0,Não especializado,2024
16145,0.0,0.0,Não especializado,2024
16146,0.0,0.0,Não especializado,2024
16147,0.6147446036727569,4049.5049504950493,Não especializado,2024
16148,0.0,0.0,Não especializado,2024
16149,0.0,0.0,Não especializado,2024
16150,0.0,0.0,Não especializado,2024
16151,0.0,0.0,Não especializado,2024
16152,0.0,0.0,Não especializado,2024
16153,0.0,0.0,Não especializado,2024
16154,0.0,0.0,Não especializado,2024
16155,0.07829177280537003,5097.5609756097565,Não especializado,2024
16156,0.0,0.0,Não especializado,2024
16157,0.0,0.0,Não especializado,2024
16158,0.0,0.0,Não especializado,2024
16159,0.0,0.0,Não especializado,2024
16160,0.0,0.0,Não especializado,2024
16161,0.0,0.0,Não especializado,2024
16162,0.0,0.0,Não especializado,2024
16163,0.0,0.0,Não especializado,2024
16164,0.0,0.0,Não especializado,2024
16165,0.0,0.0,Não especializado,2024
16166,0.0,0.0,Não especializado,2024
16167,0.0,0.0,Não especializado,2024
16168,0.0,0.0,Não especializado,2024
16169,0.0,0.0,Não especializado,2024
16170,0.0,0.0,Não especializado,2024
16171,0.0,0.0,Não especializado,2024
16172,0.0,0.0,Não especializado,2024
16173,0.0,0.0,Não especializado,2024
16174,0.0,0.0,Não especializado,2024
16175,0.0,0.0,Não especializado,2024
16176,0.07612935007320068,5100.0,Não especializado,2024
16177,0.0,0.0,Não especializado,2024
16178,0.0,0.0,Não especializado,2024
16179,0.0,0.0,Não especializado,2024
16180,0.0,0.0,Não especializado,2024
16181,0.0,0.0,Não especializado,2024
16182,0.0,0.0,Não especializado,2024
16183,0.0,0.0,Não especializado,2024
16184,0.0,0.0,Não especializado,2024
16185,0.0,0.0,Não especializado,2024
16186,0.0,0.0,Não especializado,2024
16187,0.29159720698704616,3800.0,Não especializado,2024
16188,0.0,0.0,Não especializado,2024
16189,0.0,0.0,Não especializado,2024
16190,0.0,0.0,Não especializado,2024
16191,0.0,0.0,Não especializado,2024
16192,0.0,0.0,Não especializado,2024
16193,0.0,0.0,Não especializado,2024
16194,0.0,0.0,Não especializado,2024
16195,0.0,0.0,Não especializado,2024
16196,0.0,0.0,Não especializado,2024
16197,0.0,0.0,Não especializado,2024
16198,0.0,0.0,Não especializado,2024
16199,0.0,0.0,Não especializado,2024
16200,0.0,0.0,Não especializado,2024
16201,0.0,0.0,Não especializado,2024
16202,0.0,0.0,Não especializado,2024
16203,0.0,0.0,Não especializado,2024
2001,0.0,0.0,Não especializado,2024
2002,0.0,0.0,Não especializado,2024
2003,0.0,0.0,Não especializado,2024
2004,0.0,0.0,Não especializado,2024
2005,0.0,0.0,Não especializado,2024
2006,0.0,0.0,Não especializado,2024
2007,0.0,0.0,Não especializado,2024
2008,0.0,0.0,Não especializado,2024
2009,0.0,0.0,Não especializado,2024
2010,0.0,0.0,Não especializado,2024
2011,0.0,0.0,Não especializado,2024
2012,0.0,0.0,Não especializado,2024
2013,0.0,0.0,Não especializado,2024
2014,0.0,0.0,Não especializado,2024
2015,0.0,0.0,Não especializado,2024
2016,0.0,0.0,Não especializado,2024
2017,0.0,0.0,Não especializado,2024
2018,0.0,0.0,Não especializado,2024
2019,0.0,0.0,Não especializado,2024
2020,0.0,0.0,Não especializado,2024
2021,0.0,0.0,Não especializado,2024
2022,0.0,0.0,Não especializado,2024
2023,0.0,0.0,Não especializado,2024
2024,0.0,0.0,Não especializado,2024
2025,0.0,0.0,Não especializado,2024
2026,0.0,0.0,Não especializado,2024
2027,0.0,0.0,Não especializado,2024
2028,0.0,0.0,Não especializado,2024
2029,0.0,0.0,Não especializado,2024
2030,0.0,0.0,Não especializado,2024
2031,0.0,0.0,Não especializado,2024
2032,0.0,0.0,Não especializado,2024
2033,0.0,0.0,Não especializado,2024
2034,0.0,0.0,Não especializado,2024
2035,0.0,0.0,Não especializado,2024
2036,0.0,0.0,Não especializado,2024
2037,0.0,0.0,Não especializado,2024
2038,0.0,0.0,Não especializado,2024
2039,0.0,0.0,Não especializado,2024
2040,0.0,0.0,Não especializado,2024
2041,0.0,0.0,Não especializado,2024
2042,0.0,0.0,Não especializado,2024
2043,0.0,0.0,Não especializado,2024
2044,0.0,0.0,Não especializado,2024
2045,0.0,0.0,Não especializado,2024
2046,0.0,0.0,Não especializado,2024
2047,0.0,0.0,Não especializado,2024
2048,0.0,0.0,Não especializado,2024
2049,0.0,0.0,Não especializado,2024
2050,0.0,0.0,Não especializado,2024
2051,0.0,0.0,Não especializado,2024
2052,0.0,0.0,Não especializado,2024
2053,0.0,0.0,Não especializado,2024
2054,0.0,0.0,Não especializado,2024
2055,0.0,0.0,Não especializado,2024
2056,0.0,0.0,Não especializado,2024
2057,0.0,0.0,Não especializado,2024
2058,0.0,0.0,Não especializado,2024
2059,0.0,0.0,Não especializado,2024
2061,0.0,0.0,Não especializado,2024
2062,0.028128375985814906,4500.0,Não especializado,2024
2063,0.0,0.0,Não especializado,2024
2064,0.0,0.0,Não especializado,2024
2065,0.0,0.0,Não especializado,2024
2066,0.0,0.0,Não especializado,2024
2067,0.0,0.0,Não especializado,2024
2068,0.0,0.0,Não especializado,2024
2069,0.0,0.0,Não especializado,2024
2070,0.0,0.0,Não especializado,2024
2071,0.0,0.0,Não especializado,2024
2072,0.0,0.0,Não especializado,2024
2073,0.0,0.0,Não especializado,2024
2074,0.0,0.0,Não especializado,2024
2075,0.0,0.0,Não especializado,2024
2076,0.0,0.0,Não especializado,2024
21001,0.0,0.0,Não especializado,2024
21002,0.0,0.0,Não especializado,2024
21003,0.0,0.0,Não especializado,2024
21004,0.0,0.0,Não especializado,2024
21005,0.0,0.0,Não especializado,2024
3001,0.0,0.0,Não especializado,2024
3002,0.0,0.0,Não especializado,2024
3003,0.0,0.0,Não especializado,2024
3004,0.0,0.0,Não especializado,2024
3005,0.0,0.0,Não especializado,2024
3006,0.0,0.0,Não especializado,2024
3007,0.0,0.0,Não especializado,2024
3008,0.0,0.0,Não especializado,2024
3009,0.0,0.0,Não especializado,2024
3010,0.0,0.0,Não especializado,2024
3011,0.0,0.0,Não especializado,2024
3012,0.0,0.0,Não especializado,2024
3013,0.0,0.0,Não especializado,2024
3014,0.0,0.0,Não especializado,2024
3015,0.0,0.0,Não especializado,2024
3016,0.0,0.0,Não especializado,2024
3017,0.0,0.0,Não especializado,2024
3018,0.0,0.0,Não especializado,2024
3019,0.0,0.0,Não especializado,2024
3020,1.9024393655669214,4111.913357400722,Baixa espec. / Alta produt.,2024
3021,0.0,0.0,Não especializado,2024
3022,0.0,0.0,Não especializado,2024
3023,0.0,0.0,Não especializado,2024
3024,0.0,0.0,Não especializado,2024
3025,0.0,0.0,Não especializado,2024
3026,0.0,0.0,Não especializado,2024
3027,0.0,0.0,Não especializado,2024
3028,0.0,0.0,Não especializado,2024
3029,0.0,0.0,Não especializado,2024
3030,0.0,0.0,Não especializado,2024
3031,0.0,0.0,Não especializado,2024
3032,0.0,0.0,Não especializado,2024
3033,0.0,0.0,Não especializado,2024
3034,0.0,0.0,Não especializado,2024
3035,0.0,0.0,Não especializado,2024
3036,0.0,0.0,Não especializado,2024
3037,0.0,0.0,Não especializado,2024
3038,0.0,0.0,Não especializado,2024
3039,0.0,0.0,Não especializado,2024
3040,0.0,0.0,Não especializado,2024
3041,0.0,0.0,Não especializado,2024
3042,0.0,0.0,Não especializado,2024
3043,0.0,0.0,Não especializado,2024
3044,0.0,0.0,Não especializado,2024
3045,0.0,0.0,Não especializado,2024
3046,0.0,0.0,Não especializado,2024
3047,0.0,0.0,Não especializado,2024
3048,0.0,0.0,Não especializado,2024
3049,0.0,0.0,Não especializado,2024
3050,0.0,0.0,Não especializado,2024
3051,0.0,0.0,Não especializado,2024
3052,0.0,0.0,Não especializado,2024
3053,0.0,0.0,Não especializado,2024
3054,0.0,0.0,Não especializado,2024
3055,0.0,0.0,Não especializado,2024
3056,0.0,0.0,Não especializado,2024
3057,0.0,0.0,Não especializado,2024
3058,0.0,0.0,Não especializado,2024
3059,0.0,0.0,Não especializado,2024
3060,0.0,0.0,Não especializado,2024
3061,0.0,0.0,Não especializado,2024
3062,0.0,0.0,Não especializado,2024
3063,0.0,0.0,Não especializado,2024
3064,0.0,0.0,Não especializado,2024
3065,0.0,0.0,Não especializado,2024
3066,0.0,0.0,Não especializado,2024
3067,0.0,0.0,Não especializado,2024
3068,0.0,0.0,Não especializado,2024
3069,0.0,0.0,Não especializado,2024
3070,0.0,0.0,Não especializado,2024
3071,0.0,0.0,Não especializado,2024
3072,0.0,0.0,Não especializado,2024
3073,0.0,0.0,Não especializado,2024
3074,0.0,0.0,Não especializado,2024
3075,0.0,0.0,Não especializado,2024
3076,0.0,0.0,Não especializado,2024
3077,0.0,0.0,Não especializado,2024
3078,0.0,0.0,Não especializado,2024
3079,0.0,0.0,Não especializado,2024
3080,0.0,0.0,Não especializado,2024
3081,0.0,0.0,Não especializado,2024
3082,0.0,0.0,Não especializado,2024
3083,0.0,0.0,Não especializado,2024
3084,0.0,0.0,Não especializado,2024
3085,0.0,0.0,Não especializado,2024
3086,0.0,0.0,Não especializado,2024
3087,0.0,0.0,Não especializado,2024
3088,0.0,0.0,Não especializado,2024
3089,0.0,0.0,Não especializado,2024
3090,0.0,0.0,Não especializado,2024
3091,0.0,0.0,Não especializado,2024
3092,0.0,0.0,Não especializado,2024
3093,0.0,0.0,Não especializado,2024
3094,0.0,0.0,Não especializado,2024
3095,0.0,0.0,Não especializado,2024
3096,0.0,0.0,Não especializado,2024
3097,0.0,0.0,Não especializado,2024
3098,0.0,0.0,Não especializado,2024
3099,3.1525691648513248,4091.0858995137764,Alta espec. / Alta produt.,2024
3100,0.0,0.0,Não especializado,2024
3101,0.0,0.0,Não especializado,2024
3102,0.0,0.0,Não especializado,2024
4001,0.2865445455431535,1075.0,Não especializado,2024
4002,0.0,0.0,Não especializado,2024
4003,0.0,0.0,Não especializado,2024
4004,0.0,0.0,Não especializado,2024
4005,0.08465725364140052,900.0,Não especializado,2024
4006,0.0,0.0,Não especializado,2024
4007,0.0,0.0,Não especializado,2024
4008,0.0,0.0,Não especializado,2024
4009,0.0,0.0,Não especializado,2024
4010,0.0,0.0,Não especializado,2024
4011,0.0,0.0,Não especializado,2024
4012,0.0,0.0,Não especializado,2024
4013,0.0,0.0,Não especializado,2024
4014,0.0,0.0,Não especializado,2024
4015,0.0,0.0,Não especializado,2024
4016,0.0,0.0,Não especializado,2024
4017,1.0129836432962147,4384.728882331243,Baixa espec. / Alta produt.,2024
4018,0.0,0.0,Não especializado,2024
4019,0.0,0.0,Não especializado,2024
4020,1.386442897579416,4276.467868700878,Baixa espec. / Alta produt.,2024
4021,0.0,0.0,Não especializado,2024
4022,0.0,0.0,Não especializado,2024
4023,0.18650793660109755,500.0,Não especializado,2024
4024,0.0,0.0,Não especializado,2024
4025,1.2661534253913163,4387.298578199052,Baixa espec. / Alta produt.,2024
4026,0.0,0.0,Não especializado,2024
4027,0.0,0.0,Não especializado,2024
4028,0.0,0.0,Não especializado,2024
4029,0.0,0.0,Não especializado,2024
4030,0.0,0.0,Não especializado,2024
4031,0.0,0.0,Não especializado,2024
4032,0.0,0.0,Não especializado,2024
4033,0.0,0.0,Não especializado,2024
4034,0.0,0.0,Não especializado,2024
4035,0.0,0.0,Não especializado,2024
4036,0.0,0.0,Não especializado,2024
4037,0.0,0.0,Não especializado,2024
4038,0.0,0.0,Não especializado,2024
4039,0.0,0.0,Não especializado,2024
4040,1.1236582543931863,586.9565217391304,Baixa espec. / Baixa produt.,2024
4041,0.0,0.0,Não especializado,2024
4042,0.0,0.0,Não especializado,2024
4043,0.41813254153230206,500.0,Não especializado,2024
4044,0.0,0.0,Não especializado,2024
4045,0.0,0.0,Não especializado,2024
4046,0.0,0.0,Não especializado,2024
4047,0.0,0.0,Não especializado,2024
4048,0.0,0.0,Não especializado,2024
4049,0.0,0.0,Não especializado,2024
4050,0.0,0.0,Não especializado,2024
4051,0.0,0.0,Não especializado,2024
4052,0.0,0.0,Não especializado,2024
4053,0.0,0.0,Não especializado,2024
4054,0.0,0.0,Não especializado,2024
4055,0.0,0.0,Não especializado,2024
4056,0.0,0.0,Não especializado,2024
4057,0.0,0.0,Não especializado,2024
4058,0.0,0.0,Não especializado,2024
4059,0.0,0.0,Não especializado,2024
4060,0.0,0.0,Não especializado,2024
4061,0.0,0.0,Não especializado,2024
4062,0.0,0.0,Não especializado,2024
4063,0.0,0.0,Não especializado,2024
4064,0.0,0.0,Não especializado,2024
4065,0.0,0.0,Não especializado,2024
4066,0.0,0.0,Não especializado,2024
4067,0.0,0.0,Não especializado,2024
4068,0.0,0.0,Não especializado,2024
4069,0.0,0.0,Não especializado,2024
4070,0.0,0.0,Não especializado,2024
4071,0.0,0.0,Não especializado,2024
4072,0.0,0.0,Não especializado,2024
4073,0.0,0.0,Não especializado,2024
4074,0.0,0.0,Não especializado,2024
4075,0.0,0.0,Não especializado,2024
4076,0.0,0.0,Não especializado,2024
4077,0.0,0.0,Não especializado,2024
4078,0.0,0.0,Não especializado,2024
4079,0.0,0.0,Não especializado,2024
4080,0.0,0.0,Não especializado,2024
4081,0.0,0.0,Não especializado,2024
4082,0.0,0.0,Não especializado,2024
4083,0.0,0.0,Não especializado,2024
4084,0.0,0.0,Não especializado,2024
4085,0.0,0.0,Não especializado,2024
4086,0.0,0.0,Não especializado,2024
4087,0.0,0.0,Não especializado,2024
4088,0.0,0.0,Não especializado,2024
4089,0.0,0.0,Não especializado,2024
4090,0.0,0.0,Não especializado,2024
4091,0.0,0.0,Não especializado,2024
4092,0.0,0.0,Não especializado,2024
4093,0.0,0.0,Não especializado,2024
4094,0.0,0.0,Não especializado,2024
4095,0.0,0.0,Não especializado,2024
4096,0.773207711678042,1800.0,Não especializado,2024
4097,0.0,0.0,Não especializado,2024
4098,0.0,0.0,Não especializado,2024
4099,0.01081287324475798,1500.0,Não especializado,2024
4100,0.0,0.0,Não especializado,2024
4101,0.0,0.0,Não especializado,2024
4102,0.225104534859201,1000.0,Não especializado,2024
4103,0.0,0.0,Não especializado,2024
4104,0.0,0.0,Não especializado,2024
4105,0.0,0.0,Não especializado,2024
4106,0.05301352291136246,500.0,Não especializado,2024
4107,0.0,0.0,Não especializado,2024
4108,0.0,0.0,Não especializado,2024
4109,0.11912891307859177,1000.0,Não especializado,2024
4110,0.07648365188335941,529.4117647058823,Não especializado,2024
4111,0.0,0.0,Não especializado,2024
4112,0.0,0.0,Não especializado,2024
4113,0.0,0.0,Não especializado,2024
4114,0.055068708498430076,700.0,Não especializado,2024
4115,0.29518828305061806,1800.0,Não especializado,2024
4116,0.0,0.0,Não especializado,2024
4117,0.17460964632483794,472.72727272727275,Não especializado,2024
4118,0.0,0.0,Não especializado,2024
4119,0.4704766456020741,2260.8695652173915,Não especializado,2024
4120,0.0,0.0,Não especializado,2024
4121,0.0,0.0,Não especializado,2024
4122,0.0,0.0,Não especializado,2024
4123,0.0,0.0,Não especializado,2024
4124,0.15895150298206967,357.14285714285717,Não especializado,2024
4125,1.5882469051397128,1700.0,Baixa espec. / Baixa produt.,2024
4126,0.0,0.0,Não especializado,2024
4127,0.08659373112630885,2100.0,Não especializado,2024
4128,0.0,0.0,Não especializado,2024
4129,0.0,0.0,Não especializado,2024
4130,0.0,0.0,Não especializado,2024
4131,0.0,0.0,Não especializado,2024
4132,0.08521212328137223,1666.6666666666667,Não especializado,2024
4133,0.0,0.0,Não especializado,2024
4134,0.0,0.0,Não especializado,2024
4135,0.0,0.0,Não especializado,2024
4136,0.030287056597612334,440.0,Não especializado,2024
4137,0.0,0.0,Não especializado,2024
4138,0.1088223152804132,571.4285714285714,Não especializado,2024
4139,0.0,0.0,Não especializado,2024
4140,0.0,0.0,Não especializado,2024
4141,0.0,0.0,Não especializado,2024
4142,0.07864035227004151,600.0,Não especializado,2024
4143,0.0,0.0,Não especializado,2024
4144,0.0,0.0,Não especializado,2024
4145,0.004005922513623803,500.0,Não especializado,2024
4146,0.17338984059031923,1800.0,Não especializado,2024
4147,0.0,0.0,Não especializado,2024
4148,0.058458277708982216,1333.3333333333333,Não especializado,2024
4149,0.0,0.0,Não especializado,2024
4150,0.0,0.0,Não especializado,2024
4151,0.0,0.0,Não especializado,2024
4152,0.0,0.0,Não especializado,2024
4153,0.0,0.0,Não especializado,2024
4154,0.0,0.0,Não especializado,2024
4155,0.0,0.0,Não especializado,2024
4156,0.0,0.0,Não especializado,2024
4157,0.0,0.0,Não especializado,2024
4158,0.0,0.0,Não especializado,2024
4159,0.0,0.0,Não especializado,2024
4160,0.053635194470875516,769.2307692307693,Não especializado,2024
4161,0.10971253485775231,950.0,Não especializado,2024
4162,0.08947796574961626,1666.6666666666667,Não especializado,2024
4163,0.03991515248443226,625.0,Não especializado,2024
4164,0.0,0.0,Não especializado,2024
4165,0.0,0.0,Não especializado,2024
4166,0.12424600950020835,1941.1764705882354,Não especializado,2024
4167,0.05630199682288143,400.0,Não especializado,2024
4168,0.21476471425252044,416.6666666666667,Não especializado,2024
4169,0.0,0.0,Não especializado,2024
4170,0.08435905419401701,1066.6666666666667,Não especializado,2024
4171,0.0,0.0,Não especializado,2024
4172,0.27243391008682993,1050.0,Não especializado,2024
4173,0.0,0.0,Não especializado,2024
4174,0.0,0.0,Não especializado,2024
4175,0.0,0.0,Não especializado,2024
4176,0.5322020331257634,1850.0,Não especializado,2024
4177,0.0,0.0,Não especializado,2024
4178,0.0,0.0,Não especializado,2024
4179,0.0,0.0,Não especializado,2024
4180,0.0,0.0,Não especializado,2024
4181,0.0,0.0,Não especializado,2024
4182,0.0,0.0,Não especializado,2024
4183,0.23190456326792852,1215.5172413793102,Não especializado,2024
4184,0.0,0.0,Não especializado,2024
4185,0.0,0.0,Não especializado,2024
4186,0.0,0.0,Não especializado,2024
4187,0.04630590959862901,1333.3333333333333,Não especializado,2024
4188,0.40770732636245505,1800.0,Não especializado,2024
4189,0.0,0.0,Não especializado,2024
4190,1.2800743304897877,1831.578947368421,Baixa espec. / Baixa produt.,2024
4191,0.5363422186734179,2200.0,Não especializado,2024
4192,0.10357587894300427,1261.5384615384614,Não especializado,2024
4193,0.07500539642679029,200.0,Não especializado,2024
4194,0.0,0.0,Não especializado,2024
4195,0.0,0.0,Não especializado,2024
4196,0.0,0.0,Não especializado,2024
4197,0.0,0.0,Não especializado,2024
4198,0.0,0.0,Não especializado,2024
4199,0.0763083797496499,576.9230769230769,Não especializado,2024
4200,0.4284677385334536,1360.0,Não especializado,2024
4201,0.0,0.0,Não especializado,2024
4202,0.0,0.0,Não especializado,2024
4203,0.0,0.0,Não especializado,2024
4204,0.0,0.0,Não especializado,2024
4205,0.0,0.0,Não especializado,2024
4206,0.11238640929075942,509.80392156862746,Não especializado,2024
4207,0.00246723818425705,1000.0,Não especializado,2024
4208,0.07336665251607527,652.1739130434783,Não especializado,2024
4209,0.0,0.0,Não especializado,2024
4210,0.0,0.0,Não especializado,2024
4211,0.057526262746210845,400.0,Não especializado,2024
4212,0.0,0.0,Não especializado,2024
4213,0.017521476254236723,1000.0,Não especializado,2024
4214,0.0,0.0,Não especializado,2024
4215,0.0,0.0,Não especializado,2024
4216,0.0,0.0,Não especializado,2024
4217,0.0,0.0,Não especializado,2024
4218,0.03717587731393201,1500.0,Não especializado,2024
4219,0.0,0.0,Não especializado,2024
4220,0.0,0.0,Não especializado,2024
4221,0.0,0.0,Não especializado,2024
4222,0.0,0.0,Não especializado,2024
4223,0.0,0.0,Não especializado,2024
4224,0.1333010742104078,1214.2857142857142,Não especializado,2024
4225,0.0,0.0,Não especializado,2024
4226,13.283300394749174,4104.0,Alta espec. / Alta produt.,2024
4227,0.02871008347016531,307.6923076923077,Não especializado,2024
4228,0.2606346003311636,541.3533834586466,Não especializado,2024
4229,0.0,0.0,Não especializado,2024
4230,0.0,0.0,Não especializado,2024
4231,0.0,0.0,Não especializado,2024
4232,0.0,0.0,Não especializado,2024
4233,0.0,0.0,Não especializado,2024
4234,0.0,0.0,Não especializado,2024
4235,0.0,0.0,Não especializado,2024
4236,0.0,0.0,Não especializado,2024
5001,4.697112137522867,750.0,Alta espec. / Baixa produt.,2024
5002,0.03734878837120611,333.3333333333333,Não especializado,2024
5003,0.733923771487948,1500.0,Não especializado,2024
5004,0.0,0.0,Não especializado,2024
5005,0.3018459292355076,3000.0,Não especializado,2024
5006,0.0,0.0,Não especializado,2024
5007,0.0,0.0,Não especializado,2024
5008,0.47898182981318704,1500.0,Não especializado,2024
5009,0.2729416596621846,571.4285714285714,Não especializado,2024
5010,0.41555501216669194,300.0,Não especializado,2024
5011,0.0,0.0,Não especializado,2024
5012,0.0,0.0,Não especializado,2024
5013,0.0,0.0,Não especializado,2024
5014,0.02165275937770772,1000.0,Não especializado,2024
5015,0.7601978921856072,428.57142857142856,Não especializado,2024
5016,2.0683306287387624,1250.0,Baixa espec. / Baixa produt.,2024
5017,0.0992798701794606,833.3333333333334,Não especializado,2024
5018,0.5413028857368359,250.0,Não especializado,2024
5019,0.0,0.0,Não especializado,2024
5020,0.0,0.0,Não especializado,2024
5021,0.0,0.0,Não especializado,2024
5022,2.8262903001399238,400.0,Alta espec. / Baixa produt.,2024
5023,0.0,0.0,Não especializado,2024
5024,0.0,0.0,Não especializado,2024
5025,0.16803276895218897,1000.0,Não especializado,2024
5026,4.469071537096254,727.2727272727273,Alta espec. / Baixa produt.,2024
5027,0.0,0.0,Não especializado,2024
5028,0.050503078615152915,1000.0,Não especializado,2024
5029,0.0,0.0,Não especializado,2024
5030,0.0,0.0,Não especializado,2024
5031,0.0,0.0,Não especializado,2024
5032,1.4283538871110737,857.1428571428571,Baixa espec. / Baixa produt.,2024
5033,0.0,0.0,Não especializado,2024
5034,0.0,0.0,Não especializado,2024
5035,0.0,0.0,Não especializado,2024
5036,0.0,0.0,Não especializado,2024
5037,0.0,0.0,Não especializado,2024
5038,0.0,0.0,Não especializado,2024
5039,3.370612876463168,1200.0,Alta espec. / Baixa produt.,2024
5040,0.26439211095192744,631.578947368421,Não especializado,2024
5041,1.5512479715540717,333.3333333333333,Baixa espec. / Baixa produt.,2024
5042,0.0,0.0,Não especializado,2024
5043,0.0,0.0,Não especializado,2024
5044,0.0,0.0,Não especializado,2024
5045,0.0,0.0,Não especializado,2024
5046,0.0,0.0,Não especializado,2024
5047,0.26861436736867045,1000.0,Não especializado,2024
5048,0.0,0.0,Não especializado,2024
5049,0.0,0.0,Não especializado,2024
5050,2.3137257880806494,666.6666666666666,Alta espec. / Baixa produt.,2024
5051,0.0,0.0,Não especializado,2024
5052,0.07831888783520272,666.6666666666666,Não especializado,2024
5053,1.345255693488626,1000.0,Baixa espec. / Baixa produt.,2024
5054,0.0,0.0,Não especializado,2024
5055,0.0,0.0,Não especializado,2024
5056,0.0,0.0,Não especializado,2024
5057,0.7913612840391787,1000.0,Não especializado,2024
5058,0.0,0.0,Não especializado,2024
5059,0.0,0.0,Não especializado,2024
5060,0.0,0.0,Não especializado,2024
5061,0.0,0.0,Não especializado,2024
5062,0.0,0.0,Não especializado,2024
5063,2.333501222166809,625.0,Alta espec. / Baixa produt.,2024
5064,0.0,0.0,Não especializado,2024
5065,0.0,0.0,Não especializado,2024
5066,0.0,0.0,Não especializado,2024
5067,2.9044642871650703,666.6666666666666,Alta espec. / Baixa produt.,2024
5068,0.05531640388068657,600.0,Não especializado,2024
5069,0.0,0.0,Não especializado,2024
5070,0.0,0.0,Não especializado,2024
5071,0.054790215330828146,500.0,Não especializado,2024
5072,0.0,0.0,Não especializado,2024
5073,0.40268383922347584,500.0,Não especializado,2024
5074,0.0953947040508444,300.0,Não especializado,2024
5075,0.0,0.0,Não especializado,2024
5076,0.08046555938506238,500.0,Não especializado,2024
5077,0.0,0.0,Não especializado,2024
5078,0.0,0.0,Não especializado,2024
5079,0.0,0.0,Não especializado,2024
5080,0.0,0.0,Não especializado,2024
5081,0.0,0.0,Não especializado,2024
5082,0.0,0.0,Não especializado,2024
5083,0.0,0.0,Não especializado,2024
5084,0.0,0.0,Não especializado,2024
5085,0.0,0.0,Não especializado,2024
5086,0.21188951726310953,1250.0,Não especializado,2024
5087,0.0,0.0,Não especializado,2024
5088,0.0,0.0,Não especializado,2024
5089,0.0,0.0,Não especializado,2024
5090,0.0,0.0,Não especializado,2024
5091,0.0,0.0,Não especializado,2024
5092,0.0,0.0,Não especializado,2024
5093,0.0,0.0,Não especializado,2024
5094,0.0,0.0,Não especializado,2024
5095,0.4414496715069299,307.6923076923077,Não especializado,2024
5096,0.05284933081562459,1000.0,Não especializado,2024
5097,0.0,0.0,Não especializado,2024
5098,0.0,0.0,Não especializado,2024
5099,0.0,0.0,Não especializado,2024
5100,0.0,0.0,Não especializado,2024
5101,0.0,0.0,Não especializado,2024
5102,0.5909516082110751,1000.0,Não especializado,2024
5103,0.0,0.0,Não especializado,2024
5104,0.0,0.0,Não especializado,2024
5105,1.4347879136295918,1428.5714285714287,Baixa espec. / Baixa produt.,2024
5106,0.0,0.0,Não especializado,2024
5107,0.1374721263814283,1000.0,Não especializado,2024
5108,0.0,0.0,Não especializado,2024
5109,0.9546141363409673,500.0,Não especializado,2024
5110,0.0,0.0,Não especializado,2024
5111,0.0,0.0,Não especializado,2024
5112,0.0,0.0,Não especializado,2024
5113,2.0450909587529336,250.0,Baixa espec. / Baixa produt.,2024
5114,0.07022110159298267,500.0,Não especializado,2024
5115,1.5512479715540717,333.3333333333333,Baixa espec. / Baixa produt.,2024
5116,0.0,0.0,Não especializado,2024
5117,0.0,0.0,Não especializado,2024
5118,0.0,0.0,Não especializado,2024
5119,0.0,0.0,Não especializado,2024
5120,0.0,0.0,Não especializado,2024
5121,1.3000935380643648,500.0,Baixa espec. / Baixa produt.,2024
5122,0.0,0.0,Não especializado,2024
5123,5.144519370520381,1500.0,Alta espec. / Baixa produt.,2024
5124,8.531863843547395,333.3333333333333,Alta espec. / Baixa produt.,2024
5125,0.2529716404850745,562.5,Não especializado,2024
5126,1.4833119754440356,3844.106463878327,Baixa espec. / Alta produt.,2024
5127,0.0,0.0,Não especializado,2024
5128,0.0,0.0,Não especializado,2024
5129,0.5426284784084658,285.7142857142857,Não especializado,2024
5130,0.24024959784716354,800.0,Não especializado,2024
5131,0.6741225752926336,500.0,Não especializado,2024
5132,0.0,0.0,Não especializado,2024
5133,0.0,0.0,Não especializado,2024
5134,0.0,0.0,Não especializado,2024
5135,0.0,0.0,Não especializado,2024
5136,0.0,0.0,Não especializado,2024
5137,0.7398906314187443,3500.0,Não especializado,2024
5138,0.0,0.0,Não especializado,2024
5139,0.0,0.0,Não especializado,2024
5140,4.691059157964203,2000.0,Alta espec. / Baixa produt.,2024
5141,0.0,0.0,Não especializado,2024
5142,0.0,0.0,Não especializado,2024
5143,0.0,0.0,Não especializado,2024
5144,0.5151314018745596,500.0,Não especializado,2024
5145,0.0,0.0,Não especializado,2024
5146,0.0,0.0,Não especializado,2024
5147,0.3760601143161386,500.0,Não especializado,2024
5148,0.0,0.0,Não especializado,2024
6001,0.0,0.0,Não especializado,2024
6002,0.0,0.0,Não especializado,2024
6003,0.02640166743965928,750.0,Não especializado,2024
6004,0.0,0.0,Não especializado,2024
6005,0.22088967879734353,1400.0,Não especializado,2024
6006,0.03439400894350172,2000.0,Não especializado,2024
6007,2.6455391762937657,600.0,Alta espec. / Baixa produt.,2024
6008,0.0,0.0,Não especializado,2024
6009,0.0,0.0,Não especializado,2024
6010,0.0,0.0,Não especializado,2024
6011,0.08133884495040078,714.2857142857143,Não especializado,2024
6012,0.0,0.0,Não especializado,2024
6013,0.0,0.0,Não especializado,2024
6014,0.1337544792247289,440.0,Não especializado,2024
6015,0.0,0.0,Não especializado,2024
6016,0.0,0.0,Não especializado,2024
6017,0.0,0.0,Não especializado,2024
6018,1.6361721397408675,405.4054054054054,Baixa espec. / Baixa produt.,2024
6019,0.13615581637418542,400.0,Não especializado,2024
6020,0.0,0.0,Não especializado,2024
6021,0.05806457741248759,666.6666666666666,Não especializado,2024
6022,0.11788412909910045,500.0,Não especializado,2024
6023,0.029413880951682465,333.3333333333333,Não especializado,2024
6024,0.0,0.0,Não especializado,2024
6025,0.0,0.0,Não especializado,2024
6026,0.0,0.0,Não especializado,2024
6027,0.0,0.0,Não especializado,2024
6028,0.0,0.0,Não especializado,2024
6029,0.14870350925572803,500.0,Não especializado,2024
6030,0.1818191548971208,1800.0,Não especializado,2024
6031,0.0,0.0,Não especializado,2024
6032,0.0,0.0,Não especializado,2024
6033,0.0,0.0,Não especializado,2024
6034,0.0,0.0,Não especializado,2024
6035,0.0,0.0,Não especializado,2024
6036,0.4550327383225277,1333.3333333333333,Não especializado,2024
6037,0.0,0.0,Não especializado,2024
6038,0.0,0.0,Não especializado,2024
6039,0.0,0.0,Não especializado,2024
6040,0.0,0.0,Não especializado,2024
6041,0.0,0.0,Não especializado,2024
6042,0.0,0.0,Não especializado,2024
6043,0.06791533407798922,600.0,Não especializado,2024
6044,0.0,0.0,Não especializado,2024
6045,0.34735323536070817,1000.0,Não especializado,2024
6046,0.0,0.0,Não especializado,2024
6047,0.44904546544986285,916.6666666666666,Não especializado,2024
6048,0.0,0.0,Não especializado,2024
6049,0.0,0.0,Não especializado,2024
6050,0.0,0.0,Não especializado,2024
6051,0.0,0.0,Não especializado,2024
6052,0.0,0.0,Não especializado,2024
6053,0.26367791127961043,885.7142857142857,Não especializado,2024
6054,0.0,0.0,Não especializado,2024
6055,0.07521202286322771,1000.0,Não especializado,2024
6056,0.0,0.0,Não especializado,2024
6057,0.0,0.0,Não especializado,2024
6058,0.0,0.0,Não especializado,2024
6059,0.55763815970898,1000.0,Não especializado,2024
6060,0.0,0.0,Não especializado,2024
6061,0.22981451430430697,666.6666666666666,Não especializado,2024
6062,0.0,0.0,Não especializado,2024
6063,0.0,0.0,Não especializado,2024
6064,1.2409983772432573,298.2456140350877,Baixa espec. / Baixa produt.,2024
6065,0.0,0.0,Não especializado,2024
6066,0.0,0.0,Não especializado,2024
6067,0.0,0.0,Não especializado,2024
6068,0.0,0.0,Não especializado,2024
6069,0.21179468665208953,692.3076923076923,Não especializado,2024
6070,0.0,0.0,Não especializado,2024
6071,0.0,0.0,Não especializado,2024
6072,0.0,0.0,Não especializado,2024
6073,0.11958810468397575,250.0,Não especializado,2024
6074,0.0,0.0,Não especializado,2024
6075,0.0,0.0,Não especializado,2024
6076,0.0,0.0,Não especializado,2024
6077,0.6777083336718498,428.57142857142856,Não especializado,2024
6078,0.0,0.0,Não especializado,2024
6079,0.0,0.0,Não especializado,2024
6080,1.6631313535180106,540.0,Baixa espec. / Baixa produt.,2024
6081,0.10808378582482844,666.6666666666666,Não especializado,2024
6082,0.311666259125019,714.2857142857143,Não especializado,2024
6083,0.0,0.0,Não especializado,2024
6084,0.311666259125019,1176.4705882352941,Não especializado,2024
6085,0.0,0.0,Não especializado,2024
6086,0.0,0.0,Não especializado,2024
6087,0.0,0.0,Não especializado,2024
6088,0.5726956660809845,818.1818181818181,Não especializado,2024
6089,0.29667986198697816,1125.0,Não especializado,2024
6090,0.0,0.0,Não especializado,2024
6091,0.03894161217993391,500.0,Não especializado,2024
6092,0.0,0.0,Não especializado,2024
6093,0.0,0.0,Não especializado,2024
6094,0.0,0.0,Não especializado,2024
6095,0.17636927841958439,2000.0,Não especializado,2024
6096,0.0,0.0,Não especializado,2024
6097,0.0,0.0,Não especializado,2024
6098,0.0,0.0,Não especializado,2024
6099,0.0,0.0,Não especializado,2024
6100,0.0,0.0,Não especializado,2024
6101,0.0,0.0,Não especializado,2024
6102,0.0,0.0,Não especializado,2024
6103,0.0,0.0,Não especializado,2024
6104,0.0,0.0,Não especializado,2024
6105,0.0,0.0,Não especializado,2024
6106,0.0,0.0,Não especializado,2024
6107,0.0,0.0,Não especializado,2024
6108,0.0,0.0,Não especializado,2024
6109,0.22294597664014096,500.0,Não especializado,2024
6110,0.0,0.0,Não especializado,2024
6111,0.0,0.0,Não especializado,2024
6112,0.0,0.0,Não especializado,2024
6113,0.0,0.0,Não especializado,2024
6114,0.0,0.0,Não especializado,2024
6115,0.0,0.0,Não especializado,2024
6116,0.0,0.0,Não especializado,2024
6117,0.0,0.0,Não especializado,2024
6118,0.9286382414745463,750.0,Não especializado,2024
6119,0.6894435429129209,400.0,Não especializado,2024
6120,0.0,0.0,Não especializado,2024
6121,0.0,0.0,Não especializado,2024
6122,0.0,0.0,Não especializado,2024
6123,0.0,0.0,Não especializado,2024
6124,0.0,0.0,Não especializado,2024
6125,0.0,0.0,Não especializado,2024
6126,0.0,0.0,Não especializado,2024
6127,0.0,0.0,Não especializado,2024
6128,0.0,0.0,Não especializado,2024
6129,1.0168329347989447,1250.0,Baixa espec. / Baixa produt.,2024
6130,0.0,0.0,Não especializado,2024
6131,0.0,0.0,Não especializado,2024
6132,0.0564090171474208,666.6666666666666,Não especializado,2024
6133,1.4331739789685913,500.0,Baixa espec. / Baixa produt.,2024
6134,0.01827930121809833,666.6666666666666,Não especializado,2024
6135,0.0,0.0,Não especializado,2024
6136,0.0,0.0,Não especializado,2024
6137,0.0,0.0,Não especializado,2024
6138,0.0,0.0,Não especializado,2024
6139,0.0,0.0,Não especializado,2024
6140,1.0111838629389505,400.0,Baixa espec. / Baixa produt.,2024
6141,2.241540582869595,500.0,Baixa espec. / Baixa produt.,2024
6142,0.0,0.0,Não especializado,2024
6143,0.12963895678704496,1000.0,Não especializado,2024
6144,0.0,0.0,Não especializado,2024
6145,0.0,0.0,Não especializado,2024
6146,0.0,0.0,Não especializado,2024
6147,0.0696301053286194,500.0,Não especializado,2024
6148,0.0,0.0,Não especializado,2024
6149,0.0,0.0,Não especializado,2024
6150,1.0394148844930835,555.5555555555555,Baixa espec. / Baixa produt.,2024
6151,1.6519340335141273,1000.0,Baixa espec. / Baixa produt.,2024
6152,0.0,0.0,Não especializado,2024
6153,0.7763025719413202,384.61538461538464,Não especializado,2024
6154,0.0,0.0,Não especializado,2024
6155,0.0,0.0,Não especializado,2024
6156,0.0,0.0,Não especializado,2024
6157,0.0,0.0,Não especializado,2024
6158,0.0,0.0,Não especializado,2024
6159,0.0,0.0,Não especializado,2024
6160,0.0,0.0,Não especializado,2024
6161,0.0,0.0,Não especializado,2024
6162,0.0,0.0,Não especializado,2024
6163,0.0,0.0,Não especializado,2024
6164,1.0091451857959284,363.6363636363636,Baixa espec. / Baixa produt.,2024
6165,0.0,0.0,Não especializado,2024
6166,0.0,0.0,Não especializado,2024
6167,0.211479196741686,166.66666666666666,Não especializado,2024
6168,3.114153201080101,1000.0,Alta espec. / Baixa produt.,2024
6169,0.04884946197772708,500.0,Não especializado,2024
6170,0.0,0.0,Não especializado,2024
7001,0.0,0.0,Não especializado,2024
7002,0.10118584352291034,500.0,Não especializado,2024
7003,0.0,0.0,Não especializado,2024
7004,0.0,0.0,Não especializado,2024
7005,0.0,0.0,Não especializado,2024
7006,0.0,0.0,Não especializado,2024
7007,0.0,0.0,Não especializado,2024
7008,0.0,0.0,Não especializado,2024
7009,0.0,0.0,Não especializado,2024
7010,0.0,0.0,Não especializado,2024
7011,0.0,0.0,Não especializado,2024
7012,0.0,0.0,Não especializado,2024
7013,0.031098464893557113,850.0,Não especializado,2024
7014,0.0,0.0,Não especializado,2024
7015,0.0,0.0,Não especializado,2024
7016,0.0,0.0,Não especializado,2024
7017,0.0,0.0,Não especializado,2024
7018,0.0,0.0,Não especializado,2024
7019,0.0,0.0,Não especializado,2024
7020,0.0,0.0,Não especializado,2024
7021,0.0,0.0,Não especializado,2024
7022,0.0,0.0,Não especializado,2024
7023,0.0,0.0,Não especializado,2024
7024,0.0,0.0,Não especializado,2024
7025,0.0,0.0,Não especializado,2024
7026,0.0,0.0,Não especializado,2024
7027,0.0,0.0,Não especializado,2024
7028,0.0,0.0,Não especializado,2024
7029,0.0,0.0,Não especializado,2024
7030,0.0,0.0,Não especializado,2024
7031,0.0,0.0,Não especializado,2024
7032,0.0,0.0,Não especializado,2024
7033,0.0,0.0,Não especializado,2024
7034,0.0,0.0,Não especializado,2024
7035,0.0,0.0,Não especializado,2024
7036,0.0,0.0,Não especializado,2024
7037,0.0,0.0,Não especializado,2024
7038,0.0,0.0,Não especializado,2024
7039,0.0,0.0,Não especializado,2024
7040,0.0,0.0,Não especializado,2024
7041,0.0,0.0,Não especializado,2024
7042,0.0,0.0,Não especializado,2024
7043,0.0,0.0,Não especializado,2024
7044,0.0,0.0,Não especializado,2024
7045,0.0,0.0,Não especializado,2024
7046,0.0,0.0,Não especializado,2024
7047,0.0,0.0,Não especializado,2024
7048,0.0,0.0,Não especializado,2024
7049,0.0,0.0,Não especializado,2024
7050,0.0,0.0,Não especializado,2024
7051,0.0,0.0,Não especializado,2024
7052,0.0,0.0,Não especializado,2024
7053,0.0,0.0,Não especializado,2024
7054,0.0,0.0,Não especializado,2024
7055,0.0,0.0,Não especializado,2024
7056,0.0,0.0,Não especializado,2024
7057,0.0,0.0,Não especializado,2024
7058,0.0,0.0,Não especializado,2024
7059,0.0,0.0,Não especializado,2024
7060,0.0,0.0,Não especializado,2024
7061,0.0,0.0,Não especializado,2024
7062,0.0,0.0,Não especializado,2024
7063,0.022548698628470153,571.4285714285714,Não especializado,2024
7064,0.6746778657170922,1000.0,Não especializado,2024
7065,0.0,0.0,Não especializado,2024
7066,0.0,0.0,Não especializado,2024
7067,0.0,0.0,Não especializado,2024
7068,0.0,0.0,Não especializado,2024
7069,0.0,0.0,Não especializado,2024
7070,0.0,0.0,Não especializado,2024
7071,0.0,0.0,Não especializado,2024
7072,0.0,0.0,Não especializado,2024
7073,0.0,0.0,Não especializado,2024
7074,0.0,0.0,Não especializado,2024
7075,0.0,0.0,Não especializado,2024
7076,0.0,0.0,Não especializado,2024
7077,0.0,0.0,Não especializado,2024
7078,0.04314469705965813,933.3333333333334,Não especializado,2024
7079,0.0,0.0,Não especializado,2024
7080,0.0,0.0,Não especializado,2024
7081,0.0,0.0,Não especializado,2024
7082,0.0,0.0,Não especializado,2024
7083,0.0,0.0,Não especializado,2024
7084,0.0,0.0,Não especializado,2024
7085,0.0,0.0,Não especializado,2024
7086,0.0,0.0,Não especializado,2024
7087,0.0,0.0,Não especializado,2024
7088,0.0,0.0,Não especializado,2024
7089,0.0,0.0,Não especializado,2024
7090,0.0,0.0,Não especializado,2024
7091,0.0,0.0,Não especializado,2024
7092,0.0,0.0,Não especializado,2024
7093,0.0,0.0,Não especializado,2024
7094,0.0,0.0,Não especializado,2024
7095,0.0,0.0,Não especializado,2024
7096,0.0,0.0,Não especializado,2024
7097,0.0,0.0,Não especializado,2024
7098,0.0,0.0,Não especializado,2024
7099,0.0,0.0,Não especializado,2024
7100,0.0,0.0,Não especializado,2024
7101,0.0,0.0,Não especializado,2024
7102,0.0,0.0,Não especializado,2024
7103,0.0,0.0,Não especializado,2024
7104,0.0,0.0,Não especializado,2024
7105,0.0,0.0,Não especializado,2024
7106,0.0,0.0,Não especializado,2024
7107,0.0989900991619139,750.0,Não especializado,2024
7108,0.0,0.0,Não especializado,2024
7109,0.0,0.0,Não especializado,2024
7110,0.0,0.0,Não especializado,2024
7111,0.0,0.0,Não especializado,2024
7112,0.0,0.0,Não especializado,2024
7113,0.0,0.0,Não especializado,2024
7114,0.0,0.0,Não especializado,2024
7115,0.0,0.0,Não especializado,2024
7116,0.0,0.0,Não especializado,2024
7117,0.0,0.0,Não especializado,2024
7118,0.0,0.0,Não especializado,2024
7119,0.0,0.0,Não especializado,2024
7120,0.0,0.0,Não especializado,2024
7121,0.0,0.0,Não especializado,2024
7122,0.0,0.0,Não especializado,2024
7123,0.0,0.0,Não especializado,2024
7124,0.0,0.0,Não especializado,2024
7125,0.0,0.0,Não especializado,2024
7126,0.0,0.0,Não especializado,2024
7127,0.0,0.0,Não especializado,2024
7128,0.0,0.0,Não especializado,2024
7129,0.0,0.0,Não especializado,2024
7130,0.0,0.0,Não especializado,2024
7131,0.0,0.0,Não especializado,2024
7132,0.0,0.0,Não especializado,2024
7133,0.07168692214612489,750.0,Não especializado,2024
7134,0.0,0.0,Não especializado,2024
7135,0.0,0.0,Não especializado,2024
7136,0.0,0.0,Não especializado,2024
7137,0.0,0.0,Não especializado,2024
7138,0.0,0.0,Não especializado,2024
7139,0.0,0.0,Não especializado,2024
7140,0.0,0.0,Não especializado,2024
7141,0.0,0.0,Não especializado,2024
7142,0.0,0.0,Não especializado,2024
7143,0.11905618480442902,466.6666666666667,Não especializado,2024
7144,0.0,0.0,Não especializado,2024
7145,0.0,0.0,Não especializado,2024
7146,0.0,0.0,Não especializado,2024
7147,0.0,0.0,Não especializado,2024
7148,0.0,0.0,Não especializado,2024
7149,0.0,0.0,Não especializado,2024
7150,0.0,0.0,Não especializado,2024
7151,0.0,0.0,Não especializado,2024
7152,0.0,0.0,Não especializado,2024
7153,0.0,0.0,Não especializado,2024
7154,0.0,0.0,Não especializado,2024
7155,0.0,0.0,Não especializado,2024
7156,0.0,0.0,Não especializado,2024
7157,0.0,0.0,Não especializado,2024
7158,0.0,0.0,Não especializado,2024
7159,0.0,0.0,Não especializado,2024
7160,0.0,0.0,Não especializado,2024
7161,0.0,0.0,Não especializado,2024
7162,1.1841000625493288,142.85714285714286,Baixa espec. / Baixa produt.,2024
7163,0.0,0.0,Não especializado,2024
7164,0.0,0.0,Não especializado,2024
7165,0.0,0.0,Não especializado,2024
8001,0.3874974657247803,761.9047619047619,Não especializado,2024
8002,0.0,0.0,Não especializado,2024
8003,0.0,0.0,Não especializado,2024
8004,0.0,0.0,Não especializado,2024
8005,0.0,0.0,Não especializado,2024
8006,0.0,0.0,Não especializado,2024
8007,0.0,0.0,Não especializado,2024
8008,0.0,0.0,Não especializado,2024
8009,0.0,0.0,Não especializado,2024
8010,0.0,0.0,Não especializado,2024
8011,0.0,0.0,Não especializado,2024
8012,0.0,0.0,Não especializado,2024
8013,0.0,0.0,Não especializado,2024
8014,0.0,0.0,Não especializado,2024
8015,0.0,0.0,Não especializado,2024
8016,0.0,0.0,Não especializado,2024
8017,0.0,0.0,Não especializado,2024
8018,0.0,0.0,Não especializado,2024
8019,0.0,0.0,Não especializado,2024
8020,0.0,0.0,Não especializado,2024
8021,0.0,0.0,Não especializado,2024
8022,0.0,0.0,Não especializado,2024
8023,0.0,0.0,Não especializado,2024
8024,0.0,0.0,Não especializado,2024
8025,0.0,0.0,Não especializado,2024
8026,0.0,0.0,Não especializado,2024
8027,0.0,0.0,Não especializado,2024
8028,0.0,0.0,Não especializado,2024
8029,0.0,0.0,Não especializado,2024
8030,0.0,0.0,Não especializado,2024
8031,0.0,0.0,Não especializado,2024
8032,0.0,0.0,Não especializado,2024
8033,0.0,0.0,Não especializado,2024
8034,0.0,0.0,Não especializado,2024
8035,0.0,0.0,Não especializado,2024
8036,0.0,0.0,Não especializado,2024
8037,0.0,0.0,Não especializado,2024
8038,0.0,0.0,Não especializado,2024
8039,0.0,0.0,Não especializado,2024
8040,0.0,0.0,Não especializado,2024
8041,0.0,0.0,Não especializado,2024
8042,0.0,0.0,Não especializado,2024
8043,0.0,0.0,Não especializado,2024
8044,0.0,0.0,Não especializado,2024
8045,0.0,0.0,Não especializado,2024
8046,0.0,0.0,Não especializado,2024
8047,0.0,0.0,Não especializado,2024
8048,0.0,0.0,Não especializado,2024
8049,0.0,0.0,Não especializado,2024
8050,0.0,0.0,Não especializado,2024
8051,0.27640561173729855,1000.0,Não especializado,2024
8052,0.0,0.0,Não especializado,2024
8053,0.0,0.0,Não especializado,2024
8054,0.0,0.0,Não especializado,2024
8055,0.0,0.0,Não especializado,2024
8056,0.0,0.0,Não especializado,2024
8057,0.0,0.0,Não especializado,2024
8058,0.0,0.0,Não especializado,2024
8059,0.0,0.0,Não especializado,2024
8060,0.0,0.0,Não especializado,2024
8061,0.0,0.0,Não especializado,2024
8062,0.0,0.0,Não especializado,2024
8063,0.0,0.0,Não especializado,2024
8064,0.0,0.0,Não especializado,2024
8065,0.0,0.0,Não especializado,2024
8066,0.0,0.0,Não especializado,2024
8067,0.0,0.0,Não especializado,2024
8068,0.0,0.0,Não especializado,2024
8069,0.0,0.0,Não especializado,2024
8070,0.0,0.0,Não especializado,2024
8071,0.2626451592049222,1000.0,Não especializado,2024
8072,0.0,0.0,Não especializado,2024
8073,0.0,0.0,Não especializado,2024
8074,0.0,0.0,Não especializado,2024
8075,0.0,0.0,Não especializado,2024
8076,0.0,0.0,Não especializado,2024
8077,0.0,0.0,Não especializado,2024
8078,0.0,0.0,Não especializado,2024
8079,0.0,0.0,Não especializado,2024
8080,0.0,0.0,Não especializado,2024
8081,0.0,0.0,Não especializado,2024
8082,0.0,0.0,Não especializado,2024
8083,0.0,0.0,Não especializado,2024
8084,0.0,0.0,Não especializado,2024
8085,0.0,0.0,Não especializado,2024
8086,0.0,0.0,Não especializado,2024
8087,0.0,0.0,Não especializado,2024
8088,0.0,0.0,Não especializado,2024
8089,0.0,0.0,Não especializado,2024
8090,0.0,0.0,Não especializado,2024
8091,0.0,0.0,Não especializado,2024
8092,0.0,0.0,Não especializado,2024
8093,0.0,0.0,Não especializado,2024
9001,0.0,0.0,Não especializado,2024
9002,0.0,0.0,Não especializado,2024
9003,0.0,0.0,Não especializado,2024
9004,0.0,0.0,Não especializado,2024
9005,0.0,0.0,Não especializado,2024
9006,0.0,0.0,Não especializado,2024
9007,0.0,0.0,Não especializado,2024
9008,0.0,0.0,Não especializado,2024
9009,0.0,0.0,Não especializado,2024
9010,0.0,0.0,Não especializado,2024
9011,0.0,0.0,Não especializado,2024
9012,0.0,0.0,Não especializado,2024
9013,0.0,0.0,Não especializado,2024
9014,0.0,0.0,Não especializado,2024
9015,0.0,0.0,Não especializado,2024
9016,0.0,0.0,Não especializado,2024
9017,0.0,0.0,Não especializado,2024
9018,0.0,0.0,Não especializado,2024
9019,0.0,0.0,Não especializado,2024
9020,0.0,0.0,Não especializado,2024
9021,0.0,0.0,Não especializado,2024
9022,0.0,0.0,Não especializado,2024
9023,0.0,0.0,Não especializado,2024
9024,0.0,0.0,Não especializado,2024
9025,0.0,0.0,Não especializado,2024
9026,0.0,0.0,Não especializado,2024
9027,0.0,0.0,Não especializado,2024
9028,0.0,0.0,Não especializado,2024
9029,0.0,0.0,Não especializado,2024
9030,0.0,0.0,Não especializado,2024
9031,0.0,0.0,Não especializado,2024
9032,0.0,0.0,Não especializado,2024
9033,0.0,0.0,Não especializado,2024
9034,0.0,0.0,Não especializado,2024
9035,0.0,0.0,Não especializado,2024
9036,0.0,0.0,Não especializado,2024
9037,0.0,0.0,Não especializado,2024
9038,0.0,0.0,Não especializado,2024
9039,0.0,0.0,Não especializado,2024
9040,0.0,0.0,Não especializado,2024
9041,0.0,0.0,Não especializado,2024
9042,0.0,0.0,Não especializado,2024
9043,0.0,0.0,Não especializado,2024
9044,0.0,0.0,Não especializado,2024
9045,0.0,0.0,Não especializado,2024
9046,0.0,0.0,Não especializado,2024
9047,0.0,0.0,Não especializado,2024
9048,0.0,0.0,Não especializado,2024
9049,0.0,0.0,Não especializado,2024
9050,0.0,0.0,Não especializado,2024
9051,0.0,0.0,Não especializado,2024
9052,0.0,0.0,Não especializado,2024
9053,0.0,0.0,Não especializado,2024
9054,0.0,0.0,Não especializado,2024
9055,0.0,0.0,Não especializado,2024
9056,0.0,0.0,Não especializado,2024
9057,0.0,0.0,Não especializado,2024
9058,0.0,0.0,Não especializado,2024
9059,0.0,0.0,Não especializado,2024
9060,0.0,0.0,Não especializado,2024
9061,0.0,0.0,Não especializado,2024
9062,0.0,0.0,Não especializado,2024
9063,0.0,0.0,Não especializado,2024
9064,0.0,0.0,Não especializado,2024
9065,0.0,0.0,Não especializado,2024
9066,0.0,0.0,Não especializado,2024
9067,0.0,0.0,Não especializado,2024
9068,0.0,0.0,Não especializado,2024
9069,0.0,0.0,Não especializado,2024
9070,0.0,0.0,Não especializado,2024
9071,0.0,0.0,Não especializado,2024
9072,0.0,0.0,Não especializado,2024
9073,0.0,0.0,Não especializado,2024
9074,0.0,0.0,Não especializado,2024
