id_amc,ano,area_colhida_ha,total_area_colhida_ha,QL
10001,1985,0.0,2115.0,0.0
10001,1996,0.0,1595.0,0.0
10001,2005,0.0,2021.0,0.0
10001,2024,0.0,731.0,0.0
10002,1985,0.0,884.0,0.0
10002,1996,0.0,2595.0,0.0
10002,2005,0.0,608.0,0.0
10002,2024,0.0,1992.0,0.0
10003,1985,0.0,756.0,0.0
10003,1996,0.0,431.0,0.0
10003,2005,0.0,534.0,0.0
10003,2024,0.0,784.0,0.0
10004,1985,700.0,52504.0,0.2664194817542807
10004,1996,0.0,120170.0,0.0
10004,2005,0.0,116826.0,0.0
10004,2024,0.0,63346.0,0.0
10005,1985,0.0,2931.0,0.0
10005,1996,0.0,4248.0,0.0
10005,2005,0.0,22760.0,0.0
10005,2024,0.0,4108.0,0.0
10006,1985,18.0,2241.0,0.16050589179606145
10006,1996,0.0,4841.0,0.0
10006,2005,30.0,1386.0,0.9700731293298455
10006,2024,0.0,1176.0,0.0
10007,1985,0.0,688.0,0.0
10007,1996,0.0,130.0,0.0
10007,2005,0.0,246.0,0.0
10007,2024,0.0,176.0,0.0
10008,1985,0.0,2153.0,0.0
10008,1996,0.0,2706.0,0.0
10008,2005,0.0,2320.0,0.0
10008,2024,0.0,1183.0,0.0
10009,1985,0.0,3575.0,0.0
10009,1996,0.0,3120.0,0.0
10009,2005,0.0,5518.0,0.0
10009,2024,0.0,3382.0,0.0
1001,1985,101.0,339405.0,0.00594652800161923
1001,1996,2452.0,304442.0,0.43455697544955685
1001,2005,0.0,386244.0,0.0
1001,2024,9862.0,1057373.0,0.424403958237705
10010,1985,0.0,450.0,0.0
10010,1996,0.0,0.0,0.0
10010,2005,0.0,175.0,0.0
10010,2024,0.0,122.0,0.0
10011,1985,0.0,1418.0,0.0
10011,1996,0.0,1859.0,0.0
10011,2005,0.0,2827.0,0.0
10011,2024,0.0,857.0,0.0
10012,1985,0.0,5717.0,0.0
10012,1996,0.0,10047.0,0.0
10012,2005,0.0,4320.0,0.0
10012,2024,0.0,145.0,0.0
10013,1985,417.0,181767.0,0.045843877774459744
10013,1996,1134.0,105941.0,0.5775369999652962
10013,2005,300.0,141146.0,0.09525748921337948
10013,2024,0.0,19513.0,0.0
10014,1985,729.0,7690.0,1.8943556557030476
10014,1996,650.0,1597.0,21.960350455196657
10014,2005,100.0,3420.0,1.3104496659368088
10014,2024,0.0,1343.0,0.0
10015,1985,0.0,18389.0,0.0
10015,1996,0.0,3810.0,0.0
10015,2005,0.0,8225.0,0.0
10015,2024,0.0,3601.0,0.0
10016,1985,0.0,27341.0,0.0
10016,1996,0.0,3489.0,0.0
10016,2005,0.0,6374.0,0.0
10016,2024,0.0,5440.0,0.0
10017,1985,0.0,1588.0,0.0
10017,1996,20.0,2738.0,0.3941190051913138
10017,2005,0.0,8668.0,0.0
10017,2024,0.0,2564.0,0.0
10018,1985,0.0,1216.0,0.0
10018,1996,0.0,534.0,0.0
10018,2005,0.0,2100.0,0.0
10018,2024,0.0,1224.0,0.0
10019,1985,0.0,24126.0,0.0
10019,1996,0.0,10390.0,0.0
10019,2005,0.0,14212.0,0.0
10019,2024,0.0,10915.0,0.0
1002,1985,0.0,3385.0,0.0
1002,1996,0.0,11472.0,0.0
1002,2005,0.0,17855.0,0.0
1002,2024,0.0,12241.0,0.0
10020,1985,0.0,4283.0,0.0
10020,1996,0.0,5500.0,0.0
10020,2005,0.0,1987.0,0.0
10020,2024,0.0,2031.0,0.0
10021,1985,0.0,3414.0,0.0
10021,1996,0.0,4671.0,0.0
10021,2005,0.0,2959.0,0.0
10021,2024,0.0,990.0,0.0
10022,1985,0.0,666.0,0.0
10022,1996,0.0,513.0,0.0
10022,2005,0.0,1300.0,0.0
10022,2024,0.0,2714.0,0.0
10023,1985,0.0,3156.0,0.0
10023,1996,0.0,1945.0,0.0
10023,2005,0.0,2617.0,0.0
10023,2024,0.0,712.0,0.0
10024,1985,900.0,8377.0,2.146912400113249
10024,1996,1800.0,2920.0,33.25986481480944
10024,2005,1500.0,2200.0,30.55730357389013
10024,2024,30.0,2400.0,0.5687909229031597
10025,1985,0.0,10464.0,0.0
10025,1996,0.0,8551.0,0.0
10025,2005,0.0,15781.0,0.0
10025,2024,0.0,1701.0,0.0
10026,1985,0.0,802.0,0.0
10026,1996,0.0,770.0,0.0
10026,2005,0.0,750.0,0.0
10026,2024,0.0,522.0,0.0
10027,1985,0.0,1818.0,0.0
10027,1996,0.0,2625.0,0.0
10027,2005,0.0,1379.0,0.0
10027,2024,0.0,576.0,0.0
10028,1985,0.0,1028.0,0.0
10028,1996,0.0,488.0,0.0
10028,2005,0.0,471.0,0.0
10028,2024,0.0,867.0,0.0
10029,1985,0.0,63.0,0.0
10029,1996,0.0,0.0,0.0
10029,2005,0.0,250.0,0.0
10029,2024,0.0,98.0,0.0
1003,1985,0.0,1176.0,0.0
1003,1996,0.0,3774.0,0.0
1003,2005,0.0,1951.0,0.0
1003,2024,0.0,1208.0,0.0
10030,1985,0.0,4014.0,0.0
10030,1996,0.0,11282.0,0.0
10030,2005,0.0,16009.0,0.0
10030,2024,3613.0,25465.0,6.456050593203584
10031,1985,0.0,7147.0,0.0
10031,1996,0.0,2791.0,0.0
10031,2005,0.0,4220.0,0.0
10031,2024,0.0,5200.0,0.0
10032,1985,350.0,45222.0,0.15466021482936135
10032,1996,0.0,30045.0,0.0
10032,2005,0.0,14975.0,0.0
10032,2024,0.0,7016.0,0.0
10033,1985,250.0,19028.0,0.2625470823077787
10033,1996,487.0,2654.0,9.900539680409363
10033,2005,5305.0,12197.0,19.49300593101428
10033,2024,0.0,10070.0,0.0
10034,1985,80.0,3271.0,0.4887308719928989
10034,1996,480.0,2295.0,11.284683254523578
10034,2005,0.0,550.0,0.0
10034,2024,0.0,2091.0,0.0
10035,1985,0.0,1957.0,0.0
10035,1996,0.0,1262.0,0.0
10035,2005,0.0,3720.0,0.0
10035,2024,0.0,2707.0,0.0
10036,1985,0.0,5999.0,0.0
10036,1996,20.0,8089.0,0.13340311981874362
10036,2005,0.0,4525.0,0.0
10036,2024,0.0,1146.0,0.0
10037,1985,0.0,211.0,0.0
10037,1996,0.0,68.0,0.0
10037,2005,0.0,619.0,0.0
10037,2024,0.0,47.0,0.0
10038,1985,15.0,46850.0,0.006397966978210133
10038,1996,1100.0,214131.0,0.27716856032877046
10038,2005,58352.0,396144.0,6.601598597001767
10038,2024,43878.0,564987.0,3.533873609855779
10039,1985,0.0,23701.0,0.0
10039,1996,0.0,41740.0,0.0
10039,2005,0.0,53414.0,0.0
10039,2024,0.0,12740.0,0.0
1004,1985,0.0,5256.0,0.0
1004,1996,0.0,758.0,0.0
1004,2005,0.0,1759.0,0.0
1004,2024,0.0,545.0,0.0
10040,1985,0.0,17960.0,0.0
10040,1996,0.0,7962.0,0.0
10040,2005,0.0,18169.0,0.0
10040,2024,0.0,791.0,0.0
10041,1985,0.0,426.0,0.0
10041,1996,0.0,0.0,0.0
10041,2005,0.0,10.0,0.0
10041,2024,0.0,15.0,0.0
10042,1985,0.0,2527.0,0.0
10042,1996,0.0,554.0,0.0
10042,2005,0.0,761.0,0.0
10042,2024,0.0,329.0,0.0
10043,1985,171.0,5661.0,0.60361953425053
10043,1996,0.0,2060.0,0.0
10043,2005,0.0,2780.0,0.0
10043,2024,0.0,3580.0,0.0
10044,1985,0.0,6783.0,0.0
10044,1996,0.0,5515.0,0.0
10044,2005,0.0,5487.0,0.0
10044,2024,0.0,347.0,0.0
10045,1985,500.0,5528.0,1.807433387175258
10045,1996,298.0,1303.0,12.339645249106583
10045,2005,10.0,1185.0,0.37820572637163596
10045,2024,0.0,608.0,0.0
10046,1985,0.0,3146.0,0.0
10046,1996,80.0,4399.0,0.9812210377029481
10046,2005,0.0,1307.0,0.0
10046,2024,0.0,925.0,0.0
10047,1985,10939.0,35370.0,6.180205168771868
10047,1996,2580.0,40963.0,3.3982770029436913
10047,2005,4265.0,25092.0,7.6178112395401225
10047,2024,2605.0,20805.0,5.697477929969645
10048,1985,70.0,5049.0,0.2770467116265945
10048,1996,60.0,7715.0,0.41961030572151026
10048,2005,0.0,3757.0,0.0
10048,2024,0.0,2190.0,0.0
10049,1985,0.0,1464.0,0.0
10049,1996,0.0,602.0,0.0
10049,2005,0.0,640.0,0.0
10049,2024,0.0,1333.0,0.0
1005,1985,0.0,2532.0,0.0
1005,1996,4.0,2416.0,0.08932929107730275
1005,2005,1.0,14370.0,0.003118815488868397
1005,2024,0.0,3255.0,0.0
10050,1985,0.0,17582.0,0.0
10050,1996,331.0,4129.0,4.325277110520386
10050,2005,450.0,20990.0,0.9608299361013573
10050,2024,0.0,3374.0,0.0
10051,1985,100.0,3373.0,0.5924394760927854
10051,1996,10.0,1399.0,0.3856675611915001
10051,2005,40.0,742.0,2.4160311900290496
10051,2024,0.0,2158.0,0.0
10052,1985,200.0,6311.0,0.6332747117290335
10052,1996,680.0,8090.0,4.53514541795671
10052,2005,380.0,9957.0,1.7104151710871518
10052,2024,0.0,5283.0,0.0
10053,1985,0.0,1490.0,0.0
10053,1996,0.0,440.0,0.0
10053,2005,0.0,970.0,0.0
10053,2024,0.0,185.0,0.0
10054,1985,50.0,3233.0,0.30904706972795626
10054,1996,0.0,3955.0,0.0
10054,2005,0.0,2177.0,0.0
10054,2024,0.0,245.0,0.0
10055,1985,5.0,1152.0,0.08673169934292384
10055,1996,6.0,377.0,0.8586985434062206
10055,2005,50.0,476.0,4.707707833512486
10055,2024,0.0,1156.0,0.0
10056,1985,3878.0,12007.0,6.454069303235465
10056,1996,7400.0,11071.0,36.06414952570792
10056,2005,3000.0,4310.0,31.19539111951661
10056,2024,20.0,2790.0,0.32618834288353243
10057,1985,0.0,26.0,0.0
10057,1996,0.0,164.0,0.0
10057,2005,0.0,146.0,0.0
10057,2024,0.0,80.0,0.0
10058,1985,0.0,3021.0,0.0
10058,1996,0.0,3469.0,0.0
10058,2005,0.0,706.0,0.0
10058,2024,0.0,53.0,0.0
10059,1985,0.0,2679.0,0.0
10059,1996,0.0,4411.0,0.0
10059,2005,0.0,6863.0,0.0
10059,2024,0.0,2996.0,0.0
1006,1985,0.0,590.0,0.0
1006,1996,0.0,556.0,0.0
1006,2005,0.0,670.0,0.0
1006,2024,0.0,325.0,0.0
10060,1985,0.0,1598.0,0.0
10060,1996,0.0,3086.0,0.0
10060,2005,0.0,3945.0,0.0
10060,2024,0.0,894.0,0.0
10061,1985,90.0,6636.0,0.2710169556321381
10061,1996,600.0,3055.0,10.596705429268253
10061,2005,70.0,4495.0,0.6979347052842537
10061,2024,21.0,1486.0,0.6430476113575425
10062,1985,0.0,7432.0,0.0
10062,1996,0.0,977.0,0.0
10062,2005,0.0,3263.0,0.0
10062,2024,0.0,415.0,0.0
10063,1985,2460.0,12339.0,3.983964622771679
10063,1996,1240.0,5762.0,11.611257522606156
10063,2005,900.0,17232.0,2.3407405244623365
10063,2024,50.0,3394.0,0.6703487600508659
10064,1985,0.0,19773.0,0.0
10064,1996,0.0,30594.0,0.0
10064,2005,0.0,50827.0,0.0
10064,2024,0.0,10695.0,0.0
10065,1985,0.0,478.0,0.0
10065,1996,0.0,52.0,0.0
10065,2005,0.0,35.0,0.0
10065,2024,0.0,0.0,0.0
10066,1985,0.0,11136.0,0.0
10066,1996,0.0,4064.0,0.0
10066,2005,0.0,5945.0,0.0
10066,2024,0.0,2522.0,0.0
10067,1985,0.0,140.0,0.0
10067,1996,0.0,236.0,0.0
10067,2005,0.0,116.0,0.0
10067,2024,0.0,37.0,0.0
10068,1985,0.0,692.0,0.0
10068,1996,0.0,302.0,0.0
10068,2005,0.0,181.0,0.0
10068,2024,0.0,368.0,0.0
10069,1985,0.0,2500.0,0.0
10069,1996,0.0,2614.0,0.0
10069,2005,0.0,2288.0,0.0
10069,2024,0.0,664.0,0.0
1007,1985,0.0,1719.0,0.0
1007,1996,0.0,2206.0,0.0
1007,2005,0.0,3338.0,0.0
1007,2024,0.0,4397.0,0.0
10070,1985,5.0,13767.0,0.007257566473672424
10070,1996,0.0,6815.0,0.0
10070,2005,0.0,13250.0,0.0
10070,2024,0.0,6146.0,0.0
10071,1985,0.0,23369.0,0.0
10071,1996,970.0,15639.0,3.3465212006119405
10071,2005,890.0,16846.0,2.36777080207673
10071,2024,0.0,10636.0,0.0
10072,1985,40.0,3338.0,0.239460557562728
10072,1996,0.0,1620.0,0.0
10072,2005,0.0,1618.0,0.0
10072,2024,0.0,898.0,0.0
10073,1985,0.0,161.0,0.0
10073,1996,0.0,1894.0,0.0
10073,2005,0.0,1405.0,0.0
10073,2024,0.0,305.0,0.0
10074,1985,0.0,3823.0,0.0
10074,1996,0.0,4180.0,0.0
10074,2005,0.0,2376.0,0.0
10074,2024,0.0,848.0,0.0
10075,1985,0.0,361.0,0.0
10075,1996,0.0,307.0,0.0
10075,2005,0.0,228.0,0.0
10075,2024,0.0,55.0,0.0
10076,1985,1691.0,7834.0,4.313406324595216
10076,1996,3600.0,10088.0,19.25432300936629
10076,2005,200.0,4760.0,1.8830831334049944
10076,2024,267.0,1899.0,6.3977746778364875
10077,1985,0.0,1921.0,0.0
10077,1996,0.0,2002.0,0.0
10077,2005,0.0,23580.0,0.0
10077,2024,0.0,2421.0,0.0
10078,1985,0.0,13323.0,0.0
10078,1996,0.0,26476.0,0.0
10078,2005,0.0,18771.0,0.0
10078,2024,0.0,20530.0,0.0
10079,1985,0.0,20231.0,0.0
10079,1996,0.0,38229.0,0.0
10079,2005,0.0,74576.0,0.0
10079,2024,0.0,26916.0,0.0
1008,1985,0.0,968.0,0.0
1008,1996,0.0,1012.0,0.0
1008,2005,0.0,78.0,0.0
1008,2024,0.0,88.0,0.0
10080,1985,0.0,9122.0,0.0
10080,1996,0.0,21635.0,0.0
10080,2005,0.0,6624.0,0.0
10080,2024,0.0,2956.0,0.0
10081,1985,100.0,91054.0,0.02194629948009934
10081,1996,1620.0,18559.0,4.709678578227232
10081,2005,652.0,35383.0,0.8258466164803816
10081,2024,0.0,8921.0,0.0
10082,1985,0.0,19942.0,0.0
10082,1996,162.0,1337.0,6.53754111692739
10082,2005,520.0,5560.0,4.19155339191011
10082,2024,0.0,2965.0,0.0
10083,1985,0.0,3523.0,0.0
10083,1996,0.0,4504.0,0.0
10083,2005,0.0,11077.0,0.0
10083,2024,0.0,16649.0,0.0
10084,1985,0.0,473.0,0.0
10084,1996,0.0,445.0,0.0
10084,2005,0.0,673.0,0.0
10084,2024,0.0,415.0,0.0
10085,1985,1094.0,10585.0,2.065317333991399
10085,1996,2600.0,8754.0,16.024985002032928
10085,2005,950.0,8125.0,5.240185802619929
10085,2024,106.0,3991.0,1.208556007571735
10086,1985,440.0,7338.0,1.198216510300933
10086,1996,40.0,5132.0,0.420536958773896
10086,2005,0.0,4080.0,0.0
10086,2024,0.0,4308.0,0.0
10087,1985,0.0,5520.0,0.0
10087,1996,0.0,6027.0,0.0
10087,2005,0.0,8947.0,0.0
10087,2024,0.0,4798.0,0.0
10088,1985,0.0,1539.0,0.0
10088,1996,0.0,892.0,0.0
10088,2005,0.0,849.0,0.0
10088,2024,0.0,384.0,0.0
10089,1985,0.0,450.0,0.0
10089,1996,0.0,837.0,0.0
10089,2005,0.0,642.0,0.0
10089,2024,0.0,459.0,0.0
1009,1985,0.0,2925.0,0.0
1009,1996,0.0,1566.0,0.0
1009,2005,0.0,2143.0,0.0
1009,2024,0.0,85.0,0.0
10090,1985,440.0,30176.0,0.2913743621615935
10090,1996,1800.0,5728.0,16.955098683527158
10090,2005,50.0,17566.0,0.12756853744460567
10090,2024,0.0,3006.0,0.0
10091,1985,0.0,1093.0,0.0
10091,1996,0.0,550.0,0.0
10091,2005,0.0,361.0,0.0
10091,2024,0.0,340.0,0.0
10092,1985,150.0,43364.0,0.06912294828178783
10092,1996,0.0,31055.0,0.0
10092,2005,0.0,37999.0,0.0
10092,2024,0.0,34234.0,0.0
10093,1985,0.0,4910.0,0.0
10093,1996,0.0,3430.0,0.0
10093,2005,0.0,2265.0,0.0
10093,2024,0.0,343.0,0.0
10094,1985,0.0,1334.0,0.0
10094,1996,0.0,0.0,0.0
10094,2005,0.0,196.0,0.0
10094,2024,0.0,94.0,0.0
10095,1985,201.0,9038.0,0.4444102333758066
10095,1996,0.0,7180.0,0.0
10095,2005,0.0,13160.0,0.0
10095,2024,5751.0,35846.0,7.300377386857269
10096,1985,0.0,1149.0,0.0
10096,1996,0.0,1006.0,0.0
10096,2005,0.0,904.0,0.0
10096,2024,0.0,457.0,0.0
10097,1985,0.0,2132.0,0.0
10097,1996,0.0,1914.0,0.0
10097,2005,0.0,2066.0,0.0
10097,2024,0.0,617.0,0.0
10098,1985,0.0,6763.0,0.0
10098,1996,0.0,2675.0,0.0
10098,2005,0.0,5314.0,0.0
10098,2024,0.0,2002.0,0.0
10099,1985,0.0,891.0,0.0
10099,1996,0.0,1785.0,0.0
10099,2005,0.0,2015.0,0.0
10099,2024,0.0,140.0,0.0
1010,1985,0.0,1131.0,0.0
1010,1996,5.0,2745.0,0.0982784914584533
1010,2005,0.0,2515.0,0.0
1010,2024,0.0,764.0,0.0
10100,1985,0.0,372.0,0.0
10100,1996,0.0,164.0,0.0
10100,2005,0.0,678.0,0.0
10100,2024,0.0,701.0,0.0
10101,1985,0.0,17419.0,0.0
10101,1996,32.0,3361.0,0.5137032246183004
10101,2005,70.0,3030.0,1.035384983581756
10101,2024,0.0,2116.0,0.0
10102,1985,200.0,4273.0,0.9353139961904822
10102,1996,145.0,831.0,9.414511808122954
10102,2005,100.0,630.0,7.113869615085534
10102,2024,0.0,314.0,0.0
10103,1985,0.0,3366.0,0.0
10103,1996,0.0,2444.0,0.0
10103,2005,0.0,3356.0,0.0
10103,2024,0.0,2090.0,0.0
10104,1985,0.0,4724.0,0.0
10104,1996,0.0,1491.0,0.0
10104,2005,0.0,890.0,0.0
10104,2024,0.0,522.0,0.0
10105,1985,272.0,10039.0,0.5414255921687244
10105,1996,0.0,8108.0,0.0
10105,2005,550.0,8297.0,2.9709001104340573
10105,2024,0.0,2738.0,0.0
10106,1985,2200.0,8037.0,5.470021620373427
10106,1996,0.0,13511.0,0.0
10106,2005,0.0,27900.0,0.0
10106,2024,0.0,6800.0,0.0
10107,1985,188.0,17284.0,0.21735714553220403
10107,1996,600.0,110945.0,0.2917926457831765
10107,2005,16287.0,220737.0,3.3068341277251116
10107,2024,65219.0,440434.0,6.738076570077908
10108,1985,170.0,6721.0,0.5054466894604435
10108,1996,0.0,5925.0,0.0
10108,2005,0.0,7721.0,0.0
10108,2024,1558.0,8057.0,8.799069210704955
10109,1985,0.0,743.0,0.0
10109,1996,0.0,390.0,0.0
10109,2005,0.0,667.0,0.0
10109,2024,0.0,30.0,0.0
1011,1985,0.0,22446.0,0.0
1011,1996,0.0,6917.0,0.0
1011,2005,0.0,17399.0,0.0
1011,2024,0.0,12945.0,0.0
10110,1985,0.0,959.0,0.0
10110,1996,0.0,9084.0,0.0
10110,2005,0.0,11579.0,0.0
10110,2024,0.0,4699.0,0.0
10111,1985,0.0,2199.0,0.0
10111,1996,150.0,1486.0,5.446321515211056
10111,2005,0.0,1730.0,0.0
10111,2024,0.0,3130.0,0.0
10112,1985,0.0,3170.0,0.0
10112,1996,0.0,4117.0,0.0
10112,2005,0.0,5066.0,0.0
10112,2024,0.0,1333.0,0.0
10113,1985,0.0,7301.0,0.0
10113,1996,15.0,3322.0,0.2436253393017348
10113,2005,0.0,1710.0,0.0
10113,2024,0.0,3718.0,0.0
10114,1985,0.0,559.0,0.0
10114,1996,0.0,673.0,0.0
10114,2005,0.0,2468.0,0.0
10114,2024,0.0,328.0,0.0
10115,1985,500.0,2324.0,4.299264958823075
10115,1996,240.0,940.0,13.775717058048729
10115,2005,850.0,2230.0,17.082857304387012
10115,2024,0.0,547.0,0.0
10116,1985,0.0,983.0,0.0
10116,1996,0.0,673.0,0.0
10116,2005,0.0,1063.0,0.0
10116,2024,0.0,251.0,0.0
10117,1985,0.0,420.0,0.0
10117,1996,0.0,715.0,0.0
10117,2005,0.0,897.0,0.0
10117,2024,0.0,439.0,0.0
10118,1985,0.0,5413.0,0.0
10118,1996,0.0,2871.0,0.0
10118,2005,10.0,3100.0,0.14457218895173826
10118,2024,0.0,3861.0,0.0
10119,1985,0.0,1827.0,0.0
10119,1996,0.0,1346.0,0.0
10119,2005,0.0,1413.0,0.0
10119,2024,0.0,2442.0,0.0
1012,1985,0.0,4059.0,0.0
1012,1996,0.0,1175.0,0.0
1012,2005,0.0,4557.0,0.0
1012,2024,0.0,773.0,0.0
10120,1985,0.0,1217.0,0.0
10120,1996,0.0,513.0,0.0
10120,2005,0.0,1927.0,0.0
10120,2024,0.0,2161.0,0.0
10121,1985,0.0,18506.0,0.0
10121,1996,0.0,1828.0,0.0
10121,2005,0.0,7349.0,0.0
10121,2024,0.0,7449.0,0.0
10122,1985,0.0,9733.0,0.0
10122,1996,0.0,17693.0,0.0
10122,2005,0.0,44786.0,0.0
10122,2024,0.0,11010.0,0.0
10123,1985,0.0,16515.0,0.0
10123,1996,0.0,4081.0,0.0
10123,2005,0.0,12294.0,0.0
10123,2024,0.0,4788.0,0.0
10124,1985,0.0,520.0,0.0
10124,1996,0.0,304.0,0.0
10124,2005,0.0,148.0,0.0
10124,2024,0.0,5.0,0.0
10125,1985,0.0,706.0,0.0
10125,1996,0.0,401.0,0.0
10125,2005,0.0,148.0,0.0
10125,2024,0.0,23.0,0.0
10126,1985,0.0,407.0,0.0
10126,1996,0.0,69352.0,0.0
10126,2005,18821.0,145019.0,5.816533572571915
10126,2024,52353.0,607638.0,3.920480442203959
10127,1985,0.0,2061.0,0.0
10127,1996,0.0,278.0,0.0
10127,2005,0.0,2321.0,0.0
10127,2024,0.0,173.0,0.0
10128,1985,0.0,2542.0,0.0
10128,1996,0.0,1145.0,0.0
10128,2005,0.0,3300.0,0.0
10128,2024,0.0,694.0,0.0
10129,1985,403.0,3256.0,2.47332382126219
10129,1996,0.0,1533.0,0.0
10129,2005,0.0,523.0,0.0
10129,2024,0.0,1542.0,0.0
1013,1985,0.0,2417.0,0.0
1013,1996,6.0,4454.0,0.07268283584736085
1013,2005,0.0,2800.0,0.0
1013,2024,0.0,3014.0,0.0
10130,1985,0.0,260.0,0.0
10130,1996,0.0,77.0,0.0
10130,2005,0.0,149.0,0.0
10130,2024,0.0,48.0,0.0
10131,1985,0.0,1429.0,0.0
10131,1996,0.0,1882.0,0.0
10131,2005,0.0,4172.0,0.0
10131,2024,0.0,1405.0,0.0
10132,1985,2785.0,11244.0,4.94953834286534
10132,1996,4800.0,20667.0,12.531256626085844
10132,2005,400.0,6250.0,2.8683122288024876
10132,2024,216.0,3436.0,2.8605084830519787
10133,1985,0.0,16042.0,0.0
10133,1996,0.0,1163.0,0.0
10133,2005,0.0,861.0,0.0
10133,2024,0.0,931.0,0.0
10134,1985,0.0,10152.0,0.0
10134,1996,0.0,13255.0,0.0
10134,2005,0.0,12814.0,0.0
10134,2024,0.0,14901.0,0.0
10135,1985,0.0,5203.0,0.0
10135,1996,0.0,1793.0,0.0
10135,2005,0.0,1415.0,0.0
10135,2024,0.0,365.0,0.0
10136,1985,793.0,1870.0,8.474067346624308
10136,1996,500.0,2746.0,9.824270176746333
10136,2005,30.0,1763.0,0.762632647334751
10136,2024,0.0,1564.0,0.0
10137,1985,0.0,573.0,0.0
10137,1996,0.0,236.0,0.0
10137,2005,0.0,275.0,0.0
10137,2024,0.0,30.0,0.0
10138,1985,0.0,2394.0,0.0
10138,1996,0.0,1410.0,0.0
10138,2005,0.0,5366.0,0.0
10138,2024,0.0,11844.0,0.0
10139,1985,0.0,1787.0,0.0
10139,1996,0.0,3395.0,0.0
10139,2005,0.0,753.0,0.0
10139,2024,0.0,317.0,0.0
1014,1985,0.0,3442.0,0.0
1014,1996,0.0,2054.0,0.0
1014,2005,0.0,2242.0,0.0
1014,2024,0.0,2543.0,0.0
10140,1985,20.0,10029.0,0.039850400894624896
10140,1996,2500.0,25235.0,5.345243888517026
10140,2005,200.0,24655.0,0.3635561028192161
10140,2024,0.0,4201.0,0.0
10141,1985,80.0,2252.0,0.7098750809452806
10141,1996,16.0,890.0,0.9699755831135437
10141,2005,15.0,512.0,1.3130091379405917
10141,2024,0.0,360.0,0.0
10142,1985,0.0,928.0,0.0
10142,1996,0.0,747.0,0.0
10142,2005,0.0,330.0,0.0
10142,2024,0.0,375.0,0.0
10143,1985,0.0,311.0,0.0
10143,1996,0.0,85.0,0.0
10143,2005,0.0,1295.0,0.0
10143,2024,0.0,108.0,0.0
10144,1985,0.0,2398.0,0.0
10144,1996,0.0,861.0,0.0
10144,2005,0.0,881.0,0.0
10144,2024,0.0,5764.0,0.0
10145,1985,0.0,365.0,0.0
10145,1996,0.0,261.0,0.0
10145,2005,0.0,1598.0,0.0
10145,2024,0.0,61.0,0.0
10146,1985,0.0,1184.0,0.0
10146,1996,0.0,1145.0,0.0
10146,2005,0.0,1374.0,0.0
10146,2024,0.0,1061.0,0.0
10147,1985,0.0,13885.0,0.0
10147,1996,1000.0,56400.0,0.9566470179200508
10147,2005,0.0,33798.0,0.0
10147,2024,0.0,6197.0,0.0
10148,1985,100.0,1094.0,1.8265981287577377
10148,1996,255.0,838.0,16.418254667930988
10148,2005,1200.0,3293.0,16.331871937457223
10148,2024,0.0,908.0,0.0
10149,1985,0.0,2899.0,0.0
10149,1996,0.0,3220.0,0.0
10149,2005,0.0,3510.0,0.0
10149,2024,0.0,229.0,0.0
1015,1985,0.0,287.0,0.0
1015,1996,0.0,1284.0,0.0
1015,2005,0.0,411.0,0.0
1015,2024,0.0,4409.0,0.0
10150,1985,1485.0,7475.0,3.969863617389342
10150,1996,1200.0,2548.0,25.41046710079632
10150,2005,35.0,1717.0,0.913574985513314
10150,2024,24.0,997.0,1.0953646659719825
10151,1985,0.0,2504.0,0.0
10151,1996,0.0,5168.0,0.0
10151,2005,0.0,2142.0,0.0
10151,2024,0.0,721.0,0.0
10152,1985,0.0,3494.0,0.0
10152,1996,0.0,4227.0,0.0
10152,2005,0.0,682.0,0.0
10152,2024,0.0,1113.0,0.0
10153,1985,0.0,2285.0,0.0
10153,1996,0.0,6465.0,0.0
10153,2005,0.0,4350.0,0.0
10153,2024,0.0,10735.0,0.0
10154,1985,0.0,8556.0,0.0
10154,1996,0.0,7710.0,0.0
10154,2005,0.0,7115.0,0.0
10154,2024,0.0,5492.0,0.0
10155,1985,0.0,690.0,0.0
10155,1996,0.0,134.0,0.0
10155,2005,0.0,453.0,0.0
10155,2024,0.0,216.0,0.0
10156,1985,0.0,8900.0,0.0
10156,1996,0.0,7409.0,0.0
10156,2005,0.0,4140.0,0.0
10156,2024,0.0,4039.0,0.0
10157,1985,4.0,1035.0,0.07722892184969914
10157,1996,6.0,189.0,1.7128537082759003
10157,2005,10.0,327.0,1.3705620359339101
10157,2024,0.0,60.0,0.0
10158,1985,0.0,938.0,0.0
10158,1996,0.0,270.0,0.0
10158,2005,0.0,1280.0,0.0
10158,2024,0.0,288.0,0.0
10159,1985,160.0,3874.0,0.8253168210060775
10159,1996,0.0,947.0,0.0
10159,2005,0.0,690.0,0.0
10159,2024,0.0,435.0,0.0
1016,1985,0.0,2113.0,0.0
1016,1996,0.0,3273.0,0.0
1016,2005,0.0,2568.0,0.0
1016,2024,0.0,1117.0,0.0
10160,1985,0.0,5357.0,0.0
10160,1996,0.0,2190.0,0.0
10160,2005,0.0,5370.0,0.0
10160,2024,0.0,3141.0,0.0
10161,1985,0.0,2730.0,0.0
10161,1996,0.0,8000.0,0.0
10161,2005,0.0,14620.0,0.0
10161,2024,0.0,6725.0,0.0
10162,1985,0.0,12697.0,0.0
10162,1996,0.0,2090.0,0.0
10162,2005,0.0,2236.0,0.0
10162,2024,0.0,1078.0,0.0
10163,1985,0.0,6147.0,0.0
10163,1996,0.0,3007.0,0.0
10163,2005,0.0,2071.0,0.0
10163,2024,0.0,1882.0,0.0
10164,1985,0.0,17.0,0.0
10164,1996,0.0,177.0,0.0
10164,2005,0.0,109.0,0.0
10164,2024,0.0,84.0,0.0
10165,1985,0.0,144.0,0.0
10165,1996,0.0,20.0,0.0
10165,2005,0.0,321.0,0.0
10165,2024,0.0,542.0,0.0
10166,1985,0.0,16510.0,0.0
10166,1996,0.0,3349.0,0.0
10166,2005,0.0,6985.0,0.0
10166,2024,0.0,1326.0,0.0
10167,1985,0.0,1209.0,0.0
10167,1996,0.0,472.0,0.0
10167,2005,0.0,436.0,0.0
10167,2024,0.0,81.0,0.0
10168,1985,0.0,854.0,0.0
10168,1996,0.0,2654.0,0.0
10168,2005,0.0,2781.0,0.0
10168,2024,0.0,146.0,0.0
10169,1985,0.0,463.0,0.0
10169,1996,0.0,253.0,0.0
10169,2005,0.0,430.0,0.0
10169,2024,0.0,74.0,0.0
1017,1985,0.0,2496.0,0.0
1017,1996,0.0,4705.0,0.0
1017,2005,0.0,5161.0,0.0
1017,2024,0.0,1298.0,0.0
10170,1985,538.0,14923.0,0.7204211712384905
10170,1996,650.0,4296.0,8.16356603280937
10170,2005,560.0,9999.0,2.5100242026224384
10170,2024,6.0,2892.0,0.0944051324320597
10171,1985,0.0,35.0,0.0
10171,1996,0.0,175.0,0.0
10171,2005,0.0,123.0,0.0
10171,2024,0.0,0.0,0.0
10172,1985,0.0,556.0,0.0
10172,1996,0.0,0.0,0.0
10172,2005,0.0,405.0,0.0
10172,2024,0.0,260.0,0.0
10173,1985,0.0,2437.0,0.0
10173,1996,0.0,1421.0,0.0
10173,2005,0.0,5011.0,0.0
10173,2024,0.0,1422.0,0.0
10174,1985,0.0,1061.0,0.0
10174,1996,0.0,124.0,0.0
10174,2005,0.0,236.0,0.0
10174,2024,0.0,74.0,0.0
10175,1985,0.0,580.0,0.0
10175,1996,0.0,157.0,0.0
10175,2005,0.0,1150.0,0.0
10175,2024,0.0,735.0,0.0
10176,1985,0.0,317.0,0.0
10176,1996,0.0,356.0,0.0
10176,2005,0.0,55.0,0.0
10176,2024,0.0,145.0,0.0
10177,1985,0.0,2120.0,0.0
10177,1996,0.0,827.0,0.0
10177,2005,0.0,780.0,0.0
10177,2024,0.0,518.0,0.0
10178,1985,0.0,192.0,0.0
10178,1996,0.0,0.0,0.0
10178,2005,0.0,0.0,0.0
10178,2024,0.0,10.0,0.0
10179,1985,0.0,21.0,0.0
10179,1996,0.0,85.0,0.0
10179,2005,0.0,33.0,0.0
10179,2024,0.0,6.0,0.0
1018,1985,0.0,4474.0,0.0
1018,1996,0.0,6484.0,0.0
1018,2005,0.0,2205.0,0.0
1018,2024,0.0,2144.0,0.0
10180,1985,0.0,444.0,0.0
10180,1996,0.0,402.0,0.0
10180,2005,0.0,268.0,0.0
10180,2024,0.0,132.0,0.0
10181,1985,0.0,178.0,0.0
10181,1996,0.0,57.0,0.0
10181,2005,0.0,82.0,0.0
10181,2024,0.0,11.0,0.0
10182,1985,0.0,6728.0,0.0
10182,1996,0.0,3140.0,0.0
10182,2005,0.0,5890.0,0.0
10182,2024,0.0,29977.0,0.0
10183,1985,0.0,267.0,0.0
10183,1996,0.0,0.0,0.0
10183,2005,0.0,101.0,0.0
10183,2024,0.0,27.0,0.0
10184,1985,0.0,864.0,0.0
10184,1996,0.0,595.0,0.0
10184,2005,0.0,1210.0,0.0
10184,2024,0.0,192.0,0.0
10185,1985,0.0,1744.0,0.0
10185,1996,0.0,800.0,0.0
10185,2005,0.0,745.0,0.0
10185,2024,0.0,179.0,0.0
10186,1985,0.0,507.0,0.0
10186,1996,0.0,868.0,0.0
10186,2005,0.0,1046.0,0.0
10186,2024,0.0,644.0,0.0
10187,1985,0.0,3372.0,0.0
10187,1996,0.0,420.0,0.0
10187,2005,0.0,771.0,0.0
10187,2024,0.0,221.0,0.0
10188,1985,0.0,4958.0,0.0
10188,1996,0.0,2568.0,0.0
10188,2005,0.0,6047.0,0.0
10188,2024,0.0,6905.0,0.0
10189,1985,0.0,836.0,0.0
10189,1996,0.0,512.0,0.0
10189,2005,0.0,370.0,0.0
10189,2024,0.0,23.0,0.0
1019,1985,0.0,2343.0,0.0
1019,1996,0.0,673.0,0.0
1019,2005,0.0,1908.0,0.0
1019,2024,0.0,1002.0,0.0
10190,1985,1790.0,8934.0,4.003754255228484
10190,1996,2600.0,4382.0,32.013399978958525
10190,2005,200.0,1360.0,6.5907909669174805
10190,2024,20.0,2400.0,0.3791939486021064
10191,1985,0.0,585.0,0.0
10191,1996,0.0,1534.0,0.0
10191,2005,0.0,771.0,0.0
10191,2024,0.0,192.0,0.0
10192,1985,28591.0,31660.0,18.045909098751693
10192,1996,31500.0,56635.0,30.009342138902834
10192,2005,15000.0,22680.0,29.641123396189727
10192,2024,5704.0,12398.0,20.93488255679705
10193,1985,0.0,4817.0,0.0
10193,1996,400.0,1820.0,11.858217980371618
10193,2005,0.0,2829.0,0.0
10193,2024,0.0,1852.0,0.0
10194,1985,0.0,3694.0,0.0
10194,1996,0.0,1694.0,0.0
10194,2005,0.0,3564.0,0.0
10194,2024,0.0,4526.0,0.0
10195,1985,0.0,1134.0,0.0
10195,1996,0.0,1239.0,0.0
10195,2005,0.0,1234.0,0.0
10195,2024,0.0,1322.0,0.0
10196,1985,0.0,829.0,0.0
10196,1996,0.0,934.0,0.0
10196,2005,0.0,705.0,0.0
10196,2024,0.0,250.0,0.0
10197,1985,40.0,3233.0,0.24723765578236503
10197,1996,182.0,1527.0,6.430772959754903
10197,2005,0.0,700.0,0.0
10197,2024,0.0,614.0,0.0
10198,1985,890.0,22427.0,0.793010894924091
10198,1996,0.0,23064.0,0.0
10198,2005,0.0,82279.0,0.0
10198,2024,0.0,30046.0,0.0
10199,1985,0.0,1610.0,0.0
10199,1996,0.0,1109.0,0.0
10199,2005,0.0,474.0,0.0
10199,2024,0.0,182.0,0.0
1020,1985,0.0,2496.0,0.0
1020,1996,0.0,1869.0,0.0
1020,2005,0.0,360.0,0.0
1020,2024,0.0,1769.0,0.0
10200,1985,0.0,739.0,0.0
10200,1996,0.0,253.0,0.0
10200,2005,0.0,299.0,0.0
10200,2024,0.0,454.0,0.0
10201,1985,810.0,12214.0,1.3252183279985115
10201,1996,25.0,22045.0,0.06118722137751289
10201,2005,0.0,22167.0,0.0
10201,2024,0.0,21920.0,0.0
10202,1985,875.0,35816.0,0.4881927235741972
10202,1996,5000.0,7500.0,35.96992787379391
10202,2005,1250.0,25760.0,2.1747563361334854
10202,2024,0.0,4220.0,0.0
10203,1985,200.0,1980.0,2.0184831847080456
10203,1996,86.0,511.0,9.080471028805116
10203,2005,120.0,1885.0,2.8530957183048615
10203,2024,0.0,478.0,0.0
10204,1985,0.0,1499.0,0.0
10204,1996,0.0,649.0,0.0
10204,2005,0.0,427.0,0.0
10204,2024,0.0,418.0,0.0
10205,1985,0.0,1796.0,0.0
10205,1996,0.0,1899.0,0.0
10205,2005,0.0,4520.0,0.0
10205,2024,0.0,3835.0,0.0
10206,1985,0.0,664.0,0.0
10206,1996,0.0,751.0,0.0
10206,2005,0.0,1744.0,0.0
10206,2024,0.0,7203.0,0.0
10207,1985,0.0,703.0,0.0
10207,1996,0.0,833.0,0.0
10207,2005,0.0,289.0,0.0
10207,2024,0.0,155.0,0.0
10208,1985,0.0,7035.0,0.0
10208,1996,0.0,2455.0,0.0
10208,2005,0.0,3205.0,0.0
10208,2024,0.0,2485.0,0.0
10209,1985,0.0,2540.0,0.0
10209,1996,0.0,3307.0,0.0
10209,2005,0.0,1113.0,0.0
10209,2024,0.0,990.0,0.0
1021,1985,0.0,1437.0,0.0
1021,1996,6.0,1773.0,0.18258846636443607
1021,2005,0.0,2882.0,0.0
1021,2024,0.0,1574.0,0.0
10210,1985,0.0,364.0,0.0
10210,1996,0.0,35.0,0.0
10210,2005,0.0,28.0,0.0
10210,2024,0.0,7.0,0.0
10211,1985,0.0,384.0,0.0
10211,1996,0.0,294.0,0.0
10211,2005,0.0,400.0,0.0
10211,2024,0.0,594.0,0.0
10212,1985,10.0,4237.0,0.04716304821479738
10212,1996,400.0,1789.0,12.063698560243905
10212,2005,0.0,4750.0,0.0
10212,2024,0.0,1288.0,0.0
10213,1985,1000.0,14230.0,1.404285560689364
10213,1996,600.0,5605.0,5.77572436867342
10213,2005,2000.0,11930.0,7.513391211238703
10213,2024,57.0,2191.0,1.1837912407295335
10214,1985,0.0,629.0,0.0
10214,1996,0.0,963.0,0.0
10214,2005,0.0,400.0,0.0
10214,2024,0.0,770.0,0.0
10215,1985,0.0,1144.0,0.0
10215,1996,0.0,323.0,0.0
10215,2005,0.0,252.0,0.0
10215,2024,0.0,76.0,0.0
10216,1985,250.0,8924.0,0.5598101616038115
10216,1996,62.0,3476.0,0.9623714879927598
10216,2005,800.0,12540.0,2.859162907498492
10216,2024,0.0,6437.0,0.0
10217,1985,0.0,159.0,0.0
10217,1996,0.0,110.0,0.0
10217,2005,0.0,220.0,0.0
10217,2024,0.0,70.0,0.0
10218,1985,0.0,31.0,0.0
10218,1996,0.0,5.0,0.0
10218,2005,0.0,0.0,0.0
10218,2024,0.0,3.0,0.0
10219,1985,0.0,14141.0,0.0
10219,1996,33.0,1970.0,0.9038129085039587
10219,2005,80.0,2270.0,1.5794670863449822
10219,2024,0.0,2239.0,0.0
1022,1985,0.0,1003.0,0.0
1022,1996,0.0,4366.0,0.0
1022,2005,0.0,4384.0,0.0
1022,2024,0.0,170.0,0.0
10220,1985,0.0,326.0,0.0
10220,1996,0.0,179.0,0.0
10220,2005,0.0,147.0,0.0
10220,2024,0.0,111.0,0.0
10221,1985,0.0,8676.0,0.0
10221,1996,0.0,4344.0,0.0
10221,2005,0.0,3030.0,0.0
10221,2024,0.0,6755.0,0.0
10222,1985,50.0,3446.0,0.2899446246170872
10222,1996,1800.0,2933.0,33.11244638910452
10222,2005,250.0,1000.0,11.204344643759717
10222,2024,25.0,1820.0,0.6250449702232523
10223,1985,650.0,3954.0,3.2850124667668874
10223,1996,175.0,919.0,10.274326514549402
10223,2005,0.0,430.0,0.0
10223,2024,0.0,403.0,0.0
10224,1985,118.0,1713.0,1.3765277620408283
10224,1996,0.0,3025.0,0.0
10224,2005,0.0,13250.0,0.0
10224,2024,0.0,5894.0,0.0
10225,1985,0.0,1858.0,0.0
10225,1996,0.0,2400.0,0.0
10225,2005,0.0,4278.0,0.0
10225,2024,0.0,2599.0,0.0
10226,1985,0.0,391.0,0.0
10226,1996,0.0,0.0,0.0
10226,2005,0.0,250.0,0.0
10226,2024,0.0,427.0,0.0
10227,1985,0.0,2701.0,0.0
10227,1996,70.0,3019.0,1.2510243215463266
10227,2005,0.0,1095.0,0.0
10227,2024,0.0,80.0,0.0
10228,1985,0.0,64.0,0.0
10228,1996,0.0,209.0,0.0
10228,2005,0.0,72.0,0.0
10228,2024,0.0,36.0,0.0
10229,1985,0.0,588.0,0.0
10229,1996,0.0,510.0,0.0
10229,2005,0.0,267.0,0.0
10229,2024,0.0,242.0,0.0
1023,1985,0.0,1609.0,0.0
1023,1996,2.0,4138.0,0.026077763079115933
1023,2005,0.0,4910.0,0.0
1023,2024,0.0,623.0,0.0
10230,1985,17900.0,29747.0,12.024587526880449
10230,1996,2900.0,20764.0,7.5355994149009575
10230,2005,300.0,15350.0,0.8759096789909875
10230,2024,0.0,4751.0,0.0
10231,1985,0.0,1868.0,0.0
10231,1996,0.0,2125.0,0.0
10231,2005,0.0,3424.0,0.0
10231,2024,0.0,4216.0,0.0
10232,1985,0.0,15517.0,0.0
10232,1996,0.0,1946.0,0.0
10232,2005,0.0,3270.0,0.0
10232,2024,0.0,2310.0,0.0
10233,1985,0.0,619.0,0.0
10233,1996,0.0,235.0,0.0
10233,2005,0.0,427.0,0.0
10233,2024,0.0,38.0,0.0
10234,1985,20.0,31023.0,0.012882689313483318
10234,1996,1550.0,4841.0,17.27537333331354
10234,2005,0.0,3916.0,0.0
10234,2024,0.0,1137.0,0.0
10235,1985,0.0,16245.0,0.0
10235,1996,0.0,39202.0,0.0
10235,2005,0.0,15460.0,0.0
10235,2024,0.0,18255.0,0.0
10236,1985,91.0,1649.0,1.1027601583404962
10236,1996,90.0,430.0,11.29288433247018
10236,2005,800.0,1632.0,21.969303223058265
10236,2024,0.0,761.0,0.0
10237,1985,0.0,11489.0,0.0
10237,1996,637.0,3475.0,9.890436282995706
10237,2005,0.0,4380.0,0.0
10237,2024,0.0,1828.0,0.0
10238,1985,0.0,1253.0,0.0
10238,1996,0.0,1488.0,0.0
10238,2005,0.0,7069.0,0.0
10238,2024,0.0,8931.0,0.0
10239,1985,0.0,2651.0,0.0
10239,1996,0.0,2198.0,0.0
10239,2005,0.0,5973.0,0.0
10239,2024,0.0,6510.0,0.0
1024,1985,0.0,4723.0,0.0
1024,1996,0.0,704.0,0.0
1024,2005,0.0,6689.0,0.0
1024,2024,0.0,25787.0,0.0
10240,1985,0.0,3331.0,0.0
10240,1996,0.0,3961.0,0.0
10240,2005,0.0,5336.0,0.0
10240,2024,0.0,2483.0,0.0
10241,1985,0.0,1142.0,0.0
10241,1996,0.0,1381.0,0.0
10241,2005,0.0,796.0,0.0
10241,2024,0.0,412.0,0.0
10242,1985,0.0,3047.0,0.0
10242,1996,0.0,1400.0,0.0
10242,2005,0.0,604.0,0.0
10242,2024,0.0,147.0,0.0
10243,1985,0.0,1208.0,0.0
10243,1996,0.0,1504.0,0.0
10243,2005,0.0,717.0,0.0
10243,2024,0.0,603.0,0.0
10244,1985,0.0,356.0,0.0
10244,1996,0.0,240.0,0.0
10244,2005,0.0,268.0,0.0
10244,2024,0.0,359.0,0.0
10245,1985,0.0,3399.0,0.0
10245,1996,0.0,3195.0,0.0
10245,2005,0.0,2326.0,0.0
10245,2024,0.0,1396.0,0.0
10246,1985,0.0,2949.0,0.0
10246,1996,0.0,3512.0,0.0
10246,2005,0.0,885.0,0.0
10246,2024,0.0,732.0,0.0
10247,1985,0.0,1745.0,0.0
10247,1996,0.0,340.0,0.0
10247,2005,0.0,802.0,0.0
10247,2024,0.0,135.0,0.0
10248,1985,0.0,12891.0,0.0
10248,1996,0.0,4120.0,0.0
10248,2005,0.0,6550.0,0.0
10248,2024,0.0,3357.0,0.0
10249,1985,0.0,2855.0,0.0
10249,1996,0.0,775.0,0.0
10249,2005,0.0,2531.0,0.0
10249,2024,0.0,1315.0,0.0
1025,1985,0.0,3148.0,0.0
1025,1996,0.0,1640.0,0.0
1025,2005,0.0,3444.0,0.0
1025,2024,0.0,1730.0,0.0
10250,1985,0.0,8266.0,0.0
10250,1996,0.0,3725.0,0.0
10250,2005,0.0,5290.0,0.0
10250,2024,0.0,5432.0,0.0
10251,1985,130.0,1619.0,1.604563223421405
10251,1996,10.0,252.0,2.1410671353448754
10251,2005,0.0,429.0,0.0
10251,2024,0.0,1132.0,0.0
10252,1985,0.0,419.0,0.0
10252,1996,0.0,875.0,0.0
10252,2005,0.0,1055.0,0.0
10252,2024,0.0,737.0,0.0
10253,1985,19050.0,28000.0,13.59556557928621
10253,1996,11500.0,29644.0,20.931090804983974
10253,2005,2500.0,6520.0,17.184577674478092
10253,2024,1385.0,3960.0,15.914655115573256
10254,1985,0.0,1047.0,0.0
10254,1996,0.0,438.0,0.0
10254,2005,0.0,833.0,0.0
10254,2024,0.0,661.0,0.0
10255,1985,482.0,5040.0,1.9110710438075103
10255,1996,120.0,2025.0,3.197326922115014
10255,2005,200.0,3724.0,2.4069483660063837
10255,2024,0.0,2958.0,0.0
10256,1985,200.0,5313.0,0.7522297582762904
10256,1996,20.0,10237.0,0.1054115303520384
10256,2005,200.0,6474.0,1.3845344014531622
10256,2024,0.0,2243.0,0.0
10257,1985,0.0,58.0,0.0
10257,1996,0.0,138.0,0.0
10257,2005,0.0,35.0,0.0
10257,2024,0.0,66.0,0.0
10258,1985,327.0,3846.0,1.6990212204512107
10258,1996,5.0,1826.0,0.14774066760868254
10258,2005,0.0,1999.0,0.0
10258,2024,0.0,631.0,0.0
10259,1985,0.0,1028.0,0.0
10259,1996,0.0,1185.0,0.0
10259,2005,0.0,495.0,0.0
10259,2024,0.0,481.0,0.0
1026,1985,0.0,7692.0,0.0
1026,1996,0.0,7860.0,0.0
1026,2005,0.0,10288.0,0.0
1026,2024,0.0,4493.0,0.0
10260,1985,580.0,3861.0,3.0018467875145296
10260,1996,0.0,2735.0,0.0
10260,2005,0.0,12290.0,0.0
10260,2024,0.0,6139.0,0.0
10261,1985,0.0,1570.0,0.0
10261,1996,0.0,430.0,0.0
10261,2005,0.0,1340.0,0.0
10261,2024,0.0,811.0,0.0
10262,1985,5.0,12709.0,0.007861745034467564
10262,1996,0.0,12603.0,0.0
10262,2005,0.0,12508.0,0.0
10262,2024,0.0,4421.0,0.0
10263,1985,3978.0,12323.0,6.450726972069236
10263,1996,7800.0,16212.0,25.95905231454409
10263,2005,1800.0,7990.0,10.096530842937417
10263,2024,104.0,3940.0,1.2011016443031188
10264,1985,0.0,7557.0,0.0
10264,1996,0.0,983.0,0.0
10264,2005,0.0,850.0,0.0
10264,2024,0.0,802.0,0.0
10265,1985,0.0,4086.0,0.0
10265,1996,0.0,424.0,0.0
10265,2005,0.0,3325.0,0.0
10265,2024,0.0,628.0,0.0
10266,1985,0.0,1965.0,0.0
10266,1996,0.0,350.0,0.0
10266,2005,0.0,1111.0,0.0
10266,2024,0.0,638.0,0.0
10267,1985,70.0,6087.0,0.22980266913137434
10267,1996,0.0,4863.0,0.0
10267,2005,0.0,2420.0,0.0
10267,2024,0.0,1940.0,0.0
10268,1985,0.0,165.0,0.0
10268,1996,0.0,247.0,0.0
10268,2005,0.0,487.0,0.0
10268,2024,0.0,27.0,0.0
10269,1985,0.0,338.0,0.0
10269,1996,0.0,161.0,0.0
10269,2005,0.0,148.0,0.0
10269,2024,0.0,62.0,0.0
1027,1985,0.0,1300.0,0.0
1027,1996,0.0,263.0,0.0
1027,2005,0.0,4860.0,0.0
1027,2024,0.0,6361.0,0.0
10270,1985,0.0,2766.0,0.0
10270,1996,0.0,1749.0,0.0
10270,2005,0.0,4158.0,0.0
10270,2024,0.0,833.0,0.0
10271,1985,0.0,17394.0,0.0
10271,1996,0.0,2098.0,0.0
10271,2005,0.0,13505.0,0.0
10271,2024,0.0,2150.0,0.0
10272,1985,0.0,6889.0,0.0
10272,1996,0.0,5096.0,0.0
10272,2005,0.0,8745.0,0.0
10272,2024,0.0,2861.0,0.0
10273,1985,0.0,6709.0,0.0
10273,1996,0.0,21140.0,0.0
10273,2005,0.0,55970.0,0.0
10273,2024,0.0,25465.0,0.0
10274,1985,0.0,7721.0,0.0
10274,1996,0.0,7634.0,0.0
10274,2005,0.0,9298.0,0.0
10274,2024,0.0,2370.0,0.0
10275,1985,0.0,2361.0,0.0
10275,1996,0.0,1066.0,0.0
10275,2005,0.0,1006.0,0.0
10275,2024,0.0,15.0,0.0
10276,1985,0.0,13783.0,0.0
10276,1996,0.0,35245.0,0.0
10276,2005,10518.0,94122.0,5.008278488050177
10276,2024,35231.0,195344.0,8.206680729298558
10277,1985,400.0,2595.0,3.0802286749301966
10277,1996,139.0,1555.0,4.822977467322206
10277,2005,600.0,3058.0,8.793468654356873
10277,2024,0.0,1058.0,0.0
10278,1985,60.0,8807.0,0.13613932232503453
10278,1996,420.0,2081.0,10.889502431758848
10278,2005,20.0,2492.0,0.35969003671780786
10278,2024,30.0,1385.0,0.9856304801209986
10279,1985,80.0,3410.0,0.4688089977386429
10279,1996,180.0,2955.0,3.2865923945598494
10279,2005,50.0,3222.0,0.6954900461675801
10279,2024,0.0,1326.0,0.0
1028,1985,0.0,993.0,0.0
1028,1996,0.0,34.0,0.0
1028,2005,0.0,152.0,0.0
1028,2024,0.0,105.0,0.0
10280,1985,0.0,854.0,0.0
10280,1996,0.0,1124.0,0.0
10280,2005,0.0,1664.0,0.0
10280,2024,0.0,7379.0,0.0
10281,1985,0.0,2021.0,0.0
10281,1996,0.0,305.0,0.0
10281,2005,0.0,320.0,0.0
10281,2024,0.0,260.0,0.0
10282,1985,0.0,984.0,0.0
10282,1996,0.0,2185.0,0.0
10282,2005,0.0,1550.0,0.0
10282,2024,0.0,590.0,0.0
10283,1985,0.0,310.0,0.0
10283,1996,0.0,70.0,0.0
10283,2005,0.0,59.0,0.0
10283,2024,0.0,6.0,0.0
10284,1985,0.0,1045.0,0.0
10284,1996,0.0,3136.0,0.0
10284,2005,0.0,4005.0,0.0
10284,2024,0.0,2050.0,0.0
10285,1985,1000.0,5331.0,3.748449358208526
10285,1996,0.0,5065.0,0.0
10285,2005,0.0,9600.0,0.0
10285,2024,0.0,1750.0,0.0
10286,1985,0.0,369.0,0.0
10286,1996,0.0,237.0,0.0
10286,2005,0.0,161.0,0.0
10286,2024,0.0,15.0,0.0
10287,1985,0.0,1330.0,0.0
10287,1996,0.0,375.0,0.0
10287,2005,0.0,369.0,0.0
10287,2024,0.0,107.0,0.0
10288,1985,0.0,3521.0,0.0
10288,1996,0.0,1969.0,0.0
10288,2005,0.0,1469.0,0.0
10288,2024,0.0,155.0,0.0
10289,1985,239.0,24045.0,0.19862478949210674
10289,1996,0.0,5506.0,0.0
10289,2005,0.0,5302.0,0.0
10289,2024,0.0,3822.0,0.0
1029,1985,0.0,358.0,0.0
1029,1996,0.0,299.0,0.0
1029,2005,0.0,793.0,0.0
1029,2024,0.0,115.0,0.0
10290,1985,100.0,6399.0,0.31228291183950074
10290,1996,0.0,8932.0,0.0
10290,2005,1100.0,7085.0,6.9582380285875445
10290,2024,1652.0,5696.0,13.197227593202525
10291,1985,0.0,2964.0,0.0
10291,1996,0.0,3320.0,0.0
10291,2005,0.0,3425.0,0.0
10291,2024,0.0,1637.0,0.0
10292,1985,0.0,8772.0,0.0
10292,1996,0.0,8441.0,0.0
10292,2005,0.0,3530.0,0.0
10292,2024,0.0,627.0,0.0
10293,1985,0.0,2073.0,0.0
10293,1996,0.0,2498.0,0.0
10293,2005,0.0,2673.0,0.0
10293,2024,0.0,842.0,0.0
10294,1985,0.0,7139.0,0.0
10294,1996,0.0,11619.0,0.0
10294,2005,0.0,3041.0,0.0
10294,2024,0.0,7040.0,0.0
10295,1985,0.0,38809.0,0.0
10295,1996,1610.0,149752.0,0.5800748959293518
10295,2005,100177.0,439331.0,10.219334700969585
10295,2024,118660.0,694113.0,7.778875302631005
10296,1985,0.0,4116.0,0.0
10296,1996,0.0,2698.0,0.0
10296,2005,0.0,2217.0,0.0
10296,2024,0.0,30.0,0.0
10297,1985,0.0,1243.0,0.0
10297,1996,0.0,520.0,0.0
10297,2005,0.0,1365.0,0.0
10297,2024,0.0,579.0,0.0
10298,1985,0.0,2432.0,0.0
10298,1996,0.0,2744.0,0.0
10298,2005,0.0,3200.0,0.0
10298,2024,0.0,1542.0,0.0
10299,1985,0.0,1050.0,0.0
10299,1996,0.0,603.0,0.0
10299,2005,0.0,80.0,0.0
10299,2024,0.0,83.0,0.0
1030,1985,0.0,969.0,0.0
1030,1996,0.0,2992.0,0.0
1030,2005,0.0,250.0,0.0
1030,2024,0.0,353.0,0.0
10300,1985,0.0,928.0,0.0
10300,1996,0.0,3888.0,0.0
10300,2005,0.0,3601.0,0.0
10300,2024,0.0,1400.0,0.0
10301,1985,0.0,4025.0,0.0
10301,1996,0.0,2440.0,0.0
10301,2005,0.0,7788.0,0.0
10301,2024,0.0,1693.0,0.0
10302,1985,0.0,5751.0,0.0
10302,1996,0.0,5699.0,0.0
10302,2005,0.0,895.0,0.0
10302,2024,0.0,340.0,0.0
10303,1985,0.0,4277.0,0.0
10303,1996,0.0,4347.0,0.0
10303,2005,0.0,4195.0,0.0
10303,2024,0.0,413.0,0.0
10304,1985,0.0,905.0,0.0
10304,1996,0.0,6954.0,0.0
10304,2005,0.0,10256.0,0.0
10304,2024,0.0,10524.0,0.0
10305,1985,0.0,4907.0,0.0
10305,1996,0.0,728.0,0.0
10305,2005,0.0,2203.0,0.0
10305,2024,0.0,760.0,0.0
10306,1985,0.0,1938.0,0.0
10306,1996,0.0,861.0,0.0
10306,2005,0.0,1345.0,0.0
10306,2024,0.0,1906.0,0.0
10307,1985,4575.0,9035.0,10.118666258261113
10307,1996,6200.0,15070.0,22.19776570844614
10307,2005,1540.0,4470.0,15.440439151131956
10307,2024,88.0,1473.0,2.7184576355996226
10308,1985,150.0,2609.0,1.1488875160181862
10308,1996,1662.0,8033.0,11.163081064280869
10308,2005,0.0,3980.0,0.0
10308,2024,0.0,4047.0,0.0
10309,1985,60.0,4044.0,0.29648343514257647
10309,1996,0.0,4226.0,0.0
10309,2005,0.0,2596.0,0.0
10309,2024,0.0,1009.0,0.0
1031,1985,0.0,2734.0,0.0
1031,1996,0.0,2664.0,0.0
1031,2005,0.0,5634.0,0.0
1031,2024,0.0,7573.0,0.0
10310,1985,0.0,1244.0,0.0
10310,1996,0.0,1150.0,0.0
10310,2005,0.0,2026.0,0.0
10310,2024,0.0,1590.0,0.0
10311,1985,0.0,12384.0,0.0
10311,1996,0.0,1333.0,0.0
10311,2005,0.0,805.0,0.0
10311,2024,0.0,735.0,0.0
10312,1985,0.0,207.0,0.0
10312,1996,0.0,60.0,0.0
10312,2005,0.0,129.0,0.0
10312,2024,0.0,197.0,0.0
10313,1985,0.0,5902.0,0.0
10313,1996,0.0,2554.0,0.0
10313,2005,0.0,6210.0,0.0
10313,2024,0.0,4532.0,0.0
10314,1985,50.0,3098.0,0.32251425966122743
10314,1996,0.0,2174.0,0.0
10314,2005,0.0,2214.0,0.0
10314,2024,0.0,2691.0,0.0
10315,1985,1600.0,8296.0,3.8539987519015724
10315,1996,3200.0,4240.0,40.720673064672354
10315,2005,400.0,1550.0,11.565775116139061
10315,2024,20.0,1903.0,0.4782267349685
10316,1985,0.0,2017.0,0.0
10316,1996,0.0,4800.0,0.0
10316,2005,0.0,3810.0,0.0
10316,2024,0.0,3981.0,0.0
10317,1985,0.0,280.0,0.0
10317,1996,0.0,815.0,0.0
10317,2005,0.0,860.0,0.0
10317,2024,0.0,396.0,0.0
10318,1985,0.0,1547.0,0.0
10318,1996,0.0,2248.0,0.0
10318,2005,0.0,10987.0,0.0
10318,2024,0.0,1523.0,0.0
10319,1985,0.0,2400.0,0.0
10319,1996,0.0,1476.0,0.0
10319,2005,0.0,778.0,0.0
10319,2024,0.0,42.0,0.0
1032,1985,0.0,6982.0,0.0
1032,1996,0.0,6352.0,0.0
1032,2005,0.0,14315.0,0.0
1032,2024,0.0,7605.0,0.0
10320,1985,0.0,4321.0,0.0
10320,1996,0.0,2856.0,0.0
10320,2005,0.0,6440.0,0.0
10320,2024,0.0,394.0,0.0
10321,1985,0.0,2032.0,0.0
10321,1996,0.0,780.0,0.0
10321,2005,0.0,1313.0,0.0
10321,2024,0.0,587.0,0.0
10322,1985,0.0,7092.0,0.0
10322,1996,0.0,6423.0,0.0
10322,2005,0.0,5215.0,0.0
10322,2024,0.0,121.0,0.0
10323,1985,30.0,29401.0,0.02039010597796978
10323,1996,0.0,44636.0,0.0
10323,2005,0.0,69490.0,0.0
10323,2024,0.0,10240.0,0.0
10324,1985,0.0,2512.0,0.0
10324,1996,0.0,1209.0,0.0
10324,2005,0.0,1930.0,0.0
10324,2024,0.0,7676.0,0.0
10325,1985,0.0,18589.0,0.0
10325,1996,0.0,434.0,0.0
10325,2005,0.0,1393.0,0.0
10325,2024,0.0,148.0,0.0
10326,1985,0.0,37.0,0.0
10326,1996,0.0,0.0,0.0
10326,2005,0.0,130.0,0.0
10326,2024,0.0,101.0,0.0
10327,1985,0.0,261.0,0.0
10327,1996,0.0,103.0,0.0
10327,2005,0.0,599.0,0.0
10327,2024,0.0,51.0,0.0
10328,1985,0.0,6203.0,0.0
10328,1996,0.0,2085.0,0.0
10328,2005,0.0,13638.0,0.0
10328,2024,0.0,3602.0,0.0
10329,1985,6729.0,13580.0,9.901730203535667
10329,1996,735.0,3212.0,12.346464969133805
10329,2005,320.0,5698.0,2.5169464977206806
10329,2024,44.0,1603.0,1.248998158839128
1033,1985,0.0,3359.0,0.0
1033,1996,0.0,704.0,0.0
1033,2005,0.0,661.0,0.0
1033,2024,0.0,59.0,0.0
10330,1985,0.0,684.0,0.0
10330,1996,0.0,0.0,0.0
10330,2005,0.0,261.0,0.0
10330,2024,0.0,115.0,0.0
10331,1985,0.0,2004.0,0.0
10331,1996,0.0,199.0,0.0
10331,2005,0.0,580.0,0.0
10331,2024,0.0,357.0,0.0
10332,1985,0.0,5462.0,0.0
10332,1996,0.0,603.0,0.0
10332,2005,0.0,829.0,0.0
10332,2024,0.0,1856.0,0.0
10333,1985,0.0,304.0,0.0
10333,1996,0.0,2.0,0.0
10333,2005,0.0,0.0,0.0
10333,2024,0.0,81.0,0.0
10334,1985,0.0,16193.0,0.0
10334,1996,26.0,4109.0,0.341403550031142
10334,2005,0.0,4515.0,0.0
10334,2024,0.0,4645.0,0.0
10335,1985,0.0,592.0,0.0
10335,1996,0.0,1748.0,0.0
10335,2005,0.0,559.0,0.0
10335,2024,0.0,366.0,0.0
10336,1985,0.0,1337.0,0.0
10336,1996,0.0,455.0,0.0
10336,2005,0.0,6880.0,0.0
10336,2024,0.0,843.0,0.0
1034,1985,0.0,2549.0,0.0
1034,1996,0.0,810.0,0.0
1034,2005,0.0,3878.0,0.0
1034,2024,0.0,652.0,0.0
1035,1985,0.0,2220.0,0.0
1035,1996,0.0,5552.0,0.0
1035,2005,0.0,398.0,0.0
1035,2024,0.0,1575.0,0.0
1036,1985,0.0,629.0,0.0
1036,1996,2.0,475.0,0.22717849183448782
1036,2005,0.0,559.0,0.0
1036,2024,0.0,237.0,0.0
1037,1985,0.0,7016.0,0.0
1037,1996,0.0,4925.0,0.0
1037,2005,0.0,2569.0,0.0
1037,2024,0.0,3185.0,0.0
1038,1985,0.0,1699.0,0.0
1038,1996,0.0,2440.0,0.0
1038,2005,0.0,590.0,0.0
1038,2024,0.0,1080.0,0.0
1039,1985,0.0,1283.0,0.0
1039,1996,0.0,670.0,0.0
1039,2005,0.0,80.0,0.0
1039,2024,0.0,101.0,0.0
1040,1985,0.0,862.0,0.0
1040,1996,0.0,1385.0,0.0
1040,2005,0.0,894.0,0.0
1040,2024,0.0,720.0,0.0
1041,1985,0.0,1283.0,0.0
1041,1996,0.0,3191.0,0.0
1041,2005,0.0,4495.0,0.0
1041,2024,0.0,1196.0,0.0
1042,1985,0.0,1792.0,0.0
1042,1996,0.0,2262.0,0.0
1042,2005,0.0,2638.0,0.0
1042,2024,0.0,837.0,0.0
1043,1985,0.0,1167.0,0.0
1043,1996,0.0,1735.0,0.0
1043,2005,0.0,1768.0,0.0
1043,2024,0.0,281.0,0.0
1044,1985,0.0,944.0,0.0
1044,1996,0.0,866.0,0.0
1044,2005,0.0,1619.0,0.0
1044,2024,0.0,2744.0,0.0
1045,1985,0.0,2260.0,0.0
1045,1996,0.0,1259.0,0.0
1045,2005,0.0,1290.0,0.0
1045,2024,0.0,193.0,0.0
1046,1985,0.0,21133.0,0.0
1046,1996,0.0,31078.0,0.0
1046,2005,0.0,56807.0,0.0
1046,2024,0.0,155909.0,0.0
1047,1985,0.0,4492.0,0.0
1047,1996,0.0,27100.0,0.0
1047,2005,0.0,32900.0,0.0
1047,2024,0.0,5184.0,0.0
1048,1985,1500.0,26859.0,1.1159937187875377
1048,1996,1500.0,85033.0,0.9517756367061764
1048,2005,1413.0,112945.0,0.5606884406262332
1048,2024,2267.0,148227.0,0.6959320621595056
1049,1985,2650.0,36271.0,1.4599792217147465
1049,1996,1170.0,20881.0,3.023189666132288
1049,2005,590.0,133657.0,0.19783665172249063
1049,2024,0.0,367227.0,0.0
1050,1985,1488.0,10724.0,2.7727228170991385
1050,1996,2500.0,4090.0,32.979762720471186
1050,2005,0.0,670.0,0.0
1050,2024,0.0,34044.0,0.0
1051,1985,265.0,4406.0,1.2018816693330816
1051,1996,250.0,6075.0,2.2203659181354265
1051,2005,0.0,6973.0,0.0
1051,2024,0.0,57235.0,0.0
1052,1985,3625.0,15403.0,4.702870563605141
1052,1996,2347.0,22313.0,5.675262451471853
1052,2005,174.0,38636.0,0.20183828222530184
1052,2024,0.0,201420.0,0.0
1053,1985,0.0,6912.0,0.0
1053,1996,100.0,7491.0,0.7202628729233862
1053,2005,0.0,22486.0,0.0
1053,2024,0.0,86509.0,0.0
1054,1985,0.0,5623.0,0.0
1054,1996,0.0,3992.0,0.0
1054,2005,0.0,13818.0,0.0
1054,2024,0.0,28276.0,0.0
1055,1985,5.0,3077.0,0.03247153644557954
1055,1996,3000.0,9285.0,17.432921425102055
1055,2005,470.0,3620.0,5.8188309199636095
1055,2024,0.0,43267.0,0.0
1056,1985,94.0,298086.0,0.006301538655587003
1056,1996,17770.0,198221.0,4.836916509733967
1056,2005,2066.0,421018.0,0.21992576121693203
1056,2024,128.0,971718.0,0.005993939651759415
1057,1985,0.0,28268.0,0.0
1057,1996,0.0,8935.0,0.0
1057,2005,0.0,39080.0,0.0
1057,2024,0.0,144693.0,0.0
1058,1985,240.0,2637.0,1.8187015725697067
1058,1996,230.0,1440.0,8.617795219763122
1058,2005,4.0,300.0,0.5975650476671849
1058,2024,0.0,24106.0,0.0
1059,1985,5620.0,16435.0,6.83324413938462
1059,1996,3100.0,15148.0,11.04173254641812
1059,2005,300.0,31231.0,0.43050858353916494
1059,2024,0.0,75212.0,0.0
1060,1985,0.0,7150.0,0.0
1060,1996,0.0,9177.0,0.0
1060,2005,0.0,20205.0,0.0
1060,2024,0.0,93552.0,0.0
1061,1985,898.0,11048.0,1.6242504714601256
1061,1996,560.0,13528.0,2.233496408485133
1061,2005,200.0,11463.0,0.7819485051912914
1061,2024,0.0,33315.0,0.0
1062,1985,0.0,28488.0,0.0
1062,1996,150.0,12542.0,0.6452905255624006
1062,2005,500.0,17540.0,1.2775763561869689
1062,2024,0.0,124190.0,0.0
1063,1985,865.0,15713.0,1.1000624166134634
1063,1996,1100.0,22059.0,2.6905290807271385
1063,2005,200.0,18559.0,0.48297191201076417
1063,2024,0.0,26015.0,0.0
1064,1985,2500.0,56900.0,0.8779869740162414
1064,1996,1350.0,54007.0,1.348697464114516
1064,2005,70.0,147763.0,0.0212314077289492
1064,2024,0.0,281243.0,0.0
1065,1985,0.0,239968.0,0.0
1065,1996,150.0,252640.0,0.032034649190958005
1065,2005,25231.0,349857.0,3.2321413572596964
1065,2024,17234.0,448853.0,1.7471275032695432
1066,1985,20.0,49231.0,0.00811804900514296
1066,1996,0.0,2585.0,0.0
1066,2005,0.0,22274.0,0.0
1066,2024,1930.0,171679.0,0.5115437444081562
1067,1985,0.0,2433.0,0.0
1067,1996,100.0,1195.0,4.515053708007604
1067,2005,0.0,1474.0,0.0
1067,2024,0.0,21010.0,0.0
1068,1985,0.0,80592.0,0.0
1068,1996,854.0,127044.0,0.3626891282258902
1068,2005,17500.0,168504.0,4.654513394715734
1068,2024,10255.0,232084.0,2.010634395950398
1069,1985,5.0,4810.0,0.020772332150321884
1069,1996,0.0,1196.0,0.0
1069,2005,0.0,320.0,0.0
1069,2024,0.0,830.0,0.0
1070,1985,0.0,1893.0,0.0
1070,1996,1020.0,2725.0,20.19595950345126
1070,2005,0.0,710.0,0.0
1070,2024,0.0,4434.0,0.0
1071,1985,10500.0,25340.0,8.280241793622784
1071,1996,600.0,8700.0,3.721027021426956
1071,2005,400.0,15803.0,1.1344017863706604
1071,2024,0.0,48131.0,0.0
1072,1985,915.0,248552.0,0.07356380125156037
1072,1996,1000.0,179247.0,0.30100861833498394
1072,2005,3.0,246017.0,0.0005465156299162928
1072,2024,0.0,479563.0,0.0
1073,1985,11843.0,39643.0,5.969741793742252
1073,1996,3650.0,25595.0,7.694290099981311
1073,2005,3742.0,108242.0,1.5493674417305245
1073,2024,0.0,237490.0,0.0
1074,1985,12000.0,40308.0,5.949087088005255
1074,1996,3560.0,19569.0,9.815494652054753
1074,2005,550.0,23011.0,1.0712076057655633
1074,2024,0.0,50298.0,0.0
1075,1985,100.0,4114.0,0.4857312476570163
1075,1996,300.0,7820.0,2.0698807600009284
1075,2005,200.0,2199.0,4.076159943159515
1075,2024,0.0,49874.0,0.0
1076,1985,0.0,3725.0,0.0
1076,1996,0.0,2910.0,0.0
1076,2005,0.0,1700.0,0.0
1076,2024,0.0,3227.0,0.0
1077,1985,0.0,63083.0,0.0
1077,1996,246.0,66543.0,0.19946355567723054
1077,2005,0.0,92051.0,0.0
1077,2024,0.0,179322.0,0.0
1078,1985,1250.0,7817.0,3.195436792984785
1078,1996,1350.0,7669.0,9.497862034741514
1078,2005,70.0,15276.0,0.2053689774975596
1078,2024,0.0,129599.0,0.0
1079,1985,0.0,14811.0,0.0
1079,1996,0.0,3832.0,0.0
1079,2005,0.0,9695.0,0.0
1079,2024,0.0,58702.0,0.0
1080,1985,60.0,4098.0,0.2925766256018983
1080,1996,200.0,9615.0,1.122306641928047
1080,2005,0.0,6804.0,0.0
1080,2024,0.0,45298.0,0.0
1081,1985,2600.0,5205.0,9.981893789507222
1081,1996,160.0,3245.0,2.6603336486010902
1081,2005,237.0,19011.0,0.5587143612794809
1081,2024,0.0,80985.0,0.0
1082,1985,0.0,185.0,0.0
1082,1996,0.0,5.0,0.0
1082,2005,0.0,48.0,0.0
1082,2024,0.0,18.0,0.0
1083,1985,350.0,169863.0,0.041174618575048
1083,1996,2000.0,96179.0,1.1219682427700612
1083,2005,2929.0,275069.0,0.47722608453256754
1083,2024,470.0,587498.0,0.036402742990033675
1084,1985,3500.0,13556.0,5.159371669381366
1084,1996,3000.0,20269.0,7.985824432980048
1084,2005,2509.0,84101.0,1.337044777645599
1084,2024,0.0,217284.0,0.0
1085,1985,60.0,4282.0,0.28000443991512824
1085,1996,3000.0,10145.0,15.9551183274591
1085,2005,1500.0,4976.0,13.510061869485188
1085,2024,0.0,39524.0,0.0
1086,1985,100.0,302689.0,0.00660182019452628
1086,1996,3270.0,169665.0,1.0398874029467429
1086,2005,2540.0,419705.0,0.2712289383748078
1086,2024,0.0,1004431.0,0.0
1087,1985,1329.0,35270.0,0.7529737768506445
1087,1996,0.0,5450.0,0.0
1087,2005,0.0,1330.0,0.0
1087,2024,0.0,21486.0,0.0
1088,1985,0.0,55779.0,0.0
1088,1996,0.0,5420.0,0.0
1088,2005,300.0,14527.0,0.9255327027267612
1088,2024,0.0,29358.0,0.0
1089,1985,0.0,2998.0,0.0
1089,1996,0.0,4000.0,0.0
1089,2005,0.0,220.0,0.0
1089,2024,0.0,14915.0,0.0
1090,1985,0.0,43763.0,0.0
1090,1996,0.0,9833.0,0.0
1090,2005,0.0,11120.0,0.0
1090,2024,0.0,31494.0,0.0
1091,1985,6.0,6088.0,0.019694136197709905
1091,1996,0.0,960.0,0.0
1091,2005,0.0,2482.0,0.0
1091,2024,0.0,4219.0,0.0
1092,1985,31.0,15849.0,0.03908590380382985
1092,1996,0.0,3770.0,0.0
1092,2005,0.0,21226.0,0.0
1092,2024,0.0,46248.0,0.0
1093,1985,0.0,9894.0,0.0
1093,1996,0.0,835.0,0.0
1093,2005,0.0,318.0,0.0
1093,2024,0.0,15566.0,0.0
1094,1985,950.0,12305.0,1.542774022932074
1094,1996,0.0,2823.0,0.0
1094,2005,0.0,1987.0,0.0
1094,2024,0.0,5317.0,0.0
1095,1985,1250.0,22461.0,1.1120933801149577
1095,1996,50.0,3268.0,0.8255032406776447
1095,2005,20.0,10252.0,0.0874314837593423
1095,2024,0.0,56429.0,0.0
1096,1985,0.0,9893.0,0.0
1096,1996,0.0,5598.0,0.0
1096,2005,0.0,4470.0,0.0
1096,2024,0.0,5619.0,0.0
1097,1985,0.0,164813.0,0.0
1097,1996,1394.0,274152.0,0.2743482417932499
1097,2005,28757.0,936919.0,1.375586743018759
1097,2024,147250.0,4027886.0,1.663492231855425
1098,1985,1648.0,604534.0,0.0544749457518497
1098,1996,11524.0,1601474.0,0.388252430714705
1098,2005,197447.0,5434340.0,1.6283590919054933
1098,2024,978251.0,13244313.0,3.360961276713643
1099,1985,0.0,65852.0,0.0
1099,1996,0.0,89823.0,0.0
1099,2005,24275.0,161381.0,6.741449519516352
1099,2024,5003.0,200184.0,1.1372181542119282
1100,1985,4.0,36165.0,0.002210201413367582
1100,1996,0.0,49194.0,0.0
1100,2005,14732.0,107970.0,6.115121062957049
1100,2024,2605.0,192630.0,0.6153560106578335
11001,1985,0.0,9142.0,0.0
11001,1996,0.0,2341.0,0.0
11001,2005,0.0,4137.0,0.0
11001,2024,0.0,7919.0,0.0
11002,1985,0.0,7307.0,0.0
11002,1996,0.0,4130.0,0.0
11002,2005,0.0,3316.0,0.0
11002,2024,0.0,1441.0,0.0
11003,1985,0.0,4758.0,0.0
11003,1996,0.0,3981.0,0.0
11003,2005,0.0,3349.0,0.0
11003,2024,0.0,1387.0,0.0
11004,1985,0.0,805.0,0.0
11004,1996,0.0,576.0,0.0
11004,2005,0.0,720.0,0.0
11004,2024,0.0,193.0,0.0
11005,1985,0.0,12314.0,0.0
11005,1996,0.0,3904.0,0.0
11005,2005,0.0,1665.0,0.0
11005,2024,0.0,248.0,0.0
11006,1985,0.0,6477.0,0.0
11006,1996,0.0,7345.0,0.0
11006,2005,0.0,6576.0,0.0
11006,2024,0.0,1372.0,0.0
11007,1985,0.0,16074.0,0.0
11007,1996,0.0,17511.0,0.0
11007,2005,550.0,22153.0,1.1126961682964553
11007,2024,150.0,48013.0,0.1421592292678632
11008,1985,0.0,1815.0,0.0
11008,1996,0.0,1311.0,0.0
11008,2005,0.0,1570.0,0.0
11008,2024,0.0,2211.0,0.0
11009,1985,0.0,3208.0,0.0
11009,1996,0.0,2015.0,0.0
11009,2005,0.0,880.0,0.0
11009,2024,0.0,436.0,0.0
1101,1985,0.0,2365.0,0.0
1101,1996,0.0,3281.0,0.0
1101,2005,0.0,8864.0,0.0
1101,2024,0.0,11447.0,0.0
11010,1985,0.0,1206.0,0.0
11010,1996,0.0,1922.0,0.0
11010,2005,0.0,3913.0,0.0
11010,2024,0.0,578.0,0.0
11011,1985,0.0,8354.0,0.0
11011,1996,0.0,4791.0,0.0
11011,2005,0.0,5939.0,0.0
11011,2024,0.0,718.0,0.0
11012,1985,0.0,5016.0,0.0
11012,1996,0.0,4121.0,0.0
11012,2005,0.0,2527.0,0.0
11012,2024,0.0,1846.0,0.0
11013,1985,0.0,1855.0,0.0
11013,1996,0.0,546.0,0.0
11013,2005,0.0,257.0,0.0
11013,2024,0.0,50.0,0.0
11014,1985,0.0,659.0,0.0
11014,1996,0.0,442.0,0.0
11014,2005,0.0,248.0,0.0
11014,2024,0.0,25.0,0.0
11015,1985,0.0,2052.0,0.0
11015,1996,0.0,1792.0,0.0
11015,2005,0.0,574.0,0.0
11015,2024,0.0,70.0,0.0
11016,1985,0.0,16983.0,0.0
11016,1996,0.0,8524.0,0.0
11016,2005,0.0,13029.0,0.0
11016,2024,0.0,34805.0,0.0
11017,1985,0.0,2380.0,0.0
11017,1996,0.0,3524.0,0.0
11017,2005,0.0,1095.0,0.0
11017,2024,0.0,1460.0,0.0
11018,1985,0.0,2832.0,0.0
11018,1996,0.0,1825.0,0.0
11018,2005,0.0,2676.0,0.0
11018,2024,0.0,570.0,0.0
11019,1985,0.0,2676.0,0.0
11019,1996,0.0,866.0,0.0
11019,2005,0.0,319.0,0.0
11019,2024,0.0,137.0,0.0
1102,1985,0.0,1110.0,0.0
1102,1996,0.0,62.0,0.0
1102,2005,0.0,742.0,0.0
1102,2024,0.0,2795.0,0.0
11020,1985,0.0,12363.0,0.0
11020,1996,0.0,8005.0,0.0
11020,2005,0.0,9086.0,0.0
11020,2024,0.0,16366.0,0.0
11021,1985,0.0,4358.0,0.0
11021,1996,0.0,5144.0,0.0
11021,2005,0.0,4984.0,0.0
11021,2024,0.0,4814.0,0.0
11022,1985,0.0,876.0,0.0
11022,1996,0.0,1039.0,0.0
11022,2005,0.0,810.0,0.0
11022,2024,0.0,286.0,0.0
11023,1985,0.0,13608.0,0.0
11023,1996,0.0,7617.0,0.0
11023,2005,0.0,6740.0,0.0
11023,2024,0.0,2657.0,0.0
11024,1985,0.0,2224.0,0.0
11024,1996,0.0,2043.0,0.0
11024,2005,0.0,1575.0,0.0
11024,2024,0.0,107.0,0.0
11025,1985,0.0,3990.0,0.0
11025,1996,0.0,3079.0,0.0
11025,2005,0.0,2749.0,0.0
11025,2024,0.0,642.0,0.0
11026,1985,0.0,1406.0,0.0
11026,1996,0.0,579.0,0.0
11026,2005,0.0,607.0,0.0
11026,2024,0.0,137.0,0.0
11027,1985,0.0,2672.0,0.0
11027,1996,0.0,2651.0,0.0
11027,2005,0.0,477.0,0.0
11027,2024,0.0,652.0,0.0
11028,1985,0.0,8691.0,0.0
11028,1996,0.0,3106.0,0.0
11028,2005,0.0,2369.0,0.0
11028,2024,0.0,2475.0,0.0
11029,1985,0.0,1240.0,0.0
11029,1996,0.0,1222.0,0.0
11029,2005,0.0,1357.0,0.0
11029,2024,0.0,303.0,0.0
1103,1985,5197.0,144939.0,0.7165191245847174
1103,1996,19820.0,72092.0,14.833628636851424
1103,2005,19.0,51340.0,0.016586096473037368
1103,2024,0.0,56853.0,0.0
11030,1985,0.0,4524.0,0.0
11030,1996,0.0,4319.0,0.0
11030,2005,0.0,5699.0,0.0
11030,2024,0.0,3998.0,0.0
11031,1985,0.0,5710.0,0.0
11031,1996,1.0,5661.0,0.009530982478482754
11031,2005,0.0,5505.0,0.0
11031,2024,0.0,2918.0,0.0
11032,1985,0.0,3178.0,0.0
11032,1996,0.0,2558.0,0.0
11032,2005,0.0,1437.0,0.0
11032,2024,0.0,761.0,0.0
11033,1985,0.0,1978.0,0.0
11033,1996,0.0,601.0,0.0
11033,2005,0.0,343.0,0.0
11033,2024,0.0,51.0,0.0
11034,1985,0.0,1341.0,0.0
11034,1996,0.0,1291.0,0.0
11034,2005,0.0,570.0,0.0
11034,2024,0.0,12.0,0.0
11035,1985,0.0,324.0,0.0
11035,1996,0.0,306.0,0.0
11035,2005,0.0,69.0,0.0
11035,2024,0.0,34.0,0.0
11036,1985,0.0,1442.0,0.0
11036,1996,0.0,970.0,0.0
11036,2005,0.0,410.0,0.0
11036,2024,0.0,110.0,0.0
11037,1985,0.0,7424.0,0.0
11037,1996,4.0,3370.0,0.06404141461209598
11037,2005,0.0,1585.0,0.0
11037,2024,0.0,1311.0,0.0
11038,1985,0.0,10621.0,0.0
11038,1996,0.0,17785.0,0.0
11038,2005,0.0,32885.0,0.0
11038,2024,0.0,68471.0,0.0
11039,1985,0.0,271.0,0.0
11039,1996,0.0,276.0,0.0
11039,2005,0.0,486.0,0.0
11039,2024,0.0,83.0,0.0
1104,1985,41.0,3510.0,0.2334194657188022
1104,1996,3.0,1666.0,0.09715766832657417
1104,2005,0.0,365.0,0.0
1104,2024,0.0,132.0,0.0
11040,1985,0.0,5264.0,0.0
11040,1996,0.0,2400.0,0.0
11040,2005,0.0,1320.0,0.0
11040,2024,0.0,846.0,0.0
11041,1985,1290.0,33220.0,0.775979793856305
11041,1996,972.0,33451.0,1.5677903452809039
11041,2005,2008.0,57275.0,1.5712491694225759
11041,2024,250.0,95019.0,0.11972151315066663
11042,1985,0.0,4224.0,0.0
11042,1996,0.0,2830.0,0.0
11042,2005,0.0,530.0,0.0
11042,2024,0.0,189.0,0.0
11043,1985,0.0,853.0,0.0
11043,1996,0.0,1172.0,0.0
11043,2005,0.0,757.0,0.0
11043,2024,0.0,478.0,0.0
11044,1985,0.0,5910.0,0.0
11044,1996,0.0,4982.0,0.0
11044,2005,0.0,13346.0,0.0
11044,2024,0.0,23510.0,0.0
11045,1985,0.0,2691.0,0.0
11045,1996,0.0,1602.0,0.0
11045,2005,0.0,1955.0,0.0
11045,2024,0.0,1409.0,0.0
11046,1985,0.0,5866.0,0.0
11046,1996,0.0,4259.0,0.0
11046,2005,0.0,4402.0,0.0
11046,2024,0.0,12733.0,0.0
11047,1985,0.0,2516.0,0.0
11047,1996,0.0,2977.0,0.0
11047,2005,0.0,3608.0,0.0
11047,2024,0.0,4604.0,0.0
11048,1985,0.0,1212.0,0.0
11048,1996,0.0,450.0,0.0
11048,2005,0.0,152.0,0.0
11048,2024,0.0,41.0,0.0
11049,1985,0.0,6769.0,0.0
11049,1996,0.0,7261.0,0.0
11049,2005,0.0,5721.0,0.0
11049,2024,0.0,2650.0,0.0
1105,1985,608.0,45846.0,0.26501012052075795
1105,1996,650.0,104738.0,0.3348419835871323
1105,2005,1547.0,220148.0,0.3149357916292
1105,2024,18860.0,340158.0,2.522920949900597
11050,1985,0.0,13600.0,0.0
11050,1996,0.0,8243.0,0.0
11050,2005,0.0,11355.0,0.0
11050,2024,0.0,21602.0,0.0
11051,1985,0.0,2920.0,0.0
11051,1996,0.0,1168.0,0.0
11051,2005,0.0,261.0,0.0
11051,2024,0.0,90.0,0.0
11052,1985,0.0,36822.0,0.0
11052,1996,0.0,6755.0,0.0
11052,2005,0.0,4045.0,0.0
11052,2024,0.0,1092.0,0.0
11053,1985,0.0,2098.0,0.0
11053,1996,0.0,910.0,0.0
11053,2005,0.0,2580.0,0.0
11053,2024,0.0,984.0,0.0
11054,1985,0.0,6359.0,0.0
11054,1996,0.0,3756.0,0.0
11054,2005,0.0,3286.0,0.0
11054,2024,0.0,2533.0,0.0
11055,1985,0.0,2550.0,0.0
11055,1996,0.0,5505.0,0.0
11055,2005,0.0,2405.0,0.0
11055,2024,0.0,1264.0,0.0
11056,1985,0.0,8169.0,0.0
11056,1996,0.0,8054.0,0.0
11056,2005,0.0,13542.0,0.0
11056,2024,0.0,34909.0,0.0
11057,1985,0.0,374.0,0.0
11057,1996,0.0,591.0,0.0
11057,2005,0.0,587.0,0.0
11057,2024,0.0,161.0,0.0
11058,1985,0.0,479.0,0.0
11058,1996,0.0,325.0,0.0
11058,2005,0.0,333.0,0.0
11058,2024,0.0,117.0,0.0
11059,1985,0.0,1055.0,0.0
11059,1996,0.0,1073.0,0.0
11059,2005,0.0,455.0,0.0
11059,2024,0.0,89.0,0.0
1106,1985,120.0,46168.0,0.051939828960170645
1106,1996,3940.0,391338.0,0.5432190938117994
1106,2005,110144.0,717821.0,6.876875078562874
1106,2024,146800.0,1145813.0,5.829817429698133
11060,1985,0.0,3381.0,0.0
11060,1996,0.0,1445.0,0.0
11060,2005,0.0,1092.0,0.0
11060,2024,0.0,49.0,0.0
11061,1985,0.0,15235.0,0.0
11061,1996,0.0,9850.0,0.0
11061,2005,0.0,2898.0,0.0
11061,2024,0.0,3860.0,0.0
11062,1985,0.0,2132.0,0.0
11062,1996,0.0,3275.0,0.0
11062,2005,0.0,1818.0,0.0
11062,2024,0.0,545.0,0.0
11063,1985,0.0,1488.0,0.0
11063,1996,0.0,954.0,0.0
11063,2005,0.0,370.0,0.0
11063,2024,0.0,72.0,0.0
11064,1985,0.0,436.0,0.0
11064,1996,0.0,180.0,0.0
11064,2005,0.0,173.0,0.0
11064,2024,0.0,15.0,0.0
11065,1985,0.0,1340.0,0.0
11065,1996,0.0,787.0,0.0
11065,2005,0.0,335.0,0.0
11065,2024,0.0,53.0,0.0
11066,1985,0.0,2.0,0.0
11066,1996,0.0,304.0,0.0
11066,2005,0.0,0.0,0.0
11066,2024,0.0,0.0,0.0
11067,1985,0.0,6042.0,0.0
11067,1996,0.0,893.0,0.0
11067,2005,0.0,1201.0,0.0
11067,2024,0.0,320.0,0.0
11068,1985,0.0,2014.0,0.0
11068,1996,0.0,1555.0,0.0
11068,2005,0.0,1265.0,0.0
11068,2024,0.0,418.0,0.0
11069,1985,60.0,6507.0,0.1842598757824772
11069,1996,9.0,2446.0,0.1985257670875788
11069,2005,5.0,1489.0,0.15049489111833064
11069,2024,0.0,855.0,0.0
1107,1985,288.0,46058.0,0.12495330357895654
1107,1996,1955.0,105097.0,1.003661507844188
1107,2005,12370.0,374836.0,1.4790227538796452
1107,2024,72715.0,844696.0,3.917114034767846
11070,1985,0.0,1620.0,0.0
11070,1996,0.0,1335.0,0.0
11070,2005,0.0,297.0,0.0
11070,2024,0.0,140.0,0.0
11071,1985,450.0,10049.0,0.894849496255781
11071,1996,0.0,1623.0,0.0
11071,2005,0.0,2719.0,0.0
11071,2024,0.0,749.0,0.0
11072,1985,0.0,928.0,0.0
11072,1996,0.0,563.0,0.0
11072,2005,0.0,207.0,0.0
11072,2024,0.0,87.0,0.0
11073,1985,0.0,1843.0,0.0
11073,1996,0.0,1989.0,0.0
11073,2005,0.0,898.0,0.0
11073,2024,0.0,106.0,0.0
11074,1985,0.0,731.0,0.0
11074,1996,0.0,287.0,0.0
11074,2005,0.0,119.0,0.0
11074,2024,0.0,59.0,0.0
11075,1985,0.0,4614.0,0.0
11075,1996,0.0,1983.0,0.0
11075,2005,0.0,1280.0,0.0
11075,2024,0.0,489.0,0.0
11076,1985,0.0,12014.0,0.0
11076,1996,0.0,8843.0,0.0
11076,2005,0.0,8440.0,0.0
11076,2024,0.0,19605.0,0.0
11077,1985,0.0,911.0,0.0
11077,1996,0.0,1303.0,0.0
11077,2005,0.0,1026.0,0.0
11077,2024,0.0,185.0,0.0
11078,1985,550.0,33444.0,0.32862818265564253
11078,1996,200.0,13271.0,0.8131247352978805
11078,2005,380.0,13877.0,1.2272540072432636
11078,2024,0.0,2974.0,0.0
11079,1985,0.0,5354.0,0.0
11079,1996,0.0,9052.0,0.0
11079,2005,0.0,6263.0,0.0
11079,2024,0.0,19263.0,0.0
1108,1985,0.0,61049.0,0.0
1108,1996,0.0,1253.0,0.0
1108,2005,0.0,1067.0,0.0
1108,2024,0.0,2305.0,0.0
11080,1985,0.0,891.0,0.0
11080,1996,0.0,941.0,0.0
11080,2005,0.0,994.0,0.0
11080,2024,0.0,88.0,0.0
11081,1985,0.0,5524.0,0.0
11081,1996,0.0,3088.0,0.0
11081,2005,0.0,7150.0,0.0
11081,2024,0.0,7810.0,0.0
11082,1985,0.0,949.0,0.0
11082,1996,0.0,772.0,0.0
11082,2005,0.0,818.0,0.0
11082,2024,0.0,63.0,0.0
11083,1985,0.0,12577.0,0.0
11083,1996,0.0,3800.0,0.0
11083,2005,0.0,1446.0,0.0
11083,2024,0.0,1522.0,0.0
11084,1985,0.0,2622.0,0.0
11084,1996,0.0,2606.0,0.0
11084,2005,0.0,1290.0,0.0
11084,2024,0.0,1348.0,0.0
11085,1985,0.0,7594.0,0.0
11085,1996,0.0,4070.0,0.0
11085,2005,0.0,4324.0,0.0
11085,2024,0.0,2062.0,0.0
11086,1985,0.0,2091.0,0.0
11086,1996,0.0,2813.0,0.0
11086,2005,0.0,557.0,0.0
11086,2024,0.0,676.0,0.0
11087,1985,0.0,28520.0,0.0
11087,1996,0.0,19517.0,0.0
11087,2005,375.0,28403.0,0.591716261156905
11087,2024,0.0,42105.0,0.0
11088,1985,300.0,22669.0,0.2644534412008865
11088,1996,0.0,20244.0,0.0
11088,2005,590.0,16812.0,1.5728202093310095
11088,2024,0.0,7211.0,0.0
11089,1985,0.0,3560.0,0.0
11089,1996,0.0,4285.0,0.0
11089,2005,0.0,4129.0,0.0
11089,2024,0.0,1207.0,0.0
1109,1985,569.0,95410.0,0.11917322741619214
1109,1996,250.0,102016.0,0.13222164123934202
1109,2005,11382.0,183237.0,2.7838886411646797
1109,2024,39214.0,264879.0,6.736530189475045
11090,1985,0.0,2569.0,0.0
11090,1996,0.0,2535.0,0.0
11090,2005,0.0,3065.0,0.0
11090,2024,0.0,1213.0,0.0
11091,1985,0.0,951.0,0.0
11091,1996,0.0,2252.0,0.0
11091,2005,0.0,1378.0,0.0
11091,2024,0.0,898.0,0.0
11092,1985,0.0,15122.0,0.0
11092,1996,0.0,16271.0,0.0
11092,2005,0.0,39243.0,0.0
11092,2024,1200.0,89854.0,0.6076961359394498
11093,1985,400.0,14767.0,0.5412875608751853
11093,1996,0.0,7119.0,0.0
11093,2005,0.0,8184.0,0.0
11093,2024,0.0,2081.0,0.0
11094,1985,0.0,2083.0,0.0
11094,1996,0.0,2701.0,0.0
11094,2005,0.0,2037.0,0.0
11094,2024,0.0,735.0,0.0
11095,1985,0.0,1757.0,0.0
11095,1996,0.0,1787.0,0.0
11095,2005,0.0,311.0,0.0
11095,2024,0.0,373.0,0.0
11096,1985,0.0,4929.0,0.0
11096,1996,0.0,2709.0,0.0
11096,2005,0.0,1223.0,0.0
11096,2024,0.0,552.0,0.0
11097,1985,0.0,3451.0,0.0
11097,1996,0.0,1258.0,0.0
11097,2005,0.0,897.0,0.0
11097,2024,0.0,372.0,0.0
11098,1985,0.0,5055.0,0.0
11098,1996,0.0,4583.0,0.0
11098,2005,0.0,1641.0,0.0
11098,2024,0.0,2025.0,0.0
11099,1985,0.0,2394.0,0.0
11099,1996,0.0,5542.0,0.0
11099,2005,0.0,3480.0,0.0
11099,2024,0.0,3891.0,0.0
1110,1985,0.0,15700.0,0.0
1110,1996,0.0,32435.0,0.0
1110,2005,1950.0,72578.0,1.204137455169966
1110,2024,7270.0,104650.0,3.161096997233422
11100,1985,0.0,6601.0,0.0
11100,1996,0.0,2991.0,0.0
11100,2005,0.0,683.0,0.0
11100,2024,0.0,140.0,0.0
11101,1985,0.0,33580.0,0.0
11101,1996,0.0,39989.0,0.0
11101,2005,2550.0,90280.0,1.2658874099063924
11101,2024,0.0,130492.0,0.0
11102,1985,2.0,6675.0,0.005987410795089035
11102,1996,2.0,5694.0,0.01895148992296834
11102,2005,700.0,31887.0,0.9838543921512592
11102,2024,1144.0,38622.0,1.3478262457691774
11103,1985,0.0,104195.0,0.0
11103,1996,666.0,99895.0,0.3597172826059373
11103,2005,8060.0,213185.0,1.6944347459474787
11103,2024,0.0,374352.0,0.0
11104,1985,0.0,3923.0,0.0
11104,1996,0.0,3701.0,0.0
11104,2005,0.0,3211.0,0.0
11104,2024,0.0,2216.0,0.0
11105,1985,0.0,338.0,0.0
11105,1996,0.0,156.0,0.0
11105,2005,0.0,29.0,0.0
11105,2024,0.0,24.0,0.0
11106,1985,0.0,3872.0,0.0
11106,1996,0.0,4439.0,0.0
11106,2005,0.0,1520.0,0.0
11106,2024,0.0,2671.0,0.0
11107,1985,2000.0,5508.0,7.255985304506046
11107,1996,2000.0,9876.0,10.926466547325003
11107,2005,760.0,9660.0,3.5260049396510906
11107,2024,0.0,16018.0,0.0
11108,1985,0.0,533.0,0.0
11108,1996,0.0,181.0,0.0
11108,2005,0.0,136.0,0.0
11108,2024,0.0,546.0,0.0
11109,1985,0.0,1030.0,0.0
11109,1996,0.0,962.0,0.0
11109,2005,0.0,926.0,0.0
11109,2024,0.0,124.0,0.0
1111,1985,8470.0,145911.0,1.1599939037312044
1111,1996,9944.0,182506.0,2.939779756093005
1111,2005,51208.0,270504.0,8.484193660983166
1111,2024,30038.0,439445.0,3.1103490524939614
11110,1985,0.0,1485.0,0.0
11110,1996,0.0,624.0,0.0
11110,2005,0.0,393.0,0.0
11110,2024,0.0,227.0,0.0
11111,1985,0.0,2960.0,0.0
11111,1996,0.0,1462.0,0.0
11111,2005,0.0,1609.0,0.0
11111,2024,0.0,813.0,0.0
11112,1985,0.0,4657.0,0.0
11112,1996,0.0,3380.0,0.0
11112,2005,0.0,5191.0,0.0
11112,2024,0.0,3497.0,0.0
11113,1985,0.0,1747.0,0.0
11113,1996,0.0,1190.0,0.0
11113,2005,0.0,2170.0,0.0
11113,2024,0.0,602.0,0.0
11114,1985,0.0,2211.0,0.0
11114,1996,0.0,2268.0,0.0
11114,2005,0.0,1230.0,0.0
11114,2024,0.0,509.0,0.0
11115,1985,0.0,3547.0,0.0
11115,1996,0.0,2790.0,0.0
11115,2005,0.0,1790.0,0.0
11115,2024,0.0,1520.0,0.0
11116,1985,0.0,2008.0,0.0
11116,1996,0.0,1383.0,0.0
11116,2005,0.0,3862.0,0.0
11116,2024,0.0,3406.0,0.0
11117,1985,0.0,1669.0,0.0
11117,1996,0.0,1500.0,0.0
11117,2005,0.0,1053.0,0.0
11117,2024,0.0,198.0,0.0
11118,1985,0.0,2217.0,0.0
11118,1996,0.0,2711.0,0.0
11118,2005,0.0,3819.0,0.0
11118,2024,0.0,5010.0,0.0
11119,1985,0.0,8253.0,0.0
11119,1996,0.0,3731.0,0.0
11119,2005,0.0,8960.0,0.0
11119,2024,0.0,3738.0,0.0
1112,1985,0.0,86071.0,0.0
1112,1996,5590.0,144165.0,2.0921017252576
1112,2005,27180.0,247840.0,4.915011094535008
1112,2024,9381.0,395218.0,1.0800778603716512
11120,1985,0.0,4350.0,0.0
11120,1996,0.0,5969.0,0.0
11120,2005,0.0,8500.0,0.0
11120,2024,0.0,11940.0,0.0
11121,1985,0.0,4963.0,0.0
11121,1996,0.0,5929.0,0.0
11121,2005,0.0,4425.0,0.0
11121,2024,0.0,6057.0,0.0
11122,1985,0.0,6874.0,0.0
11122,1996,0.0,5787.0,0.0
11122,2005,0.0,2977.0,0.0
11122,2024,0.0,4935.0,0.0
11123,1985,0.0,18568.0,0.0
11123,1996,28.0,15141.0,0.09977788591898448
11123,2005,66.0,44275.0,0.06680851464602067
11123,2024,0.0,82015.0,0.0
11124,1985,0.0,5810.0,0.0
11124,1996,0.0,5229.0,0.0
11124,2005,0.0,9528.0,0.0
11124,2024,0.0,9851.0,0.0
11125,1985,0.0,8911.0,0.0
11125,1996,0.0,4838.0,0.0
11125,2005,0.0,7490.0,0.0
11125,2024,0.0,8318.0,0.0
11126,1985,0.0,4769.0,0.0
11126,1996,0.0,2316.0,0.0
11126,2005,0.0,1938.0,0.0
11126,2024,0.0,731.0,0.0
11127,1985,1000.0,16603.0,1.2035766746136032
11127,1996,2134.0,17315.0,6.649710604909864
11127,2005,2500.0,35030.0,3.198499755569431
11127,2024,0.0,56100.0,0.0
11128,1985,0.0,2470.0,0.0
11128,1996,0.0,869.0,0.0
11128,2005,0.0,1931.0,0.0
11128,2024,0.0,675.0,0.0
11129,1985,0.0,5526.0,0.0
11129,1996,0.0,6813.0,0.0
11129,2005,0.0,5487.0,0.0
11129,2024,0.0,9937.0,0.0
1113,1985,0.0,2377.0,0.0
1113,1996,0.0,4180.0,0.0
1113,2005,0.0,19073.0,0.0
1113,2024,5094.0,57609.0,4.02356709718092
11130,1985,0.0,8991.0,0.0
11130,1996,0.0,5887.0,0.0
11130,2005,0.0,6639.0,0.0
11130,2024,0.0,283.0,0.0
11131,1985,0.0,1378.0,0.0
11131,1996,0.0,1023.0,0.0
11131,2005,0.0,1470.0,0.0
11131,2024,0.0,508.0,0.0
11132,1985,0.0,2853.0,0.0
11132,1996,0.0,2962.0,0.0
11132,2005,0.0,3702.0,0.0
11132,2024,0.0,3800.0,0.0
11133,1985,0.0,968.0,0.0
11133,1996,0.0,1569.0,0.0
11133,2005,0.0,163.0,0.0
11133,2024,0.0,71.0,0.0
11134,1985,16380.0,31194.0,10.493084253338017
11134,1996,7100.0,27433.0,13.964193921769589
11134,2005,800.0,36846.0,0.9730744954684658
11134,2024,0.0,61814.0,0.0
11135,1985,0.0,9419.0,0.0
11135,1996,0.0,3780.0,0.0
11135,2005,0.0,1228.0,0.0
11135,2024,0.0,241.0,0.0
11136,1985,1300.0,2130.0,12.196187130137346
11136,1996,126.0,1922.0,3.5371052903990887
11136,2005,50.0,2315.0,0.9679779389857206
11136,2024,0.0,430.0,0.0
11137,1985,0.0,2064.0,0.0
11137,1996,0.0,3248.0,0.0
11137,2005,0.0,2415.0,0.0
11137,2024,0.0,1782.0,0.0
11138,1985,0.0,1828.0,0.0
11138,1996,0.0,1705.0,0.0
11138,2005,0.0,2215.0,0.0
11138,2024,0.0,418.0,0.0
11139,1985,0.0,5075.0,0.0
11139,1996,0.0,2767.0,0.0
11139,2005,0.0,1570.0,0.0
11139,2024,0.0,700.0,0.0
1114,1985,0.0,13191.0,0.0
1114,1996,5.0,3940.0,0.06847067488666353
1114,2005,0.0,2211.0,0.0
1114,2024,0.0,7526.0,0.0
11140,1985,0.0,1540.0,0.0
11140,1996,0.0,1080.0,0.0
11140,2005,0.0,940.0,0.0
11140,2024,0.0,298.0,0.0
11141,1985,0.0,5038.0,0.0
11141,1996,0.0,6402.0,0.0
11141,2005,0.0,9175.0,0.0
11141,2024,0.0,9411.0,0.0
11142,1985,0.0,5147.0,0.0
11142,1996,0.0,6374.0,0.0
11142,2005,0.0,1145.0,0.0
11142,2024,0.0,1098.0,0.0
11143,1985,0.0,22614.0,0.0
11143,1996,0.0,16176.0,0.0
11143,2005,0.0,9916.0,0.0
11143,2024,0.0,4908.0,0.0
11144,1985,0.0,3264.0,0.0
11144,1996,2.0,1571.0,0.06868859555784959
11144,2005,0.0,1049.0,0.0
11144,2024,0.0,660.0,0.0
11145,1985,0.0,3193.0,0.0
11145,1996,0.0,1281.0,0.0
11145,2005,0.0,704.0,0.0
11145,2024,0.0,1525.0,0.0
11146,1985,0.0,4000.0,0.0
11146,1996,0.0,1597.0,0.0
11146,2005,0.0,902.0,0.0
11146,2024,0.0,193.0,0.0
11147,1985,0.0,625.0,0.0
11147,1996,0.0,0.0,0.0
11147,2005,0.0,301.0,0.0
11147,2024,0.0,132.0,0.0
11148,1985,0.0,3806.0,0.0
11148,1996,0.0,2076.0,0.0
11148,2005,0.0,4661.0,0.0
11148,2024,0.0,7705.0,0.0
11149,1985,0.0,2724.0,0.0
11149,1996,0.0,1647.0,0.0
11149,2005,0.0,1990.0,0.0
11149,2024,0.0,1289.0,0.0
1115,1985,0.0,13545.0,0.0
1115,1996,0.0,5402.0,0.0
1115,2005,0.0,7984.0,0.0
1115,2024,0.0,17117.0,0.0
11150,1985,0.0,1485.0,0.0
11150,1996,0.0,957.0,0.0
11150,2005,0.0,2171.0,0.0
11150,2024,0.0,3395.0,0.0
11151,1985,0.0,2611.0,0.0
11151,1996,0.0,1598.0,0.0
11151,2005,0.0,1466.0,0.0
11151,2024,0.0,482.0,0.0
11152,1985,0.0,22963.0,0.0
11152,1996,0.0,3284.0,0.0
11152,2005,0.0,4434.0,0.0
11152,2024,0.0,5638.0,0.0
11153,1985,0.0,5400.0,0.0
11153,1996,0.0,7569.0,0.0
11153,2005,0.0,15720.0,0.0
11153,2024,0.0,15131.0,0.0
11154,1985,0.0,2981.0,0.0
11154,1996,0.0,3180.0,0.0
11154,2005,0.0,1093.0,0.0
11154,2024,0.0,963.0,0.0
11155,1985,15000.0,41480.0,7.2262476598154475
11155,1996,1560.0,26774.0,3.1437077472427633
11155,2005,560.0,41700.0,0.6018640767870926
11155,2024,0.0,121392.0,0.0
11156,1985,0.0,2597.0,0.0
11156,1996,0.0,1947.0,0.0
11156,2005,0.0,3663.0,0.0
11156,2024,0.0,18551.0,0.0
11157,1985,0.0,1375.0,0.0
11157,1996,0.0,1468.0,0.0
11157,2005,0.0,787.0,0.0
11157,2024,0.0,500.0,0.0
11158,1985,0.0,1855.0,0.0
11158,1996,0.0,2139.0,0.0
11158,2005,0.0,1060.0,0.0
11158,2024,0.0,272.0,0.0
11159,1985,0.0,1669.0,0.0
11159,1996,0.0,1723.0,0.0
11159,2005,0.0,937.0,0.0
11159,2024,0.0,5526.0,0.0
1116,1985,0.0,5360.0,0.0
1116,1996,0.0,1353.0,0.0
1116,2005,0.0,14857.0,0.0
1116,2024,0.0,47780.0,0.0
11160,1985,0.0,2240.0,0.0
11160,1996,0.0,1125.0,0.0
11160,2005,0.0,2845.0,0.0
11160,2024,0.0,2157.0,0.0
11161,1985,0.0,10792.0,0.0
11161,1996,0.0,4947.0,0.0
11161,2005,0.0,6555.0,0.0
11161,2024,0.0,8346.0,0.0
11162,1985,0.0,1828.0,0.0
11162,1996,0.0,1532.0,0.0
11162,2005,0.0,1433.0,0.0
11162,2024,0.0,1175.0,0.0
11163,1985,0.0,3069.0,0.0
11163,1996,0.0,2736.0,0.0
11163,2005,0.0,1037.0,0.0
11163,2024,0.0,30.0,0.0
11164,1985,0.0,1621.0,0.0
11164,1996,0.0,1652.0,0.0
11164,2005,0.0,721.0,0.0
11164,2024,0.0,233.0,0.0
11165,1985,0.0,1842.0,0.0
11165,1996,0.0,1782.0,0.0
11165,2005,0.0,660.0,0.0
11165,2024,0.0,405.0,0.0
11166,1985,0.0,1505.0,0.0
11166,1996,0.0,2374.0,0.0
11166,2005,0.0,1831.0,0.0
11166,2024,0.0,1350.0,0.0
11167,1985,18000.0,21994.0,16.354174025414828
11167,1996,4650.0,6500.0,38.59849952610962
11167,2005,3300.0,4942.0,29.926618635699768
11167,2024,75.0,1350.0,2.527959657347376
11168,1985,0.0,439.0,0.0
11168,1996,0.0,433.0,0.0
11168,2005,0.0,231.0,0.0
11168,2024,0.0,23.0,0.0
11169,1985,0.0,381.0,0.0
11169,1996,0.0,409.0,0.0
11169,2005,0.0,310.0,0.0
11169,2024,0.0,105.0,0.0
1117,1985,0.0,11672.0,0.0
1117,1996,0.0,3763.0,0.0
1117,2005,280.0,40227.0,0.31195132624881006
1117,2024,2000.0,73310.0,1.2413933660415435
11170,1985,0.0,6831.0,0.0
11170,1996,0.0,1216.0,0.0
11170,2005,0.0,250.0,0.0
11170,2024,0.0,138.0,0.0
11171,1985,3500.0,12938.0,5.405815609068927
11171,1996,3601.0,7580.0,25.632132639880975
11171,2005,4500.0,17350.0,11.624103953180109
11171,2024,0.0,25780.0,0.0
11172,1985,0.0,598.0,0.0
11172,1996,0.0,443.0,0.0
11172,2005,0.0,185.0,0.0
11172,2024,0.0,15.0,0.0
11173,1985,0.0,756.0,0.0
11173,1996,0.0,1959.0,0.0
11173,2005,0.0,553.0,0.0
11173,2024,0.0,352.0,0.0
11174,1985,0.0,3470.0,0.0
11174,1996,9.0,1740.0,0.2790770266070217
11174,2005,2.0,654.0,0.13705620359339102
11174,2024,0.0,333.0,0.0
11175,1985,300.0,40392.0,0.14841788122853275
11175,1996,10.0,17512.0,0.030810239727438817
11175,2005,0.0,21920.0,0.0
11175,2024,0.0,55432.0,0.0
11176,1985,0.0,1825.0,0.0
11176,1996,0.0,869.0,0.0
11176,2005,0.0,41.0,0.0
11176,2024,0.0,29.0,0.0
11177,1985,0.0,4684.0,0.0
11177,1996,0.0,5392.0,0.0
11177,2005,0.0,4863.0,0.0
11177,2024,0.0,953.0,0.0
11178,1985,0.0,2398.0,0.0
11178,1996,0.0,1284.0,0.0
11178,2005,0.0,2130.0,0.0
11178,2024,0.0,965.0,0.0
11179,1985,380.0,4825.0,1.5737893763464597
11179,1996,2.0,2992.0,0.036066104151531324
11179,2005,0.0,3575.0,0.0
11179,2024,0.0,809.0,0.0
1118,1985,0.0,4470.0,0.0
1118,1996,0.0,11477.0,0.0
1118,2005,1100.0,37163.0,1.3265644978215632
1118,2024,0.0,52744.0,0.0
11180,1985,0.0,3845.0,0.0
11180,1996,0.0,5185.0,0.0
11180,2005,0.0,2757.0,0.0
11180,2024,0.0,3349.0,0.0
11181,1985,0.0,1673.0,0.0
11181,1996,0.0,1164.0,0.0
11181,2005,0.0,1790.0,0.0
11181,2024,0.0,1570.0,0.0
11182,1985,0.0,4025.0,0.0
11182,1996,0.0,1930.0,0.0
11182,2005,0.0,1794.0,0.0
11182,2024,0.0,294.0,0.0
11183,1985,0.0,4113.0,0.0
11183,1996,0.0,1207.0,0.0
11183,2005,0.0,4504.0,0.0
11183,2024,0.0,14196.0,0.0
11184,1985,0.0,1756.0,0.0
11184,1996,0.0,2496.0,0.0
11184,2005,0.0,1761.0,0.0
11184,2024,0.0,78.0,0.0
11185,1985,0.0,4573.0,0.0
11185,1996,0.0,4140.0,0.0
11185,2005,0.0,1670.0,0.0
11185,2024,0.0,2563.0,0.0
11186,1985,0.0,637.0,0.0
11186,1996,0.0,400.0,0.0
11186,2005,0.0,533.0,0.0
11186,2024,0.0,282.0,0.0
11187,1985,219.0,40283.0,0.10863821941676424
11187,1996,0.0,33812.0,0.0
11187,2005,0.0,83023.0,0.0
11187,2024,0.0,111586.0,0.0
11188,1985,0.0,1651.0,0.0
11188,1996,0.0,1151.0,0.0
11188,2005,0.0,894.0,0.0
11188,2024,0.0,309.0,0.0
11189,1985,0.0,3304.0,0.0
11189,1996,0.0,2334.0,0.0
11189,2005,0.0,1432.0,0.0
11189,2024,0.0,981.0,0.0
1119,1985,0.0,2762.0,0.0
1119,1996,0.0,99.0,0.0
1119,2005,0.0,904.0,0.0
1119,2024,0.0,109.0,0.0
11190,1985,0.0,832.0,0.0
11190,1996,0.0,1241.0,0.0
11190,2005,0.0,970.0,0.0
11190,2024,0.0,347.0,0.0
11191,1985,0.0,1747.0,0.0
11191,1996,0.0,1887.0,0.0
11191,2005,0.0,4265.0,0.0
11191,2024,0.0,12938.0,0.0
11192,1985,0.0,1683.0,0.0
11192,1996,0.0,1715.0,0.0
11192,2005,0.0,1354.0,0.0
11192,2024,0.0,2094.0,0.0
11193,1985,0.0,1025.0,0.0
11193,1996,0.0,945.0,0.0
11193,2005,0.0,80.0,0.0
11193,2024,0.0,46.0,0.0
11194,1985,0.0,2226.0,0.0
11194,1996,0.0,2288.0,0.0
11194,2005,0.0,1605.0,0.0
11194,2024,0.0,773.0,0.0
11195,1985,0.0,1048.0,0.0
11195,1996,0.0,854.0,0.0
11195,2005,0.0,512.0,0.0
11195,2024,0.0,183.0,0.0
11196,1985,0.0,570.0,0.0
11196,1996,0.0,495.0,0.0
11196,2005,0.0,1009.0,0.0
11196,2024,0.0,296.0,0.0
11197,1985,22.0,28172.0,0.015605055999908149
11197,1996,0.0,16469.0,0.0
11197,2005,0.0,28461.0,0.0
11197,2024,0.0,44057.0,0.0
11198,1985,0.0,3442.0,0.0
11198,1996,0.0,4205.0,0.0
11198,2005,0.0,1162.0,0.0
11198,2024,0.0,1107.0,0.0
11199,1985,0.0,7155.0,0.0
11199,1996,0.0,3982.0,0.0
11199,2005,0.0,3267.0,0.0
11199,2024,0.0,545.0,0.0
11200,1985,0.0,413.0,0.0
11200,1996,0.0,493.0,0.0
11200,2005,0.0,230.0,0.0
11200,2024,0.0,93.0,0.0
11201,1985,0.0,212.0,0.0
11201,1996,0.0,496.0,0.0
11201,2005,0.0,0.0,0.0
11201,2024,0.0,1.0,0.0
11202,1985,0.0,4532.0,0.0
11202,1996,0.0,5005.0,0.0
11202,2005,0.0,3775.0,0.0
11202,2024,0.0,4385.0,0.0
11203,1985,600.0,12265.0,0.9775613629976185
11203,1996,41.0,10892.0,0.20309865628335708
11203,2005,50.0,14107.0,0.15884801366356727
11203,2024,0.0,8963.0,0.0
11204,1985,0.0,1714.0,0.0
11204,1996,0.0,2024.0,0.0
11204,2005,0.0,1217.0,0.0
11204,2024,0.0,244.0,0.0
11205,1985,0.0,1513.0,0.0
11205,1996,0.0,1235.0,0.0
11205,2005,0.0,4328.0,0.0
11205,2024,0.0,4924.0,0.0
11206,1985,0.0,3595.0,0.0
11206,1996,0.0,4765.0,0.0
11206,2005,0.0,3020.0,0.0
11206,2024,0.0,1984.0,0.0
11207,1985,0.0,3754.0,0.0
11207,1996,0.0,2483.0,0.0
11207,2005,0.0,1404.0,0.0
11207,2024,0.0,244.0,0.0
11208,1985,47.0,26352.0,0.03564056716168236
11208,1996,0.0,22711.0,0.0
11208,2005,2200.0,43962.0,2.2428058974815865
11208,2024,5138.0,118880.0,1.9666539447351508
11209,1985,0.0,198.0,0.0
11209,1996,0.0,52.0,0.0
11209,2005,0.0,139.0,0.0
11209,2024,0.0,7.0,0.0
11210,1985,0.0,3039.0,0.0
11210,1996,0.0,2249.0,0.0
11210,2005,0.0,409.0,0.0
11210,2024,0.0,366.0,0.0
11211,1985,0.0,738.0,0.0
11211,1996,0.0,701.0,0.0
11211,2005,0.0,378.0,0.0
11211,2024,0.0,38.0,0.0
11212,1985,0.0,1049.0,0.0
11212,1996,0.0,785.0,0.0
11212,2005,0.0,919.0,0.0
11212,2024,0.0,814.0,0.0
11213,1985,0.0,3000.0,0.0
11213,1996,0.0,1810.0,0.0
11213,2005,0.0,1368.0,0.0
11213,2024,0.0,854.0,0.0
11214,1985,0.0,1074.0,0.0
11214,1996,0.0,976.0,0.0
11214,2005,0.0,700.0,0.0
11214,2024,0.0,153.0,0.0
11215,1985,0.0,19659.0,0.0
11215,1996,0.0,16281.0,0.0
11215,2005,0.0,14351.0,0.0
11215,2024,0.0,32491.0,0.0
11216,1985,0.0,3622.0,0.0
11216,1996,0.0,1533.0,0.0
11216,2005,0.0,1314.0,0.0
11216,2024,0.0,445.0,0.0
11217,1985,0.0,430.0,0.0
11217,1996,0.0,469.0,0.0
11217,2005,0.0,518.0,0.0
11217,2024,0.0,92.0,0.0
11218,1985,0.0,4580.0,0.0
11218,1996,0.0,6935.0,0.0
11218,2005,0.0,7665.0,0.0
11218,2024,0.0,9638.0,0.0
11219,1985,0.0,778.0,0.0
11219,1996,0.0,964.0,0.0
11219,2005,0.0,1966.0,0.0
11219,2024,0.0,667.0,0.0
11220,1985,0.0,1033.0,0.0
11220,1996,0.0,941.0,0.0
11220,2005,0.0,750.0,0.0
11220,2024,0.0,1105.0,0.0
11221,1985,0.0,2789.0,0.0
11221,1996,0.0,2565.0,0.0
11221,2005,0.0,1310.0,0.0
11221,2024,0.0,324.0,0.0
11222,1985,0.0,1553.0,0.0
11222,1996,0.0,2568.0,0.0
11222,2005,0.0,1001.0,0.0
11222,2024,0.0,1003.0,0.0
11223,1985,4.0,3512.0,0.022759662333268395
11223,1996,0.0,880.0,0.0
11223,2005,0.0,2575.0,0.0
11223,2024,0.0,6252.0,0.0
11224,1985,0.0,3839.0,0.0
11224,1996,0.0,6257.0,0.0
11224,2005,0.0,5137.0,0.0
11224,2024,0.0,4541.0,0.0
11225,1985,0.0,5045.0,0.0
11225,1996,0.0,7386.0,0.0
11225,2005,0.0,4040.0,0.0
11225,2024,0.0,3048.0,0.0
11226,1985,0.0,324.0,0.0
11226,1996,0.0,213.0,0.0
11226,2005,0.0,275.0,0.0
11226,2024,0.0,1091.0,0.0
11227,1985,0.0,1567.0,0.0
11227,1996,0.0,837.0,0.0
11227,2005,0.0,250.0,0.0
11227,2024,0.0,238.0,0.0
11228,1985,0.0,9115.0,0.0
11228,1996,0.0,4692.0,0.0
11228,2005,0.0,11440.0,0.0
11228,2024,0.0,22402.0,0.0
11229,1985,0.0,71228.0,0.0
11229,1996,266.0,66081.0,0.21718801503675442
11229,2005,4830.0,190030.0,1.1391250777110862
11229,2024,0.0,271378.0,0.0
11230,1985,0.0,2232.0,0.0
11230,1996,0.0,1468.0,0.0
11230,2005,0.0,796.0,0.0
11230,2024,0.0,115.0,0.0
11231,1985,0.0,2586.0,0.0
11231,1996,0.0,2839.0,0.0
11231,2005,0.0,3538.0,0.0
11231,2024,0.0,2361.0,0.0
11232,1985,0.0,1034.0,0.0
11232,1996,0.0,1208.0,0.0
11232,2005,0.0,1470.0,0.0
11232,2024,0.0,837.0,0.0
11233,1985,0.0,2060.0,0.0
11233,1996,0.0,2500.0,0.0
11233,2005,0.0,1673.0,0.0
11233,2024,0.0,804.0,0.0
11234,1985,0.0,2477.0,0.0
11234,1996,0.0,984.0,0.0
11234,2005,0.0,1508.0,0.0
11234,2024,0.0,488.0,0.0
11235,1985,0.0,4553.0,0.0
11235,1996,0.0,904.0,0.0
11235,2005,0.0,1042.0,0.0
11235,2024,0.0,370.0,0.0
11236,1985,0.0,1340.0,0.0
11236,1996,0.0,2968.0,0.0
11236,2005,0.0,1391.0,0.0
11236,2024,0.0,205.0,0.0
11237,1985,0.0,3905.0,0.0
11237,1996,0.0,9590.0,0.0
11237,2005,0.0,4515.0,0.0
11237,2024,0.0,1533.0,0.0
11238,1985,0.0,4286.0,0.0
11238,1996,0.0,334.0,0.0
11238,2005,0.0,93.0,0.0
11238,2024,0.0,208.0,0.0
11239,1985,0.0,1422.0,0.0
11239,1996,0.0,663.0,0.0
11239,2005,0.0,593.0,0.0
11239,2024,0.0,157.0,0.0
11240,1985,0.0,2746.0,0.0
11240,1996,0.0,4820.0,0.0
11240,2005,0.0,1275.0,0.0
11240,2024,0.0,390.0,0.0
11241,1985,15.0,2051.0,0.1461456620814943
11241,1996,0.0,3079.0,0.0
11241,2005,0.0,2359.0,0.0
11241,2024,0.0,4401.0,0.0
11242,1985,0.0,1506.0,0.0
11242,1996,0.0,579.0,0.0
11242,2005,0.0,325.0,0.0
11242,2024,0.0,81.0,0.0
11243,1985,0.0,969.0,0.0
11243,1996,0.0,1235.0,0.0
11243,2005,0.0,625.0,0.0
11243,2024,0.0,168.0,0.0
11244,1985,0.0,4272.0,0.0
11244,1996,0.0,2529.0,0.0
11244,2005,0.0,2399.0,0.0
11244,2024,0.0,479.0,0.0
11245,1985,0.0,908.0,0.0
11245,1996,0.0,828.0,0.0
11245,2005,0.0,885.0,0.0
11245,2024,0.0,86.0,0.0
11246,1985,0.0,672.0,0.0
11246,1996,0.0,332.0,0.0
11246,2005,0.0,74.0,0.0
11246,2024,0.0,8.0,0.0
11247,1985,0.0,1050.0,0.0
11247,1996,0.0,1069.0,0.0
11247,2005,0.0,174.0,0.0
11247,2024,0.0,495.0,0.0
11248,1985,0.0,1959.0,0.0
11248,1996,0.0,1490.0,0.0
11248,2005,0.0,899.0,0.0
11248,2024,0.0,133.0,0.0
11249,1985,0.0,2292.0,0.0
11249,1996,0.0,5652.0,0.0
11249,2005,0.0,2008.0,0.0
11249,2024,0.0,8226.0,0.0
11250,1985,0.0,2049.0,0.0
11250,1996,0.0,3435.0,0.0
11250,2005,0.0,2150.0,0.0
11250,2024,0.0,478.0,0.0
11251,1985,0.0,1413.0,0.0
11251,1996,0.0,1310.0,0.0
11251,2005,0.0,345.0,0.0
11251,2024,0.0,595.0,0.0
11252,1985,0.0,699.0,0.0
11252,1996,0.0,690.0,0.0
11252,2005,0.0,907.0,0.0
11252,2024,0.0,1282.0,0.0
11253,1985,0.0,1964.0,0.0
11253,1996,0.0,3813.0,0.0
11253,2005,0.0,2996.0,0.0
11253,2024,0.0,702.0,0.0
11254,1985,0.0,6494.0,0.0
11254,1996,0.0,5383.0,0.0
11254,2005,0.0,4289.0,0.0
11254,2024,0.0,8100.0,0.0
11255,1985,0.0,5885.0,0.0
11255,1996,0.0,917.0,0.0
11255,2005,0.0,432.0,0.0
11255,2024,0.0,56.0,0.0
11256,1985,60.0,2393.0,0.5010359430491346
11256,1996,0.0,1488.0,0.0
11256,2005,300.0,2083.0,6.454735272449189
11256,2024,0.0,1033.0,0.0
11257,1985,0.0,2526.0,0.0
11257,1996,0.0,10496.0,0.0
11257,2005,0.0,7131.0,0.0
11257,2024,0.0,2957.0,0.0
11258,1985,0.0,11949.0,0.0
11258,1996,0.0,5920.0,0.0
11258,2005,0.0,7176.0,0.0
11258,2024,0.0,3579.0,0.0
11259,1985,0.0,3396.0,0.0
11259,1996,0.0,2558.0,0.0
11259,2005,0.0,985.0,0.0
11259,2024,0.0,173.0,0.0
11260,1985,0.0,2592.0,0.0
11260,1996,0.0,2350.0,0.0
11260,2005,0.0,2825.0,0.0
11260,2024,0.0,2017.0,0.0
11261,1985,17000.0,24850.0,13.670451508505598
11261,1996,858.0,8020.0,5.772231567777152
11261,2005,1230.0,10974.0,5.023270972051923
11261,2024,30.0,1746.0,0.7818431929940339
11262,1985,0.0,1978.0,0.0
11262,1996,0.0,2924.0,0.0
11262,2005,0.0,1778.0,0.0
11262,2024,0.0,1967.0,0.0
11263,1985,0.0,1693.0,0.0
11263,1996,0.0,1893.0,0.0
11263,2005,0.0,925.0,0.0
11263,2024,0.0,483.0,0.0
11264,1985,0.0,734.0,0.0
11264,1996,0.0,332.0,0.0
11264,2005,0.0,175.0,0.0
11264,2024,0.0,100.0,0.0
11265,1985,0.0,1879.0,0.0
11265,1996,0.0,2806.0,0.0
11265,2005,0.0,2371.0,0.0
11265,2024,0.0,7376.0,0.0
11266,1985,0.0,3119.0,0.0
11266,1996,73.0,7789.0,0.5056755812274275
11266,2005,0.0,8914.0,0.0
11266,2024,0.0,15868.0,0.0
11267,1985,0.0,4241.0,0.0
11267,1996,0.0,2254.0,0.0
11267,2005,0.0,1995.0,0.0
11267,2024,0.0,182.0,0.0
11268,1985,0.0,603.0,0.0
11268,1996,0.0,182.0,0.0
11268,2005,0.0,187.0,0.0
11268,2024,0.0,16.0,0.0
11269,1985,0.0,1336.0,0.0
11269,1996,0.0,928.0,0.0
11269,2005,0.0,764.0,0.0
11269,2024,0.0,450.0,0.0
11270,1985,0.0,783.0,0.0
11270,1996,0.0,984.0,0.0
11270,2005,0.0,840.0,0.0
11270,2024,0.0,535.0,0.0
11271,1985,0.0,886.0,0.0
11271,1996,0.0,847.0,0.0
11271,2005,0.0,420.0,0.0
11271,2024,0.0,49.0,0.0
11272,1985,0.0,1602.0,0.0
11272,1996,0.0,1725.0,0.0
11272,2005,0.0,1369.0,0.0
11272,2024,0.0,958.0,0.0
11273,1985,0.0,635.0,0.0
11273,1996,0.0,665.0,0.0
11273,2005,0.0,643.0,0.0
11273,2024,0.0,327.0,0.0
11274,1985,0.0,1500.0,0.0
11274,1996,0.0,1661.0,0.0
11274,2005,0.0,553.0,0.0
11274,2024,0.0,197.0,0.0
11275,1985,0.0,3173.0,0.0
11275,1996,0.0,3778.0,0.0
11275,2005,0.0,1604.0,0.0
11275,2024,0.0,3046.0,0.0
11276,1985,0.0,5657.0,0.0
11276,1996,0.0,304.0,0.0
11276,2005,0.0,413.0,0.0
11276,2024,0.0,23.0,0.0
11277,1985,0.0,9433.0,0.0
11277,1996,0.0,5982.0,0.0
11277,2005,0.0,2970.0,0.0
11277,2024,0.0,738.0,0.0
11278,1985,0.0,926.0,0.0
11278,1996,0.0,660.0,0.0
11278,2005,0.0,284.0,0.0
11278,2024,0.0,115.0,0.0
11279,1985,0.0,7340.0,0.0
11279,1996,0.0,21653.0,0.0
11279,2005,0.0,29066.0,0.0
11279,2024,0.0,39523.0,0.0
11280,1985,0.0,2574.0,0.0
11280,1996,0.0,2041.0,0.0
11280,2005,0.0,1462.0,0.0
11280,2024,0.0,701.0,0.0
11281,1985,0.0,818.0,0.0
11281,1996,0.0,686.0,0.0
11281,2005,0.0,436.0,0.0
11281,2024,0.0,62.0,0.0
11282,1985,70.0,2910.0,0.48069032543047274
11282,1996,60.0,3258.0,0.9936444164031467
11282,2005,0.0,1043.0,0.0
11282,2024,0.0,593.0,0.0
11283,1985,40.0,1209.0,0.661140894246804
11283,1996,0.0,1397.0,0.0
11283,2005,0.0,1870.0,0.0
11283,2024,0.0,164.0,0.0
11284,1985,3700.0,7389.0,10.006366092279837
11284,1996,70.0,5433.0,0.6951670213046862
11284,2005,30.0,2794.0,0.48121737911638013
11284,2024,0.0,1444.0,0.0
11285,1985,0.0,6034.0,0.0
11285,1996,0.0,7867.0,0.0
11285,2005,0.0,4527.0,0.0
11285,2024,0.0,2130.0,0.0
11286,1985,0.0,1530.0,0.0
11286,1996,0.0,1217.0,0.0
11286,2005,0.0,743.0,0.0
11286,2024,0.0,181.0,0.0
11287,1985,0.0,1446.0,0.0
11287,1996,0.0,559.0,0.0
11287,2005,0.0,557.0,0.0
11287,2024,0.0,149.0,0.0
11288,1985,0.0,4517.0,0.0
11288,1996,0.0,3272.0,0.0
11288,2005,0.0,3075.0,0.0
11288,2024,0.0,844.0,0.0
11289,1985,0.0,4361.0,0.0
11289,1996,0.0,6021.0,0.0
11289,2005,0.0,5040.0,0.0
11289,2024,0.0,2617.0,0.0
11290,1985,0.0,1040.0,0.0
11290,1996,0.0,539.0,0.0
11290,2005,0.0,160.0,0.0
11290,2024,0.0,37.0,0.0
11291,1985,450.0,14214.0,0.6326398331134334
11291,1996,0.0,8896.0,0.0
11291,2005,0.0,7396.0,0.0
11291,2024,0.0,3917.0,0.0
11292,1985,66.0,28693.0,0.04596511040630945
11292,1996,2.0,22894.0,0.00471345259113225
11292,2005,0.0,47161.0,0.0
11292,2024,0.0,108640.0,0.0
11293,1985,0.0,1048.0,0.0
11293,1996,0.0,896.0,0.0
11293,2005,0.0,477.0,0.0
11293,2024,0.0,418.0,0.0
11294,1985,0.0,2266.0,0.0
11294,1996,0.0,2259.0,0.0
11294,2005,0.0,796.0,0.0
11294,2024,0.0,457.0,0.0
11295,1985,29200.0,52527.0,11.108632113682521
11295,1996,3764.0,20279.0,10.014606872895133
11295,2005,4495.0,26658.0,7.556985396308789
11295,2024,50.0,18607.0,0.12227461125450845
11296,1985,17.0,1817.0,0.18696242156651846
11296,1996,45.0,3412.0,0.7115973421691351
11296,2005,0.0,4950.0,0.0
11296,2024,0.0,951.0,0.0
11297,1985,0.0,4536.0,0.0
11297,1996,0.0,3639.0,0.0
11297,2005,0.0,321.0,0.0
11297,2024,0.0,125.0,0.0
11298,1985,0.0,880.0,0.0
11298,1996,0.0,389.0,0.0
11298,2005,0.0,604.0,0.0
11298,2024,0.0,155.0,0.0
11299,1985,0.0,2450.0,0.0
11299,1996,0.0,443.0,0.0
11299,2005,0.0,440.0,0.0
11299,2024,0.0,224.0,0.0
11300,1985,0.0,1018.0,0.0
11300,1996,0.0,1228.0,0.0
11300,2005,0.0,799.0,0.0
11300,2024,0.0,266.0,0.0
11301,1985,0.0,3242.0,0.0
11301,1996,0.0,3284.0,0.0
11301,2005,0.0,2443.0,0.0
11301,2024,0.0,363.0,0.0
11302,1985,0.0,2241.0,0.0
11302,1996,0.0,5025.0,0.0
11302,2005,0.0,5006.0,0.0
11302,2024,0.0,3500.0,0.0
11303,1985,0.0,684.0,0.0
11303,1996,152.0,516.0,15.893689060513589
11303,2005,0.0,1333.0,0.0
11303,2024,0.0,2204.0,0.0
11304,1985,0.0,4724.0,0.0
11304,1996,0.0,2969.0,0.0
11304,2005,0.0,1797.0,0.0
11304,2024,0.0,339.0,0.0
11305,1985,0.0,7428.0,0.0
11305,1996,0.0,3936.0,0.0
11305,2005,0.0,5380.0,0.0
11305,2024,0.0,7550.0,0.0
11306,1985,0.0,4685.0,0.0
11306,1996,0.0,4781.0,0.0
11306,2005,0.0,3607.0,0.0
11306,2024,0.0,1807.0,0.0
11307,1985,0.0,6373.0,0.0
11307,1996,0.0,3824.0,0.0
11307,2005,10.0,4227.0,0.10602644564712295
11307,2024,0.0,1134.0,0.0
11308,1985,0.0,3939.0,0.0
11308,1996,0.0,3542.0,0.0
11308,2005,0.0,1855.0,0.0
11308,2024,0.0,160.0,0.0
11309,1985,0.0,609.0,0.0
11309,1996,0.0,408.0,0.0
11309,2005,0.0,140.0,0.0
11309,2024,0.0,49.0,0.0
11310,1985,0.0,8573.0,0.0
11310,1996,0.0,38888.0,0.0
11310,2005,0.0,47532.0,0.0
11310,2024,0.0,125116.0,0.0
11311,1985,0.0,5783.0,0.0
11311,1996,0.0,2251.0,0.0
11311,2005,0.0,3035.0,0.0
11311,2024,0.0,2224.0,0.0
11312,1985,0.0,4375.0,0.0
11312,1996,0.0,904.0,0.0
11312,2005,0.0,725.0,0.0
11312,2024,0.0,243.0,0.0
11313,1985,0.0,5366.0,0.0
11313,1996,0.0,1449.0,0.0
11313,2005,0.0,3615.0,0.0
11313,2024,0.0,11140.0,0.0
11314,1985,0.0,4360.0,0.0
11314,1996,0.0,1411.0,0.0
11314,2005,0.0,2861.0,0.0
11314,2024,0.0,381.0,0.0
11315,1985,250.0,5767.0,0.8662642417465602
11315,1996,183.0,4448.0,2.219816816851715
11315,2005,10.0,3909.0,0.11465177430299019
11315,2024,0.0,15356.0,0.0
11316,1985,0.0,3524.0,0.0
11316,1996,0.0,2414.0,0.0
11316,2005,0.0,775.0,0.0
11316,2024,0.0,1372.0,0.0
11317,1985,0.0,5685.0,0.0
11317,1996,0.0,1994.0,0.0
11317,2005,0.0,1450.0,0.0
11317,2024,0.0,3865.0,0.0
11318,1985,0.0,12030.0,0.0
11318,1996,0.0,10040.0,0.0
11318,2005,0.0,40480.0,0.0
11318,2024,0.0,94732.0,0.0
11319,1985,0.0,2504.0,0.0
11319,1996,0.0,3302.0,0.0
11319,2005,0.0,2470.0,0.0
11319,2024,490.0,4631.0,4.814641368560539
11320,1985,5900.0,24206.0,4.870676808179664
11320,1996,238.0,14011.0,0.9165130433905092
11320,2005,25.0,10258.0,0.10922543033495531
11320,2024,0.0,3889.0,0.0
11321,1985,0.0,3757.0,0.0
11321,1996,0.0,2440.0,0.0
11321,2005,0.0,2070.0,0.0
11321,2024,0.0,1147.0,0.0
11322,1985,0.0,795.0,0.0
11322,1996,0.0,1717.0,0.0
11322,2005,0.0,197.0,0.0
11322,2024,0.0,65.0,0.0
11323,1985,0.0,1541.0,0.0
11323,1996,0.0,385.0,0.0
11323,2005,0.0,218.0,0.0
11323,2024,0.0,40.0,0.0
11324,1985,0.0,1328.0,0.0
11324,1996,0.0,1390.0,0.0
11324,2005,0.0,1467.0,0.0
11324,2024,0.0,700.0,0.0
11325,1985,0.0,1775.0,0.0
11325,1996,0.0,568.0,0.0
11325,2005,0.0,183.0,0.0
11325,2024,0.0,123.0,0.0
11326,1985,0.0,863.0,0.0
11326,1996,0.0,898.0,0.0
11326,2005,0.0,82.0,0.0
11326,2024,0.0,75.0,0.0
11327,1985,0.0,5761.0,0.0
11327,1996,0.0,4458.0,0.0
11327,2005,0.0,9425.0,0.0
11327,2024,0.0,20571.0,0.0
11328,1985,0.0,1833.0,0.0
11328,1996,0.0,1023.0,0.0
11328,2005,0.0,623.0,0.0
11328,2024,0.0,721.0,0.0
11329,1985,0.0,2602.0,0.0
11329,1996,0.0,3439.0,0.0
11329,2005,0.0,3318.0,0.0
11329,2024,0.0,1136.0,0.0
11330,1985,0.0,1812.0,0.0
11330,1996,0.0,1049.0,0.0
11330,2005,0.0,760.0,0.0
11330,2024,0.0,622.0,0.0
11331,1985,240.0,21566.0,0.2223831979442788
11331,1996,0.0,15629.0,0.0
11331,2005,15.0,16322.0,0.041187396068225884
11331,2024,0.0,11144.0,0.0
11332,1985,0.0,7937.0,0.0
11332,1996,0.0,15248.0,0.0
11332,2005,0.0,22362.0,0.0
11332,2024,0.0,35448.0,0.0
11333,1985,0.0,1988.0,0.0
11333,1996,0.0,3262.0,0.0
11333,2005,0.0,3061.0,0.0
11333,2024,0.0,8210.0,0.0
11334,1985,0.0,7050.0,0.0
11334,1996,0.0,7267.0,0.0
11334,2005,0.0,5584.0,0.0
11334,2024,0.0,1761.0,0.0
11335,1985,0.0,1167.0,0.0
11335,1996,0.0,1043.0,0.0
11335,2005,0.0,1030.0,0.0
11335,2024,0.0,1237.0,0.0
11336,1985,0.0,1059.0,0.0
11336,1996,0.0,1645.0,0.0
11336,2005,0.0,1280.0,0.0
11336,2024,0.0,31.0,0.0
11337,1985,0.0,4334.0,0.0
11337,1996,0.0,3938.0,0.0
11337,2005,0.0,2841.0,0.0
11337,2024,0.0,515.0,0.0
11338,1985,0.0,468.0,0.0
11338,1996,0.0,40.0,0.0
11338,2005,0.0,163.0,0.0
11338,2024,0.0,14.0,0.0
11339,1985,1800.0,6054.0,5.9414222582585685
11339,1996,2600.0,6721.0,20.872298572801107
11339,2005,750.0,10955.0,3.068282421842003
11339,2024,0.0,23596.0,0.0
11340,1985,0.0,3761.0,0.0
11340,1996,0.0,2644.0,0.0
11340,2005,0.0,5907.0,0.0
11340,2024,0.0,2842.0,0.0
11341,1985,0.0,7272.0,0.0
11341,1996,0.0,5031.0,0.0
11341,2005,50.0,6170.0,0.3631878328609308
11341,2024,0.0,9798.0,0.0
11342,1985,0.0,2652.0,0.0
11342,1996,0.0,2735.0,0.0
11342,2005,0.0,1161.0,0.0
11342,2024,0.0,147.0,0.0
11343,1985,0.0,6379.0,0.0
11343,1996,0.0,1427.0,0.0
11343,2005,0.0,540.0,0.0
11343,2024,0.0,100.0,0.0
11344,1985,0.0,809.0,0.0
11344,1996,0.0,421.0,0.0
11344,2005,0.0,1542.0,0.0
11344,2024,0.0,218.0,0.0
11345,1985,0.0,2150.0,0.0
11345,1996,0.0,1873.0,0.0
11345,2005,0.0,1042.0,0.0
11345,2024,0.0,443.0,0.0
11346,1985,700.0,5285.0,2.6467527852463117
11346,1996,0.0,2128.0,0.0
11346,2005,0.0,3484.0,0.0
11346,2024,0.0,3469.0,0.0
11347,1985,0.0,3555.0,0.0
11347,1996,0.0,2760.0,0.0
11347,2005,0.0,2245.0,0.0
11347,2024,0.0,1309.0,0.0
11348,1985,0.0,1544.0,0.0
11348,1996,0.0,980.0,0.0
11348,2005,0.0,849.0,0.0
11348,2024,0.0,167.0,0.0
11349,1985,0.0,1308.0,0.0
11349,1996,0.0,924.0,0.0
11349,2005,0.0,515.0,0.0
11349,2024,0.0,33.0,0.0
11350,1985,0.0,3127.0,0.0
11350,1996,0.0,2396.0,0.0
11350,2005,0.0,2014.0,0.0
11350,2024,0.0,168.0,0.0
11351,1985,0.0,518.0,0.0
11351,1996,0.0,519.0,0.0
11351,2005,0.0,450.0,0.0
11351,2024,0.0,30.0,0.0
11352,1985,0.0,2566.0,0.0
11352,1996,0.0,2030.0,0.0
11352,2005,0.0,2572.0,0.0
11352,2024,0.0,765.0,0.0
11353,1985,0.0,1695.0,0.0
11353,1996,0.0,1491.0,0.0
11353,2005,0.0,392.0,0.0
11353,2024,0.0,98.0,0.0
11354,1985,0.0,1111.0,0.0
11354,1996,0.0,361.0,0.0
11354,2005,0.0,107.0,0.0
11354,2024,0.0,83.0,0.0
11355,1985,0.0,1484.0,0.0
11355,1996,0.0,1295.0,0.0
11355,2005,0.0,869.0,0.0
11355,2024,0.0,77.0,0.0
11356,1985,390.0,9683.0,0.8048501059751899
11356,1996,0.0,1975.0,0.0
11356,2005,0.0,6810.0,0.0
11356,2024,0.0,28687.0,0.0
11357,1985,0.0,12311.0,0.0
11357,1996,0.0,9437.0,0.0
11357,2005,0.0,3142.0,0.0
11357,2024,0.0,2449.0,0.0
11358,1985,0.0,964.0,0.0
11358,1996,0.0,1194.0,0.0
11358,2005,0.0,820.0,0.0
11358,2024,0.0,566.0,0.0
11359,1985,0.0,917.0,0.0
11359,1996,0.0,286.0,0.0
11359,2005,0.0,211.0,0.0
11359,2024,0.0,232.0,0.0
11360,1985,0.0,10387.0,0.0
11360,1996,0.0,2742.0,0.0
11360,2005,0.0,5055.0,0.0
11360,2024,0.0,10465.0,0.0
11361,1985,0.0,3114.0,0.0
11361,1996,0.0,2188.0,0.0
11361,2005,0.0,1370.0,0.0
11361,2024,0.0,301.0,0.0
11362,1985,0.0,5357.0,0.0
11362,1996,0.0,5534.0,0.0
11362,2005,0.0,1515.0,0.0
11362,2024,0.0,758.0,0.0
11363,1985,0.0,5380.0,0.0
11363,1996,0.0,3365.0,0.0
11363,2005,0.0,2773.0,0.0
11363,2024,0.0,608.0,0.0
11364,1985,0.0,3148.0,0.0
11364,1996,0.0,1744.0,0.0
11364,2005,0.0,3453.0,0.0
11364,2024,0.0,332.0,0.0
11365,1985,2050.0,19374.0,2.1144377120702895
11365,1996,1800.0,13956.0,6.958928436460559
11365,2005,850.0,39105.0,0.9741662648966382
11365,2024,0.0,87361.0,0.0
11366,1985,0.0,1243.0,0.0
11366,1996,0.0,2531.0,0.0
11366,2005,0.0,2157.0,0.0
11366,2024,0.0,1831.0,0.0
11367,1985,0.0,2065.0,0.0
11367,1996,0.0,2973.0,0.0
11367,2005,0.0,3260.0,0.0
11367,2024,0.0,9604.0,0.0
11368,1985,0.0,3004.0,0.0
11368,1996,0.0,1011.0,0.0
11368,2005,0.0,1057.0,0.0
11368,2024,0.0,426.0,0.0
11369,1985,0.0,1645.0,0.0
11369,1996,0.0,896.0,0.0
11369,2005,0.0,1193.0,0.0
11369,2024,0.0,158.0,0.0
11370,1985,0.0,7307.0,0.0
11370,1996,0.0,3180.0,0.0
11370,2005,0.0,2175.0,0.0
11370,2024,0.0,3730.0,0.0
11371,1985,0.0,1998.0,0.0
11371,1996,0.0,2235.0,0.0
11371,2005,0.0,2135.0,0.0
11371,2024,0.0,935.0,0.0
11372,1985,0.0,324.0,0.0
11372,1996,4.0,257.0,0.8397648530846827
11372,2005,0.0,122.0,0.0
11372,2024,0.0,27.0,0.0
11373,1985,0.0,4993.0,0.0
11373,1996,0.0,4902.0,0.0
11373,2005,0.0,5455.0,0.0
11373,2024,0.0,5328.0,0.0
11374,1985,0.0,3510.0,0.0
11374,1996,0.0,3202.0,0.0
11374,2005,0.0,2373.0,0.0
11374,2024,0.0,351.0,0.0
11375,1985,0.0,13591.0,0.0
11375,1996,0.0,10539.0,0.0
11375,2005,0.0,3047.0,0.0
11375,2024,0.0,1169.0,0.0
11376,1985,160.0,2838.0,1.1265952658835603
11376,1996,170.0,5293.0,1.7329173640312576
11376,2005,0.0,2368.0,0.0
11376,2024,0.0,1103.0,0.0
11377,1985,0.0,2062.0,0.0
11377,1996,0.0,1277.0,0.0
11377,2005,0.0,786.0,0.0
11377,2024,0.0,452.0,0.0
11378,1985,0.0,2927.0,0.0
11378,1996,0.0,3201.0,0.0
11378,2005,0.0,818.0,0.0
11378,2024,0.0,755.0,0.0
11379,1985,0.0,913.0,0.0
11379,1996,0.0,781.0,0.0
11379,2005,0.0,512.0,0.0
11379,2024,0.0,465.0,0.0
11380,1985,0.0,1668.0,0.0
11380,1996,0.0,1871.0,0.0
11380,2005,0.0,730.0,0.0
11380,2024,0.0,462.0,0.0
11381,1985,0.0,4441.0,0.0
11381,1996,0.0,1430.0,0.0
11381,2005,0.0,650.0,0.0
11381,2024,0.0,307.0,0.0
11382,1985,0.0,64.0,0.0
11382,1996,0.0,20.0,0.0
11382,2005,0.0,12.0,0.0
11382,2024,0.0,8.0,0.0
11383,1985,0.0,2450.0,0.0
11383,1996,0.0,6301.0,0.0
11383,2005,0.0,1532.0,0.0
11383,2024,0.0,452.0,0.0
11384,1985,0.0,993.0,0.0
11384,1996,0.0,713.0,0.0
11384,2005,0.0,251.0,0.0
11384,2024,0.0,163.0,0.0
11385,1985,0.0,7239.0,0.0
11385,1996,0.0,5293.0,0.0
11385,2005,0.0,3614.0,0.0
11385,2024,0.0,1144.0,0.0
11386,1985,0.0,1524.0,0.0
11386,1996,0.0,1905.0,0.0
11386,2005,0.0,155.0,0.0
11386,2024,0.0,71.0,0.0
11387,1985,0.0,1484.0,0.0
11387,1996,0.0,1520.0,0.0
11387,2005,0.0,975.0,0.0
11387,2024,0.0,777.0,0.0
11388,1985,0.0,4669.0,0.0
11388,1996,0.0,2771.0,0.0
11388,2005,0.0,1268.0,0.0
11388,2024,0.0,205.0,0.0
11389,1985,0.0,5090.0,0.0
11389,1996,0.0,2931.0,0.0
11389,2005,0.0,2901.0,0.0
11389,2024,0.0,798.0,0.0
11390,1985,0.0,3049.0,0.0
11390,1996,0.0,4357.0,0.0
11390,2005,0.0,1040.0,0.0
11390,2024,0.0,1569.0,0.0
11391,1985,0.0,11677.0,0.0
11391,1996,0.0,6066.0,0.0
11391,2005,0.0,4255.0,0.0
11391,2024,0.0,8810.0,0.0
11392,1985,0.0,10167.0,0.0
11392,1996,0.0,10120.0,0.0
11392,2005,0.0,9677.0,0.0
11392,2024,0.0,9884.0,0.0
11393,1985,0.0,1335.0,0.0
11393,1996,0.0,1786.0,0.0
11393,2005,0.0,1009.0,0.0
11393,2024,0.0,325.0,0.0
11394,1985,0.0,4731.0,0.0
11394,1996,0.0,4236.0,0.0
11394,2005,0.0,6267.0,0.0
11394,2024,0.0,13842.0,0.0
11395,1985,0.0,20180.0,0.0
11395,1996,0.0,5697.0,0.0
11395,2005,0.0,8222.0,0.0
11395,2024,0.0,23984.0,0.0
11396,1985,0.0,60419.0,0.0
11396,1996,0.0,38120.0,0.0
11396,2005,2535.0,41737.0,2.7220944171292505
11396,2024,4886.0,53213.0,4.178095501933495
11397,1985,0.0,1843.0,0.0
11397,1996,0.0,2392.0,0.0
11397,2005,0.0,1193.0,0.0
11397,2024,0.0,754.0,0.0
11398,1985,0.0,1818.0,0.0
11398,1996,0.0,545.0,0.0
11398,2005,0.0,2093.0,0.0
11398,2024,0.0,350.0,0.0
11399,1985,0.0,1477.0,0.0
11399,1996,0.0,1220.0,0.0
11399,2005,0.0,995.0,0.0
11399,2024,0.0,380.0,0.0
11400,1985,0.0,2626.0,0.0
11400,1996,0.0,1489.0,0.0
11400,2005,0.0,449.0,0.0
11400,2024,0.0,63.0,0.0
11401,1985,0.0,2033.0,0.0
11401,1996,0.0,8021.0,0.0
11401,2005,0.0,982.0,0.0
11401,2024,0.0,1252.0,0.0
11402,1985,0.0,5471.0,0.0
11402,1996,0.0,4459.0,0.0
11402,2005,0.0,5618.0,0.0
11402,2024,0.0,7470.0,0.0
11403,1985,0.0,1168.0,0.0
11403,1996,0.0,600.0,0.0
11403,2005,0.0,840.0,0.0
11403,2024,0.0,119.0,0.0
11404,1985,10.0,6250.0,0.03197277364577544
11404,1996,5.0,8526.0,0.03164138623662378
11404,2005,0.0,2489.0,0.0
11404,2024,0.0,2773.0,0.0
11405,1985,0.0,6037.0,0.0
11405,1996,0.0,1568.0,0.0
11405,2005,0.0,1987.0,0.0
11405,2024,0.0,180.0,0.0
11406,1985,0.0,1833.0,0.0
11406,1996,0.0,2066.0,0.0
11406,2005,0.0,1687.0,0.0
11406,2024,0.0,230.0,0.0
11407,1985,0.0,3701.0,0.0
11407,1996,0.0,2954.0,0.0
11407,2005,0.0,2393.0,0.0
11407,2024,0.0,427.0,0.0
11408,1985,150.0,9391.0,0.3191829974753964
11408,1996,0.0,3885.0,0.0
11408,2005,0.0,5291.0,0.0
11408,2024,0.0,971.0,0.0
11409,1985,0.0,13229.0,0.0
11409,1996,0.0,8465.0,0.0
11409,2005,0.0,4161.0,0.0
11409,2024,0.0,4254.0,0.0
11410,1985,0.0,2806.0,0.0
11410,1996,0.0,2538.0,0.0
11410,2005,0.0,2877.0,0.0
11410,2024,0.0,9910.0,0.0
11411,1985,0.0,9338.0,0.0
11411,1996,0.0,6993.0,0.0
11411,2005,0.0,9002.0,0.0
11411,2024,0.0,22627.0,0.0
11412,1985,0.0,930.0,0.0
11412,1996,0.0,351.0,0.0
11412,2005,0.0,109.0,0.0
11412,2024,0.0,35.0,0.0
11413,1985,15.0,9668.0,0.031003801502807696
11413,1996,0.0,5702.0,0.0
11413,2005,0.0,7762.0,0.0
11413,2024,0.0,17544.0,0.0
11414,1985,0.0,793.0,0.0
11414,1996,0.0,1405.0,0.0
11414,2005,0.0,10098.0,0.0
11414,2024,0.0,43490.0,0.0
11415,1985,0.0,15336.0,0.0
11415,1996,0.0,4961.0,0.0
11415,2005,0.0,2835.0,0.0
11415,2024,0.0,779.0,0.0
11416,1985,0.0,1124.0,0.0
11416,1996,0.0,958.0,0.0
11416,2005,0.0,948.0,0.0
11416,2024,0.0,779.0,0.0
11417,1985,0.0,2554.0,0.0
11417,1996,0.0,1854.0,0.0
11417,2005,0.0,287.0,0.0
11417,2024,0.0,200.0,0.0
11418,1985,0.0,2955.0,0.0
11418,1996,0.0,1871.0,0.0
11418,2005,0.0,1632.0,0.0
11418,2024,0.0,712.0,0.0
11419,1985,0.0,2610.0,0.0
11419,1996,0.0,1992.0,0.0
11419,2005,0.0,2855.0,0.0
11419,2024,0.0,318.0,0.0
11420,1985,0.0,1193.0,0.0
11420,1996,0.0,716.0,0.0
11420,2005,0.0,581.0,0.0
11420,2024,0.0,175.0,0.0
11421,1985,0.0,891.0,0.0
11421,1996,0.0,791.0,0.0
11421,2005,0.0,142.0,0.0
11421,2024,0.0,48.0,0.0
11422,1985,0.0,915.0,0.0
11422,1996,0.0,278.0,0.0
11422,2005,0.0,261.0,0.0
11422,2024,0.0,46.0,0.0
11423,1985,0.0,1072.0,0.0
11423,1996,0.0,919.0,0.0
11423,2005,0.0,159.0,0.0
11423,2024,0.0,71.0,0.0
11424,1985,0.0,2924.0,0.0
11424,1996,0.0,3424.0,0.0
11424,2005,0.0,4212.0,0.0
11424,2024,0.0,4915.0,0.0
11425,1985,0.0,1430.0,0.0
11425,1996,0.0,2593.0,0.0
11425,2005,0.0,653.0,0.0
11425,2024,0.0,196.0,0.0
11426,1985,0.0,513.0,0.0
11426,1996,0.0,295.0,0.0
11426,2005,0.0,235.0,0.0
11426,2024,0.0,25.0,0.0
11427,1985,0.0,2185.0,0.0
11427,1996,0.0,1725.0,0.0
11427,2005,0.0,3018.0,0.0
11427,2024,0.0,1703.0,0.0
11428,1985,0.0,1425.0,0.0
11428,1996,0.0,3096.0,0.0
11428,2005,0.0,1735.0,0.0
11428,2024,0.0,685.0,0.0
11429,1985,0.0,4734.0,0.0
11429,1996,0.0,3560.0,0.0
11429,2005,0.0,2635.0,0.0
11429,2024,0.0,105.0,0.0
11430,1985,0.0,1900.0,0.0
11430,1996,0.0,2880.0,0.0
11430,2005,0.0,3070.0,0.0
11430,2024,0.0,14670.0,0.0
11431,1985,0.0,2511.0,0.0
11431,1996,0.0,2535.0,0.0
11431,2005,0.0,2116.0,0.0
11431,2024,0.0,438.0,0.0
11432,1985,0.0,9096.0,0.0
11432,1996,0.0,2471.0,0.0
11432,2005,0.0,1366.0,0.0
11432,2024,0.0,251.0,0.0
11433,1985,0.0,5759.0,0.0
11433,1996,0.0,3947.0,0.0
11433,2005,0.0,1420.0,0.0
11433,2024,0.0,247.0,0.0
11434,1985,0.0,8608.0,0.0
11434,1996,0.0,5350.0,0.0
11434,2005,0.0,692.0,0.0
11434,2024,0.0,576.0,0.0
11435,1985,0.0,1294.0,0.0
11435,1996,0.0,1608.0,0.0
11435,2005,0.0,1680.0,0.0
11435,2024,0.0,9664.0,0.0
11436,1985,32.0,10790.0,0.059263713893930384
11436,1996,0.0,5359.0,0.0
11436,2005,0.0,3086.0,0.0
11436,2024,0.0,467.0,0.0
11437,1985,0.0,2610.0,0.0
11437,1996,0.0,2636.0,0.0
11437,2005,0.0,1805.0,0.0
11437,2024,0.0,355.0,0.0
11438,1985,0.0,2189.0,0.0
11438,1996,0.0,1400.0,0.0
11438,2005,0.0,952.0,0.0
11438,2024,0.0,304.0,0.0
11439,1985,0.0,695.0,0.0
11439,1996,0.0,490.0,0.0
11439,2005,0.0,230.0,0.0
11439,2024,0.0,53.0,0.0
11440,1985,0.0,1198.0,0.0
11440,1996,0.0,685.0,0.0
11440,2005,0.0,1510.0,0.0
11440,2024,0.0,1803.0,0.0
11441,1985,0.0,2120.0,0.0
11441,1996,0.0,820.0,0.0
11441,2005,0.0,613.0,0.0
11441,2024,0.0,79.0,0.0
11442,1985,0.0,2172.0,0.0
11442,1996,0.0,1576.0,0.0
11442,2005,0.0,1028.0,0.0
11442,2024,0.0,2283.0,0.0
11443,1985,400.0,8653.0,0.9237482273713002
11443,1996,4.0,1711.0,0.12613650920091377
11443,2005,800.0,1830.0,19.592296644825733
11443,2024,0.0,1138.0,0.0
11444,1985,100.0,21912.0,0.09119652942958037
11444,1996,615.0,24063.0,1.3789742951242523
11444,2005,400.0,59047.0,0.30360477975198646
11444,2024,250.0,62361.0,0.18241879472848727
11445,1985,0.0,15596.0,0.0
11445,1996,0.0,11058.0,0.0
11445,2005,0.0,9244.0,0.0
11445,2024,0.0,6308.0,0.0
11446,1985,0.0,8155.0,0.0
11446,1996,0.0,11451.0,0.0
11446,2005,0.0,17005.0,0.0
11446,2024,444.0,34034.0,0.5936255973885007
11447,1985,0.0,5961.0,0.0
11447,1996,0.0,4348.0,0.0
11447,2005,0.0,4890.0,0.0
11447,2024,0.0,4680.0,0.0
11448,1985,300.0,8939.0,0.6706449332792142
11448,1996,60.0,7500.0,0.4316391344855269
11448,2005,30.0,9972.0,0.13482965876967168
11448,2024,0.0,1429.0,0.0
11449,1985,0.0,3184.0,0.0
11449,1996,0.0,1735.0,0.0
11449,2005,0.0,921.0,0.0
11449,2024,0.0,1138.0,0.0
11450,1985,105.0,4981.0,0.4212433789407776
11450,1996,0.0,2693.0,0.0
11450,2005,0.0,2586.0,0.0
11450,2024,0.0,13639.0,0.0
11451,1985,0.0,1729.0,0.0
11451,1996,0.0,2710.0,0.0
11451,2005,0.0,1236.0,0.0
11451,2024,260.0,997.0,11.86645054802981
11452,1985,0.0,577.0,0.0
11452,1996,0.0,422.0,0.0
11452,2005,0.0,437.0,0.0
11452,2024,0.0,170.0,0.0
11453,1985,0.0,2110.0,0.0
11453,1996,0.0,1396.0,0.0
11453,2005,0.0,1273.0,0.0
11453,2024,0.0,1536.0,0.0
11454,1985,0.0,8841.0,0.0
11454,1996,0.0,5462.0,0.0
11454,2005,0.0,2651.0,0.0
11454,2024,0.0,1104.0,0.0
11455,1985,0.0,7008.0,0.0
11455,1996,0.0,9250.0,0.0
11455,2005,0.0,5460.0,0.0
11455,2024,0.0,1123.0,0.0
11456,1985,0.0,10174.0,0.0
11456,1996,0.0,6218.0,0.0
11456,2005,0.0,8380.0,0.0
11456,2024,0.0,2214.0,0.0
11457,1985,0.0,1422.0,0.0
11457,1996,0.0,901.0,0.0
11457,2005,0.0,387.0,0.0
11457,2024,0.0,133.0,0.0
11458,1985,0.0,1351.0,0.0
11458,1996,0.0,2510.0,0.0
11458,2005,0.0,2346.0,0.0
11458,2024,0.0,2147.0,0.0
11459,1985,0.0,2356.0,0.0
11459,1996,0.0,1260.0,0.0
11459,2005,0.0,1056.0,0.0
11459,2024,0.0,192.0,0.0
11460,1985,0.0,2449.0,0.0
11460,1996,0.0,2202.0,0.0
11460,2005,0.0,3334.0,0.0
11460,2024,0.0,5216.0,0.0
11461,1985,0.0,9498.0,0.0
11461,1996,0.0,3603.0,0.0
11461,2005,0.0,4215.0,0.0
11461,2024,0.0,4073.0,0.0
11462,1985,5.0,6395.0,0.01562391206302553
11462,1996,0.0,5850.0,0.0
11462,2005,0.0,5298.0,0.0
11462,2024,0.0,3869.0,0.0
11463,1985,0.0,757.0,0.0
11463,1996,0.0,583.0,0.0
11463,2005,0.0,312.0,0.0
11463,2024,0.0,55.0,0.0
11464,1985,0.0,144.0,0.0
11464,1996,0.0,9.0,0.0
11464,2005,0.0,0.0,0.0
11464,2024,0.0,16.0,0.0
11465,1985,0.0,896.0,0.0
11465,1996,0.0,945.0,0.0
11465,2005,0.0,457.0,0.0
11465,2024,0.0,65.0,0.0
11466,1985,0.0,35730.0,0.0
11466,1996,0.0,33895.0,0.0
11466,2005,1300.0,47165.0,1.2352929534093189
11466,2024,0.0,60292.0,0.0
11467,1985,36500.0,41473.0,17.586837190322676
11467,1996,4640.0,11156.0,22.440901577770312
11467,2005,1525.0,10473.0,6.525971768064
11467,2024,20.0,3069.0,0.29653485716684763
11468,1985,0.0,7561.0,0.0
11468,1996,0.0,6792.0,0.0
11468,2005,0.0,6506.0,0.0
11468,2024,0.0,3453.0,0.0
11469,1985,0.0,798.0,0.0
11469,1996,0.0,3268.0,0.0
11469,2005,0.0,90.0,0.0
11469,2024,0.0,73.0,0.0
11470,1985,0.0,8300.0,0.0
11470,1996,0.0,7631.0,0.0
11470,2005,0.0,2803.0,0.0
11470,2024,0.0,3581.0,0.0
11471,1985,0.0,12361.0,0.0
11471,1996,0.0,8048.0,0.0
11471,2005,0.0,1478.0,0.0
11471,2024,0.0,1807.0,0.0
11472,1985,0.0,1276.0,0.0
11472,1996,0.0,1231.0,0.0
11472,2005,0.0,815.0,0.0
11472,2024,0.0,27.0,0.0
11473,1985,0.0,307.0,0.0
11473,1996,0.0,193.0,0.0
11473,2005,0.0,325.0,0.0
11473,2024,0.0,50.0,0.0
11474,1985,0.0,6178.0,0.0
11474,1996,0.0,4633.0,0.0
11474,2005,30.0,3577.0,0.3758796078420928
11474,2024,0.0,2308.0,0.0
11475,1985,0.0,1536.0,0.0
11475,1996,0.0,741.0,0.0
11475,2005,0.0,604.0,0.0
11475,2024,0.0,72.0,0.0
11476,1985,0.0,1060.0,0.0
11476,1996,0.0,740.0,0.0
11476,2005,0.0,804.0,0.0
11476,2024,0.0,322.0,0.0
11477,1985,0.0,8637.0,0.0
11477,1996,0.0,8852.0,0.0
11477,2005,0.0,6804.0,0.0
11477,2024,0.0,2251.0,0.0
11478,1985,0.0,899.0,0.0
11478,1996,0.0,806.0,0.0
11478,2005,0.0,884.0,0.0
11478,2024,0.0,526.0,0.0
11479,1985,0.0,6144.0,0.0
11479,1996,0.0,5197.0,0.0
11479,2005,0.0,2732.0,0.0
11479,2024,0.0,1291.0,0.0
11480,1985,0.0,2108.0,0.0
11480,1996,0.0,1354.0,0.0
11480,2005,0.0,2209.0,0.0
11480,2024,0.0,423.0,0.0
11481,1985,0.0,2030.0,0.0
11481,1996,0.0,1061.0,0.0
11481,2005,0.0,692.0,0.0
11481,2024,0.0,139.0,0.0
11482,1985,0.0,2452.0,0.0
11482,1996,0.0,6720.0,0.0
11482,2005,0.0,334.0,0.0
11482,2024,0.0,261.0,0.0
11483,1985,0.0,3093.0,0.0
11483,1996,0.0,2374.0,0.0
11483,2005,0.0,1407.0,0.0
11483,2024,0.0,625.0,0.0
11484,1985,0.0,9663.0,0.0
11484,1996,0.0,3352.0,0.0
11484,2005,0.0,4080.0,0.0
11484,2024,0.0,5246.0,0.0
11485,1985,0.0,1076.0,0.0
11485,1996,0.0,804.0,0.0
11485,2005,0.0,502.0,0.0
11485,2024,0.0,73.0,0.0
11486,1985,0.0,2972.0,0.0
11486,1996,0.0,776.0,0.0
11486,2005,0.0,431.0,0.0
11486,2024,0.0,70.0,0.0
11487,1985,0.0,2065.0,0.0
11487,1996,0.0,1291.0,0.0
11487,2005,0.0,1012.0,0.0
11487,2024,0.0,192.0,0.0
11488,1985,0.0,3401.0,0.0
11488,1996,0.0,2455.0,0.0
11488,2005,0.0,1789.0,0.0
11488,2024,0.0,1131.0,0.0
11489,1985,0.0,64047.0,0.0
11489,1996,0.0,29138.0,0.0
11489,2005,2800.0,74924.0,1.6748793445372487
11489,2024,1948.0,225080.0,0.3938172091044446
11490,1985,0.0,3215.0,0.0
11490,1996,0.0,1539.0,0.0
11490,2005,0.0,1460.0,0.0
11490,2024,0.0,279.0,0.0
11491,1985,302.0,5572.0,1.083069100078987
11491,1996,0.0,6811.0,0.0
11491,2005,0.0,9100.0,0.0
11491,2024,0.0,13135.0,0.0
11492,1985,0.0,4039.0,0.0
11492,1996,0.0,930.0,0.0
11492,2005,0.0,644.0,0.0
11492,2024,0.0,524.0,0.0
11493,1985,0.0,1037.0,0.0
11493,1996,0.0,2075.0,0.0
11493,2005,0.0,1060.0,0.0
11493,2024,0.0,716.0,0.0
11494,1985,0.0,429.0,0.0
11494,1996,0.0,327.0,0.0
11494,2005,0.0,225.0,0.0
11494,2024,0.0,193.0,0.0
11495,1985,0.0,549.0,0.0
11495,1996,0.0,543.0,0.0
11495,2005,0.0,479.0,0.0
11495,2024,0.0,58.0,0.0
11496,1985,0.0,2393.0,0.0
11496,1996,0.0,3639.0,0.0
11496,2005,0.0,2043.0,0.0
11496,2024,0.0,354.0,0.0
11497,1985,0.0,560.0,0.0
11497,1996,0.0,531.0,0.0
11497,2005,0.0,489.0,0.0
11497,2024,0.0,14.0,0.0
11498,1985,0.0,39651.0,0.0
11498,1996,0.0,18410.0,0.0
11498,2005,0.0,27235.0,0.0
11498,2024,0.0,44548.0,0.0
11499,1985,0.0,55116.0,0.0
11499,1996,151.0,16231.0,0.501952354347503
11499,2005,0.0,20918.0,0.0
11499,2024,4000.0,59231.0,3.0729363902181475
11500,1985,18.0,19003.0,0.01892825888096478
11500,1996,271.0,17256.0,0.8473444413941368
11500,2005,505.0,26809.0,0.8442230661492269
11500,2024,755.0,73232.0,0.4691251330477229
11501,1985,0.0,1521.0,0.0
11501,1996,0.0,690.0,0.0
11501,2005,0.0,322.0,0.0
11501,2024,0.0,45.0,0.0
11502,1985,0.0,4849.0,0.0
11502,1996,0.0,1701.0,0.0
11502,2005,0.0,2376.0,0.0
11502,2024,0.0,1256.0,0.0
11503,1985,0.0,2937.0,0.0
11503,1996,0.0,1400.0,0.0
11503,2005,0.0,1870.0,0.0
11503,2024,0.0,668.0,0.0
11504,1985,0.0,880.0,0.0
11504,1996,0.0,1229.0,0.0
11504,2005,0.0,575.0,0.0
11504,2024,0.0,88.0,0.0
11505,1985,0.0,709.0,0.0
11505,1996,0.0,1389.0,0.0
11505,2005,0.0,2105.0,0.0
11505,2024,0.0,584.0,0.0
11506,1985,0.0,2542.0,0.0
11506,1996,0.0,1910.0,0.0
11506,2005,0.0,593.0,0.0
11506,2024,0.0,495.0,0.0
11507,1985,0.0,2541.0,0.0
11507,1996,0.0,1106.0,0.0
11507,2005,0.0,922.0,0.0
11507,2024,0.0,228.0,0.0
11508,1985,0.0,449.0,0.0
11508,1996,0.0,407.0,0.0
11508,2005,0.0,225.0,0.0
11508,2024,0.0,173.0,0.0
11509,1985,0.0,2484.0,0.0
11509,1996,0.0,1898.0,0.0
11509,2005,0.0,1296.0,0.0
11509,2024,0.0,345.0,0.0
11510,1985,3.0,8299.0,0.007223635448346663
11510,1996,0.0,9239.0,0.0
11510,2005,0.0,12220.0,0.0
11510,2024,0.0,16810.0,0.0
11511,1985,0.0,1753.0,0.0
11511,1996,0.0,2770.0,0.0
11511,2005,0.0,373.0,0.0
11511,2024,0.0,63.0,0.0
11512,1985,0.0,1074.0,0.0
11512,1996,0.0,782.0,0.0
11512,2005,0.0,691.0,0.0
11512,2024,0.0,82.0,0.0
11513,1985,0.0,394.0,0.0
11513,1996,0.0,278.0,0.0
11513,2005,0.0,127.0,0.0
11513,2024,0.0,8.0,0.0
11514,1985,0.0,1175.0,0.0
11514,1996,0.0,893.0,0.0
11514,2005,0.0,783.0,0.0
11514,2024,0.0,151.0,0.0
11515,1985,0.0,1216.0,0.0
11515,1996,0.0,1974.0,0.0
11515,2005,0.0,1090.0,0.0
11515,2024,0.0,204.0,0.0
11516,1985,5.0,18832.0,0.005305592483169513
11516,1996,0.0,35598.0,0.0
11516,2005,840.0,72995.0,0.5157421467639242
11516,2024,0.0,137100.0,0.0
11517,1985,0.0,4151.0,0.0
11517,1996,0.0,2906.0,0.0
11517,2005,0.0,2740.0,0.0
11517,2024,0.0,1844.0,0.0
11518,1985,0.0,1822.0,0.0
11518,1996,0.0,674.0,0.0
11518,2005,0.0,695.0,0.0
11518,2024,0.0,50.0,0.0
11519,1985,0.0,1623.0,0.0
11519,1996,0.0,1051.0,0.0
11519,2005,0.0,380.0,0.0
11519,2024,0.0,110.0,0.0
11520,1985,0.0,4290.0,0.0
11520,1996,0.0,2377.0,0.0
11520,2005,0.0,2253.0,0.0
11520,2024,0.0,1045.0,0.0
11521,1985,0.0,969.0,0.0
11521,1996,0.0,1496.0,0.0
11521,2005,0.0,3990.0,0.0
11521,2024,0.0,5629.0,0.0
11522,1985,0.0,1749.0,0.0
11522,1996,0.0,1630.0,0.0
11522,2005,0.0,735.0,0.0
11522,2024,0.0,779.0,0.0
11523,1985,0.0,6927.0,0.0
11523,1996,0.0,3030.0,0.0
11523,2005,0.0,5565.0,0.0
11523,2024,0.0,12459.0,0.0
11524,1985,0.0,2511.0,0.0
11524,1996,0.0,2070.0,0.0
11524,2005,0.0,3484.0,0.0
11524,2024,0.0,498.0,0.0
11525,1985,190.0,27295.0,0.13910118594745682
11525,1996,0.0,30670.0,0.0
11525,2005,0.0,19400.0,0.0
11525,2024,0.0,28785.0,0.0
11526,1985,0.0,10622.0,0.0
11526,1996,0.0,4469.0,0.0
11526,2005,0.0,6047.0,0.0
11526,2024,0.0,2024.0,0.0
11527,1985,0.0,1341.0,0.0
11527,1996,0.0,639.0,0.0
11527,2005,0.0,729.0,0.0
11527,2024,0.0,200.0,0.0
11528,1985,0.0,1811.0,0.0
11528,1996,0.0,1347.0,0.0
11528,2005,0.0,918.0,0.0
11528,2024,0.0,277.0,0.0
11529,1985,0.0,1165.0,0.0
11529,1996,0.0,452.0,0.0
11529,2005,0.0,189.0,0.0
11529,2024,0.0,84.0,0.0
11530,1985,0.0,810.0,0.0
11530,1996,206.0,676.0,16.441875315092187
11530,2005,0.0,518.0,0.0
11530,2024,0.0,931.0,0.0
11531,1985,0.0,3924.0,0.0
11531,1996,0.0,1547.0,0.0
11531,2005,0.0,595.0,0.0
11531,2024,0.0,186.0,0.0
11532,1985,0.0,1626.0,0.0
11532,1996,0.0,1707.0,0.0
11532,2005,0.0,1953.0,0.0
11532,2024,0.0,2720.0,0.0
11533,1985,0.0,5748.0,0.0
11533,1996,45.0,5678.0,0.4276100971259403
11533,2005,0.0,12274.0,0.0
11533,2024,0.0,26126.0,0.0
11534,1985,0.0,13179.0,0.0
11534,1996,150.0,25884.0,0.31267322560669253
11534,2005,0.0,28550.0,0.0
11534,2024,0.0,32805.0,0.0
11535,1985,0.0,5668.0,0.0
11535,1996,0.0,3092.0,0.0
11535,2005,0.0,3034.0,0.0
11535,2024,0.0,1821.0,0.0
11536,1985,0.0,4164.0,0.0
11536,1996,0.0,2202.0,0.0
11536,2005,0.0,3204.0,0.0
11536,2024,0.0,2349.0,0.0
11537,1985,0.0,5344.0,0.0
11537,1996,0.0,2934.0,0.0
11537,2005,0.0,3286.0,0.0
11537,2024,0.0,373.0,0.0
11538,1985,5.0,10746.0,0.009297870616326843
11538,1996,0.0,12011.0,0.0
11538,2005,0.0,11049.0,0.0
11538,2024,0.0,31229.0,0.0
11539,1985,75.0,5593.0,0.2679641989354057
11539,1996,0.0,4525.0,0.0
11539,2005,0.0,3119.0,0.0
11539,2024,0.0,926.0,0.0
11540,1985,0.0,6441.0,0.0
11540,1996,0.0,3014.0,0.0
11540,2005,0.0,3189.0,0.0
11540,2024,0.0,2227.0,0.0
11541,1985,0.0,4405.0,0.0
11541,1996,0.0,1539.0,0.0
11541,2005,0.0,626.0,0.0
11541,2024,0.0,460.0,0.0
11542,1985,0.0,5708.0,0.0
11542,1996,2.0,3749.0,0.028783617930483254
11542,2005,0.0,4507.0,0.0
11542,2024,0.0,3362.0,0.0
11543,1985,0.0,798.0,0.0
11543,1996,0.0,856.0,0.0
11543,2005,0.0,182.0,0.0
11543,2024,0.0,249.0,0.0
11544,1985,0.0,1520.0,0.0
11544,1996,0.0,1575.0,0.0
11544,2005,0.0,1890.0,0.0
11544,2024,0.0,2481.0,0.0
11545,1985,0.0,6378.0,0.0
11545,1996,0.0,8864.0,0.0
11545,2005,0.0,34806.0,0.0
11545,2024,0.0,57293.0,0.0
11546,1985,0.0,808.0,0.0
11546,1996,0.0,1699.0,0.0
11546,2005,0.0,3396.0,0.0
11546,2024,0.0,5003.0,0.0
11547,1985,0.0,3419.0,0.0
11547,1996,0.0,1799.0,0.0
11547,2005,0.0,1940.0,0.0
11547,2024,0.0,2067.0,0.0
11548,1985,0.0,2811.0,0.0
11548,1996,0.0,2716.0,0.0
11548,2005,0.0,1592.0,0.0
11548,2024,0.0,383.0,0.0
11549,1985,0.0,170.0,0.0
11549,1996,0.0,117.0,0.0
11549,2005,0.0,209.0,0.0
11549,2024,0.0,163.0,0.0
11550,1985,0.0,611.0,0.0
11550,1996,0.0,578.0,0.0
11550,2005,0.0,492.0,0.0
11550,2024,0.0,420.0,0.0
11551,1985,0.0,1120.0,0.0
11551,1996,0.0,551.0,0.0
11551,2005,0.0,278.0,0.0
11551,2024,0.0,56.0,0.0
11552,1985,0.0,1112.0,0.0
11552,1996,0.0,1828.0,0.0
11552,2005,0.0,955.0,0.0
11552,2024,0.0,640.0,0.0
11553,1985,0.0,1434.0,0.0
11553,1996,0.0,2788.0,0.0
11553,2005,0.0,1464.0,0.0
11553,2024,0.0,247.0,0.0
11554,1985,0.0,30.0,0.0
11554,1996,0.0,0.0,0.0
11554,2005,0.0,0.0,0.0
11554,2024,0.0,0.0,0.0
11555,1985,0.0,7776.0,0.0
11555,1996,0.0,4588.0,0.0
11555,2005,0.0,3661.0,0.0
11555,2024,0.0,2064.0,0.0
11556,1985,0.0,3088.0,0.0
11556,1996,0.0,529.0,0.0
11556,2005,0.0,145.0,0.0
11556,2024,0.0,17.0,0.0
11557,1985,0.0,3756.0,0.0
11557,1996,0.0,2659.0,0.0
11557,2005,0.0,3795.0,0.0
11557,2024,0.0,1032.0,0.0
11558,1985,0.0,7027.0,0.0
11558,1996,0.0,3392.0,0.0
11558,2005,0.0,3813.0,0.0
11558,2024,0.0,429.0,0.0
11559,1985,0.0,3091.0,0.0
11559,1996,0.0,3303.0,0.0
11559,2005,0.0,10720.0,0.0
11559,2024,2760.0,25621.0,4.901800701651679
11560,1985,2500.0,3966.0,12.59643439776201
11560,1996,75.0,2863.0,1.413418402305908
11560,2005,10.0,4089.0,0.10960474095142789
11560,2024,0.0,376.0,0.0
11561,1985,0.0,253.0,0.0
11561,1996,0.0,18.0,0.0
11561,2005,0.0,85.0,0.0
11561,2024,0.0,12.0,0.0
11562,1985,0.0,466.0,0.0
11562,1996,0.0,404.0,0.0
11562,2005,0.0,518.0,0.0
11562,2024,0.0,675.0,0.0
11563,1985,0.0,106.0,0.0
11563,1996,0.0,11.0,0.0
11563,2005,0.0,0.0,0.0
11563,2024,0.0,14.0,0.0
11564,1985,0.0,10303.0,0.0
11564,1996,0.0,5897.0,0.0
11564,2005,0.0,4142.0,0.0
11564,2024,0.0,3143.0,0.0
11565,1985,0.0,1322.0,0.0
11565,1996,0.0,968.0,0.0
11565,2005,0.0,243.0,0.0
11565,2024,0.0,86.0,0.0
11566,1985,0.0,3617.0,0.0
11566,1996,0.0,2581.0,0.0
11566,2005,0.0,1560.0,0.0
11566,2024,0.0,1309.0,0.0
11567,1985,0.0,1724.0,0.0
11567,1996,0.0,2143.0,0.0
11567,2005,0.0,192.0,0.0
11567,2024,0.0,224.0,0.0
11568,1985,0.0,35248.0,0.0
11568,1996,0.0,25388.0,0.0
11568,2005,0.0,29875.0,0.0
11568,2024,0.0,30446.0,0.0
11569,1985,0.0,1797.0,0.0
11569,1996,0.0,1363.0,0.0
11569,2005,0.0,712.0,0.0
11569,2024,0.0,191.0,0.0
11570,1985,0.0,3242.0,0.0
11570,1996,0.0,4646.0,0.0
11570,2005,0.0,2338.0,0.0
11570,2024,0.0,165.0,0.0
11571,1985,0.0,2723.0,0.0
11571,1996,0.0,1636.0,0.0
11571,2005,0.0,1064.0,0.0
11571,2024,0.0,95.0,0.0
11572,1985,0.0,5823.0,0.0
11572,1996,0.0,4003.0,0.0
11572,2005,0.0,2307.0,0.0
11572,2024,0.0,346.0,0.0
11573,1985,0.0,921.0,0.0
11573,1996,0.0,894.0,0.0
11573,2005,0.0,933.0,0.0
11573,2024,0.0,750.0,0.0
11574,1985,0.0,320.0,0.0
11574,1996,0.0,196.0,0.0
11574,2005,0.0,208.0,0.0
11574,2024,0.0,6.0,0.0
11575,1985,0.0,1932.0,0.0
11575,1996,0.0,189.0,0.0
11575,2005,0.0,260.0,0.0
11575,2024,0.0,25.0,0.0
11576,1985,0.0,8665.0,0.0
11576,1996,0.0,8569.0,0.0
11576,2005,610.0,18624.0,1.4679231599427465
11576,2024,0.0,18364.0,0.0
11577,1985,0.0,3733.0,0.0
11577,1996,0.0,3669.0,0.0
11577,2005,0.0,1462.0,0.0
11577,2024,0.0,72.0,0.0
11578,1985,0.0,781.0,0.0
11578,1996,0.0,694.0,0.0
11578,2005,0.0,505.0,0.0
11578,2024,0.0,130.0,0.0
11579,1985,0.0,314.0,0.0
11579,1996,0.0,27.0,0.0
11579,2005,0.0,0.0,0.0
11579,2024,0.0,31.0,0.0
11580,1985,0.0,2154.0,0.0
11580,1996,0.0,3617.0,0.0
11580,2005,0.0,1733.0,0.0
11580,2024,0.0,787.0,0.0
11581,1985,0.0,21945.0,0.0
11581,1996,0.0,24917.0,0.0
11581,2005,200.0,54376.0,0.16484249880476262
11581,2024,160.0,113897.0,0.06392199806105905
11582,1985,0.0,694.0,0.0
11582,1996,0.0,74.0,0.0
11582,2005,0.0,66.0,0.0
11582,2024,0.0,11.0,0.0
11583,1985,0.0,3397.0,0.0
11583,1996,0.0,1858.0,0.0
11583,2005,0.0,1572.0,0.0
11583,2024,0.0,164.0,0.0
11584,1985,0.0,438.0,0.0
11584,1996,0.0,478.0,0.0
11584,2005,0.0,404.0,0.0
11584,2024,0.0,498.0,0.0
11585,1985,0.0,4050.0,0.0
11585,1996,0.0,2907.0,0.0
11585,2005,0.0,2043.0,0.0
11585,2024,0.0,681.0,0.0
11586,1985,0.0,2639.0,0.0
11586,1996,0.0,413.0,0.0
11586,2005,0.0,242.0,0.0
11586,2024,0.0,354.0,0.0
11587,1985,0.0,674.0,0.0
11587,1996,0.0,1452.0,0.0
11587,2005,0.0,960.0,0.0
11587,2024,0.0,203.0,0.0
11588,1985,3.0,26996.0,0.002220660489918097
11588,1996,0.0,16312.0,0.0
11588,2005,0.0,26615.0,0.0
11588,2024,0.0,31976.0,0.0
11589,1985,0.0,409.0,0.0
11589,1996,0.0,296.0,0.0
11589,2005,0.0,1070.0,0.0
11589,2024,0.0,12.0,0.0
11590,1985,0.0,5718.0,0.0
11590,1996,0.0,5000.0,0.0
11590,2005,0.0,6575.0,0.0
11590,2024,0.0,1012.0,0.0
11591,1985,0.0,1510.0,0.0
11591,1996,0.0,1195.0,0.0
11591,2005,0.0,334.0,0.0
11591,2024,0.0,193.0,0.0
11592,1985,0.0,961.0,0.0
11592,1996,0.0,624.0,0.0
11592,2005,0.0,530.0,0.0
11592,2024,0.0,77.0,0.0
11593,1985,0.0,3908.0,0.0
11593,1996,0.0,1713.0,0.0
11593,2005,0.0,1848.0,0.0
11593,2024,0.0,2216.0,0.0
11594,1985,0.0,1189.0,0.0
11594,1996,0.0,965.0,0.0
11594,2005,0.0,224.0,0.0
11594,2024,0.0,47.0,0.0
11595,1985,0.0,1705.0,0.0
11595,1996,0.0,2179.0,0.0
11595,2005,0.0,1311.0,0.0
11595,2024,0.0,477.0,0.0
11596,1985,0.0,972.0,0.0
11596,1996,0.0,736.0,0.0
11596,2005,0.0,172.0,0.0
11596,2024,0.0,37.0,0.0
11597,1985,0.0,513.0,0.0
11597,1996,0.0,521.0,0.0
11597,2005,0.0,724.0,0.0
11597,2024,0.0,897.0,0.0
11598,1985,0.0,869.0,0.0
11598,1996,0.0,812.0,0.0
11598,2005,0.0,244.0,0.0
11598,2024,0.0,272.0,0.0
11599,1985,0.0,3336.0,0.0
11599,1996,0.0,2550.0,0.0
11599,2005,0.0,799.0,0.0
11599,2024,0.0,343.0,0.0
11600,1985,0.0,675.0,0.0
11600,1996,0.0,763.0,0.0
11600,2005,0.0,623.0,0.0
11600,2024,0.0,77.0,0.0
11601,1985,0.0,3970.0,0.0
11601,1996,0.0,3317.0,0.0
11601,2005,0.0,858.0,0.0
11601,2024,0.0,330.0,0.0
11602,1985,0.0,5824.0,0.0
11602,1996,0.0,5921.0,0.0
11602,2005,270.0,5118.0,2.3643400186128356
11602,2024,0.0,4758.0,0.0
11603,1985,0.0,3268.0,0.0
11603,1996,0.0,1696.0,0.0
11603,2005,0.0,542.0,0.0
11603,2024,0.0,211.0,0.0
11604,1985,0.0,3108.0,0.0
11604,1996,0.0,2366.0,0.0
11604,2005,0.0,1910.0,0.0
11604,2024,0.0,428.0,0.0
11605,1985,0.0,2098.0,0.0
11605,1996,0.0,1178.0,0.0
11605,2005,0.0,1448.0,0.0
11605,2024,0.0,771.0,0.0
11606,1985,0.0,3351.0,0.0
11606,1996,0.0,2448.0,0.0
11606,2005,0.0,1522.0,0.0
11606,2024,0.0,1316.0,0.0
11607,1985,0.0,1759.0,0.0
11607,1996,0.0,820.0,0.0
11607,2005,0.0,1155.0,0.0
11607,2024,0.0,447.0,0.0
11608,1985,80.0,7905.0,0.20223133235784593
11608,1996,135.0,6855.0,1.0625689853308924
11608,2005,750.0,7763.0,4.329902606116082
11608,2024,0.0,54403.0,0.0
11609,1985,0.0,5911.0,0.0
11609,1996,0.0,3403.0,0.0
11609,2005,0.0,3835.0,0.0
11609,2024,0.0,1105.0,0.0
11610,1985,0.0,2287.0,0.0
11610,1996,0.0,1052.0,0.0
11610,2005,0.0,533.0,0.0
11610,2024,0.0,51.0,0.0
11611,1985,0.0,2197.0,0.0
11611,1996,0.0,1560.0,0.0
11611,2005,0.0,1911.0,0.0
11611,2024,0.0,513.0,0.0
11612,1985,0.0,1392.0,0.0
11612,1996,0.0,408.0,0.0
11612,2005,0.0,1059.0,0.0
11612,2024,0.0,431.0,0.0
11613,1985,0.0,7522.0,0.0
11613,1996,0.0,1540.0,0.0
11613,2005,0.0,1249.0,0.0
11613,2024,0.0,337.0,0.0
11614,1985,0.0,3866.0,0.0
11614,1996,0.0,2128.0,0.0
11614,2005,0.0,1485.0,0.0
11614,2024,0.0,754.0,0.0
11615,1985,0.0,565.0,0.0
11615,1996,0.0,438.0,0.0
11615,2005,0.0,149.0,0.0
11615,2024,0.0,271.0,0.0
11616,1985,0.0,2707.0,0.0
11616,1996,0.0,3570.0,0.0
11616,2005,0.0,1800.0,0.0
11616,2024,470.0,3368.0,6.349922417208671
11617,1985,0.0,5409.0,0.0
11617,1996,0.0,1752.0,0.0
11617,2005,0.0,689.0,0.0
11617,2024,0.0,110.0,0.0
11618,1985,0.0,495.0,0.0
11618,1996,0.0,1171.0,0.0
11618,2005,0.0,2810.0,0.0
11618,2024,0.0,3070.0,0.0
11619,1985,0.0,1138.0,0.0
11619,1996,0.0,1335.0,0.0
11619,2005,0.0,1045.0,0.0
11619,2024,0.0,184.0,0.0
11620,1985,0.0,6335.0,0.0
11620,1996,0.0,2738.0,0.0
11620,2005,0.0,3685.0,0.0
11620,2024,0.0,845.0,0.0
11621,1985,0.0,2235.0,0.0
11621,1996,0.0,1344.0,0.0
11621,2005,0.0,2125.0,0.0
11621,2024,0.0,1289.0,0.0
11622,1985,200.0,3042.0,1.3138056231827515
11622,1996,30.0,1454.0,1.1132371075108156
11622,2005,0.0,7190.0,0.0
11622,2024,0.0,26673.0,0.0
11623,1985,0.0,1361.0,0.0
11623,1996,0.0,947.0,0.0
11623,2005,0.0,270.0,0.0
11623,2024,0.0,87.0,0.0
11624,1985,0.0,2179.0,0.0
11624,1996,0.0,1163.0,0.0
11624,2005,0.0,1266.0,0.0
11624,2024,0.0,386.0,0.0
11625,1985,0.0,1227.0,0.0
11625,1996,0.0,623.0,0.0
11625,2005,0.0,642.0,0.0
11625,2024,0.0,125.0,0.0
11626,1985,0.0,13095.0,0.0
11626,1996,0.0,6408.0,0.0
11626,2005,1270.0,27714.0,2.0537659951757004
11626,2024,2207.0,18865.0,5.323388568660582
11627,1985,0.0,988.0,0.0
11627,1996,0.0,741.0,0.0
11627,2005,0.0,345.0,0.0
11627,2024,0.0,135.0,0.0
11628,1985,0.0,2113.0,0.0
11628,1996,0.0,1241.0,0.0
11628,2005,0.0,634.0,0.0
11628,2024,0.0,293.0,0.0
11629,1985,0.0,4887.0,0.0
11629,1996,0.0,5301.0,0.0
11629,2005,0.0,3910.0,0.0
11629,2024,0.0,6950.0,0.0
11630,1985,0.0,11266.0,0.0
11630,1996,0.0,5404.0,0.0
11630,2005,0.0,7075.0,0.0
11630,2024,0.0,10293.0,0.0
11631,1985,0.0,5810.0,0.0
11631,1996,0.0,2356.0,0.0
11631,2005,0.0,6873.0,0.0
11631,2024,0.0,13725.0,0.0
11632,1985,0.0,1701.0,0.0
11632,1996,0.0,1459.0,0.0
11632,2005,0.0,1339.0,0.0
11632,2024,0.0,731.0,0.0
11633,1985,0.0,4917.0,0.0
11633,1996,0.0,4932.0,0.0
11633,2005,0.0,6481.0,0.0
11633,2024,0.0,59064.0,0.0
11634,1985,0.0,2394.0,0.0
11634,1996,0.0,765.0,0.0
11634,2005,0.0,1390.0,0.0
11634,2024,0.0,96.0,0.0
11635,1985,0.0,9111.0,0.0
11635,1996,0.0,6114.0,0.0
11635,2005,0.0,4114.0,0.0
11635,2024,0.0,756.0,0.0
11636,1985,0.0,2889.0,0.0
11636,1996,0.0,1269.0,0.0
11636,2005,0.0,854.0,0.0
11636,2024,0.0,115.0,0.0
11637,1985,0.0,233.0,0.0
11637,1996,0.0,307.0,0.0
11637,2005,0.0,125.0,0.0
11637,2024,0.0,22.0,0.0
11638,1985,0.0,937.0,0.0
11638,1996,0.0,573.0,0.0
11638,2005,0.0,220.0,0.0
11638,2024,0.0,88.0,0.0
11639,1985,0.0,700.0,0.0
11639,1996,0.0,840.0,0.0
11639,2005,0.0,838.0,0.0
11639,2024,0.0,114.0,0.0
11640,1985,0.0,1187.0,0.0
11640,1996,0.0,481.0,0.0
11640,2005,0.0,330.0,0.0
11640,2024,0.0,371.0,0.0
11641,1985,0.0,1680.0,0.0
11641,1996,0.0,928.0,0.0
11641,2005,0.0,395.0,0.0
11641,2024,0.0,197.0,0.0
11642,1985,0.0,5185.0,0.0
11642,1996,0.0,916.0,0.0
11642,2005,0.0,544.0,0.0
11642,2024,0.0,827.0,0.0
11643,1985,0.0,632.0,0.0
11643,1996,0.0,619.0,0.0
11643,2005,0.0,403.0,0.0
11643,2024,0.0,383.0,0.0
11644,1985,0.0,125.0,0.0
11644,1996,0.0,314.0,0.0
11644,2005,0.0,22.0,0.0
11644,2024,0.0,12.0,0.0
11645,1985,0.0,4354.0,0.0
11645,1996,0.0,1887.0,0.0
11645,2005,0.0,2878.0,0.0
11645,2024,0.0,1096.0,0.0
11646,1985,0.0,6711.0,0.0
11646,1996,0.0,2852.0,0.0
11646,2005,0.0,3210.0,0.0
11646,2024,0.0,5129.0,0.0
11647,1985,0.0,6934.0,0.0
11647,1996,0.0,4193.0,0.0
11647,2005,0.0,4036.0,0.0
11647,2024,0.0,2677.0,0.0
11648,1985,0.0,5372.0,0.0
11648,1996,0.0,1747.0,0.0
11648,2005,0.0,1118.0,0.0
11648,2024,0.0,603.0,0.0
11649,1985,0.0,3219.0,0.0
11649,1996,0.0,2974.0,0.0
11649,2005,0.0,5847.0,0.0
11649,2024,0.0,8918.0,0.0
11650,1985,0.0,1575.0,0.0
11650,1996,0.0,4775.0,0.0
11650,2005,0.0,1542.0,0.0
11650,2024,0.0,1306.0,0.0
11651,1985,0.0,5737.0,0.0
11651,1996,0.0,3186.0,0.0
11651,2005,0.0,2820.0,0.0
11651,2024,0.0,1000.0,0.0
11652,1985,0.0,2347.0,0.0
11652,1996,0.0,1457.0,0.0
11652,2005,0.0,1700.0,0.0
11652,2024,0.0,377.0,0.0
11653,1985,0.0,11361.0,0.0
11653,1996,0.0,5424.0,0.0
11653,2005,0.0,9725.0,0.0
11653,2024,0.0,7400.0,0.0
11654,1985,0.0,680.0,0.0
11654,1996,0.0,545.0,0.0
11654,2005,0.0,286.0,0.0
11654,2024,0.0,176.0,0.0
11655,1985,0.0,587.0,0.0
11655,1996,0.0,679.0,0.0
11655,2005,0.0,330.0,0.0
11655,2024,0.0,304.0,0.0
11656,1985,0.0,3727.0,0.0
11656,1996,0.0,3862.0,0.0
11656,2005,0.0,590.0,0.0
11656,2024,0.0,2111.0,0.0
11657,1985,0.0,3738.0,0.0
11657,1996,0.0,2090.0,0.0
11657,2005,0.0,4865.0,0.0
11657,2024,0.0,2798.0,0.0
11658,1985,0.0,1869.0,0.0
11658,1996,0.0,1351.0,0.0
11658,2005,0.0,5117.0,0.0
11658,2024,0.0,2028.0,0.0
11659,1985,0.0,1387.0,0.0
11659,1996,0.0,1719.0,0.0
11659,2005,0.0,1435.0,0.0
11659,2024,0.0,14126.0,0.0
11660,1985,0.0,1408.0,0.0
11660,1996,0.0,584.0,0.0
11660,2005,0.0,450.0,0.0
11660,2024,0.0,88.0,0.0
11661,1985,0.0,1100.0,0.0
11661,1996,0.0,145.0,0.0
11661,2005,0.0,796.0,0.0
11661,2024,0.0,216.0,0.0
11662,1985,0.0,1244.0,0.0
11662,1996,0.0,957.0,0.0
11662,2005,0.0,68.0,0.0
11662,2024,0.0,2.0,0.0
11663,1985,0.0,2063.0,0.0
11663,1996,0.0,4312.0,0.0
11663,2005,0.0,4229.0,0.0
11663,2024,0.0,375.0,0.0
11664,1985,0.0,1926.0,0.0
11664,1996,0.0,859.0,0.0
11664,2005,0.0,1159.0,0.0
11664,2024,0.0,398.0,0.0
11665,1985,0.0,1857.0,0.0
11665,1996,0.0,2542.0,0.0
11665,2005,0.0,1455.0,0.0
11665,2024,0.0,876.0,0.0
11666,1985,0.0,2478.0,0.0
11666,1996,0.0,2384.0,0.0
11666,2005,0.0,1353.0,0.0
11666,2024,0.0,425.0,0.0
11667,1985,0.0,1628.0,0.0
11667,1996,0.0,668.0,0.0
11667,2005,0.0,345.0,0.0
11667,2024,0.0,88.0,0.0
11668,1985,0.0,2899.0,0.0
11668,1996,0.0,2807.0,0.0
11668,2005,0.0,5235.0,0.0
11668,2024,0.0,2872.0,0.0
11669,1985,0.0,1062.0,0.0
11669,1996,0.0,479.0,0.0
11669,2005,0.0,789.0,0.0
11669,2024,0.0,406.0,0.0
11670,1985,0.0,410.0,0.0
11670,1996,0.0,721.0,0.0
11670,2005,0.0,365.0,0.0
11670,2024,0.0,110.0,0.0
11671,1985,0.0,770.0,0.0
11671,1996,0.0,79.0,0.0
11671,2005,0.0,388.0,0.0
11671,2024,0.0,175.0,0.0
11672,1985,0.0,616.0,0.0
11672,1996,0.0,490.0,0.0
11672,2005,0.0,626.0,0.0
11672,2024,0.0,27.0,0.0
11673,1985,0.0,891.0,0.0
11673,1996,0.0,1730.0,0.0
11673,2005,0.0,1885.0,0.0
11673,2024,0.0,3525.0,0.0
11674,1985,7.0,8094.0,0.01728204654068045
11674,1996,0.0,9728.0,0.0
11674,2005,500.0,11489.0,1.9504473224405459
11674,2024,322.0,31719.0,0.4619330424661998
11675,1985,0.0,2325.0,0.0
11675,1996,0.0,2203.0,0.0
11675,2005,0.0,2409.0,0.0
11675,2024,0.0,2474.0,0.0
11676,1985,0.0,1026.0,0.0
11676,1996,0.0,676.0,0.0
11676,2005,0.0,580.0,0.0
11676,2024,0.0,714.0,0.0
11677,1985,0.0,4553.0,0.0
11677,1996,0.0,2110.0,0.0
11677,2005,0.0,2493.0,0.0
11677,2024,0.0,543.0,0.0
11678,1985,0.0,2058.0,0.0
11678,1996,0.0,1121.0,0.0
11678,2005,0.0,1061.0,0.0
11678,2024,0.0,1046.0,0.0
11679,1985,0.0,1127.0,0.0
11679,1996,0.0,1215.0,0.0
11679,2005,0.0,680.0,0.0
11679,2024,0.0,67.0,0.0
11680,1985,0.0,2300.0,0.0
11680,1996,0.0,2347.0,0.0
11680,2005,0.0,1955.0,0.0
11680,2024,0.0,4245.0,0.0
11681,1985,0.0,291.0,0.0
11681,1996,0.0,82.0,0.0
11681,2005,0.0,130.0,0.0
11681,2024,0.0,53.0,0.0
11682,1985,0.0,5412.0,0.0
11682,1996,0.0,4763.0,0.0
11682,2005,0.0,4575.0,0.0
11682,2024,0.0,924.0,0.0
11683,1985,0.0,6425.0,0.0
11683,1996,0.0,1078.0,0.0
11683,2005,0.0,170.0,0.0
11683,2024,0.0,72.0,0.0
11684,1985,0.0,1156.0,0.0
11684,1996,0.0,786.0,0.0
11684,2005,0.0,555.0,0.0
11684,2024,0.0,358.0,0.0
11685,1985,0.0,2259.0,0.0
11685,1996,0.0,2640.0,0.0
11685,2005,0.0,295.0,0.0
11685,2024,0.0,61.0,0.0
11686,1985,0.0,5113.0,0.0
11686,1996,0.0,3895.0,0.0
11686,2005,0.0,7377.0,0.0
11686,2024,0.0,8203.0,0.0
11687,1985,0.0,1960.0,0.0
11687,1996,0.0,2520.0,0.0
11687,2005,0.0,2255.0,0.0
11687,2024,0.0,1268.0,0.0
11688,1985,0.0,1167.0,0.0
11688,1996,0.0,371.0,0.0
11688,2005,0.0,110.0,0.0
11688,2024,0.0,41.0,0.0
11689,1985,0.0,8954.0,0.0
11689,1996,0.0,5556.0,0.0
11689,2005,0.0,1470.0,0.0
11689,2024,0.0,401.0,0.0
11690,1985,0.0,4653.0,0.0
11690,1996,0.0,2281.0,0.0
11690,2005,0.0,2199.0,0.0
11690,2024,0.0,910.0,0.0
11691,1985,0.0,211.0,0.0
11691,1996,0.0,55.0,0.0
11691,2005,0.0,144.0,0.0
11691,2024,0.0,0.0,0.0
11692,1985,0.0,5351.0,0.0
11692,1996,0.0,6186.0,0.0
11692,2005,0.0,4960.0,0.0
11692,2024,0.0,5716.0,0.0
11693,1985,0.0,5289.0,0.0
11693,1996,0.0,2726.0,0.0
11693,2005,0.0,309.0,0.0
11693,2024,0.0,431.0,0.0
11694,1985,0.0,1520.0,0.0
11694,1996,0.0,1824.0,0.0
11694,2005,0.0,850.0,0.0
11694,2024,0.0,883.0,0.0
11695,1985,0.0,1745.0,0.0
11695,1996,0.0,2385.0,0.0
11695,2005,0.0,857.0,0.0
11695,2024,0.0,337.0,0.0
11696,1985,0.0,6216.0,0.0
11696,1996,0.0,8622.0,0.0
11696,2005,0.0,15242.0,0.0
11696,2024,0.0,45785.0,0.0
11697,1985,0.0,1789.0,0.0
11697,1996,0.0,2112.0,0.0
11697,2005,0.0,1823.0,0.0
11697,2024,0.0,5595.0,0.0
11698,1985,0.0,16070.0,0.0
11698,1996,0.0,5317.0,0.0
11698,2005,0.0,5017.0,0.0
11698,2024,0.0,4029.0,0.0
11699,1985,0.0,1166.0,0.0
11699,1996,0.0,993.0,0.0
11699,2005,0.0,1147.0,0.0
11699,2024,0.0,234.0,0.0
11700,1985,10.0,4339.0,0.0460543524512783
11700,1996,11.0,1718.0,0.34546205466682156
11700,2005,6.0,1544.0,0.17416079757139455
11700,2024,0.0,1088.0,0.0
11701,1985,0.0,2983.0,0.0
11701,1996,0.0,1833.0,0.0
11701,2005,0.0,3665.0,0.0
11701,2024,0.0,2847.0,0.0
11702,1985,0.0,8892.0,0.0
11702,1996,0.0,3210.0,0.0
11702,2005,0.0,1258.0,0.0
11702,2024,0.0,181.0,0.0
11703,1985,0.0,27050.0,0.0
11703,1996,1680.0,45129.0,2.008558094395193
11703,2005,245.0,70740.0,0.15521992862432177
11703,2024,450.0,116156.0,0.1762842489799386
11704,1985,0.0,332.0,0.0
11704,1996,0.0,156.0,0.0
11704,2005,0.0,108.0,0.0
11704,2024,0.0,5.0,0.0
11705,1985,0.0,6645.0,0.0
11705,1996,0.0,4552.0,0.0
11705,2005,0.0,4409.0,0.0
11705,2024,0.0,4635.0,0.0
11706,1985,0.0,1886.0,0.0
11706,1996,0.0,525.0,0.0
11706,2005,0.0,1212.0,0.0
11706,2024,0.0,1350.0,0.0
11707,1985,0.0,5588.0,0.0
11707,1996,0.0,6334.0,0.0
11707,2005,0.0,2542.0,0.0
11707,2024,0.0,859.0,0.0
11708,1985,0.0,1816.0,0.0
11708,1996,0.0,2551.0,0.0
11708,2005,0.0,5173.0,0.0
11708,2024,204.0,7043.0,1.317999128465081
11709,1985,0.0,12693.0,0.0
11709,1996,0.0,6529.0,0.0
11709,2005,0.0,10357.0,0.0
11709,2024,2200.0,25224.0,3.968728291744216
11710,1985,0.0,9072.0,0.0
11710,1996,0.0,3514.0,0.0
11710,2005,0.0,15880.0,0.0
11710,2024,0.0,33056.0,0.0
11711,1985,0.0,5355.0,0.0
11711,1996,0.0,1127.0,0.0
11711,2005,0.0,3055.0,0.0
11711,2024,0.0,1393.0,0.0
11712,1985,0.0,897.0,0.0
11712,1996,0.0,1183.0,0.0
11712,2005,0.0,410.0,0.0
11712,2024,0.0,114.0,0.0
11713,1985,0.0,358.0,0.0
11713,1996,0.0,727.0,0.0
11713,2005,0.0,166.0,0.0
11713,2024,0.0,90.0,0.0
11714,1985,0.0,3304.0,0.0
11714,1996,0.0,2876.0,0.0
11714,2005,0.0,1536.0,0.0
11714,2024,0.0,1407.0,0.0
11715,1985,0.0,3672.0,0.0
11715,1996,2.0,3187.0,0.03385936103589009
11715,2005,0.0,1382.0,0.0
11715,2024,0.0,423.0,0.0
11716,1985,0.0,4329.0,0.0
11716,1996,0.0,2341.0,0.0
11716,2005,0.0,2066.0,0.0
11716,2024,0.0,322.0,0.0
11717,1985,0.0,4466.0,0.0
11717,1996,0.0,1390.0,0.0
11717,2005,0.0,1075.0,0.0
11717,2024,0.0,187.0,0.0
11718,1985,0.0,8584.0,0.0
11718,1996,0.0,6430.0,0.0
11718,2005,0.0,1453.0,0.0
11718,2024,0.0,734.0,0.0
11719,1985,0.0,628.0,0.0
11719,1996,0.0,303.0,0.0
11719,2005,0.0,160.0,0.0
11719,2024,0.0,14.0,0.0
11720,1985,0.0,629.0,0.0
11720,1996,0.0,292.0,0.0
11720,2005,0.0,185.0,0.0
11720,2024,0.0,60.0,0.0
11721,1985,0.0,29709.0,0.0
11721,1996,0.0,15005.0,0.0
11721,2005,0.0,7651.0,0.0
11721,2024,0.0,2148.0,0.0
11722,1985,0.0,36525.0,0.0
11722,1996,0.0,17441.0,0.0
11722,2005,0.0,20024.0,0.0
11722,2024,0.0,18741.0,0.0
11723,1985,0.0,6262.0,0.0
11723,1996,0.0,5887.0,0.0
11723,2005,0.0,4308.0,0.0
11723,2024,0.0,1550.0,0.0
11724,1985,0.0,2554.0,0.0
11724,1996,0.0,1236.0,0.0
11724,2005,0.0,408.0,0.0
11724,2024,0.0,886.0,0.0
11725,1985,0.0,8538.0,0.0
11725,1996,0.0,2679.0,0.0
11725,2005,0.0,1475.0,0.0
11725,2024,0.0,222.0,0.0
11726,1985,0.0,2030.0,0.0
11726,1996,0.0,354.0,0.0
11726,2005,0.0,810.0,0.0
11726,2024,0.0,57.0,0.0
11727,1985,0.0,1250.0,0.0
11727,1996,0.0,743.0,0.0
11727,2005,0.0,328.0,0.0
11727,2024,0.0,73.0,0.0
11728,1985,0.0,4385.0,0.0
11728,1996,0.0,5683.0,0.0
11728,2005,0.0,4015.0,0.0
11728,2024,0.0,619.0,0.0
11729,1985,0.0,1961.0,0.0
11729,1996,0.0,1243.0,0.0
11729,2005,0.0,423.0,0.0
11729,2024,0.0,31.0,0.0
11730,1985,0.0,7461.0,0.0
11730,1996,0.0,2075.0,0.0
11730,2005,0.0,1580.0,0.0
11730,2024,0.0,149.0,0.0
11731,1985,0.0,4134.0,0.0
11731,1996,0.0,3034.0,0.0
11731,2005,0.0,3558.0,0.0
11731,2024,0.0,393.0,0.0
11732,1985,0.0,463.0,0.0
11732,1996,0.0,129.0,0.0
11732,2005,0.0,75.0,0.0
11732,2024,0.0,16.0,0.0
11733,1985,0.0,8902.0,0.0
11733,1996,0.0,4173.0,0.0
11733,2005,0.0,3165.0,0.0
11733,2024,0.0,815.0,0.0
11734,1985,0.0,435.0,0.0
11734,1996,0.0,311.0,0.0
11734,2005,0.0,250.0,0.0
11734,2024,0.0,260.0,0.0
11735,1985,0.0,5823.0,0.0
11735,1996,0.0,6104.0,0.0
11735,2005,0.0,3080.0,0.0
11735,2024,0.0,590.0,0.0
11736,1985,0.0,14616.0,0.0
11736,1996,0.0,5494.0,0.0
11736,2005,0.0,2570.0,0.0
11736,2024,0.0,715.0,0.0
11737,1985,0.0,15559.0,0.0
11737,1996,0.0,15725.0,0.0
11737,2005,0.0,16656.0,0.0
11737,2024,0.0,14836.0,0.0
11738,1985,0.0,8506.0,0.0
11738,1996,0.0,4158.0,0.0
11738,2005,0.0,4912.0,0.0
11738,2024,0.0,607.0,0.0
11739,1985,0.0,878.0,0.0
11739,1996,0.0,427.0,0.0
11739,2005,0.0,1009.0,0.0
11739,2024,0.0,225.0,0.0
11740,1985,0.0,6382.0,0.0
11740,1996,0.0,10426.0,0.0
11740,2005,0.0,5666.0,0.0
11740,2024,0.0,1843.0,0.0
11741,1985,0.0,1845.0,0.0
11741,1996,0.0,1856.0,0.0
11741,2005,0.0,2208.0,0.0
11741,2024,0.0,1665.0,0.0
11742,1985,0.0,7662.0,0.0
11742,1996,0.0,1210.0,0.0
11742,2005,0.0,1230.0,0.0
11742,2024,0.0,103.0,0.0
11743,1985,0.0,1516.0,0.0
11743,1996,0.0,441.0,0.0
11743,2005,0.0,830.0,0.0
11743,2024,0.0,112.0,0.0
11744,1985,0.0,3617.0,0.0
11744,1996,0.0,1202.0,0.0
11744,2005,0.0,1335.0,0.0
11744,2024,0.0,1351.0,0.0
11745,1985,0.0,1520.0,0.0
11745,1996,0.0,323.0,0.0
11745,2005,0.0,295.0,0.0
11745,2024,0.0,208.0,0.0
11746,1985,0.0,18640.0,0.0
11746,1996,0.0,6062.0,0.0
11746,2005,0.0,5011.0,0.0
11746,2024,0.0,2919.0,0.0
11747,1985,0.0,1560.0,0.0
11747,1996,0.0,1240.0,0.0
11747,2005,0.0,1219.0,0.0
11747,2024,0.0,504.0,0.0
11748,1985,0.0,897.0,0.0
11748,1996,0.0,214.0,0.0
11748,2005,0.0,385.0,0.0
11748,2024,0.0,60.0,0.0
11749,1985,0.0,3806.0,0.0
11749,1996,0.0,2685.0,0.0
11749,2005,0.0,2630.0,0.0
11749,2024,0.0,181.0,0.0
11750,1985,0.0,19620.0,0.0
11750,1996,0.0,16416.0,0.0
11750,2005,0.0,12940.0,0.0
11750,2024,0.0,9810.0,0.0
11751,1985,0.0,2526.0,0.0
11751,1996,0.0,939.0,0.0
11751,2005,0.0,769.0,0.0
11751,2024,0.0,838.0,0.0
11752,1985,0.0,21291.0,0.0
11752,1996,0.0,8159.0,0.0
11752,2005,0.0,8353.0,0.0
11752,2024,0.0,2213.0,0.0
11753,1985,0.0,3290.0,0.0
11753,1996,0.0,1242.0,0.0
11753,2005,0.0,745.0,0.0
11753,2024,0.0,55.0,0.0
11754,1985,0.0,5246.0,0.0
11754,1996,0.0,1700.0,0.0
11754,2005,0.0,1380.0,0.0
11754,2024,0.0,55.0,0.0
11755,1985,0.0,6925.0,0.0
11755,1996,0.0,2669.0,0.0
11755,2005,0.0,4453.0,0.0
11755,2024,0.0,4063.0,0.0
11756,1985,0.0,2591.0,0.0
11756,1996,0.0,1689.0,0.0
11756,2005,0.0,2107.0,0.0
11756,2024,0.0,2301.0,0.0
11757,1985,0.0,5719.0,0.0
11757,1996,0.0,2427.0,0.0
11757,2005,0.0,1691.0,0.0
11757,2024,0.0,1005.0,0.0
11758,1985,0.0,2437.0,0.0
11758,1996,0.0,1174.0,0.0
11758,2005,0.0,1390.0,0.0
11758,2024,0.0,389.0,0.0
11759,1985,0.0,13450.0,0.0
11759,1996,0.0,3869.0,0.0
11759,2005,0.0,2678.0,0.0
11759,2024,0.0,461.0,0.0
11760,1985,0.0,11409.0,0.0
11760,1996,0.0,6109.0,0.0
11760,2005,0.0,8696.0,0.0
11760,2024,0.0,10844.0,0.0
11761,1985,0.0,398.0,0.0
11761,1996,0.0,55.0,0.0
11761,2005,0.0,175.0,0.0
11761,2024,0.0,6.0,0.0
11762,1985,0.0,4954.0,0.0
11762,1996,0.0,2665.0,0.0
11762,2005,0.0,5085.0,0.0
11762,2024,0.0,1819.0,0.0
11763,1985,0.0,1447.0,0.0
11763,1996,0.0,436.0,0.0
11763,2005,0.0,420.0,0.0
11763,2024,0.0,118.0,0.0
11764,1985,0.0,4522.0,0.0
11764,1996,0.0,6558.0,0.0
11764,2005,0.0,8482.0,0.0
11764,2024,0.0,5530.0,0.0
11765,1985,0.0,4831.0,0.0
11765,1996,0.0,4107.0,0.0
11765,2005,0.0,3380.0,0.0
11765,2024,0.0,805.0,0.0
11766,1985,0.0,1411.0,0.0
11766,1996,0.0,793.0,0.0
11766,2005,0.0,460.0,0.0
11766,2024,0.0,236.0,0.0
11767,1985,0.0,1135.0,0.0
11767,1996,0.0,467.0,0.0
11767,2005,0.0,210.0,0.0
11767,2024,0.0,20.0,0.0
11768,1985,0.0,943.0,0.0
11768,1996,0.0,641.0,0.0
11768,2005,0.0,287.0,0.0
11768,2024,0.0,245.0,0.0
11769,1985,0.0,342.0,0.0
11769,1996,0.0,79.0,0.0
11769,2005,0.0,240.0,0.0
11769,2024,0.0,121.0,0.0
11770,1985,0.0,0.0,0.0
11770,1996,0.0,0.0,0.0
11770,2005,0.0,0.0,0.0
11770,2024,0.0,0.0,0.0
12001,1985,0.0,333.0,0.0
12001,1996,0.0,119.0,0.0
12001,2005,0.0,49.0,0.0
12001,2024,0.0,26.0,0.0
12002,1985,0.0,4936.0,0.0
12002,1996,0.0,1341.0,0.0
12002,2005,0.0,888.0,0.0
12002,2024,0.0,112.0,0.0
12003,1985,0.0,3573.0,0.0
12003,1996,0.0,2898.0,0.0
12003,2005,0.0,1509.0,0.0
12003,2024,0.0,2997.0,0.0
12004,1985,0.0,539.0,0.0
12004,1996,0.0,462.0,0.0
12004,2005,0.0,263.0,0.0
12004,2024,0.0,26.0,0.0
12005,1985,0.0,5585.0,0.0
12005,1996,0.0,3175.0,0.0
12005,2005,0.0,4334.0,0.0
12005,2024,0.0,1765.0,0.0
12006,1985,0.0,965.0,0.0
12006,1996,0.0,474.0,0.0
12006,2005,0.0,113.0,0.0
12006,2024,0.0,36.0,0.0
12007,1985,0.0,2248.0,0.0
12007,1996,0.0,1751.0,0.0
12007,2005,0.0,521.0,0.0
12007,2024,0.0,52.0,0.0
12008,1985,0.0,778.0,0.0
12008,1996,0.0,1013.0,0.0
12008,2005,0.0,1434.0,0.0
12008,2024,0.0,47.0,0.0
12009,1985,0.0,1389.0,0.0
12009,1996,0.0,1621.0,0.0
12009,2005,0.0,1031.0,0.0
12009,2024,0.0,587.0,0.0
12010,1985,0.0,7020.0,0.0
12010,1996,0.0,1425.0,0.0
12010,2005,0.0,1640.0,0.0
12010,2024,0.0,137.0,0.0
12011,1985,0.0,2402.0,0.0
12011,1996,0.0,591.0,0.0
12011,2005,0.0,629.0,0.0
12011,2024,0.0,877.0,0.0
12012,1985,0.0,4912.0,0.0
12012,1996,0.0,2426.0,0.0
12012,2005,0.0,2725.0,0.0
12012,2024,0.0,522.0,0.0
12013,1985,0.0,21838.0,0.0
12013,1996,0.0,26393.0,0.0
12013,2005,0.0,23963.0,0.0
12013,2024,0.0,1409.0,0.0
12014,1985,0.0,146523.0,0.0
12014,1996,0.0,105826.0,0.0
12014,2005,0.0,102406.0,0.0
12014,2024,0.0,32264.0,0.0
12015,1985,0.0,3175.0,0.0
12015,1996,0.0,569.0,0.0
12015,2005,0.0,655.0,0.0
12015,2024,0.0,52.0,0.0
12016,1985,0.0,1268.0,0.0
12016,1996,0.0,793.0,0.0
12016,2005,0.0,565.0,0.0
12016,2024,0.0,26.0,0.0
12017,1985,0.0,1360.0,0.0
12017,1996,0.0,1621.0,0.0
12017,2005,0.0,495.0,0.0
12017,2024,0.0,407.0,0.0
12018,1985,0.0,3950.0,0.0
12018,1996,0.0,416.0,0.0
12018,2005,0.0,104.0,0.0
12018,2024,0.0,109.0,0.0
12019,1985,0.0,645.0,0.0
12019,1996,0.0,520.0,0.0
12019,2005,0.0,387.0,0.0
12019,2024,0.0,90.0,0.0
12020,1985,0.0,1334.0,0.0
12020,1996,0.0,1357.0,0.0
12020,2005,0.0,1080.0,0.0
12020,2024,0.0,79.0,0.0
12021,1985,0.0,720.0,0.0
12021,1996,0.0,378.0,0.0
12021,2005,0.0,233.0,0.0
12021,2024,0.0,369.0,0.0
12022,1985,0.0,42.0,0.0
12022,1996,0.0,22.0,0.0
12022,2005,0.0,13.0,0.0
12022,2024,0.0,6.0,0.0
12023,1985,0.0,2004.0,0.0
12023,1996,0.0,465.0,0.0
12023,2005,0.0,788.0,0.0
12023,2024,0.0,662.0,0.0
12024,1985,0.0,1060.0,0.0
12024,1996,0.0,335.0,0.0
12024,2005,0.0,211.0,0.0
12024,2024,0.0,843.0,0.0
12025,1985,0.0,347.0,0.0
12025,1996,0.0,177.0,0.0
12025,2005,0.0,338.0,0.0
12025,2024,0.0,152.0,0.0
12026,1985,0.0,1060.0,0.0
12026,1996,0.0,1082.0,0.0
12026,2005,0.0,531.0,0.0
12026,2024,0.0,287.0,0.0
12027,1985,0.0,5199.0,0.0
12027,1996,0.0,2656.0,0.0
12027,2005,0.0,2435.0,0.0
12027,2024,0.0,26.0,0.0
12028,1985,0.0,11463.0,0.0
12028,1996,0.0,4666.0,0.0
12028,2005,0.0,3222.0,0.0
12028,2024,0.0,45.0,0.0
12029,1985,0.0,3868.0,0.0
12029,1996,0.0,2013.0,0.0
12029,2005,0.0,506.0,0.0
12029,2024,0.0,40.0,0.0
12030,1985,0.0,2834.0,0.0
12030,1996,0.0,1046.0,0.0
12030,2005,0.0,303.0,0.0
12030,2024,0.0,2.0,0.0
12031,1985,0.0,66.0,0.0
12031,1996,0.0,85.0,0.0
12031,2005,0.0,99.0,0.0
12031,2024,0.0,17.0,0.0
12032,1985,0.0,250.0,0.0
12032,1996,0.0,169.0,0.0
12032,2005,0.0,79.0,0.0
12032,2024,0.0,4.0,0.0
12033,1985,0.0,42.0,0.0
12033,1996,0.0,16.0,0.0
12033,2005,0.0,9.0,0.0
12033,2024,0.0,5.0,0.0
12034,1985,0.0,43.0,0.0
12034,1996,0.0,39.0,0.0
12034,2005,0.0,70.0,0.0
12034,2024,0.0,15.0,0.0
12035,1985,0.0,3965.0,0.0
12035,1996,0.0,868.0,0.0
12035,2005,0.0,756.0,0.0
12035,2024,0.0,29.0,0.0
12036,1985,0.0,3430.0,0.0
12036,1996,0.0,2411.0,0.0
12036,2005,0.0,3066.0,0.0
12036,2024,0.0,496.0,0.0
12038,1985,0.0,5.0,0.0
12038,1996,0.0,6.0,0.0
12038,2005,0.0,0.0,0.0
12038,2024,0.0,10.0,0.0
12039,1985,0.0,1189.0,0.0
12039,1996,0.0,620.0,0.0
12039,2005,0.0,335.0,0.0
12039,2024,0.0,231.0,0.0
12040,1985,0.0,225.0,0.0
12040,1996,0.0,131.0,0.0
12040,2005,0.0,50.0,0.0
12040,2024,0.0,8.0,0.0
12041,1985,0.0,489.0,0.0
12041,1996,0.0,460.0,0.0
12041,2005,0.0,457.0,0.0
12041,2024,0.0,70.0,0.0
12042,1985,0.0,1430.0,0.0
12042,1996,0.0,260.0,0.0
12042,2005,0.0,216.0,0.0
12042,2024,0.0,52.0,0.0
12043,1985,0.0,1355.0,0.0
12043,1996,0.0,2242.0,0.0
12043,2005,0.0,726.0,0.0
12043,2024,0.0,267.0,0.0
12044,1985,0.0,893.0,0.0
12044,1996,0.0,290.0,0.0
12044,2005,0.0,209.0,0.0
12044,2024,0.0,144.0,0.0
12045,1985,0.0,899.0,0.0
12045,1996,0.0,454.0,0.0
12045,2005,0.0,271.0,0.0
12045,2024,0.0,46.0,0.0
12046,1985,0.0,1871.0,0.0
12046,1996,0.0,1350.0,0.0
12046,2005,0.0,1040.0,0.0
12046,2024,0.0,298.0,0.0
12047,1985,0.0,901.0,0.0
12047,1996,0.0,486.0,0.0
12047,2005,0.0,381.0,0.0
12047,2024,0.0,97.0,0.0
12048,1985,0.0,870.0,0.0
12048,1996,0.0,537.0,0.0
12048,2005,0.0,505.0,0.0
12048,2024,0.0,102.0,0.0
12049,1985,0.0,668.0,0.0
12049,1996,0.0,388.0,0.0
12049,2005,0.0,86.0,0.0
12049,2024,0.0,15.0,0.0
12050,1985,0.0,1112.0,0.0
12050,1996,0.0,582.0,0.0
12050,2005,0.0,1387.0,0.0
12050,2024,0.0,1081.0,0.0
12051,1985,0.0,3261.0,0.0
12051,1996,0.0,910.0,0.0
12051,2005,0.0,1072.0,0.0
12051,2024,0.0,82.0,0.0
12052,1985,0.0,41746.0,0.0
12052,1996,0.0,31705.0,0.0
12052,2005,0.0,36238.0,0.0
12052,2024,0.0,27563.0,0.0
12053,1985,0.0,12551.0,0.0
12053,1996,0.0,4577.0,0.0
12053,2005,0.0,2912.0,0.0
12053,2024,0.0,77.0,0.0
12054,1985,0.0,5.0,0.0
12054,1996,0.0,147.0,0.0
12054,2005,0.0,39.0,0.0
12054,2024,0.0,81.0,0.0
12056,1985,0.0,3643.0,0.0
12056,1996,0.0,1219.0,0.0
12056,2005,0.0,1381.0,0.0
12056,2024,0.0,152.0,0.0
12057,1985,0.0,952.0,0.0
12057,1996,0.0,412.0,0.0
12057,2005,0.0,359.0,0.0
12057,2024,0.0,72.0,0.0
12058,1985,0.0,445.0,0.0
12058,1996,0.0,424.0,0.0
12058,2005,0.0,304.0,0.0
12058,2024,0.0,13.0,0.0
12059,1985,0.0,1560.0,0.0
12059,1996,0.0,665.0,0.0
12059,2005,0.0,398.0,0.0
12059,2024,0.0,931.0,0.0
12060,1985,0.0,1158.0,0.0
12060,1996,0.0,698.0,0.0
12060,2005,0.0,540.0,0.0
12060,2024,0.0,500.0,0.0
12061,1985,0.0,580.0,0.0
12061,1996,0.0,250.0,0.0
12061,2005,0.0,235.0,0.0
12061,2024,0.0,11.0,0.0
12062,1985,0.0,1552.0,0.0
12062,1996,0.0,1100.0,0.0
12062,2005,0.0,792.0,0.0
12062,2024,0.0,242.0,0.0
12063,1985,0.0,5048.0,0.0
12063,1996,0.0,1889.0,0.0
12063,2005,0.0,605.0,0.0
12063,2024,0.0,89.0,0.0
12064,1985,0.0,46.0,0.0
12064,1996,0.0,162.0,0.0
12064,2005,0.0,143.0,0.0
12064,2024,0.0,9.0,0.0
13001,1985,800.0,9798.0,1.6315969404866015
13001,1996,700.0,9765.0,3.8677341799778393
13001,2005,50.0,12825.0,0.17472662212490783
13001,2024,0.0,14976.0,0.0
13002,1985,0.0,2990.0,0.0
13002,1996,0.0,1828.0,0.0
13002,2005,10.0,4453.0,0.10064535947684453
13002,2024,0.0,8038.0,0.0
13003,1985,6000.0,16049.0,7.470739682949586
13003,1996,3400.0,14830.0,12.369968452889342
13003,2005,1450.0,19886.0,3.2678869020318997
13003,2024,0.0,18710.0,0.0
13004,1985,50.0,1175.0,0.8503397246216873
13004,1996,0.0,1195.0,0.0
13004,2005,0.0,980.0,0.0
13004,2024,0.0,840.0,0.0
13005,1985,0.0,688.0,0.0
13005,1996,0.0,115.0,0.0
13005,2005,0.0,136.0,0.0
13005,2024,0.0,56.0,0.0
13006,1985,0.0,5792.0,0.0
13006,1996,0.0,9080.0,0.0
13006,2005,24.0,11616.0,0.0925978896178489
13006,2024,0.0,28120.0,0.0
13007,1985,0.0,0.0,0.0
13007,1996,0.0,0.0,0.0
13007,2005,0.0,0.0,0.0
13007,2024,0.0,0.0,0.0
13008,1985,0.0,5575.0,0.0
13008,1996,0.0,11100.0,0.0
13008,2005,0.0,8358.0,0.0
13008,2024,0.0,12901.0,0.0
13009,1985,216.0,32524.0,0.1327119801432691
13009,1996,0.0,30059.0,0.0
13009,2005,0.0,42934.0,0.0
13009,2024,0.0,58345.0,0.0
13010,1985,1108.0,3017.0,7.338795409247429
13010,1996,400.0,1850.0,11.66592255366289
13010,2005,30.0,656.0,2.049575239712143
13010,2024,0.0,535.0,0.0
13011,1985,100.0,4200.0,0.4757853221097536
13011,1996,0.0,6030.0,0.0
13011,2005,0.0,12886.0,0.0
13011,2024,0.0,20722.0,0.0
13012,1985,110.0,17417.0,0.12620590159884376
13012,1996,320.0,19380.0,0.8908960464097562
13012,2005,0.0,18499.0,0.0
13012,2024,0.0,28723.0,0.0
13013,1985,200.0,3175.0,1.258770615975411
13013,1996,40.0,4435.0,0.4866281110321611
13013,2005,121.0,5729.0,0.946570572103282
13013,2024,0.0,15123.0,0.0
13014,1985,0.0,760.0,0.0
13014,1996,0.0,0.0,0.0
13014,2005,0.0,1022.0,0.0
13014,2024,0.0,902.0,0.0
13015,1985,2900.0,5890.0,9.83882041306757
13015,1996,1100.0,1796.0,33.04586914908683
13015,2005,1240.0,3250.0,17.099553671707138
13015,2024,0.0,9909.0,0.0
13016,1985,3000.0,10749.0,5.577165372204759
13016,1996,600.0,2435.0,13.29483987121746
13016,2005,730.0,2855.0,11.45943480202395
13016,2024,0.0,1725.0,0.0
13017,1985,35.0,1625.0,0.4304027221546694
13017,1996,0.0,335.0,0.0
13017,2005,0.0,546.0,0.0
13017,2024,0.0,360.0,0.0
13018,1985,4.0,1011.0,0.07906224937135371
13018,1996,0.0,281.0,0.0
13018,2005,0.0,1342.0,0.0
13018,2024,0.0,751.0,0.0
13019,1985,150.0,2210.0,1.3563110992268994
13019,1996,0.0,2000.0,0.0
13019,2005,0.0,1775.0,0.0
13019,2024,0.0,240.0,0.0
13020,1985,0.0,11371.0,0.0
13020,1996,0.0,9970.0,0.0
13020,2005,0.0,7139.0,0.0
13020,2024,0.0,7200.0,0.0
13021,1985,600.0,2374.0,5.0504591900445615
13021,1996,200.0,3835.0,2.813814436020384
13021,2005,1700.0,3620.0,21.04683524242157
13021,2024,0.0,8195.0,0.0
13022,1985,50.0,4220.0,0.23676520768494846
13022,1996,0.0,4122.0,0.0
13022,2005,0.0,2677.0,0.0
13022,2024,0.0,3073.0,0.0
13023,1985,0.0,2035.0,0.0
13023,1996,0.0,2600.0,0.0
13023,2005,0.0,2920.0,0.0
13023,2024,0.0,9815.0,0.0
13024,1985,1350.0,14310.0,1.8851871253405332
13024,1996,300.0,3417.0,4.737040545275756
13024,2005,700.0,21759.0,1.4418017832863277
13024,2024,0.0,45342.0,0.0
13025,1985,0.0,9753.0,0.0
13025,1996,0.0,4114.0,0.0
13025,2005,0.0,17948.0,0.0
13025,2024,0.0,36803.0,0.0
13026,1985,250.0,3996.0,1.2501866571952986
13026,1996,0.0,3910.0,0.0
13026,2005,0.0,10836.0,0.0
13026,2024,0.0,16749.0,0.0
13027,1985,1400.0,5513.0,5.0745831561860175
13027,1996,210.0,1235.0,9.174516016392777
13027,2005,70.0,2472.0,1.2691005259922008
13027,2024,0.0,10935.0,0.0
13028,1985,0.0,680.0,0.0
13028,1996,0.0,400.0,0.0
13028,2005,0.0,370.0,0.0
13028,2024,0.0,260.0,0.0
13029,1985,245.0,1353.0,3.618500343318082
13029,1996,420.0,1485.0,15.259969401003476
13029,2005,320.0,1339.0,10.710650592989124
13029,2024,0.0,1341.0,0.0
13030,1985,0.0,5890.0,0.0
13030,1996,0.0,5600.0,0.0
13030,2005,0.0,5769.0,0.0
13030,2024,0.0,9241.0,0.0
13031,1985,0.0,1720.0,0.0
13031,1996,0.0,162.0,0.0
13031,2005,0.0,1006.0,0.0
13031,2024,0.0,995.0,0.0
13032,1985,5058.0,46265.0,2.184673742304282
13032,1996,2350.0,43150.0,2.9384471785660145
13032,2005,521.0,57381.0,0.40692658262482784
13032,2024,0.0,76448.0,0.0
13033,1985,0.0,9414.0,0.0
13033,1996,0.0,0.0,0.0
13033,2005,0.0,1485.0,0.0
13033,2024,0.0,3966.0,0.0
13034,1985,150.0,9813.0,0.3054567949955618
13034,1996,100.0,7100.0,0.7599280536717022
13034,2005,0.0,13009.0,0.0
13034,2024,0.0,14833.0,0.0
13035,1985,80.0,4750.0,0.33655551206079415
13035,1996,0.0,1362.0,0.0
13035,2005,0.0,4050.0,0.0
13035,2024,0.0,9530.0,0.0
13036,1985,0.0,1655.0,0.0
13036,1996,0.0,0.0,0.0
13036,2005,0.0,510.0,0.0
13036,2024,0.0,456.0,0.0
13037,1985,0.0,46697.0,0.0
13037,1996,150.0,51286.0,0.15780590749139395
13037,2005,140.0,56699.0,0.11066214572577014
13037,2024,0.0,59313.0,0.0
13038,1985,3000.0,33202.0,1.8055825126748075
13038,1996,300.0,36472.0,0.4438053175917761
13038,2005,300.0,29744.0,0.45203111795695466
13038,2024,0.0,35620.0,0.0
13039,1985,150.0,20950.0,0.14307625438145335
13039,1996,20.0,5822.0,0.1853483057735859
13039,2005,0.0,13734.0,0.0
13039,2024,0.0,37675.0,0.0
13040,1985,461.0,2854.0,3.2278049778167657
13040,1996,150.0,2276.0,3.5559023601070425
13040,2005,0.0,1820.0,0.0
13040,2024,0.0,14395.0,0.0
13041,1985,0.0,665.0,0.0
13041,1996,0.0,0.0,0.0
13041,2005,0.0,444.0,0.0
13041,2024,0.0,121.0,0.0
13042,1985,0.0,4495.0,0.0
13042,1996,0.0,6417.0,0.0
13042,2005,0.0,7514.0,0.0
13042,2024,0.0,7105.0,0.0
13043,1985,0.0,6630.0,0.0
13043,1996,0.0,6957.0,0.0
13043,2005,0.0,10038.0,0.0
13043,2024,0.0,8746.0,0.0
13044,1985,2500.0,8170.0,6.1147440418022185
13044,1996,200.0,5100.0,2.115878110223171
13044,2005,0.0,6005.0,0.0
13044,2024,0.0,11074.0,0.0
13045,1985,0.0,235.0,0.0
13045,1996,0.0,0.0,0.0
13045,2005,0.0,0.0,0.0
13045,2024,0.0,0.0,0.0
13046,1985,1265.0,4991.0,5.06481149342641
13046,1996,1400.0,3868.0,19.52865784254581
13046,2005,550.0,1073.0,22.97256124536009
13046,2024,0.0,3987.0,0.0
13047,1985,906.0,55078.0,0.32870806995388985
13047,1996,0.0,58628.0,0.0
13047,2005,0.0,44999.0,0.0
13047,2024,0.0,65992.0,0.0
13048,1985,0.0,2192.0,0.0
13048,1996,0.0,761.0,0.0
13048,2005,0.0,923.0,0.0
13048,2024,0.0,2254.0,0.0
13049,1985,500.0,1755.0,5.69315770045859
13049,1996,160.0,1574.0,5.484614161188397
13049,2005,500.0,1928.0,11.622764153277714
13049,2024,0.0,8565.0,0.0
13050,1985,0.0,6232.0,0.0
13050,1996,0.0,2372.0,0.0
13050,2005,0.0,2660.0,0.0
13050,2024,0.0,3155.0,0.0
13051,1985,217.0,6507.0,0.6664065507466258
13051,1996,40.0,11820.0,0.18258846636443607
13051,2005,0.0,12077.0,0.0
13051,2024,0.0,20528.0,0.0
13052,1985,12.0,15512.0,0.015458728877212212
13052,1996,0.0,15370.0,0.0
13052,2005,150.0,18973.0,0.3543249241688626
13052,2024,0.0,42310.0,0.0
13053,1985,0.0,4417.0,0.0
13053,1996,0.0,812.0,0.0
13053,2005,40.0,2031.0,0.8826662447078063
13053,2024,0.0,4545.0,0.0
13054,1985,0.0,863.0,0.0
13054,1996,0.0,305.0,0.0
13054,2005,0.0,60.0,0.0
13054,2024,0.0,5556.0,0.0
13055,1985,0.0,2556.0,0.0
13055,1996,0.0,695.0,0.0
13055,2005,0.0,1325.0,0.0
13055,2024,0.0,6580.0,0.0
13056,1985,40.0,8389.0,0.09528183825776446
13056,1996,0.0,890.0,0.0
13056,2005,0.0,2825.0,0.0
13056,2024,0.0,2775.0,0.0
13057,1985,238.0,1532.0,3.104406057316643
13057,1996,70.0,1150.0,3.2842108058681396
13057,2005,15.0,3117.0,0.21567554655937854
13057,2024,0.0,9464.0,0.0
13058,1985,750.0,18335.0,0.8174113796813328
13058,1996,250.0,13775.0,0.97921763721762
13058,2005,150.0,18126.0,0.370881980925512
13058,2024,0.0,25169.0,0.0
13059,1985,0.0,8755.0,0.0
13059,1996,0.0,9098.0,0.0
13059,2005,0.0,9627.0,0.0
13059,2024,0.0,7870.0,0.0
13060,1985,0.0,7900.0,0.0
13060,1996,0.0,1278.0,0.0
13060,2005,0.0,400.0,0.0
13060,2024,0.0,246.0,0.0
13061,1985,200.0,41544.0,0.09620153826598137
13061,1996,1900.0,52720.0,1.944504826257827
13061,2005,1030.0,63894.0,0.72247628779369
13061,2024,0.0,94141.0,0.0
13062,1985,122.0,11576.0,0.21060158867401327
13062,1996,0.0,11500.0,0.0
13062,2005,0.0,11674.0,0.0
13062,2024,0.0,8833.0,0.0
13063,1985,0.0,32.0,0.0
13063,1996,0.0,0.0,0.0
13063,2005,0.0,0.0,0.0
13063,2024,0.0,0.0,0.0
13064,1985,0.0,2360.0,0.0
13064,1996,0.0,960.0,0.0
13064,2005,0.0,568.0,0.0
13064,2024,0.0,1400.0,0.0
13065,1985,0.0,17922.0,0.0
13065,1996,0.0,59400.0,0.0
13065,2005,0.0,45645.0,0.0
13065,2024,0.0,51045.0,0.0
13066,1985,0.0,2991.0,0.0
13066,1996,0.0,615.0,0.0
13066,2005,0.0,972.0,0.0
13066,2024,0.0,2985.0,0.0
13067,1985,0.0,7872.0,0.0
13067,1996,0.0,23264.0,0.0
13067,2005,8.0,28253.0,0.01269029938768665
13067,2024,0.0,43262.0,0.0
13068,1985,250.0,7248.0,0.6892585378245604
13068,1996,0.0,8294.0,0.0
13068,2005,0.0,13609.0,0.0
13068,2024,0.0,16053.0,0.0
13069,1985,1300.0,4635.0,5.604720299286418
13069,1996,200.0,6938.0,1.5553442436059632
13069,2005,100.0,6036.0,0.7425013017733411
13069,2024,0.0,14600.0,0.0
13070,1985,0.0,20.0,0.0
13070,1996,0.0,0.0,0.0
13070,2005,0.0,0.0,0.0
13070,2024,0.0,0.0,0.0
13071,1985,213.0,4042.0,1.0530369845605778
13071,1996,138.0,2078.0,3.5831448844443403
13071,2005,80.0,3984.0,0.8999473609445555
13071,2024,0.0,7663.0,0.0
13072,1985,1630.0,11279.0,2.8878679981943196
13072,1996,350.0,13801.0,1.368322015342497
13072,2005,110.0,24332.0,0.20261021055623357
13072,2024,0.0,34158.0,0.0
13073,1985,0.0,506.0,0.0
13073,1996,0.0,30.0,0.0
13073,2005,0.0,314.0,0.0
13073,2024,0.0,38.0,0.0
13074,1985,1332.0,11421.0,2.330560726740921
13074,1996,50.0,25930.0,0.1040395137113206
13074,2005,50.0,26290.0,0.08523655111266425
13074,2024,0.0,38639.0,0.0
13075,1985,150.0,6920.0,0.4331571574120589
13075,1996,213.0,12096.0,0.9500985413092885
13075,2005,0.0,11789.0,0.0
13075,2024,0.0,16002.0,0.0
13076,1985,5.0,1174.0,0.08510640344382304
13076,1996,0.0,615.0,0.0
13076,2005,0.0,708.0,0.0
13076,2024,0.0,1015.0,0.0
13077,1985,166.0,10367.0,0.3199744637551078
13077,1996,0.0,7600.0,0.0
13077,2005,0.0,8241.0,0.0
13077,2024,0.0,7121.0,0.0
13078,1985,0.0,666.0,0.0
13078,1996,0.0,357.0,0.0
13078,2005,0.0,105.0,0.0
13078,2024,0.0,49.0,0.0
13079,1985,90.0,51325.0,0.035040789431561005
13079,1996,0.0,29445.0,0.0
13079,2005,0.0,27930.0,0.0
13079,2024,0.0,43088.0,0.0
13080,1985,300.0,7204.0,0.8321620014690304
13080,1996,0.0,2064.0,0.0
13080,2005,0.0,4308.0,0.0
13080,2024,0.0,5803.0,0.0
13081,1985,212.0,3832.0,1.1055304039836238
13081,1996,150.0,7580.0,1.067708940844806
13081,2005,270.0,7694.0,1.5727439843073165
13081,2024,0.0,7478.0,0.0
13082,1985,0.0,13502.0,0.0
13082,1996,400.0,8280.0,2.6065165125937613
13082,2005,590.0,16663.0,1.5868843161059192
13082,2024,0.0,33092.0,0.0
13083,1985,0.0,44103.0,0.0
13083,1996,0.0,48510.0,0.0
13083,2005,0.0,43052.0,0.0
13083,2024,0.0,41211.0,0.0
13084,1985,0.0,7088.0,0.0
13084,1996,0.0,6457.0,0.0
13084,2005,0.0,11642.0,0.0
13084,2024,0.0,32609.0,0.0
13085,1985,0.0,13341.0,0.0
13085,1996,0.0,6950.0,0.0
13085,2005,0.0,5422.0,0.0
13085,2024,0.0,12467.0,0.0
13086,1985,240.0,4528.0,1.0591687382655293
13086,1996,60.0,1980.0,1.6349967215360868
13086,2005,4.0,4418.0,0.04057707430967756
13086,2024,0.0,10166.0,0.0
13087,1985,1400.0,13297.0,2.10394652478405
13087,1996,300.0,13586.0,1.1914078862952493
13087,2005,260.0,29100.0,0.40043018658110324
13087,2024,0.0,24638.0,0.0
13088,1985,0.0,6736.0,0.0
13088,1996,0.0,7600.0,0.0
13088,2005,0.0,13301.0,0.0
13088,2024,0.0,15144.0,0.0
13089,1985,150.0,11152.0,0.2687811629565502
13089,1996,0.0,18480.0,0.0
13089,2005,0.0,17477.0,0.0
13089,2024,0.0,32659.0,0.0
13090,1985,0.0,5016.0,0.0
13090,1996,0.0,3597.0,0.0
13090,2005,0.0,12295.0,0.0
13090,2024,0.0,71287.0,0.0
13091,1985,1980.0,7179.0,5.511395373540481
13091,1996,1000.0,3507.0,15.384913547388326
13091,2005,30.0,4857.0,0.2768213624153111
13091,2024,0.0,9442.0,0.0
13092,1985,248.0,9330.0,0.5311661216607925
13092,1996,100.0,9960.0,0.541715781231836
13092,2005,0.0,14839.0,0.0
13092,2024,0.0,12966.0,0.0
13093,1985,0.0,1983.0,0.0
13093,1996,0.0,330.0,0.0
13093,2005,0.0,928.0,0.0
13093,2024,0.0,1436.0,0.0
13094,1985,0.0,1141.0,0.0
13094,1996,0.0,2135.0,0.0
13094,2005,0.0,1880.0,0.0
13094,2024,0.0,160.0,0.0
13095,1985,0.0,3690.0,0.0
13095,1996,0.0,4187.0,0.0
13095,2005,0.0,2393.0,0.0
13095,2024,0.0,1980.0,0.0
13096,1985,0.0,2063.0,0.0
13096,1996,0.0,60.0,0.0
13096,2005,0.0,431.0,0.0
13096,2024,0.0,308.0,0.0
13097,1985,0.0,5232.0,0.0
13097,1996,0.0,2300.0,0.0
13097,2005,0.0,3748.0,0.0
13097,2024,0.0,1452.0,0.0
13098,1985,0.0,8051.0,0.0
13098,1996,50.0,4095.0,0.6587898877984232
13098,2005,0.0,5881.0,0.0
13098,2024,0.0,38274.0,0.0
13099,1985,1900.0,5321.0,7.135438583792208
13099,1996,480.0,3528.0,7.340801606896717
13099,2005,250.0,5766.0,1.9431745826846543
13099,2024,0.0,6665.0,0.0
13100,1985,0.0,119.0,0.0
13100,1996,0.0,0.0,0.0
13100,2005,0.0,0.0,0.0
13100,2024,0.0,1.0,0.0
13101,1985,2100.0,8425.0,4.980921710395284
13101,1996,280.0,3916.0,3.8578574328379576
13101,2005,500.0,6547.0,3.4227416049365256
13101,2024,0.0,2041.0,0.0
13102,1985,0.0,72.0,0.0
13102,1996,0.0,0.0,0.0
13102,2005,0.0,0.0,0.0
13102,2024,0.0,0.0,0.0
13103,1985,0.0,1340.0,0.0
13103,1996,0.0,390.0,0.0
13103,2005,0.0,245.0,0.0
13103,2024,0.0,352.0,0.0
13104,1985,20.0,2829.0,0.14127241801774232
13104,1996,0.0,1457.0,0.0
13104,2005,0.0,5434.0,0.0
13104,2024,0.0,14545.0,0.0
13105,1985,0.0,12750.0,0.0
13105,1996,0.0,23870.0,0.0
13105,2005,0.0,22289.0,0.0
13105,2024,0.0,34491.0,0.0
13106,1985,1300.0,5864.0,4.430061150612644
13106,1996,0.0,5829.0,0.0
13106,2005,0.0,5353.0,0.0
13106,2024,0.0,2678.0,0.0
13107,1985,0.0,169.0,0.0
13107,1996,0.0,35.0,0.0
13107,2005,0.0,1.0,0.0
13107,2024,0.0,0.0,0.0
13108,1985,0.0,290.0,0.0
13108,1996,0.0,202.0,0.0
13108,2005,0.0,115.0,0.0
13108,2024,0.0,0.0,0.0
13109,1985,380.0,8080.0,0.93979377981085
13109,1996,40.0,14171.0,0.15229663908176094
13109,2005,0.0,17190.0,0.0
13109,2024,0.0,43104.0,0.0
13110,1985,0.0,1034.0,0.0
13110,1996,0.0,201.0,0.0
13110,2005,0.0,204.0,0.0
13110,2024,0.0,2212.0,0.0
13111,1985,0.0,2160.0,0.0
13111,1996,0.0,1000.0,0.0
13111,2005,0.0,965.0,0.0
13111,2024,0.0,835.0,0.0
13112,1985,2138.0,56828.0,0.7518057785628113
13112,1996,100.0,77587.0,0.06954114969091582
13112,2005,0.0,77168.0,0.0
13112,2024,0.0,69650.0,0.0
13113,1985,0.0,2211.0,0.0
13113,1996,0.0,2040.0,0.0
13113,2005,0.0,2272.0,0.0
13113,2024,0.0,2412.0,0.0
13114,1985,1445.0,11773.0,2.45268081192907
13114,1996,10.0,11070.0,0.04873973966638741
13114,2005,0.0,10572.0,0.0
13114,2024,0.0,18915.0,0.0
13115,1985,0.0,36206.0,0.0
13115,1996,0.0,21440.0,0.0
13115,2005,0.0,24822.0,0.0
13115,2024,0.0,60857.0,0.0
13116,1985,0.0,2790.0,0.0
13116,1996,0.0,1530.0,0.0
13116,2005,0.0,2612.0,0.0
13116,2024,0.0,3152.0,0.0
13117,1985,40.0,17990.0,0.044431314126980884
13117,1996,0.0,13250.0,0.0
13117,2005,0.0,14395.0,0.0
13117,2024,0.0,18910.0,0.0
13118,1985,0.0,48.0,0.0
13118,1996,0.0,0.0,0.0
13118,2005,0.0,0.0,0.0
13118,2024,0.0,5.0,0.0
13119,1985,0.0,0.0,0.0
13119,1996,0.0,0.0,0.0
13119,2005,0.0,0.0,0.0
13119,2024,0.0,0.0,0.0
13120,1985,2600.0,6950.0,7.475648514300014
13120,1996,850.0,5247.0,8.740548511356439
13120,2005,2370.0,6101.0,17.409799577584348
13120,2024,699.0,22241.0,1.4300970463893121
13121,1985,2500.0,30926.0,1.6153870148588285
13121,1996,3200.0,28700.0,6.015876438822675
13121,2005,1030.0,57677.0,0.8003519588794499
13121,2024,0.0,52610.0,0.0
13122,1985,0.0,2480.0,0.0
13122,1996,0.0,1030.0,0.0
13122,2005,0.0,1020.0,0.0
13122,2024,0.0,4252.0,0.0
13123,1985,3800.0,12515.0,6.067545937572247
13123,1996,170.0,2213.0,4.144749935751219
13123,2005,450.0,4196.0,4.806439551660508
13123,2024,0.0,31280.0,0.0
13124,1985,0.0,14455.0,0.0
13124,1996,0.0,17597.0,0.0
13124,2005,0.0,20445.0,0.0
13124,2024,0.0,22536.0,0.0
13125,1985,0.0,9860.0,0.0
13125,1996,0.0,6771.0,0.0
13125,2005,0.0,9009.0,0.0
13125,2024,0.0,9022.0,0.0
13126,1985,0.0,2182.0,0.0
13126,1996,0.0,2823.0,0.0
13126,2005,0.0,4164.0,0.0
13126,2024,0.0,8621.0,0.0
13127,1985,100.0,7530.0,0.2653782673122132
13127,1996,0.0,5930.0,0.0
13127,2005,0.0,13040.0,0.0
13127,2024,0.0,30006.0,0.0
13128,1985,80.0,5185.0,0.3083199001521258
13128,1996,0.0,6250.0,0.0
13128,2005,0.0,5940.0,0.0
13128,2024,0.0,6100.0,0.0
13129,1985,350.0,8097.0,0.8637821705586486
13129,1996,0.0,5348.0,0.0
13129,2005,0.0,8627.0,0.0
13129,2024,0.0,16896.0,0.0
13130,1985,0.0,9031.0,0.0
13130,1996,0.0,9371.0,0.0
13130,2005,0.0,10103.0,0.0
13130,2024,0.0,8673.0,0.0
13131,1985,90.0,6784.0,0.2651044395010125
13131,1996,90.0,2258.0,2.150549275005393
13131,2005,242.0,4926.0,2.201746978310882
13131,2024,0.0,7839.0,0.0
13132,1985,450.0,11140.0,0.8072120814967991
13132,1996,1200.0,14950.0,4.330827436309635
13132,2005,0.0,21662.0,0.0
13132,2024,0.0,28405.0,0.0
13133,1985,121.0,16031.0,0.15082908158953076
13133,1996,2000.0,22052.0,4.893423889959266
13133,2005,700.0,44386.0,0.7068031587105665
13133,2024,0.0,42921.0,0.0
13134,1985,2780.0,8775.0,6.330791362909952
13134,1996,220.0,5810.0,2.0430423749314954
13134,2005,420.0,3404.0,5.52975881360644
13134,2024,0.0,8220.0,0.0
13135,1985,300.0,3450.0,1.7376507416182305
13135,1996,0.0,600.0,0.0
13135,2005,0.0,912.0,0.0
13135,2024,2.0,3884.0,0.02343113997541337
13136,1985,123.0,7298.0,0.33679185722375815
13136,1996,0.0,8660.0,0.0
13136,2005,0.0,7896.0,0.0
13136,2024,0.0,6960.0,0.0
13137,1985,1000.0,17500.0,1.1418847730634087
13137,1996,0.0,12570.0,0.0
13137,2005,0.0,11515.0,0.0
13137,2024,0.0,25201.0,0.0
13138,1985,106.0,4864.0,0.43548442722710173
13138,1996,15.0,4149.0,0.19506468478196262
13138,2005,0.0,3038.0,0.0
13138,2024,0.0,4999.0,0.0
13139,1985,600.0,10793.0,1.1108857701441481
13139,1996,0.0,5281.0,0.0
13139,2005,0.0,7048.0,0.0
13139,2024,0.0,5179.0,0.0
13140,1985,600.0,3074.0,3.9003871558769654
13140,1996,200.0,2370.0,4.55315542706252
13140,2005,800.0,3820.0,9.385838445034317
13140,2024,50.0,18930.0,0.12018825629226829
13141,1985,0.0,1247.0,0.0
13141,1996,0.0,67.0,0.0
13141,2005,0.0,0.0,0.0
13141,2024,0.0,0.0,0.0
13142,1985,400.0,21796.0,0.36672753768782623
13142,1996,0.0,20440.0,0.0
13142,2005,0.0,21644.0,0.0
13142,2024,0.0,23710.0,0.0
13143,1985,0.0,5341.0,0.0
13143,1996,0.0,9220.0,0.0
13143,2005,0.0,6068.0,0.0
13143,2024,0.0,7000.0,0.0
13144,1985,200.0,40419.0,0.09887915845819863
13144,1996,0.0,50595.0,0.0
13144,2005,0.0,42735.0,0.0
13144,2024,0.0,38169.0,0.0
13145,1985,0.0,410.0,0.0
13145,1996,0.0,3.0,0.0
13145,2005,0.0,290.0,0.0
13145,2024,0.0,224.0,0.0
13146,1985,0.0,5.0,0.0
13146,1996,0.0,0.0,0.0
13146,2005,0.0,0.0,0.0
13146,2024,0.0,0.0,0.0
13147,1985,0.0,13045.0,0.0
13147,1996,0.0,3000.0,0.0
13147,2005,0.0,3940.0,0.0
13147,2024,0.0,428.0,0.0
13148,1985,900.0,16361.0,1.0992411940436824
13148,1996,200.0,15940.0,0.6769748031454311
13148,2005,0.0,19695.0,0.0
13148,2024,0.0,29853.0,0.0
13150,1985,1500.0,3205.0,9.352410387804829
13150,1996,960.0,1785.0,29.017756940203487
13150,2005,260.0,620.0,18.794384563725977
13150,2024,0.0,3475.0,0.0
13151,1985,0.0,7403.0,0.0
13151,1996,0.0,6380.0,0.0
13151,2005,0.0,3800.0,0.0
13151,2024,0.0,926.0,0.0
13152,1985,0.0,11055.0,0.0
13152,1996,0.0,10080.0,0.0
13152,2005,0.0,10713.0,0.0
13152,2024,0.0,10260.0,0.0
13153,1985,0.0,20166.0,0.0
13153,1996,0.0,28632.0,0.0
13153,2005,0.0,31292.0,0.0
13153,2024,0.0,26673.0,0.0
13154,1985,800.0,1411.0,11.329827656192574
13154,1996,80.0,469.0,9.203393059392898
13154,2005,160.0,180.0,39.83766984447899
13154,2024,0.0,2910.0,0.0
13155,1985,2700.0,6058.0,8.90624884900067
13155,1996,500.0,5180.0,5.208001140028076
13155,2005,100.0,7145.0,0.6272551235134901
13155,2024,0.0,5850.0,0.0
13156,1985,3500.0,9249.0,7.561946410437213
13156,1996,800.0,2752.0,15.684561572875252
13156,2005,200.0,5175.0,1.732072601933869
13156,2024,0.0,15606.0,0.0
13157,1985,0.0,2333.0,0.0
13157,1996,0.0,390.0,0.0
13157,2005,0.0,386.0,0.0
13157,2024,0.0,546.0,0.0
13158,1985,640.0,7296.0,1.7528932919833027
13158,1996,25.0,9125.0,0.14782162139915306
13158,2005,0.0,9524.0,0.0
13158,2024,0.0,10143.0,0.0
13159,1985,130.0,2859.0,0.9086351377122263
13159,1996,0.0,6034.0,0.0
13159,2005,0.0,11703.0,0.0
13159,2024,0.0,14240.0,0.0
13160,1985,0.0,1240.0,0.0
13160,1996,0.0,525.0,0.0
13160,2005,0.0,370.0,0.0
13160,2024,0.0,134.0,0.0
13161,1985,0.0,9550.0,0.0
13161,1996,0.0,10575.0,0.0
13161,2005,0.0,13534.0,0.0
13161,2024,0.0,8290.0,0.0
13162,1985,0.0,240.0,0.0
13162,1996,0.0,19.0,0.0
13162,2005,0.0,0.0,0.0
13162,2024,0.0,0.0,0.0
13163,1985,0.0,229.0,0.0
13163,1996,0.0,20.0,0.0
13163,2005,0.0,0.0,0.0
13163,2024,0.0,0.0,0.0
13164,1985,6600.0,17659.0,7.468582099146254
13164,1996,1600.0,5049.0,17.09800493109633
13164,2005,600.0,6637.0,4.051593663556323
13164,2024,0.0,15110.0,0.0
13165,1985,25.0,6790.0,0.07357504981078664
13165,1996,80.0,5355.0,0.8060488038945414
13165,2005,0.0,3550.0,0.0
13165,2024,0.0,2722.0,0.0
13166,1985,3400.0,26500.0,2.5638544904631253
13166,1996,500.0,46527.0,0.5798234553129459
13166,2005,80.0,35679.0,0.10049021233787689
13166,2024,0.0,99050.0,0.0
13167,1985,480.0,4425.0,2.16764567090003
13167,1996,130.0,3475.0,2.0184563842848378
13167,2005,120.0,3063.0,1.7558228628810526
13167,2024,0.0,9170.0,0.0
13168,1985,1600.0,3990.0,8.013226477637955
13168,1996,600.0,1800.0,17.984963936896953
13168,2005,950.0,2110.0,20.17844059065731
13168,2024,0.0,5686.0,0.0
13169,1985,6857.0,23303.0,5.8800720102852155
13169,1996,4200.0,33709.0,6.722553193654561
13169,2005,3110.0,43794.0,3.1826745072012343
13169,2024,826.0,66897.0,0.5618443904127358
13170,1985,50.0,6705.0,0.14901553712609733
13170,1996,100.0,3739.0,1.4430300029604404
13170,2005,0.0,5840.0,0.0
13170,2024,0.0,8810.0,0.0
13171,1985,2100.0,9352.0,4.487196900136897
13171,1996,620.0,13271.0,2.5206866794234295
13171,2005,750.0,11269.0,2.9827876414303978
13171,2024,0.0,17920.0,0.0
13172,1985,0.0,5685.0,0.0
13172,1996,15.0,3498.0,0.23136746059472926
13172,2005,0.0,5531.0,0.0
13172,2024,0.0,9677.0,0.0
13173,1985,17.0,2424.0,0.14014468646302147
13173,1996,0.0,2015.0,0.0
13173,2005,0.0,783.0,0.0
13173,2024,0.0,3110.0,0.0
13174,1985,0.0,0.0,0.0
13174,1996,0.0,0.0,0.0
13174,2005,0.0,0.0,0.0
13174,2024,0.0,0.0,0.0
13175,1985,1000.0,4881.0,4.094034732351906
13175,1996,290.0,920.0,17.007520244674293
13175,2005,0.0,3351.0,0.0
13175,2024,0.0,5954.0,0.0
13176,1985,830.0,1824.0,9.093133952163383
13176,1996,400.0,1430.0,15.092277429563879
13176,2005,370.0,1041.0,15.929327639543112
13176,2024,0.0,8850.0,0.0
13177,1985,1000.0,12936.0,1.5447575393173818
13177,1996,1300.0,10848.0,6.465833273773794
13177,2005,500.0,17153.0,1.30640058809068
13177,2024,0.0,19602.0,0.0
13178,1985,82.0,30193.0,0.054271011471069164
13178,1996,0.0,37448.0,0.0
13178,2005,0.0,31966.0,0.0
13178,2024,0.0,22226.0,0.0
13179,1985,0.0,3654.0,0.0
13179,1996,0.0,2819.0,0.0
13179,2005,0.0,4815.0,0.0
13179,2024,0.0,7757.0,0.0
13180,1985,0.0,69.0,0.0
13180,1996,0.0,0.0,0.0
13180,2005,0.0,0.0,0.0
13180,2024,0.0,0.0,0.0
13181,1985,0.0,242.0,0.0
13181,1996,0.0,0.0,0.0
13181,2005,0.0,0.0,0.0
13181,2024,0.0,0.0,0.0
13182,1985,365.0,3101.0,2.352076423070791
13182,1996,223.0,1162.0,10.354510218402806
13182,2005,60.0,2145.0,1.2536329671339543
13182,2024,0.0,4707.0,0.0
13183,1985,0.0,4863.0,0.0
13183,1996,0.0,3475.0,0.0
13183,2005,110.0,3704.0,1.3309696661053658
13183,2024,0.0,2822.0,0.0
13184,1985,730.0,1770.0,8.241569477901155
13184,1996,700.0,1749.0,21.594296322174728
13184,2005,950.0,2040.0,20.870838061905353
13184,2024,0.0,6252.0,0.0
13185,1985,3000.0,9544.0,6.28132340589155
13185,1996,1000.0,9928.0,5.434618433792392
13185,2005,2850.0,18268.0,6.991982096499933
13185,2024,0.0,31091.0,0.0
13186,1985,70.0,7430.0,0.1882649861376414
13186,1996,0.0,7425.0,0.0
13186,2005,0.0,4558.0,0.0
13186,2024,0.0,17805.0,0.0
13187,1985,200.0,7715.0,0.5180293850579301
13187,1996,100.0,4960.0,1.0878002381187672
13187,2005,121.0,7686.0,0.7055559208404506
13187,2024,0.0,20551.0,0.0
13188,1985,13.0,5972.0,0.0434994618003894
13188,1996,0.0,4169.0,0.0
13188,2005,0.0,4733.0,0.0
13188,2024,0.0,8056.0,0.0
13189,1985,70.0,2405.0,0.5816253002090128
13189,1996,0.0,550.0,0.0
13189,2005,0.0,601.0,0.0
13189,2024,0.0,4199.0,0.0
13190,1985,3500.0,115305.0,0.6065690330005965
13190,1996,1200.0,140325.0,0.46139939549495124
13190,2005,500.0,119549.0,0.18744355274840802
13190,2024,0.0,109115.0,0.0
13191,1985,10.0,6439.0,0.031034296519039682
13191,1996,2.0,9440.0,0.01143112114633281
13191,2005,0.0,10243.0,0.0
13191,2024,0.0,17719.0,0.0
13192,1985,0.0,6987.0,0.0
13192,1996,0.0,2790.0,0.0
13192,2005,0.0,4056.0,0.0
13192,2024,0.0,9037.0,0.0
13193,1985,4040.0,24244.0,3.3299477584385
13193,1996,1000.0,29245.0,1.8449270579822485
13193,2005,700.0,28596.0,1.0970822843239336
13193,2024,0.0,27564.0,0.0
13194,1985,2855.0,5702.0,10.00550999196432
13194,1996,170.0,3239.0,2.8318405704901037
13194,2005,250.0,8652.0,1.2950005367267354
13194,2024,0.0,27978.0,0.0
13195,1985,300.0,17212.0,0.3482974121881766
13195,1996,0.0,17870.0,0.0
13195,2005,0.0,11664.0,0.0
13195,2024,0.0,41361.0,0.0
13196,1985,1840.0,5907.0,6.224596189714196
13196,1996,680.0,6305.0,5.819084287275145
13196,2005,990.0,10443.0,4.248702938742553
13196,2024,0.0,13650.0,0.0
13197,1985,0.0,4670.0,0.0
13197,1996,0.0,420.0,0.0
13197,2005,0.0,567.0,0.0
13197,2024,0.0,14029.0,0.0
13198,1985,2000.0,18760.0,2.130382039297404
13198,1996,950.0,29007.0,1.7670613031391156
13198,2005,200.0,34830.0,0.25734928840102705
13198,2024,0.0,47104.0,0.0
13199,1985,0.0,931.0,0.0
13199,1996,0.0,0.0,0.0
13199,2005,0.0,477.0,0.0
13199,2024,0.0,223.0,0.0
13200,1985,0.0,5765.0,0.0
13200,1996,0.0,2244.0,0.0
13200,2005,0.0,2845.0,0.0
13200,2024,0.0,6223.0,0.0
13201,1985,0.0,7222.0,0.0
13201,1996,0.0,745.0,0.0
13201,2005,0.0,4688.0,0.0
13201,2024,0.0,6445.0,0.0
13202,1985,0.0,17375.0,0.0
13202,1996,0.0,17800.0,0.0
13202,2005,0.0,20540.0,0.0
13202,2024,0.0,21771.0,0.0
13203,1985,0.0,20.0,0.0
13203,1996,0.0,0.0,0.0
13203,2005,0.0,0.0,0.0
13203,2024,0.0,0.0,0.0
13204,1985,0.0,111.0,0.0
13204,1996,0.0,1.0,0.0
13204,2005,0.0,0.0,0.0
13204,2024,0.0,0.0,0.0
13205,1985,700.0,41451.0,0.3374608204874854
13205,1996,0.0,59078.0,0.0
13205,2005,0.0,63035.0,0.0
13205,2024,0.0,65958.0,0.0
13206,1985,500.0,1223.0,8.169658024779089
13206,1996,60.0,1097.0,2.951042396209163
13206,2005,180.0,1318.0,6.120734555012895
13206,2024,0.0,4605.0,0.0
13207,1985,0.0,10220.0,0.0
13207,1996,0.0,4560.0,0.0
13207,2005,0.0,5173.0,0.0
13207,2024,0.0,16960.0,0.0
13208,1985,390.0,2725.0,2.8599499362046843
13208,1996,155.0,3181.0,2.6290500567925443
13208,2005,100.0,5187.0,0.8640327467715224
13208,2024,0.0,4941.0,0.0
13209,1985,1050.0,5480.0,3.8288563330365206
13209,1996,8.0,6266.0,0.06888591357892226
13209,2005,6.0,5835.0,0.046084708046312456
13209,2024,0.0,2175.0,0.0
13210,1985,380.0,5616.0,1.3521249538589153
13210,1996,480.0,5901.0,4.3888066546571105
13210,2005,0.0,4253.0,0.0
13210,2024,0.0,25618.0,0.0
13211,1985,33.0,10123.0,0.06514259176569381
13211,1996,30.0,5173.0,0.31290291017218747
13211,2005,0.0,7094.0,0.0
13211,2024,0.0,12150.0,0.0
13212,1985,61.0,9412.0,0.12951147420794612
13212,1996,0.0,12723.0,0.0
13212,2005,0.0,19315.0,0.0
13212,2024,0.0,14420.0,0.0
13213,1985,200.0,3390.0,1.1789370813339028
13213,1996,20.0,2360.0,0.4572448458533124
13213,2005,35.0,4937.0,0.31772498483418277
13213,2024,0.0,14404.0,0.0
13214,1985,800.0,19360.0,0.8257431210169278
13214,1996,2.0,24493.0,0.004405739746922865
13214,2005,0.0,24704.0,0.0
13214,2024,0.0,34300.0,0.0
13215,1985,3500.0,12611.0,5.545987023244293
13215,1996,550.0,8695.0,3.4129028747418024
13215,2005,100.0,11987.0,0.37388319491982036
13215,2024,0.0,37310.0,0.0
13216,1985,0.0,7475.0,0.0
13216,1996,0.0,4660.0,0.0
13216,2005,0.0,1570.0,0.0
13216,2024,0.0,2843.0,0.0
13217,1985,120.0,4911.0,0.4882830428493501
13217,1996,0.0,6150.0,0.0
13217,2005,0.0,8771.0,0.0
13217,2024,0.0,11718.0,0.0
13218,1985,4150.0,25478.0,3.254940797697231
13218,1996,24.0,14760.0,0.08773153139949734
13218,2005,150.0,40150.0,0.16743727985693224
13218,2024,0.0,61295.0,0.0
13219,1985,0.0,5870.0,0.0
13219,1996,0.0,10090.0,0.0
13219,2005,0.0,8568.0,0.0
13219,2024,0.0,6666.0,0.0
13220,1985,130.0,18474.0,0.14061859146472094
13220,1996,150.0,18403.0,0.43977795857216917
13220,2005,50.0,23055.0,0.09719665707013417
13220,2024,0.0,22715.0,0.0
13221,1985,0.0,423.0,0.0
13221,1996,0.0,110.0,0.0
13221,2005,0.0,190.0,0.0
13221,2024,0.0,1.0,0.0
13222,1985,0.0,7.0,0.0
13222,1996,0.0,0.0,0.0
13222,2005,0.0,0.0,0.0
13222,2024,0.0,1.0,0.0
13223,1985,4000.0,14188.0,5.633770377392064
13223,1996,465.0,21973.0,1.141811527418707
13223,2005,1195.0,22888.0,2.339949641610077
13223,2024,0.0,47483.0,0.0
13224,1985,0.0,2380.0,0.0
13224,1996,0.0,2500.0,0.0
13224,2005,0.0,3628.0,0.0
13224,2024,0.0,3455.0,0.0
13225,1985,660.0,2173.0,6.06938294012074
13225,1996,450.0,1370.0,17.722409718840062
13225,2005,300.0,949.0,14.167769834048114
13225,2024,0.0,1738.0,0.0
13226,1985,2450.0,6012.0,8.143431411359556
13226,1996,400.0,3090.0,6.984452014328913
13226,2005,1240.0,5987.0,9.28237004059599
13226,2024,0.0,7400.0,0.0
13227,1985,346.0,3991.0,1.7324260338007866
13227,1996,50.0,3035.0,0.8888779540476254
13227,2005,12.0,2233.0,0.24084574245430646
13227,2024,0.0,2630.0,0.0
13228,1985,217.0,10002.0,0.43354403376407663
13228,1996,30.0,11871.0,0.13635302454053794
13228,2005,0.0,11829.0,0.0
13228,2024,0.0,18748.0,0.0
13229,1985,0.0,3855.0,0.0
13229,1996,0.0,2130.0,0.0
13229,2005,0.0,1608.0,0.0
13229,2024,0.0,1975.0,0.0
13230,1985,7.0,4237.0,0.033014133750358166
13230,1996,0.0,4524.0,0.0
13230,2005,0.0,3375.0,0.0
13230,2024,0.0,5438.0,0.0
13231,1985,15.0,8276.0,0.03621855400303828
13231,1996,0.0,4590.0,0.0
13231,2005,0.0,3710.0,0.0
13231,2024,0.0,9957.0,0.0
13232,1985,0.0,1210.0,0.0
13232,1996,0.0,1080.0,0.0
13232,2005,0.0,447.0,0.0
13232,2024,0.0,339.0,0.0
13233,1985,900.0,34857.0,0.5159561974854029
13233,1996,0.0,73199.0,0.0
13233,2005,0.0,46591.0,0.0
13233,2024,0.0,37796.0,0.0
13234,1985,0.0,8248.0,0.0
13234,1996,0.0,7540.0,0.0
13234,2005,0.0,8767.0,0.0
13234,2024,0.0,6657.0,0.0
13235,1985,0.0,5750.0,0.0
13235,1996,0.0,7410.0,0.0
13235,2005,0.0,4695.0,0.0
13235,2024,0.0,11317.0,0.0
13236,1985,1000.0,4271.0,4.6787598989954695
13236,1996,500.0,1206.0,22.369358130468846
13236,2005,210.0,2254.0,4.175532165376292
13236,2024,0.0,4764.0,0.0
13237,1985,900.0,58324.0,0.3083582260432873
13237,1996,0.0,37500.0,0.0
13237,2005,0.0,59385.0,0.0
13237,2024,0.0,87655.0,0.0
13238,1985,2000.0,29820.0,1.340240343971137
13238,1996,400.0,36150.0,0.5970112510173263
13238,2005,2060.0,42844.0,2.154882827573991
13238,2024,2000.0,68570.0,1.327206470242169
13239,1985,0.0,8240.0,0.0
13239,1996,0.0,10500.0,0.0
13239,2005,0.0,21233.0,0.0
13239,2024,0.0,33683.0,0.0
13240,1985,750.0,6220.0,2.4095237373725467
13240,1996,150.0,4714.0,1.7168506091649616
13240,2005,121.0,5378.0,1.0083493506098369
13240,2024,0.0,9426.0,0.0
13241,1985,0.0,44.0,0.0
13241,1996,0.0,0.0,0.0
13241,2005,0.0,0.0,0.0
13241,2024,0.0,15.0,0.0
13242,1985,0.0,858.0,0.0
13242,1996,0.0,38.0,0.0
13242,2005,0.0,0.0,0.0
13242,2024,0.0,0.0,0.0
13243,1985,1452.0,34685.0,0.8365371798627999
13243,1996,380.0,37152.0,0.551864203490055
13243,2005,3090.0,104139.0,1.3298159171575499
13243,2024,1500.0,189929.0,0.3593706635025676
13244,1985,0.0,180.0,0.0
13244,1996,0.0,0.0,0.0
13244,2005,0.0,0.0,0.0
13244,2024,0.0,0.0,0.0
13245,1985,200.0,19200.0,0.2081560784230172
13245,1996,100.0,16300.0,0.3310116062005574
13245,2005,200.0,16927.0,0.529537172269615
13245,2024,0.0,5753.0,0.0
13246,1985,0.0,5030.0,0.0
13246,1996,0.0,2073.0,0.0
13246,2005,0.0,2411.0,0.0
13246,2024,0.0,462.0,0.0
13247,1985,0.0,24484.0,0.0
13247,1996,0.0,22500.0,0.0
13247,2005,0.0,25511.0,0.0
13247,2024,0.0,62212.0,0.0
13248,1985,247.0,43276.0,0.11405390820701043
13248,1996,0.0,7800.0,0.0
13248,2005,0.0,11350.0,0.0
13248,2024,0.0,21971.0,0.0
13249,1985,120.0,8500.0,0.2821127086391951
13249,1996,0.0,7330.0,0.0
13249,2005,0.0,11465.0,0.0
13249,2024,0.0,8407.0,0.0
13250,1985,550.0,3795.0,2.8960845693637176
13250,1996,0.0,1625.0,0.0
13250,2005,0.0,4206.0,0.0
13250,2024,0.0,13900.0,0.0
13251,1985,0.0,61.0,0.0
13251,1996,0.0,0.0,0.0
13251,2005,0.0,0.0,0.0
13251,2024,0.0,0.0,0.0
13252,1985,0.0,109.0,0.0
13252,1996,0.0,0.0,0.0
13252,2005,0.0,0.0,0.0
13252,2024,0.0,45.0,0.0
13253,1985,0.0,5635.0,0.0
13253,1996,0.0,1270.0,0.0
13253,2005,0.0,971.0,0.0
13253,2024,0.0,2254.0,0.0
13254,1985,0.0,2897.0,0.0
13254,1996,0.0,1640.0,0.0
13254,2005,0.0,2763.0,0.0
13254,2024,0.0,11398.0,0.0
13255,1985,0.0,5693.0,0.0
13255,1996,0.0,7388.0,0.0
13255,2005,0.0,4139.0,0.0
13255,2024,0.0,7176.0,0.0
13256,1985,0.0,1149.0,0.0
13256,1996,0.0,1054.0,0.0
13256,2005,0.0,843.0,0.0
13256,2024,0.0,1220.0,0.0
13257,1985,220.0,5075.0,0.8662574140481031
13257,1996,150.0,4610.0,1.7555821630376636
13257,2005,0.0,7000.0,0.0
13257,2024,0.0,4700.0,0.0
13258,1985,0.0,3670.0,0.0
13258,1996,0.0,1945.0,0.0
13258,2005,0.0,1965.0,0.0
13258,2024,0.0,2010.0,0.0
13259,1985,0.0,1423.0,0.0
13259,1996,0.0,567.0,0.0
13259,2005,0.0,1646.0,0.0
13259,2024,0.0,1658.0,0.0
13260,1985,12000.0,51348.0,4.670012509607304
13260,1996,7000.0,91000.0,4.1503762931300665
13260,2005,3090.0,71440.0,1.9384896388139712
13260,2024,0.0,51660.0,0.0
13261,1985,1100.0,11505.0,1.9105851265945777
13261,1996,1500.0,18895.0,4.283267410216263
13261,2005,500.0,19550.0,1.1462245159856488
13261,2024,0.0,22560.0,0.0
13262,1985,3700.0,53640.0,1.3783937184164003
13262,1996,700.0,48715.0,0.7752935290461583
13262,2005,0.0,49204.0,0.0
13262,2024,0.0,65955.0,0.0
13263,1985,0.0,2016.0,0.0
13263,1996,0.0,723.0,0.0
13263,2005,0.0,355.0,0.0
13263,2024,0.0,9.0,0.0
13264,1985,0.0,2620.0,0.0
13264,1996,0.0,260.0,0.0
13264,2005,0.0,1916.0,0.0
13264,2024,0.0,8018.0,0.0
13265,1985,2500.0,7836.0,6.375377593354279
13265,1996,1900.0,10623.0,9.650220694748436
13265,2005,1525.0,4133.0,16.536777722461718
13265,2024,0.0,12135.0,0.0
13266,1985,0.0,491.0,0.0
13266,1996,0.0,442.0,0.0
13266,2005,0.0,270.0,0.0
13266,2024,0.0,5.0,0.0
13267,1985,0.0,16.0,0.0
13267,1996,0.0,0.0,0.0
13267,2005,0.0,0.0,0.0
13267,2024,0.0,0.0,0.0
13268,1985,2000.0,41176.0,0.9706131498256096
13268,1996,0.0,36715.0,0.0
13268,2005,0.0,30925.0,0.0
13268,2024,0.0,40507.0,0.0
13269,1985,0.0,850.0,0.0
13269,1996,0.0,623.0,0.0
13269,2005,0.0,644.0,0.0
13269,2024,0.0,455.0,0.0
13270,1985,70.0,33420.0,0.04185544126279699
13270,1996,50.0,42297.0,0.06378099133589955
13270,2005,30.0,41038.0,0.03276283827796593
13270,2024,50.0,44576.0,0.051040104352401264
13271,1985,80.0,3464.0,0.4615007743327864
13271,1996,0.0,5200.0,0.0
13271,2005,0.0,8875.0,0.0
13271,2024,0.0,6160.0,0.0
13272,1985,0.0,1497.0,0.0
13272,1996,0.0,1315.0,0.0
13272,2005,0.0,600.0,0.0
13272,2024,0.0,278.0,0.0
13273,1985,950.0,6318.0,3.0047221196864786
13273,1996,20.0,5040.0,0.21410671353448754
13273,2005,60.0,8259.0,0.3255893830369696
13273,2024,0.0,21324.0,0.0
13274,1985,700.0,17170.0,0.8146819143871145
13274,1996,100.0,14122.0,0.3820626809990855
13274,2005,700.0,17800.0,1.7624811799172586
13274,2024,0.0,62325.0,0.0
13275,1985,0.0,1606.0,0.0
13275,1996,0.0,1225.0,0.0
13275,2005,0.0,344.0,0.0
13275,2024,0.0,1140.0,0.0
13276,1985,550.0,14502.0,0.7578707034019658
13276,1996,0.0,16020.0,0.0
13276,2005,0.0,14556.0,0.0
13276,2024,0.0,17503.0,0.0
13277,1985,0.0,1407.0,0.0
13277,1996,0.0,390.0,0.0
13277,2005,0.0,750.0,0.0
13277,2024,0.0,491.0,0.0
13278,1985,2450.0,11134.0,4.397189657364258
13278,1996,755.0,5435.0,7.495113765790543
13278,2005,80.0,13337.0,0.26883034310587905
13278,2024,0.0,29510.0,0.0
13279,1985,0.0,320.0,0.0
13279,1996,0.0,220.0,0.0
13279,2005,0.0,60.0,0.0
13279,2024,0.0,83.0,0.0
13280,1985,0.0,843.0,0.0
13280,1996,0.0,24.0,0.0
13280,2005,0.0,0.0,0.0
13280,2024,0.0,0.0,0.0
13281,1985,0.0,961.0,0.0
13281,1996,0.0,0.0,0.0
13281,2005,0.0,719.0,0.0
13281,2024,0.0,198.0,0.0
13282,1985,2500.0,9098.0,5.491037461147958
13282,1996,0.0,5300.0,0.0
13282,2005,0.0,5785.0,0.0
13282,2024,0.0,11764.0,0.0
13283,1985,1100.0,7683.0,2.8610284890629467
13283,1996,41.0,6605.0,0.33492060018748304
13283,2005,0.0,8208.0,0.0
13283,2024,0.0,23629.0,0.0
13284,1985,0.0,226.0,0.0
13284,1996,0.0,10.0,0.0
13284,2005,0.0,153.0,0.0
13284,2024,0.0,59.0,0.0
13285,1985,8903.0,26526.0,6.706947988962216
13285,1996,3800.0,24746.0,8.285322431125243
13285,2005,4120.0,30586.0,6.036997310179824
13285,2024,40.0,27635.0,0.0658632514307983
13286,1985,330.0,17050.0,0.3867674231343804
13286,1996,0.0,22660.0,0.0
13286,2005,0.0,19220.0,0.0
13286,2024,0.0,20430.0,0.0
13287,1985,0.0,378.0,0.0
13287,1996,0.0,140.0,0.0
13287,2005,0.0,118.0,0.0
13287,2024,0.0,67.0,0.0
13288,1985,194.0,11998.0,0.3231120857268105
13288,1996,300.0,11698.0,1.3836952934866864
13288,2005,0.0,12285.0,0.0
13288,2024,0.0,25305.0,0.0
13289,1985,900.0,3154.0,5.702182998017974
13289,1996,314.0,2915.0,5.811950610139599
13289,2005,314.0,6112.0,2.302463493547481
13289,2024,0.0,12408.0,0.0
13290,1985,0.0,144.0,0.0
13290,1996,0.0,30.0,0.0
13290,2005,0.0,70.0,0.0
13290,2024,0.0,62.0,0.0
13291,1985,1000.0,9427.0,2.1197606373830116
13291,1996,500.0,4961.0,5.437904838811819
13291,2005,60.0,7270.0,0.3698820790237045
13291,2024,0.0,10232.0,0.0
13292,1985,19.0,1212.0,0.3132645932702833
13292,1996,0.0,280.0,0.0
13292,2005,0.0,652.0,0.0
13292,2024,0.0,2373.0,0.0
13293,1985,690.0,16341.0,0.843783038659853
13293,1996,0.0,28225.0,0.0
13293,2005,0.0,25706.0,0.0
13293,2024,0.0,37602.0,0.0
13294,1985,410.0,2294.0,3.5715009793940524
13294,1996,12.0,563.0,1.1500154560005158
13294,2005,15.0,3549.0,0.1894225637152953
13294,2024,0.0,9847.0,0.0
13295,1985,2.0,1739.0,0.022982154719505064
13295,1996,0.0,435.0,0.0
13295,2005,0.0,741.0,0.0
13295,2024,0.0,1767.0,0.0
13296,1985,100.0,9526.0,0.20977307924217564
13296,1996,30.0,5640.0,0.2869941053760152
13296,2005,0.0,8508.0,0.0
13296,2024,0.0,18470.0,0.0
13297,1985,0.0,13830.0,0.0
13297,1996,0.0,17238.0,0.0
13297,2005,0.0,15836.0,0.0
13297,2024,0.0,15626.0,0.0
13298,1985,242.0,1927.0,2.5095391872981505
13298,1996,200.0,1173.0,9.199470044448569
13298,2005,500.0,2281.0,9.824063694659987
13298,2024,0.0,6337.0,0.0
13299,1985,3000.0,4684.0,12.798665795437438
13299,1996,1000.0,2815.0,19.166924266675263
13299,2005,1140.0,1775.0,28.78411919748975
13299,2024,0.0,7160.0,0.0
13300,1985,1309.0,5407.0,4.837752069345299
13300,1996,350.0,5230.0,3.610748017923863
13300,2005,600.0,2812.0,9.562740805484822
13300,2024,0.0,14885.0,0.0
13301,1985,0.0,310.0,0.0
13301,1996,0.0,0.0,0.0
13301,2005,0.0,0.0,0.0
13301,2024,0.0,0.0,0.0
13302,1985,300.0,4730.0,1.2674196741190054
13302,1996,50.0,6605.0,0.4084397563261988
13302,2005,0.0,6450.0,0.0
13302,2024,0.0,10110.0,0.0
13303,1985,2596.0,11837.0,4.3825145932475
13303,1996,1115.0,5068.0,11.87050204595902
13303,2005,1030.0,6298.0,7.32961256466974
13303,2024,0.0,18260.0,0.0
13304,1985,2000.0,63424.0,0.6301394906852186
13304,1996,60.0,66595.0,0.048611660164298395
13304,2005,0.0,62158.0,0.0
13304,2024,0.0,68549.0,0.0
13305,1985,1800.0,5421.0,6.63519098902368
13305,1996,500.0,2124.0,12.701245718147566
13305,2005,200.0,1523.0,5.885407560740495
13305,2024,0.0,1550.0,0.0
13306,1985,30.0,13982.0,0.04287580502490985
13306,1996,0.0,9282.0,0.0
13306,2005,0.0,3689.0,0.0
13306,2024,0.0,11915.0,0.0
13307,1985,70.0,1190.0,1.1754696193299794
13307,1996,72.0,260.0,14.94135465526824
13307,2005,120.0,316.0,17.01925768672362
13307,2024,0.0,765.0,0.0
13308,1985,7077.0,20839.0,6.786293700847954
13308,1996,4000.0,14060.0,15.349898096924855
13308,2005,2060.0,18077.0,5.1072523020733565
13308,2024,1400.0,50330.0,1.2657377978373512
13309,1985,0.0,27622.0,0.0
13309,1996,0.0,15750.0,0.0
13309,2005,0.0,15969.0,0.0
13309,2024,0.0,22530.0,0.0
13310,1985,0.0,3.0,0.0
13310,1996,0.0,0.0,0.0
13310,2005,0.0,0.0,0.0
13310,2024,0.0,0.0,0.0
13311,1985,0.0,3909.0,0.0
13311,1996,0.0,2119.0,0.0
13311,2005,85.0,3631.0,1.049153725937291
13311,2024,0.0,9450.0,0.0
13312,1985,1080.0,2443.0,8.834065579573648
13312,1996,400.0,1184.0,18.228003990098262
13312,2005,1030.0,1623.0,28.442328978613695
13312,2024,0.0,9000.0,0.0
13313,1985,1900.0,4325.0,8.77865172355106
13313,1996,600.0,2609.0,12.40817749575106
13313,2005,930.0,3282.0,12.699622813767869
13313,2024,0.0,11447.0,0.0
13314,1985,10000.0,54432.0,3.6711830409703214
13314,1996,3500.0,104700.0,1.803649678485368
13314,2005,5670.0,90605.0,2.8046414272994906
13314,2024,0.0,67776.0,0.0
13315,1985,70.0,9260.0,0.1510592707346302
13315,1996,0.0,12285.0,0.0
13315,2005,0.0,12041.0,0.0
13315,2024,0.0,9714.0,0.0
13316,1985,0.0,450.0,0.0
13316,1996,0.0,379.0,0.0
13316,2005,0.0,14.0,0.0
13316,2024,0.0,6.0,0.0
13317,1985,1950.0,4163.0,9.360273331921407
13317,1996,400.0,1470.0,14.681603213793434
13317,2005,250.0,2529.0,4.430345845693838
13317,2024,0.0,1248.0,0.0
13318,1985,2100.0,21714.0,1.9325902832311075
13318,1996,300.0,7417.0,2.1823469789951813
13318,2005,0.0,8086.0,0.0
13318,2024,0.0,31970.0,0.0
13319,1985,3383.0,12613.0,5.359742589176759
13319,1996,900.0,4906.0,9.897962215577206
13319,2005,500.0,6424.0,3.4882766636860887
13319,2024,0.0,24933.0,0.0
13320,1985,0.0,5450.0,0.0
13320,1996,0.0,835.0,0.0
13320,2005,10.0,3393.0,0.13208776473633618
13320,2024,0.0,9580.0,0.0
13321,1985,0.0,3085.0,0.0
13321,1996,0.0,305.0,0.0
13321,2005,0.0,2194.0,0.0
13321,2024,0.0,4320.0,0.0
13322,1985,370.0,12900.0,0.5731553415182613
13322,1996,48.0,10998.0,0.23548234287262784
13322,2005,0.0,18363.0,0.0
13322,2024,0.0,29884.0,0.0
13323,1985,0.0,1650.0,0.0
13323,1996,0.0,50.0,0.0
13323,2005,0.0,570.0,0.0
13323,2024,0.0,304.0,0.0
13324,1985,4114.0,22959.0,3.58073061704343
13324,1996,600.0,13745.0,2.355251734188033
13324,2005,500.0,23748.0,0.9436032207983591
13324,2024,125.0,21500.0,0.2645539176293766
13325,1985,6000.0,19463.0,6.160299089125926
13325,1996,800.0,11600.0,3.721027021426956
13325,2005,700.0,12186.0,2.5744432137311017
13325,2024,0.0,13787.0,0.0
13326,1985,7.0,7077.0,0.019765562342838428
13326,1996,0.0,5319.0,0.0
13326,2005,0.0,5335.0,0.0
13326,2024,0.0,7167.0,0.0
13327,1985,102.0,2112.0,0.9650872726885343
13327,1996,310.0,729.0,22.943781154066073
13327,2005,200.0,985.0,9.099975345185555
13327,2024,0.0,4205.0,0.0
13328,1985,0.0,10.0,0.0
13328,1996,0.0,0.0,0.0
13328,2005,0.0,0.0,0.0
13328,2024,0.0,0.0,0.0
13329,1985,0.0,1420.0,0.0
13329,1996,0.0,853.0,0.0
13329,2005,0.0,673.0,0.0
13329,2024,0.0,223.0,0.0
13330,1985,350.0,11995.0,0.5830799695717698
13330,1996,0.0,10914.0,0.0
13330,2005,0.0,9271.0,0.0
13330,2024,0.0,10730.0,0.0
13331,1985,40.0,6895.0,0.11592738812826485
13331,1996,0.0,6403.0,0.0
13331,2005,0.0,11151.0,0.0
13331,2024,0.0,18572.0,0.0
13332,1985,20.0,2384.0,0.1676424792668595
13332,1996,0.0,2865.0,0.0
13332,2005,0.0,6619.0,0.0
13332,2024,0.0,14750.0,0.0
13333,1985,1900.0,4832.0,7.857547331199987
13333,1996,650.0,1837.0,19.091279083804604
13333,2005,200.0,1647.0,5.442304623562704
13333,2024,0.0,8365.0,0.0
13334,1985,0.0,307.0,0.0
13334,1996,0.0,336.0,0.0
13334,2005,0.0,101.0,0.0
13334,2024,0.0,0.0,0.0
13335,1985,0.0,11867.0,0.0
13335,1996,0.0,7365.0,0.0
13335,2005,0.0,5975.0,0.0
13335,2024,0.0,7700.0,0.0
13336,1985,60.0,94699.0,0.01266094691302526
13336,1996,300.0,114050.0,0.14192430989221622
13336,2005,500.0,104667.0,0.2140950756926198
13336,2024,0.0,103954.0,0.0
13337,1985,0.0,900.0,0.0
13337,1996,0.0,313.0,0.0
13337,2005,0.0,1140.0,0.0
13337,2024,0.0,1229.0,0.0
13338,1985,250.0,3102.0,1.6104919026925897
13338,1996,4.0,886.0,0.24358867634623413
13338,2005,100.0,4646.0,0.9646443946413875
13338,2024,0.0,4170.0,0.0
13339,1985,2400.0,5608.0,8.551918771159622
13339,1996,1430.0,3830.0,20.14503793453993
13339,2005,800.0,7918.0,4.528151409450756
13339,2024,0.0,19909.0,0.0
13340,1985,0.0,925.0,0.0
13340,1996,0.0,300.0,0.0
13340,2005,0.0,912.0,0.0
13340,2024,0.0,119.0,0.0
13341,1985,0.0,690.0,0.0
13341,1996,0.0,370.0,0.0
13341,2005,0.0,267.0,0.0
13341,2024,0.0,405.0,0.0
13342,1985,29.0,2939.0,0.19717812940785295
13342,1996,0.0,730.0,0.0
13342,2005,250.0,1596.0,7.020266067518619
13342,2024,0.0,10894.0,0.0
13343,1985,1200.0,3828.0,6.2642581594387625
13343,1996,700.0,2950.0,12.802855683892748
13343,2005,300.0,8301.0,1.6197101039045487
13343,2024,0.0,14600.0,0.0
13344,1985,0.0,3263.0,0.0
13344,1996,0.0,1650.0,0.0
13344,2005,0.0,6595.0,0.0
13344,2024,0.0,6334.0,0.0
13345,1985,193.0,2523.0,1.5286229968377576
13345,1996,0.0,2550.0,0.0
13345,2005,20.0,4725.0,0.18970318973561426
13345,2024,0.0,10985.0,0.0
13346,1985,315.0,2816.0,2.235312433065355
13346,1996,450.0,2850.0,8.519193443793293
13346,2005,280.0,2416.0,5.194067053398544
13346,2024,0.0,3685.0,0.0
13347,1985,0.0,6517.0,0.0
13347,1996,0.0,8212.0,0.0
13347,2005,0.0,7524.0,0.0
13347,2024,0.0,8416.0,0.0
13348,1985,70.0,7567.0,0.18485646187427984
13348,1996,0.0,5715.0,0.0
13348,2005,0.0,8500.0,0.0
13348,2024,0.0,22309.0,0.0
13349,1985,360.0,1090.0,6.599884468164656
13349,1996,100.0,280.0,19.26960421810388
13349,2005,20.0,326.0,2.7495324279164945
13349,2024,0.0,1179.0,0.0
13350,1985,800.0,3060.0,5.224309419244354
13350,1996,90.0,1459.0,3.3282661158068385
13350,2005,1390.0,6292.0,9.900851274523843
13350,2024,0.0,10980.0,0.0
13351,1985,30.0,11896.0,0.050394208629647747
13351,1996,0.0,8360.0,0.0
13351,2005,0.0,21409.0,0.0
13351,2024,0.0,25874.0,0.0
13352,1985,550.0,1654.0,6.644885695728724
13352,1996,150.0,830.0,9.750884062173046
13352,2005,18.0,1504.0,0.5363782010310503
13352,2024,0.0,2425.0,0.0
13353,1985,138.0,4512.0,0.6111816770718377
13353,1996,0.0,3072.0,0.0
13353,2005,0.0,3084.0,0.0
13353,2024,0.0,649.0,0.0
13354,1985,0.0,20360.0,0.0
13354,1996,90.0,16614.0,0.29228002064296243
13354,2005,0.0,35667.0,0.0
13354,2024,0.0,46052.0,0.0
13355,1985,45.0,19555.0,0.0459848764401654
13355,1996,80.0,27320.0,0.15799382667845055
13355,2005,0.0,30505.0,0.0
13355,2024,0.0,19859.0,0.0
13356,1985,20.0,1937.0,0.20632920525151938
13356,1996,0.0,647.0,0.0
13356,2005,0.0,5060.0,0.0
13356,2024,0.0,4208.0,0.0
13357,1985,800.0,4250.0,3.7615027818559343
13357,1996,50.0,3567.0,0.7563063051680805
13357,2005,0.0,4257.0,0.0
13357,2024,0.0,11319.0,0.0
13358,1985,120.0,13954.0,0.1718473572762762
13358,1996,0.0,13920.0,0.0
13358,2005,20.0,28281.0,0.03169433794776625
13358,2024,0.0,44872.0,0.0
13359,1985,0.0,6723.0,0.0
13359,1996,0.0,4900.0,0.0
13359,2005,0.0,5983.0,0.0
13359,2024,0.0,11371.0,0.0
13360,1985,15.0,13480.0,0.022236257635693233
13360,1996,0.0,1665.0,0.0
13360,2005,0.0,505.0,0.0
13360,2024,0.0,2180.0,0.0
13361,1985,1000.0,6852.0,2.9163723772051444
13361,1996,20.0,9720.0,0.11101829590677133
13361,2005,0.0,15112.0,0.0
13361,2024,0.0,15655.0,0.0
13362,1985,36.0,17261.0,0.04167704113492541
13362,1996,0.0,19280.0,0.0
13362,2005,0.0,20780.0,0.0
13362,2024,0.0,20387.0,0.0
13363,1985,0.0,4.0,0.0
13363,1996,0.0,0.0,0.0
13363,2005,0.0,0.0,0.0
13363,2024,0.0,0.0,0.0
13364,1985,33.0,1833.0,0.35975911426302154
13364,1996,0.0,1300.0,0.0
13364,2005,0.0,1421.0,0.0
13364,2024,0.0,4855.0,0.0
13365,1985,250.0,3950.0,1.2647457929499781
13365,1996,100.0,2789.0,1.9345604808422683
13365,2005,50.0,1110.0,2.018800836713462
13365,2024,0.0,3665.0,0.0
13366,1985,165.0,11706.0,0.2816668616282755
13366,1996,0.0,17118.0,0.0
13366,2005,0.0,16892.0,0.0
13366,2024,0.0,23603.0,0.0
13367,1985,3430.0,6930.0,9.890567605069425
13367,1996,1105.0,2470.0,24.137714757414333
13367,2005,40.0,3304.0,0.5425832757268627
13367,2024,0.0,9682.0,0.0
13368,1985,1000.0,6342.0,3.1508961729122755
13368,1996,750.0,2501.0,16.179995544989264
13368,2005,180.0,3920.0,2.057940852935458
13368,2024,0.0,8279.0,0.0
13369,1985,2500.0,12039.0,4.149635253885217
13369,1996,100.0,8885.0,0.6072582083364193
13369,2005,170.0,10301.0,0.739632497597962
13369,2024,0.0,32977.0,0.0
13370,1985,0.0,6043.0,0.0
13370,1996,0.0,4790.0,0.0
13370,2005,0.0,6753.0,0.0
13370,2024,0.0,8569.0,0.0
13371,1985,780.0,2360.0,6.604545403523529
13371,1996,650.0,1398.0,25.086323087946393
13371,2005,250.0,460.0,24.357270964695033
13371,2024,0.0,232.0,0.0
13372,1985,1200.0,50769.0,0.47232721216355616
13372,1996,0.0,80485.0,0.0
13372,2005,0.0,75045.0,0.0
13372,2024,0.0,70204.0,0.0
13373,1985,720.0,1969.0,7.307134657490578
13373,1996,484.0,760.0,34.360746889966286
13373,2005,120.0,1388.0,3.874701317726703
13373,2024,0.0,10630.0,0.0
13374,1985,1500.0,35813.0,0.8369719178207489
13374,1996,25.0,34065.0,0.0395970143921113
13374,2005,0.0,43756.0,0.0
13374,2024,0.0,53130.0,0.0
13375,1985,0.0,2626.0,0.0
13375,1996,0.0,1250.0,0.0
13375,2005,0.0,715.0,0.0
13375,2024,0.0,78.0,0.0
13376,1985,25.0,4662.0,0.10715885633102559
13376,1996,0.0,3223.0,0.0
13376,2005,0.0,4701.0,0.0
13376,2024,0.0,9700.0,0.0
13377,1985,2500.0,26129.0,1.911954488174983
13377,1996,350.0,15162.0,1.2454961175136396
13377,2005,10300.0,25567.0,18.05526652805962
13377,2024,1300.0,49410.0,1.1972122238803604
13378,1985,200.0,6716.0,0.5950858704172023
13378,1996,100.0,5770.0,0.9350934455925626
13378,2005,49.0,7932.0,0.2768597516612335
13378,2024,0.0,15550.0,0.0
13379,1985,0.0,3299.0,0.0
13379,1996,0.0,1745.0,0.0
13379,2005,0.0,1904.0,0.0
13379,2024,0.0,7046.0,0.0
13380,1985,0.0,1076.0,0.0
13380,1996,0.0,740.0,0.0
13380,2005,0.0,212.0,0.0
13380,2024,0.0,276.0,0.0
13381,1985,2000.0,9684.0,4.12701022895697
13381,1996,880.0,3681.0,12.898751641784287
13381,2005,1630.0,7457.0,9.79647674363864
13381,2024,0.0,12278.0,0.0
13382,1985,0.0,4072.0,0.0
13382,1996,0.0,6115.0,0.0
13382,2005,0.0,10075.0,0.0
13382,2024,0.0,20050.0,0.0
13383,1985,600.0,2100.0,5.709423865317043
13383,1996,646.0,1296.0,26.894182183415353
13383,2005,250.0,887.0,12.63173015080013
13383,2024,0.0,12521.0,0.0
13384,1985,500.0,3745.0,2.6679550772509546
13384,1996,0.0,191.0,0.0
13384,2005,0.0,2690.0,0.0
13384,2024,0.0,3571.0,0.0
13385,1985,3700.0,11223.0,6.587992431244383
13385,1996,968.0,16572.0,3.1516012112447958
13385,2005,1500.0,23397.0,2.87327725189376
13385,2024,0.0,40003.0,0.0
13386,1985,310.0,39320.0,0.15754641133949623
13386,1996,240.0,50451.0,0.2566683323336665
13386,2005,292.0,29060.0,0.4503329161703837
13386,2024,0.0,35189.0,0.0
13387,1985,0.0,2638.0,0.0
13387,1996,0.0,2254.0,0.0
13387,2005,0.0,1721.0,0.0
13387,2024,0.0,3377.0,0.0
13388,1985,1200.0,2513.0,9.54221258827361
13388,1996,400.0,1645.0,13.119730531474982
13388,2005,600.0,2138.0,12.577374717036163
13388,2024,0.0,7170.0,0.0
13389,1985,15.0,5387.0,0.055642241122915305
13389,1996,0.0,3596.0,0.0
13389,2005,0.0,3967.0,0.0
13389,2024,0.0,10017.0,0.0
13390,1985,0.0,330.0,0.0
13390,1996,0.0,270.0,0.0
13390,2005,0.0,126.0,0.0
13390,2024,0.0,9.0,0.0
13391,1985,0.0,88.0,0.0
13391,1996,0.0,0.0,0.0
13391,2005,0.0,0.0,0.0
13391,2024,0.0,20.0,0.0
13392,1985,100.0,18580.0,0.1075510415963921
13392,1996,20.0,18740.0,0.057582595315571895
13392,2005,0.0,21548.0,0.0
13392,2024,0.0,37361.0,0.0
13393,1985,90.0,1874.0,0.9596950467315202
13393,1996,0.0,400.0,0.0
13393,2005,0.0,1098.0,0.0
13393,2024,0.0,753.0,0.0
13394,1985,0.0,73.0,0.0
13394,1996,0.0,0.0,0.0
13394,2005,0.0,0.0,0.0
13394,2024,0.0,10.0,0.0
13395,1985,498.0,2795.0,3.5604743460635446
13395,1996,750.0,3237.0,12.50113341304237
13395,2005,150.0,6372.0,1.0550230361355664
13395,2024,0.0,8223.0,0.0
13396,1985,0.0,7970.0,0.0
13396,1996,0.0,5110.0,0.0
13396,2005,0.0,2907.0,0.0
13396,2024,0.0,1065.0,0.0
13397,1985,0.0,11925.0,0.0
13397,1996,0.0,7483.0,0.0
13397,2005,0.0,9365.0,0.0
13397,2024,0.0,15393.0,0.0
13398,1985,0.0,5051.0,0.0
13398,1996,0.0,5208.0,0.0
13398,2005,0.0,3255.0,0.0
13398,2024,0.0,2488.0,0.0
13399,1985,5.0,5933.0,0.016840538958882226
13399,1996,0.0,6819.0,0.0
13399,2005,0.0,8159.0,0.0
13399,2024,0.0,9195.0,0.0
13400,1985,0.0,3026.0,0.0
13400,1996,0.0,1244.0,0.0
13400,2005,0.0,2245.0,0.0
13400,2024,0.0,2031.0,0.0
13401,1985,2500.0,6575.0,7.598092596429525
13401,1996,300.0,929.0,17.423538797854963
13401,2005,145.0,2256.0,2.8805495981297145
13401,2024,0.0,6566.0,0.0
13402,1985,0.0,505.0,0.0
13402,1996,0.0,0.0,0.0
13402,2005,0.0,133.0,0.0
13402,2024,0.0,15.0,0.0
13403,1985,0.0,1029.0,0.0
13403,1996,0.0,810.0,0.0
13403,2005,0.0,1082.0,0.0
13403,2024,0.0,260.0,0.0
13404,1985,455.0,63222.0,0.1438147718439371
13404,1996,0.0,60724.0,0.0
13404,2005,92.0,47039.0,0.08765489974071675
13404,2024,0.0,48498.0,0.0
13405,1985,300.0,4606.0,1.301540394829113
13405,1996,0.0,4082.0,0.0
13405,2005,0.0,5914.0,0.0
13405,2024,0.0,24600.0,0.0
13406,1985,0.0,5480.0,0.0
13406,1996,50.0,2277.0,1.1847802329971644
13406,2005,0.0,3714.0,0.0
13406,2024,0.0,22854.0,0.0
13407,1985,0.0,3155.0,0.0
13407,1996,0.0,3470.0,0.0
13407,2005,0.0,5146.0,0.0
13407,2024,0.0,12350.0,0.0
13408,1985,0.0,162.0,0.0
13408,1996,0.0,0.0,0.0
13408,2005,0.0,0.0,0.0
13408,2024,0.0,0.0,0.0
13409,1985,2649.0,7884.0,6.714221634612756
13409,1996,1500.0,6310.0,12.826044012050126
13409,2005,700.0,10345.0,3.0325920737097345
13409,2024,0.0,11880.0,0.0
13410,1985,8800.0,27836.0,6.3173679785804335
13410,1996,2260.0,43610.0,2.796103083975266
13410,2005,2060.0,31496.0,2.9312865082734336
13410,2024,244.0,40544.0,0.27384566927460724
13411,1985,0.0,1885.0,0.0
13411,1996,0.0,2648.0,0.0
13411,2005,0.0,522.0,0.0
13411,2024,0.0,2314.0,0.0
13412,1985,200.0,28172.0,0.14186414545371043
13412,1996,15.0,26735.0,0.030272054503847498
13412,2005,0.0,37506.0,0.0
13412,2024,0.0,39426.0,0.0
13413,1985,2500.0,11732.0,4.258221856590874
13413,1996,2000.0,6904.0,15.63003818386178
13413,2005,1730.0,12815.0,6.050258676146487
13413,2024,0.0,24800.0,0.0
13414,1985,100.0,8660.0,0.2307503871663932
13414,1996,50.0,18449.0,0.1462271445896549
13414,2005,0.0,18915.0,0.0
13414,2024,0.0,27330.0,0.0
13415,1985,0.0,0.0,0.0
13415,1996,0.0,0.0,0.0
13415,2005,0.0,0.0,0.0
13415,2024,0.0,0.0,0.0
13416,1985,100.0,2735.0,0.7306392515030952
13416,1996,30.0,2330.0,0.694698177820054
13416,2005,0.0,2111.0,0.0
13416,2024,0.0,6555.0,0.0
13417,1985,0.0,10595.0,0.0
13417,1996,0.0,4540.0,0.0
13417,2005,0.0,4364.0,0.0
13417,2024,0.0,22080.0,0.0
13418,1985,0.0,1872.0,0.0
13418,1996,0.0,665.0,0.0
13418,2005,0.0,1049.0,0.0
13418,2024,0.0,8480.0,0.0
13419,1985,0.0,26499.0,0.0
13419,1996,0.0,25730.0,0.0
13419,2005,0.0,25445.0,0.0
13419,2024,0.0,27960.0,0.0
13420,1985,520.0,2769.0,3.752672963119183
13420,1996,300.0,8350.0,1.9384991069709292
13420,2005,50.0,4755.0,0.4712658104630796
13420,2024,0.0,9418.0,0.0
13421,1985,4840.0,6700.0,14.43546869827921
13421,1996,1350.0,4250.0,17.138612692807683
13421,2005,1450.0,3705.0,17.539864759461903
13421,2024,0.0,10180.0,0.0
13422,1985,0.0,1670.0,0.0
13422,1996,0.0,740.0,0.0
13422,2005,0.0,704.0,0.0
13422,2024,0.0,1339.0,0.0
13423,1985,200.0,21670.0,0.18442993565860313
13423,1996,0.0,18550.0,0.0
13423,2005,0.0,18189.0,0.0
13423,2024,0.0,16500.0,0.0
13424,1985,2240.0,6880.0,6.5060876604775615
13424,1996,400.0,7700.0,2.8028515226332917
13424,2005,300.0,10548.0,1.2746694702798311
13424,2024,0.0,15226.0,0.0
13425,1985,0.0,10141.0,0.0
13425,1996,0.0,5460.0,0.0
13425,2005,0.0,8300.0,0.0
13425,2024,0.0,18177.0,0.0
13426,1985,12.0,7702.0,0.03113422518090312
13426,1996,0.0,16300.0,0.0
13426,2005,0.0,11549.0,0.0
13426,2024,0.0,14663.0,0.0
13427,1985,0.0,10.0,0.0
13427,1996,0.0,0.0,0.0
13427,2005,0.0,0.0,0.0
13427,2024,0.0,0.0,0.0
13428,1985,14.0,24152.0,0.011583378991410034
13428,1996,0.0,36775.0,0.0
13428,2005,0.0,36294.0,0.0
13428,2024,0.0,46411.0,0.0
13429,1985,0.0,3567.0,0.0
13429,1996,0.0,3624.0,0.0
13429,2005,0.0,3302.0,0.0
13429,2024,0.0,1647.0,0.0
13430,1985,5025.0,13786.0,7.283801844716633
13430,1996,750.0,2106.0,19.21470506078734
13430,2005,730.0,4714.0,6.940323792910134
13430,2024,0.0,13613.0,0.0
13431,1985,3000.0,12146.0,4.9356949272047554
13431,1996,400.0,3135.0,6.884196722257207
13431,2005,20.0,15857.0,0.05652693267962271
13431,2024,0.0,9495.0,0.0
13432,1985,3300.0,9378.0,7.031760038858163
13432,1996,800.0,3625.0,11.907286468566259
13432,2005,600.0,6439.0,4.176180640631048
13432,2024,0.0,5230.0,0.0
13433,1985,130.0,10729.0,0.2421276781358239
13433,1996,700.0,15430.0,2.4477267833754768
13433,2005,50.0,16731.0,0.1339351460613199
13433,2024,0.0,28850.0,0.0
13434,1985,1308.0,34078.0,0.7669975484307009
13434,1996,0.0,10169.0,0.0
13434,2005,0.0,23593.0,0.0
13434,2024,0.0,29134.0,0.0
13435,1985,970.0,21338.0,0.9084025692544457
13435,1996,400.0,21836.0,0.9883658510842803
13435,2005,50.0,20925.0,0.10709051033462094
13435,2024,0.0,29648.0,0.0
13436,1985,4.0,4059.0,0.019692518875200446
13436,1996,0.0,1451.0,0.0
13436,2005,0.0,2840.0,0.0
13436,2024,0.0,10795.0,0.0
13437,1985,0.0,657.0,0.0
13437,1996,0.0,0.0,0.0
13437,2005,0.0,162.0,0.0
13437,2024,0.0,56.0,0.0
13438,1985,0.0,5900.0,0.0
13438,1996,0.0,2410.0,0.0
13438,2005,0.0,2115.0,0.0
13438,2024,0.0,15740.0,0.0
13439,1985,0.0,7360.0,0.0
13439,1996,0.0,7600.0,0.0
13439,2005,0.0,7617.0,0.0
13439,2024,0.0,6135.0,0.0
13440,1985,5800.0,18810.0,6.161685511214034
13440,1996,600.0,12190.0,2.655696069435153
13440,2005,250.0,53415.0,0.2097602666621682
13440,2024,0.0,102995.0,0.0
13441,1985,0.0,970.0,0.0
13441,1996,0.0,170.0,0.0
13441,2005,0.0,339.0,0.0
13441,2024,0.0,18.0,0.0
13442,1985,1025.0,7281.0,2.813151780912635
13442,1996,190.0,2617.0,3.917244724505642
13442,2005,200.0,2860.0,3.134082417834886
13442,2024,0.0,6442.0,0.0
13443,1985,0.0,6651.0,0.0
13443,1996,180.0,2257.0,4.303004220613361
13443,2005,0.0,2746.0,0.0
13443,2024,0.0,12028.0,0.0
13444,1985,0.0,2200.0,0.0
13444,1996,0.0,650.0,0.0
13444,2005,0.0,146.0,0.0
13444,2024,0.0,586.0,0.0
13445,1985,0.0,4548.0,0.0
13445,1996,0.0,8180.0,0.0
13445,2005,0.0,15281.0,0.0
13445,2024,0.0,12745.0,0.0
13446,1985,913.0,8643.0,2.1108948237441414
13446,1996,0.0,11032.0,0.0
13446,2005,0.0,16041.0,0.0
13446,2024,0.0,17155.0,0.0
13447,1985,0.0,9820.0,0.0
13447,1996,0.0,3422.0,0.0
13447,2005,0.0,4890.0,0.0
13447,2024,0.0,15488.0,0.0
13448,1985,30.0,2029.0,0.2954605745974813
13448,1996,145.0,4838.0,1.6170854304568365
13448,2005,120.0,5145.0,1.045303290379915
13448,2024,0.0,3150.0,0.0
13449,1985,85.0,7315.0,0.23220144906791804
13449,1996,56.0,4640.0,0.6511797287497173
13449,2005,0.0,14652.0,0.0
13449,2024,0.0,24970.0,0.0
13450,1985,5700.0,12688.0,8.97722305430919
13450,1996,1050.0,3514.0,16.121979624708427
13450,2005,602.0,8565.0,3.1500364158988203
13450,2024,0.0,8269.0,0.0
13451,1985,0.0,1.0,0.0
13451,1996,0.0,0.0,0.0
13451,2005,0.0,0.0,0.0
13451,2024,0.0,0.0,0.0
13452,1985,90.0,29802.0,0.06034724238557374
13452,1996,0.0,6600.0,0.0
13452,2005,0.0,9550.0,0.0
13452,2024,0.0,8194.0,0.0
13453,1985,0.0,716.0,0.0
13453,1996,0.0,484.0,0.0
13453,2005,0.0,962.0,0.0
13453,2024,0.0,2645.0,0.0
13454,1985,0.0,13876.0,0.0
13454,1996,0.0,19900.0,0.0
13454,2005,0.0,17365.0,0.0
13454,2024,0.0,17918.0,0.0
13455,1985,170.0,9205.0,0.36905021182657693
13455,1996,150.0,2570.0,3.14911819906756
13455,2005,0.0,4254.0,0.0
13455,2024,0.0,7920.0,0.0
13456,1985,510.0,14332.0,0.7110885849561068
13456,1996,25.0,12304.0,0.1096287626192516
13456,2005,0.0,11396.0,0.0
13456,2024,0.0,12693.0,0.0
13457,1985,20.0,14644.0,0.027291701077041316
13457,1996,18.0,15366.0,0.06320369989538172
13457,2005,15.0,15734.0,0.04272662251338394
13457,2024,0.0,13661.0,0.0
13458,1985,0.0,0.0,0.0
13458,1996,0.0,0.0,0.0
13458,2005,0.0,0.0,0.0
13458,2024,0.0,0.0,0.0
13459,1985,8500.0,14075.0,12.067876376069773
13459,1996,2800.0,11428.0,13.219609474092966
13459,2005,3710.0,14807.0,11.22931549357697
13459,2024,765.0,23186.0,1.501337207007391
13460,1985,0.0,1600.0,0.0
13460,1996,0.0,950.0,0.0
13460,2005,0.0,737.0,0.0
13460,2024,0.0,2200.0,0.0
13461,1985,700.0,5110.0,2.73739500391913
13461,1996,80.0,3761.0,1.1476711898046448
13461,2005,30.0,7885.0,0.17051634207370525
13461,2024,0.0,8925.0,0.0
13462,1985,150.0,1580.0,1.897118689424967
13462,1996,70.0,920.0,4.105263507335175
13462,2005,20.0,1177.0,0.761552737043991
13462,2024,0.0,3155.0,0.0
13463,1985,660.0,2689.0,4.904711464813079
13463,1996,480.0,3566.0,7.262576575751995
13463,2005,0.0,3505.0,0.0
13463,2024,0.0,10620.0,0.0
13464,1985,1200.0,3393.0,7.0673681798796295
13464,1996,400.0,2569.0,8.40091737029052
13464,2005,200.0,2888.0,3.1036965772187584
13464,2024,0.0,5434.0,0.0
13465,1985,25.0,7567.0,0.06602016495509995
13465,1996,30.0,2963.0,0.5462864510026074
13465,2005,0.0,6117.0,0.0
13465,2024,0.0,13787.0,0.0
13466,1985,220.0,14333.0,0.3067226942227114
13466,1996,0.0,21030.0,0.0
13466,2005,0.0,20795.0,0.0
13466,2024,0.0,18764.0,0.0
13467,1985,0.0,1610.0,0.0
13467,1996,0.0,25.0,0.0
13467,2005,0.0,409.0,0.0
13467,2024,0.0,18.0,0.0
13468,1985,500.0,2372.0,4.212264656115019
13468,1996,100.0,2305.0,2.3407762173835516
13468,2005,25.0,5319.0,0.21064757743485082
13468,2024,0.0,5895.0,0.0
13469,1985,0.0,2970.0,0.0
13469,1996,0.0,2155.0,0.0
13469,2005,0.0,1234.0,0.0
13469,2024,0.0,1565.0,0.0
13470,1985,0.0,6500.0,0.0
13470,1996,0.0,2380.0,0.0
13470,2005,0.0,5668.0,0.0
13470,2024,0.0,2010.0,0.0
13471,1985,550.0,9641.0,1.1399897252085167
13471,1996,200.0,13950.0,0.773546835995568
13471,2005,0.0,19926.0,0.0
13471,2024,0.0,25352.0,0.0
13472,1985,1100.0,3800.0,5.7845478635448995
13472,1996,500.0,2017.0,13.375035153864864
13472,2005,80.0,34018.0,0.10539685713454962
13472,2024,0.0,38291.0,0.0
13473,1985,0.0,13300.0,0.0
13473,1996,0.0,13376.0,0.0
13473,2005,0.0,15757.0,0.0
13473,2024,0.0,23818.0,0.0
13474,1985,1158.0,2992.0,7.734055790818842
13474,1996,1300.0,2887.0,24.29558689085491
13474,2005,2060.0,2462.0,37.499512536385076
13474,2024,0.0,7244.0,0.0
13475,1985,700.0,13530.0,1.0338572409480233
13475,1996,100.0,12200.0,0.44225321156303987
13475,2005,0.0,14139.0,0.0
13475,2024,0.0,16677.0,0.0
13476,1985,0.0,855.0,0.0
13476,1996,0.0,262.0,0.0
13476,2005,0.0,381.0,0.0
13476,2024,0.0,4.0,0.0
13477,1985,800.0,2226.0,7.181665239392507
13477,1996,60.0,2582.0,1.2537929932770921
13477,2005,750.0,1400.0,24.00930995091368
13477,2024,0.0,155.0,0.0
13478,1985,1550.0,5356.0,5.7829769360240775
13478,1996,380.0,2878.0,7.1239954440801
13478,2005,280.0,3901.0,3.2168331199720286
13478,2024,0.0,5906.0,0.0
13479,1985,1800.0,5742.0,6.2642581594387625
13479,1996,118.0,12611.0,0.5048511009167808
13479,2005,0.0,19108.0,0.0
13479,2024,0.0,18292.0,0.0
13480,1985,0.0,9985.0,0.0
13480,1996,0.0,9480.0,0.0
13480,2005,0.0,7578.0,0.0
13480,2024,0.0,7760.0,0.0
13481,1985,120.0,1398.0,1.7152775561038327
13481,1996,130.0,1262.0,5.557952405221721
13481,2005,15.0,1035.0,0.6495272257252009
13481,2024,0.0,1245.0,0.0
13482,1985,0.0,6255.0,0.0
13482,1996,0.0,6019.0,0.0
13482,2005,0.0,4566.0,0.0
13482,2024,0.0,5169.0,0.0
13483,1985,0.0,842.0,0.0
13483,1996,0.0,0.0,0.0
13483,2005,0.0,0.0,0.0
13483,2024,0.0,9.0,0.0
13484,1985,0.0,13659.0,0.0
13484,1996,0.0,13000.0,0.0
13484,2005,0.0,15244.0,0.0
13484,2024,0.0,11515.0,0.0
13485,1985,15.0,5745.0,0.052174891719607444
13485,1996,0.0,5950.0,0.0
13485,2005,0.0,4304.0,0.0
13485,2024,0.0,6932.0,0.0
13486,1985,620.0,2788.0,4.44384856088163
13486,1996,60.0,953.0,3.3969501664653214
13486,2005,100.0,372.0,12.047682412644855
13486,2024,0.0,7593.0,0.0
13487,1985,127.0,1533.0,1.6554722166558549
13487,1996,300.0,1510.0,10.719514929276329
13487,2005,40.0,607.0,2.953369263593994
13487,2024,0.0,2140.0,0.0
13488,1985,0.0,512.0,0.0
13488,1996,0.0,0.0,0.0
13488,2005,0.0,0.0,0.0
13488,2024,0.0,0.0,0.0
13489,1985,400.0,2267.0,3.5258903447039525
13489,1996,600.0,1583.0,20.450369606073604
13489,2005,1600.0,2207.0,32.491076447694695
13489,2024,0.0,6700.0,0.0
13490,1985,450.0,12850.0,0.699793197499949
13490,1996,70.0,9490.0,0.39798128838233515
13490,2005,0.0,11839.0,0.0
13490,2024,0.0,20785.0,0.0
13491,1985,0.0,7409.0,0.0
13491,1996,20.0,7255.0,0.14873850257943724
13491,2005,0.0,10687.0,0.0
13491,2024,0.0,14953.0,0.0
13492,1985,0.0,0.0,0.0
13492,1996,0.0,0.0,0.0
13492,2005,0.0,0.0,0.0
13492,2024,0.0,0.0,0.0
13493,1985,0.0,2080.0,0.0
13493,1996,0.0,3057.0,0.0
13493,2005,0.0,2039.0,0.0
13493,2024,0.0,6095.0,0.0
13494,1985,993.0,5413.0,3.6658235070957668
13494,1996,400.0,4510.0,4.7853562581544
13494,2005,240.0,5962.0,1.8041212442149157
13494,2024,0.0,3864.0,0.0
13495,1985,0.0,1630.0,0.0
13495,1996,0.0,820.0,0.0
13495,2005,0.0,1003.0,0.0
13495,2024,0.0,550.0,0.0
13496,1985,0.0,262.0,0.0
13496,1996,0.0,321.0,0.0
13496,2005,0.0,166.0,0.0
13496,2024,0.0,27.0,0.0
13497,1985,621.0,1716.0,7.2316041790597865
13497,1996,150.0,700.0,11.561762530862326
13497,2005,50.0,1748.0,1.2819616297207914
13497,2024,0.0,1340.0,0.0
13498,1985,150.0,2953.0,1.0150516523167787
13498,1996,24.0,2204.0,0.587530582330572
13498,2005,70.0,4352.0,0.7208677620065993
13498,2024,0.0,5460.0,0.0
13499,1985,0.0,1030.0,0.0
13499,1996,0.0,363.0,0.0
13499,2005,0.0,480.0,0.0
13499,2024,0.0,105.0,0.0
13500,1985,0.0,42.0,0.0
13500,1996,0.0,0.0,0.0
13500,2005,0.0,0.0,0.0
13500,2024,0.0,0.0,0.0
13502,1985,498.0,17454.0,0.5701573162167759
13502,1996,0.0,33760.0,0.0
13502,2005,0.0,28376.0,0.0
13502,2024,0.0,40736.0,0.0
13503,1985,4000.0,10184.0,7.848775934253594
13503,1996,720.0,14205.0,2.7347780432029163
13503,2005,0.0,15223.0,0.0
13503,2024,0.0,12678.0,0.0
13504,1985,1260.0,2068.0,12.175318784355978
13504,1996,263.0,773.0,18.35722709729844
13504,2005,120.0,379.0,14.190199021120486
13504,2024,0.0,4280.0,0.0
13505,1985,1400.0,3827.0,7.31021085446917
13505,1996,500.0,985.0,27.38826995466541
13505,2005,20.0,414.0,2.1650907524173366
13505,2024,0.0,5210.0,0.0
13506,1985,84.0,26047.0,0.06444391355638694
13506,1996,0.0,27200.0,0.0
13506,2005,0.0,31649.0,0.0
13506,2024,0.0,30989.0,0.0
13507,1985,250.0,13169.0,0.3793565101490176
13507,1996,10.0,16839.0,0.03204162468714939
13507,2005,0.0,14861.0,0.0
13507,2024,0.0,24435.0,0.0
13508,1985,0.0,1215.0,0.0
13508,1996,0.0,3.0,0.0
13508,2005,0.0,277.0,0.0
13508,2024,0.0,97.0,0.0
13509,1985,0.0,9890.0,0.0
13509,1996,0.0,6850.0,0.0
13509,2005,0.0,7551.0,0.0
13509,2024,0.0,4730.0,0.0
13510,1985,0.0,4984.0,0.0
13510,1996,0.0,4242.0,0.0
13510,2005,0.0,1445.0,0.0
13510,2024,0.0,30.0,0.0
13511,1985,0.0,2833.0,0.0
13511,1996,0.0,650.0,0.0
13511,2005,0.0,395.0,0.0
13511,2024,0.0,342.0,0.0
13512,1985,0.0,13221.0,0.0
13512,1996,0.0,6058.0,0.0
13512,2005,0.0,13864.0,0.0
13512,2024,0.0,25680.0,0.0
13513,1985,0.0,143.0,0.0
13513,1996,0.0,60.0,0.0
13513,2005,0.0,0.0,0.0
13513,2024,0.0,82.0,0.0
13514,1985,0.0,15102.0,0.0
13514,1996,0.0,13545.0,0.0
13514,2005,0.0,12333.0,0.0
13514,2024,0.0,11114.0,0.0
13515,1985,500.0,11500.0,0.8688253708091153
13515,1996,100.0,12553.0,0.4298167116282232
13515,2005,0.0,15353.0,0.0
13515,2024,0.0,52659.0,0.0
13516,1985,0.0,9.0,0.0
13516,1996,0.0,0.0,0.0
13516,2005,0.0,0.0,0.0
13516,2024,0.0,5.0,0.0
13517,1985,0.0,3385.0,0.0
13517,1996,0.0,1120.0,0.0
13517,2005,0.0,1375.0,0.0
13517,2024,0.0,645.0,0.0
13518,1985,0.0,11159.0,0.0
13518,1996,29.0,17884.0,0.08749115759953226
13518,2005,0.0,18958.0,0.0
13518,2024,0.0,24089.0,0.0
13519,1985,0.0,15.0,0.0
13519,1996,0.0,0.0,0.0
13519,2005,0.0,0.0,0.0
13519,2024,0.0,0.0,0.0
13520,1985,97.0,3600.0,0.5384303895208712
13520,1996,0.0,609.0,0.0
13520,2005,0.0,1219.0,0.0
13520,2024,0.0,3719.0,0.0
13521,1985,0.0,2606.0,0.0
13521,1996,40.0,2495.0,0.865008285542138
13521,2005,0.0,3073.0,0.0
13521,2024,0.0,6420.0,0.0
13522,1985,180.0,2084.0,1.7259774640833672
13522,1996,130.0,1197.0,5.859762686207027
13522,2005,100.0,1868.0,2.3992172684710313
13522,2024,0.0,9450.0,0.0
13523,1985,0.0,8775.0,0.0
13523,1996,0.0,11640.0,0.0
13523,2005,0.0,15960.0,0.0
13523,2024,0.0,18045.0,0.0
13524,1985,35.0,10295.0,0.06793632088405419
13524,1996,0.0,9192.0,0.0
13524,2005,0.0,8304.0,0.0
13524,2024,0.0,7842.0,0.0
13525,1985,0.0,2029.0,0.0
13525,1996,0.0,1070.0,0.0
13525,2005,0.0,1202.0,0.0
13525,2024,0.0,667.0,0.0
13526,1985,6.0,28745.0,0.004171087186350945
13526,1996,0.0,37890.0,0.0
13526,2005,0.0,34490.0,0.0
13526,2024,0.0,29740.0,0.0
13527,1985,0.0,1840.0,0.0
13527,1996,0.0,530.0,0.0
13527,2005,0.0,181.0,0.0
13527,2024,0.0,365.0,0.0
13528,1985,80.0,3381.0,0.47283013377366817
13528,1996,0.0,2400.0,0.0
13528,2005,0.0,4801.0,0.0
13528,2024,0.0,7850.0,0.0
13529,1985,0.0,1760.0,0.0
13529,1996,0.0,170.0,0.0
13529,2005,0.0,424.0,0.0
13529,2024,0.0,57.0,0.0
13530,1985,0.0,7260.0,0.0
13530,1996,0.0,3935.0,0.0
13530,2005,0.0,3789.0,0.0
13530,2024,0.0,3968.0,0.0
13531,1985,0.0,2040.0,0.0
13531,1996,0.0,0.0,0.0
13531,2005,0.0,1509.0,0.0
13531,2024,0.0,2820.0,0.0
13532,1985,1200.0,8961.0,2.6759937768476263
13532,1996,147.0,5978.0,1.3267596346891195
13532,2005,0.0,9806.0,0.0
13532,2024,0.0,18255.0,0.0
13533,1985,0.0,149.0,0.0
13533,1996,0.0,0.0,0.0
13533,2005,0.0,0.0,0.0
13533,2024,0.0,5.0,0.0
13534,1985,0.0,3623.0,0.0
13534,1996,0.0,5458.0,0.0
13534,2005,0.0,6880.0,0.0
13534,2024,0.0,19742.0,0.0
13535,1985,0.0,0.0,0.0
13535,1996,0.0,0.0,0.0
13535,2005,0.0,0.0,0.0
13535,2024,0.0,0.0,0.0
13536,1985,2662.0,7433.0,7.156558879746925
13536,1996,200.0,4920.0,2.1932882849874336
13536,2005,430.0,12042.0,1.6003548237225305
13536,2024,0.0,21665.0,0.0
13537,1985,550.0,4230.0,2.5982602696773776
13537,1996,80.0,2968.0,1.4543097523097268
13537,2005,0.0,4159.0,0.0
13537,2024,0.0,9786.0,0.0
13538,1985,20.0,3464.0,0.1153751935831966
13538,1996,0.0,2450.0,0.0
13538,2005,0.0,3362.0,0.0
13538,2024,0.0,8290.0,0.0
13539,1985,250.0,4945.0,1.0102620590803666
13539,1996,16.0,4706.0,0.1834420461051963
13539,2005,50.0,7888.0,0.28408581753954654
13539,2024,0.0,8891.0,0.0
13540,1985,1800.0,9446.0,3.8078943840247064
13540,1996,0.0,11000.0,0.0
13540,2005,500.0,28320.0,0.7912672771016749
13540,2024,0.0,20300.0,0.0
13541,1985,300.0,12277.0,0.4883029289389016
13541,1996,250.0,5780.0,2.333689092157909
13541,2005,350.0,6211.0,2.5255325231466115
13541,2024,0.0,31246.0,0.0
13542,1985,0.0,581.0,0.0
13542,1996,0.0,182.0,0.0
13542,2005,0.0,902.0,0.0
13542,2024,0.0,22.0,0.0
13543,1985,0.0,6730.0,0.0
13543,1996,0.0,4630.0,0.0
13543,2005,0.0,6433.0,0.0
13543,2024,0.0,4630.0,0.0
13544,1985,0.0,20515.0,0.0
13544,1996,0.0,16490.0,0.0
13544,2005,0.0,21424.0,0.0
13544,2024,0.0,33815.0,0.0
13545,1985,2500.0,21652.0,2.3072907270240224
13545,1996,45.0,16107.0,0.15074005907252058
13545,2005,0.0,25319.0,0.0
13545,2024,0.0,43341.0,0.0
13546,1985,1032.0,2945.0,7.002525976748782
13546,1996,180.0,962.0,10.09550990220827
13546,2005,73.0,941.0,3.476799825693769
13546,2024,0.0,3500.0,0.0
13547,1985,0.0,7492.0,0.0
13547,1996,0.0,1900.0,0.0
13547,2005,0.0,4771.0,0.0
13547,2024,0.0,1134.0,0.0
13548,1985,150.0,2534.0,1.182891684803255
13548,1996,35.0,3185.0,0.592910899018581
13548,2005,0.0,4442.0,0.0
13548,2024,0.0,6425.0,0.0
13549,1985,2082.0,13693.0,3.0383825097907904
13549,1996,0.0,21600.0,0.0
13549,2005,0.0,18485.0,0.0
13549,2024,0.0,16820.0,0.0
13550,1985,4.0,1396.0,0.057257832460199574
13550,1996,0.0,707.0,0.0
13550,2005,0.0,1671.0,0.0
13550,2024,0.0,2830.0,0.0
13551,1985,10.0,4533.0,0.04408335214782628
13551,1996,0.0,4900.0,0.0
13551,2005,0.0,7869.0,0.0
13551,2024,0.0,7358.0,0.0
13552,1985,0.0,4115.0,0.0
13552,1996,0.0,2100.0,0.0
13552,2005,0.0,2997.0,0.0
13552,2024,0.0,2545.0,0.0
13553,1985,2170.0,5355.0,8.097679599828748
13553,1996,500.0,2738.0,9.852975129782845
13553,2005,300.0,1232.0,10.913322704960763
13553,2024,0.0,9690.0,0.0
13554,1985,1500.0,2536.0,11.819588049256497
13554,1996,800.0,2690.0,16.04606447901587
13554,2005,630.0,1111.0,25.41399505155219
13554,2024,0.0,5430.0,0.0
13555,1985,0.0,12.0,0.0
13555,1996,0.0,0.0,0.0
13555,2005,0.0,0.0,0.0
13555,2024,0.0,15.0,0.0
13556,1985,180.0,1734.0,2.0743581517587875
13556,1996,0.0,770.0,0.0
13556,2005,0.0,1122.0,0.0
13556,2024,0.0,3947.0,0.0
13557,1985,0.0,7852.0,0.0
13557,1996,0.0,6597.0,0.0
13557,2005,0.0,12040.0,0.0
13557,2024,0.0,15600.0,0.0
13558,1985,40.0,2410.0,0.33166777640845896
13558,1996,20.0,912.0,1.1832213116379575
13558,2005,0.0,2412.0,0.0
13558,2024,0.0,5067.0,0.0
13559,1985,0.0,1159.0,0.0
13559,1996,0.0,799.0,0.0
13559,2005,0.0,1122.0,0.0
13559,2024,0.0,4914.0,0.0
13560,1985,0.0,6162.0,0.0
13560,1996,0.0,3706.0,0.0
13560,2005,0.0,9166.0,0.0
13560,2024,0.0,20035.0,0.0
13561,1985,1200.0,3985.0,6.017460535591363
13561,1996,500.0,1279.0,21.092608213718087
13561,2005,720.0,1028.0,31.389603671233445
13561,2024,0.0,4725.0,0.0
13562,1985,0.0,276.0,0.0
13562,1996,0.0,315.0,0.0
13562,2005,0.0,281.0,0.0
13562,2024,0.0,37.0,0.0
13563,1985,400.0,14494.0,0.5514829178586905
13563,1996,60.0,21713.0,0.14909471324282467
13563,2005,0.0,43194.0,0.0
13563,2024,0.0,54160.0,0.0
13564,1985,2300.0,8299.0,5.538120510399108
13564,1996,550.0,10430.0,2.8451764617334585
13564,2005,0.0,14985.0,0.0
13564,2024,0.0,11294.0,0.0
13565,1985,0.0,133.0,0.0
13565,1996,0.0,32.0,0.0
13565,2005,0.0,22.0,0.0
13565,2024,0.0,0.0,0.0
13566,1985,5.0,3000.0,0.033304972547682755
13566,1996,0.0,850.0,0.0
13566,2005,0.0,600.0,0.0
13566,2024,0.0,708.0,0.0
13567,1985,0.0,1031.0,0.0
13567,1996,0.0,416.0,0.0
13567,2005,0.0,400.0,0.0
13567,2024,0.0,41.0,0.0
13568,1985,360.0,14203.0,0.5065038421671108
13568,1996,0.0,16936.0,0.0
13568,2005,0.0,17882.0,0.0
13568,2024,0.0,17327.0,0.0
13569,1985,0.0,3460.0,0.0
13569,1996,0.0,4700.0,0.0
13569,2005,0.0,5041.0,0.0
13569,2024,0.0,4405.0,0.0
13570,1985,0.0,1545.0,0.0
13570,1996,0.0,160.0,0.0
13570,2005,0.0,779.0,0.0
13570,2024,0.0,600.0,0.0
14001,1985,4200.0,10783.0,7.783411928049758
14001,1996,800.0,9922.0,4.350323871049454
14001,2005,900.0,15275.0,2.6406311435374783
14001,2024,0.0,18379.0,0.0
14002,1985,0.0,4623.0,0.0
14002,1996,0.0,5850.0,0.0
14002,2005,0.0,5864.0,0.0
14002,2024,0.0,988.0,0.0
14003,1985,0.0,4207.0,0.0
14003,1996,0.0,4545.0,0.0
14003,2005,0.0,8044.0,0.0
14003,2024,0.0,6650.0,0.0
14004,1985,0.0,5924.0,0.0
14004,1996,0.0,10838.0,0.0
14004,2005,0.0,11248.0,0.0
14004,2024,0.0,4659.0,0.0
14005,1985,4800.0,50485.0,1.8999370295597966
14005,1996,1930.0,28331.0,3.6755829725259734
14005,2005,492.0,19157.0,1.151023138222014
14005,2024,0.0,26590.0,0.0
14006,1985,2700.0,16180.0,3.3346140622525375
14006,1996,4500.0,12475.0,19.46268642469811
14006,2005,2800.0,15159.0,8.27816214856579
14006,2024,0.0,14740.0,0.0
14007,1985,700.0,4282.0,3.266718465676496
14007,1996,290.0,2387.0,6.555055980352053
14007,2005,300.0,5057.0,2.6587331565180263
14007,2024,0.0,5715.0,0.0
14008,1985,19500.0,36926.0,10.552677755724645
14008,1996,8350.0,18324.0,24.58651749723143
14008,2005,550.0,53523.0,0.46054141614392646
14008,2024,0.0,104366.0,0.0
14009,1985,1040.0,30953.0,0.671414818264919
14009,1996,90.0,31688.0,0.15324224510736487
14009,2005,10.0,39880.0,0.011238058820220378
14009,2024,0.0,42072.0,0.0
14010,1985,770.0,3486.0,4.41391202439169
14010,1996,150.0,1421.0,5.69544952259228
14010,2005,50.0,6258.0,0.35808068532309734
14010,2024,0.0,17219.0,0.0
14011,1985,0.0,25511.0,0.0
14011,1996,0.0,22461.0,0.0
14011,2005,0.0,15642.0,0.0
14011,2024,0.0,16385.0,0.0
14012,1985,6000.0,88751.0,1.3509470447843732
14012,1996,1400.0,77643.0,0.9728739040862305
14012,2005,80.0,117051.0,0.03063100944035599
14012,2024,0.0,117718.0,0.0
14013,1985,8500.0,26253.0,6.469940958868778
14013,1996,300.0,26957.0,0.6004550782063011
14013,2005,40.0,30373.0,0.059022656405411204
14013,2024,0.0,32824.0,0.0
14014,1985,2850.0,11261.0,5.057410803351169
14014,1996,770.0,13598.0,3.055248322858653
14014,2005,39.0,29669.0,0.05891259443953338
14014,2024,0.0,34519.0,0.0
14015,1985,0.0,415.0,0.0
14015,1996,0.0,766.0,0.0
14015,2005,0.0,543.0,0.0
14015,2024,0.0,333.0,0.0
14016,1985,0.0,13769.0,0.0
14016,1996,0.0,13890.0,0.0
14016,2005,0.0,17589.0,0.0
14016,2024,0.0,10987.0,0.0
14017,1985,450.0,21736.0,0.4137073328981571
14017,1996,60.0,24450.0,0.132404642480223
14017,2005,0.0,31538.0,0.0
14017,2024,0.0,44923.0,0.0
14018,1985,300.0,25821.0,0.23217129695143085
14018,1996,50.0,29857.0,0.09035551430266078
14018,2005,0.0,31604.0,0.0
14018,2024,0.0,42974.0,0.0
14019,1985,100.0,26019.0,0.07680150477962125
14019,1996,0.0,39044.0,0.0
14019,2005,0.0,45017.0,0.0
14019,2024,0.0,61061.0,0.0
14020,1985,8750.0,75973.0,2.301490080361898
14020,1996,3200.0,47290.0,3.6509971197760787
14020,2005,470.0,53036.0,0.3971673567061668
14020,2024,0.0,91366.0,0.0
14021,1985,2300.0,20296.0,2.2645280900572624
14021,1996,400.0,16137.0,1.3374206311133634
14021,2005,60.0,37644.0,0.0714335010759306
14021,2024,0.0,41287.0,0.0
14022,1985,0.0,17721.0,0.0
14022,1996,0.0,23661.0,0.0
14022,2005,0.0,22676.0,0.0
14022,2024,0.0,16975.0,0.0
14023,1985,22000.0,39452.0,11.143304208390255
14023,1996,2000.0,41056.0,2.6283559923368505
14023,2005,400.0,50340.0,0.3561174300757955
14023,2024,0.0,56837.0,0.0
14024,1985,6200.0,184766.0,0.6705481413105215
14024,1996,6200.0,184421.0,1.8138949969162046
14024,2005,10.0,181718.0,0.002466314761060482
14024,2024,0.0,191441.0,0.0
14025,1985,4935.0,22594.0,4.364699642103595
14025,1996,2100.0,28197.0,4.018344958770466
14025,2005,1500.0,27318.0,2.4608707761387474
14025,2024,0.0,49959.0,0.0
14026,1985,2200.0,8296.0,5.299248283864662
14026,1996,100.0,4206.0,1.2828076987800965
14026,2005,204.0,9760.0,0.9367566833307304
14026,2024,0.0,15272.0,0.0
14027,1985,0.0,3991.0,0.0
14027,1996,0.0,5872.0,0.0
14027,2005,0.0,14078.0,0.0
14027,2024,0.0,11933.0,0.0
14028,1985,9500.0,28886.0,6.571984474201749
14028,1996,1800.0,28180.0,3.4463735010377414
14028,2005,670.0,39031.0,0.7693280634694484
14028,2024,0.0,44613.0,0.0
14029,1985,3600.0,38918.0,1.8484696208179956
14029,1996,4000.0,20105.0,10.734621598744763
14029,2005,190.0,25311.0,0.3364269262082646
14029,2024,0.0,34731.0,0.0
14030,1985,0.0,25259.0,0.0
14030,1996,0.0,20019.0,0.0
14030,2005,0.0,20557.0,0.0
14030,2024,0.0,14335.0,0.0
14031,1985,2150.0,11698.0,3.672714531245576
14031,1996,230.0,13580.0,0.9138162825080189
14031,2005,200.0,18018.0,0.49747339965633103
14031,2024,0.0,13346.0,0.0
14032,1985,0.0,77589.0,0.0
14032,1996,0.0,91736.0,0.0
14032,2005,0.0,85430.0,0.0
14032,2024,0.0,91941.0,0.0
14033,1985,1900.0,23059.0,1.6465444600528356
14033,1996,700.0,23230.0,1.6258469335980887
14033,2005,0.0,30965.0,0.0
14033,2024,0.0,34285.0,0.0
14034,1985,0.0,10170.0,0.0
14034,1996,0.0,9500.0,0.0
14034,2005,0.0,12127.0,0.0
14034,2024,0.0,7183.0,0.0
14035,1985,2500.0,37396.0,1.3359038084694654
14035,1996,600.0,38787.0,0.8346336423650841
14035,2005,75.0,46381.0,0.07247155932661897
14035,2024,0.0,47203.0,0.0
14036,1985,0.0,53781.0,0.0
14036,1996,0.0,51950.0,0.0
14036,2005,0.0,47502.0,0.0
14036,2024,0.0,67815.0,0.0
14037,1985,7200.0,159140.0,0.9040937627622816
14037,1996,630.0,147819.0,0.22995407789753175
14037,2005,510.0,143878.0,0.15886280788772308
14037,2024,0.0,172907.0,0.0
14038,1985,2352.0,57539.0,0.8168368803644467
14038,1996,870.0,30614.0,1.53331011547988
14038,2005,170.0,33204.0,0.22945893138647774
14038,2024,0.0,33494.0,0.0
14039,1985,0.0,6339.0,0.0
14039,1996,0.0,9131.0,0.0
14039,2005,0.0,9551.0,0.0
14039,2024,0.0,556.0,0.0
14040,1985,2000.0,13484.0,2.9639548396039235
14040,1996,290.0,9709.0,1.611589105479488
14040,2005,16.0,10998.0,0.06520076897623403
14040,2024,0.0,23989.0,0.0
14041,1985,0.0,55996.0,0.0
14041,1996,0.0,56120.0,0.0
14041,2005,0.0,50148.0,0.0
14041,2024,0.0,92326.0,0.0
14042,1985,5200.0,17443.0,5.957204285316184
14042,1996,2500.0,19260.0,7.00349062963277
14042,2005,560.0,18603.0,1.349122829759811
14042,2024,0.0,28123.0,0.0
14043,1985,1450.0,3543.0,8.178189702648602
14043,1996,700.0,2270.0,16.63807236453022
14043,2005,642.0,9944.0,2.893479187970128
14043,2024,0.0,10570.0,0.0
14044,1985,1050.0,246847.0,0.08500055785583838
14044,1996,658.0,194242.0,0.18277364736480567
14044,2005,30.0,219447.0,0.006126861416429325
14044,2024,0.0,278740.0,0.0
14045,1985,10500.0,26083.0,8.044370933190253
14045,1996,5300.0,13583.0,21.0528547888288
14045,2005,1800.0,49210.0,1.6393269952259693
14045,2024,0.0,93570.0,0.0
14046,1985,480.0,5979.0,1.6042535697830127
14046,1996,10.0,6943.0,0.07771120813868768
14046,2005,0.0,8803.0,0.0
14046,2024,0.0,14405.0,0.0
14047,1985,4800.0,37388.0,2.5654841376197264
14047,1996,150.0,39970.0,0.2024827063198306
14047,2005,430.0,48007.0,0.4014304744571981
14047,2024,0.0,43853.0,0.0
14048,1985,370.0,40975.0,0.18044426859269241
14048,1996,15.0,54805.0,0.01476732738181485
14048,2005,150.0,59457.0,0.11306670007326015
14048,2024,148.0,68226.0,0.09870847663901461
14049,1985,1300.0,13896.0,1.869450099826752
14049,1996,1000.0,12043.0,4.480186980876099
14049,2005,35.0,13832.0,0.11340429801376231
14049,2024,0.0,24407.0,0.0
14050,1985,4000.0,51217.0,1.5606524028045103
14050,1996,1200.0,40643.0,1.5930386578950628
14050,2005,160.0,50967.0,0.14069457829588203
14050,2024,0.0,70580.0,0.0
14051,1985,30.0,224312.0,0.002672569928752316
14051,1996,15.0,228368.0,0.0035439438851343572
14051,2005,0.0,298148.0,0.0
14051,2024,0.0,340225.0,0.0
14052,1985,0.0,2063.0,0.0
14052,1996,0.0,1874.0,0.0
14052,2005,0.0,2268.0,0.0
14052,2024,0.0,257.0,0.0
14053,1985,1200.0,64933.0,0.36929727926218686
14053,1996,49.0,71068.0,0.03720084565098008
14053,2005,40.0,76443.0,0.023451397027871156
14053,2024,0.0,80209.0,0.0
14054,1985,0.0,5183.0,0.0
14054,1996,0.0,6550.0,0.0
14054,2005,0.0,11120.0,0.0
14054,2024,0.0,16507.0,0.0
14055,1985,0.0,24298.0,0.0
14055,1996,0.0,26762.0,0.0
14055,2005,0.0,24756.0,0.0
14055,2024,0.0,10594.0,0.0
14056,1985,3800.0,154459.0,0.4916213196299126
14056,1996,450.0,151135.0,0.16064909726278417
14056,2005,219.0,172741.0,0.05681920278297284
14056,2024,0.0,230051.0,0.0
14057,1985,1800.0,42891.0,0.8386227961926132
14057,1996,70.0,49551.0,0.07622131595221812
14057,2005,150.0,32995.0,0.2037462277998433
14057,2024,0.0,37737.0,0.0
14058,1985,0.0,40329.0,0.0
14058,1996,100.0,37524.0,0.14378768737525546
14058,2005,0.0,34794.0,0.0
14058,2024,0.0,32799.0,0.0
14059,1985,0.0,70991.0,0.0
14059,1996,0.0,132767.0,0.0
14059,2005,0.0,176551.0,0.0
14059,2024,0.0,144632.0,0.0
14060,1985,100.0,10127.0,0.1973238227373324
14060,1996,0.0,6255.0,0.0
14060,2005,0.0,6957.0,0.0
14060,2024,0.0,5415.0,0.0
14061,1985,2200.0,53552.0,0.8209322483369665
14061,1996,300.0,61390.0,0.26366619226595955
14061,2005,230.0,63870.0,0.16139027825675495
14061,2024,0.0,66016.0,0.0
14062,1985,4900.0,16311.0,6.0031033836176375
14062,1996,510.0,11831.0,2.325838460269828
14062,2005,1000.0,20000.0,2.240868928751943
14062,2024,0.0,33603.0,0.0
14063,1985,0.0,19126.0,0.0
14063,1996,0.0,21523.0,0.0
14063,2005,0.0,20493.0,0.0
14063,2024,0.0,16085.0,0.0
14064,1985,5950.0,58520.0,2.0317626793442827
14064,1996,2300.0,53866.0,2.303795551267757
14064,2005,100.0,82961.0,0.054022225594000634
14064,2024,0.0,76476.0,0.0
14065,1985,0.0,58471.0,0.0
14065,1996,0.0,59146.0,0.0
14065,2005,0.0,56850.0,0.0
14065,2024,0.0,77063.0,0.0
14066,1985,1000.0,22998.0,0.8689009274114988
14066,1996,350.0,16249.0,1.1621768806536896
14066,2005,6.0,31099.0,0.008646717625976179
14066,2024,0.0,38821.0,0.0
14067,1985,1045.0,5204.0,4.012724401882607
14067,1996,450.0,6165.0,3.9383132708533473
14067,2005,250.0,10568.0,1.0602142925586409
14067,2024,0.0,11293.0,0.0
14068,1985,0.0,19465.0,0.0
14068,1996,0.0,24050.0,0.0
14068,2005,0.0,36275.0,0.0
14068,2024,0.0,60112.0,0.0
14069,1985,0.0,2776.0,0.0
14069,1996,0.0,1836.0,0.0
14069,2005,0.0,1307.0,0.0
14069,2024,0.0,290.0,0.0
14070,1985,3800.0,14116.0,5.379380660861199
14070,1996,910.0,8447.0,5.812590451962672
14070,2005,400.0,16053.0,1.1167352787650624
14070,2024,0.0,22699.0,0.0
14071,1985,1500.0,7101.0,4.221162553571959
14071,1996,100.0,8812.0,0.612288831260677
14071,2005,70.0,27350.0,0.11470627057596784
14071,2024,0.0,32905.0,0.0
14072,1985,35.0,3735.0,0.1872568737620717
14072,1996,0.0,2390.0,0.0
14072,2005,133.0,7642.0,0.7799936339283132
14072,2024,0.0,10940.0,0.0
14073,1985,0.0,14429.0,0.0
14073,1996,0.0,15540.0,0.0
14073,2005,0.0,16476.0,0.0
14073,2024,0.0,15849.0,0.0
14074,1985,4000.0,33665.0,2.37433340604303
14074,1996,50.0,35587.0,0.07580702477125195
14074,2005,250.0,56302.0,0.19900438072821067
14074,2024,0.0,64198.0,0.0
14075,1985,0.0,15264.0,0.0
14075,1996,0.0,20325.0,0.0
14075,2005,0.0,36982.0,0.0
14075,2024,0.0,61542.0,0.0
14076,1985,0.0,45988.0,0.0
14076,1996,0.0,42146.0,0.0
14076,2005,0.0,43432.0,0.0
14076,2024,0.0,46534.0,0.0
14077,1985,5100.0,13058.0,7.804657374476124
14077,1996,3000.0,9896.0,16.356575932909518
14077,2005,1200.0,16869.0,3.1881471509897823
14077,2024,0.0,26772.0,0.0
14078,1985,1050.0,3312.0,6.335184995483133
14078,1996,820.0,5063.0,8.738497192329945
14078,2005,300.0,11660.0,1.1531057952411372
14078,2024,0.0,17882.0,0.0
14079,1985,0.0,25735.0,0.0
14079,1996,0.0,27811.0,0.0
14079,2005,0.0,27577.0,0.0
14079,2024,0.0,16943.0,0.0
14080,1985,580.0,43250.0,0.26797989471892714
14080,1996,600.0,33145.0,0.9767064440010415
14080,2005,60.0,39939.0,0.06732874419745942
14080,2024,0.0,62751.0,0.0
14081,1985,0.0,640.0,0.0
14081,1996,0.0,409.0,0.0
14081,2005,0.0,129.0,0.0
14081,2024,0.0,275.0,0.0
14082,1985,322.0,13844.0,0.4647876839217212
14082,1996,0.0,17394.0,0.0
14082,2005,0.0,13892.0,0.0
14082,2024,0.0,14025.0,0.0
14083,1985,30.0,1815.0,0.3302972484067711
14083,1996,92.0,2305.0,2.1535141199928676
14083,2005,0.0,2766.0,0.0
14083,2024,0.0,7896.0,0.0
14084,1985,4500.0,53375.0,1.6847480258312586
14084,1996,720.0,30563.0,1.2710637733107817
14084,2005,850.0,41887.0,0.909465270579966
14084,2024,0.0,42255.0,0.0
14085,1985,2964.0,9317.0,6.3571496381666845
14085,1996,2400.0,5718.0,22.646334443102145
14085,2005,400.0,13298.0,1.348093805836633
14085,2024,0.0,11579.0,0.0
14086,1985,450.0,13691.0,0.6568068503304612
14086,1996,2.0,14386.0,0.007501027639467658
14086,2005,0.0,18681.0,0.0
14086,2024,0.0,18947.0,0.0
14087,1985,0.0,19315.0,0.0
14087,1996,0.0,19391.0,0.0
14087,2005,0.0,14864.0,0.0
14087,2024,0.0,12478.0,0.0
14088,1985,4000.0,44647.0,1.7903091834711988
14088,1996,400.0,47202.0,0.45722547189263896
14088,2005,50.0,54363.0,0.041220479531150656
14088,2024,0.0,66045.0,0.0
14089,1985,800.0,4944.0,3.233492480357549
14089,1996,1200.0,3176.0,20.38597927356078
14089,2005,1200.0,6525.0,8.242276519547378
14089,2024,0.0,4105.0,0.0
14090,1985,1120.0,141212.0,0.1584917822284424
14090,1996,127.0,97830.0,0.07004263784072104
14090,2005,0.0,95707.0,0.0
14090,2024,0.0,110203.0,0.0
14091,1985,15.0,32333.0,0.00927055184885859
14091,1996,50.0,40951.0,0.0658773800526127
14091,2005,0.0,43133.0,0.0
14091,2024,0.0,89229.0,0.0
14092,1985,0.0,9139.0,0.0
14092,1996,0.0,8767.0,0.0
14092,2005,0.0,11225.0,0.0
14092,2024,0.0,5430.0,0.0
14093,1985,1200.0,22155.0,1.0823552351311931
14093,1996,700.0,20900.0,1.807101639592517
14093,2005,35.0,25406.0,0.061741645679223814
14093,2024,0.0,33074.0,0.0
14094,1985,0.0,33294.0,0.0
14094,1996,0.0,39548.0,0.0
14094,2005,0.0,75578.0,0.0
14094,2024,0.0,96135.0,0.0
14095,1985,620.0,16022.0,0.7732773553699903
14095,1996,60.0,17942.0,0.18043102823773557
14095,2005,0.0,21842.0,0.0
14095,2024,0.0,29787.0,0.0
14096,1985,0.0,39089.0,0.0
14096,1996,0.0,33380.0,0.0
14096,2005,0.0,33869.0,0.0
14096,2024,0.0,19557.0,0.0
14097,1985,550.0,18427.0,0.5964422282919254
14097,1996,0.0,25540.0,0.0
14097,2005,128.0,25798.0,0.22236702293220306
14097,2024,0.0,25265.0,0.0
14098,1985,278.0,9147.0,0.6073323954251102
14098,1996,120.0,11297.0,0.573124459350527
14098,2005,100.0,16499.0,0.27163693905714814
14098,2024,0.0,23812.0,0.0
14099,1985,1000.0,1941.0,10.29520016929915
14099,1996,375.0,2270.0,8.913253052426905
14099,2005,385.0,5794.0,2.97802739927338
14099,2024,0.0,7769.0,0.0
14100,1985,14000.0,51451.0,5.437440854415563
14100,1996,7600.0,70786.0,5.792913538853029
14100,2005,770.0,54626.0,0.631739126108079
14100,2024,0.0,76949.0,0.0
14101,1985,980.0,45199.0,0.4332689629867355
14101,1996,20.0,34630.0,0.031160780716541072
14101,2005,0.0,43745.0,0.0
14101,2024,0.0,49513.0,0.0
14102,1985,0.0,42475.0,0.0
14102,1996,0.0,43244.0,0.0
14102,2005,0.0,33645.0,0.0
14102,2024,0.0,39684.0,0.0
14103,1985,0.0,3922.0,0.0
14103,1996,0.0,2856.0,0.0
14103,2005,0.0,3665.0,0.0
14103,2024,0.0,5177.0,0.0
14104,1985,17350.0,53035.0,6.537282251746534
14104,1996,8700.0,42649.0,11.006296953105828
14104,2005,1680.0,50433.0,1.4929351021368014
14104,2024,0.0,67088.0,0.0
14105,1985,28000.0,98276.0,5.693389421639772
14105,1996,13050.0,85201.0,8.264120586959258
14105,2005,1328.0,112677.0,0.5282132000998572
14105,2024,0.0,154691.0,0.0
14106,1985,2030.0,38420.0,1.0558421801946276
14106,1996,30.0,15705.0,0.10306569591344959
14106,2005,630.0,12639.0,2.2339543082739524
14106,2024,0.0,41665.0,0.0
14107,1985,6500.0,50046.0,2.59540009063587
14107,1996,2500.0,42606.0,3.165920985934543
14107,2005,100.0,47585.0,0.09418383645064382
14107,2024,0.0,67659.0,0.0
14108,1985,5.0,3445.0,0.029002878851392817
14108,1996,0.0,2282.0,0.0
14108,2005,0.0,4501.0,0.0
14108,2024,0.0,15506.0,0.0
14109,1985,0.0,30089.0,0.0
14109,1996,0.0,41414.0,0.0
14109,2005,0.0,51036.0,0.0
14109,2024,0.0,65950.0,0.0
14110,1985,400.0,4098.0,1.9505108373459885
14110,1996,2.0,3801.0,0.028389840468661335
14110,2005,260.0,6810.0,1.711089343540397
14110,2024,0.0,12317.0,0.0
14111,1985,560.0,2451.0,4.5656755512123235
14111,1996,90.0,2493.0,1.947830029266818
14111,2005,100.0,5905.0,0.7589733882309715
14111,2024,0.0,8815.0,0.0
14112,1985,1400.0,5524.0,5.064478084730904
14112,1996,360.0,1966.0,9.879837767980016
14112,2005,956.0,6234.0,6.872860750358863
14112,2024,0.0,11235.0,0.0
14113,1985,0.0,439.0,0.0
14113,1996,0.0,813.0,0.0
14113,2005,0.0,961.0,0.0
14113,2024,0.0,606.0,0.0
14114,1985,0.0,498.0,0.0
14114,1996,0.0,699.0,0.0
14114,2005,0.0,735.0,0.0
14114,2024,0.0,683.0,0.0
14115,1985,0.0,61342.0,0.0
14115,1996,0.0,77634.0,0.0
14115,2005,0.0,90605.0,0.0
14115,2024,0.0,113456.0,0.0
14116,1985,142.0,19670.0,0.14425946421263705
14116,1996,48.0,19199.0,0.13489425526918908
14116,2005,0.0,27699.0,0.0
14116,2024,0.0,27661.0,0.0
14117,1985,2800.0,19988.0,2.7992972723687726
14117,1996,10.0,24915.0,0.021655585715709757
14117,2005,80.0,30407.0,0.11791331884115859
14117,2024,36.0,31894.0,0.05136131742525553
14118,1985,2025.0,7844.0,5.158789092992675
14118,1996,350.0,5216.0,3.620439442818597
14118,2005,600.0,16351.0,1.6445738575636548
14118,2024,0.0,13499.0,0.0
14119,1985,50.0,4440.0,0.22503359829515374
14119,1996,0.0,4117.0,0.0
14119,2005,0.0,4851.0,0.0
14119,2024,0.0,5843.0,0.0
14120,1985,0.0,6669.0,0.0
14120,1996,0.0,7315.0,0.0
14120,2005,0.0,5450.0,0.0
14120,2024,0.0,9155.0,0.0
14121,1985,450.0,1578.0,5.698569447322144
14121,1996,350.0,925.0,20.415364468910056
14121,2005,302.0,4813.0,2.812143845763918
14121,2024,0.0,7881.0,0.0
14122,1985,650.0,2523.0,5.148212165515765
14122,1996,300.0,3763.0,4.301479549085107
14122,2005,35.0,11422.0,0.13733218789409563
14122,2024,0.0,15746.0,0.0
14123,1985,0.0,21719.0,0.0
14123,1996,0.0,32115.0,0.0
14123,2005,0.0,34794.0,0.0
14123,2024,0.0,53681.0,0.0
14124,1985,0.0,40194.0,0.0
14124,1996,0.0,44653.0,0.0
14124,2005,0.0,57686.0,0.0
14124,2024,0.0,70122.0,0.0
14125,1985,10000.0,25315.0,7.893732383412859
14125,1996,1000.0,9843.0,5.481549508350184
14125,2005,400.0,11609.0,1.5442287389108058
14125,2024,0.0,26583.0,0.0
14126,1985,2200.0,3330.0,13.201971099982352
14126,1996,710.0,1901.0,20.151485105518418
14126,2005,1300.0,6149.0,9.475132891128725
14126,2024,0.0,7800.0,0.0
14127,1985,2000.0,83134.0,0.4807415384465959
14127,1996,140.0,80218.0,0.0941644625083737
14127,2005,0.0,93411.0,0.0
14127,2024,0.0,116460.0,0.0
14128,1985,8500.0,21080.0,8.057654648632923
14128,1996,150.0,19502.0,0.41499506571652284
14128,2005,10.0,22424.0,0.019986344352050867
14128,2024,0.0,26993.0,0.0
14129,1985,1900.0,28262.0,1.34341761744952
14129,1996,100.0,32944.0,0.16377759777407377
14129,2005,140.0,35099.0,0.1787638679308653
14129,2024,0.0,36380.0,0.0
14130,1985,0.0,24910.0,0.0
14130,1996,0.0,23362.0,0.0
14130,2005,0.0,16221.0,0.0
14130,2024,0.0,33635.0,0.0
14131,1985,0.0,13438.0,0.0
14131,1996,0.0,12483.0,0.0
14131,2005,0.0,11909.0,0.0
14131,2024,0.0,3442.0,0.0
14132,1985,40.0,1624.0,0.49219171252733135
14132,1996,122.0,1398.0,4.708509871891477
14132,2005,0.0,1245.0,0.0
14132,2024,0.0,3415.0,0.0
14133,1985,0.0,13048.0,0.0
14133,1996,0.0,28810.0,0.0
14133,2005,0.0,28807.0,0.0
14133,2024,0.0,38198.0,0.0
14134,1985,4041.0,27611.0,2.9246038332226867
14134,1996,4180.0,18219.0,12.378914746620989
14134,2005,2900.0,57557.0,2.258116265052256
14134,2024,0.0,59656.0,0.0
14135,1985,200.0,11325.0,0.35290037136617486
14135,1996,0.0,13350.0,0.0
14135,2005,0.0,17621.0,0.0
14135,2024,0.0,16350.0,0.0
14136,1985,5.0,4422.0,0.02259496102285126
14136,1996,0.0,3672.0,0.0
14136,2005,0.0,3573.0,0.0
14136,2024,0.0,5822.0,0.0
14137,1985,860.0,18685.0,0.9197412809528659
14137,1996,10.0,24315.0,0.022189961674148
14137,2005,30.0,31248.0,0.043027437188017346
14137,2024,0.0,24545.0,0.0
14138,1985,2000.0,9711.0,4.115535687078499
14138,1996,240.0,10456.0,1.2384443414848707
14138,2005,280.0,17791.0,0.7053491091569266
14138,2024,0.0,37808.0,0.0
14139,1985,0.0,9723.0,0.0
14139,1996,0.0,9311.0,0.0
14139,2005,0.0,36465.0,0.0
14139,2024,0.0,41156.0,0.0
14140,1985,1200.0,8211.0,2.9204214144844216
14140,1996,450.0,7382.0,3.2890410884327945
14140,2005,60.0,7936.0,0.3388410678556366
14140,2024,0.0,10052.0,0.0
14141,1985,7000.0,26746.0,5.2299740035993265
14141,1996,2500.0,22977.0,5.870532686021985
14141,2005,1650.0,39092.0,1.8916574912722328
14141,2024,0.0,41574.0,0.0
14142,1985,218.0,6770.0,0.6434697797986564
14142,1996,0.0,4028.0,0.0
14142,2005,121.0,7077.0,0.7662714155121807
14142,2024,0.0,8332.0,0.0
14143,1985,800.0,9814.0,1.628936908792309
14143,1996,600.0,14851.0,2.179848837547271
14143,2005,0.0,13274.0,0.0
14143,2024,0.0,13827.0,0.0
14144,1985,5320.0,44321.0,2.3986253101735824
14144,1996,2400.0,22490.0,5.757747458677549
14144,2005,500.0,26719.0,0.8386799389018837
14144,2024,0.0,44082.0,0.0
14145,1985,750.0,1405.0,10.667073057976681
14145,1996,750.0,1758.0,23.018298554049004
14145,2005,300.0,5139.0,2.616309315530582
14145,2024,0.0,7358.0,0.0
14146,1985,4000.0,14821.0,5.393153910966777
14146,1996,350.0,11647.0,1.6213799376441833
14146,2005,100.0,13997.0,0.3201927454100083
14146,2024,0.0,17629.0,0.0
14147,1985,80.0,7425.0,0.21530487303552487
14147,1996,0.0,5359.0,0.0
14147,2005,0.0,3507.0,0.0
14147,2024,0.0,5970.0,0.0
14148,1985,91.0,4244.0,0.42847584851637094
14148,1996,0.0,3633.0,0.0
14148,2005,124.0,9372.0,0.592974279055145
14148,2024,0.0,16219.0,0.0
14149,1985,5600.0,129642.0,0.8631825161615376
14149,1996,3200.0,127434.0,1.3548633315615202
14149,2005,470.0,130449.0,0.1614743534275331
14149,2024,0.0,165057.0,0.0
14150,1985,700.0,24014.0,0.5824972295338867
14150,1996,60.0,21873.0,0.148004092197753
14150,2005,0.0,22655.0,0.0
14150,2024,0.0,26362.0,0.0
14151,1985,2300.0,13542.0,3.393949351336745
14151,1996,1900.0,14048.0,7.297429843416332
14151,2005,12.0,16608.0,0.0323824989704038
14151,2024,0.0,26127.0,0.0
14152,1985,0.0,37137.0,0.0
14152,1996,0.0,46960.0,0.0
14152,2005,0.0,62710.0,0.0
14152,2024,0.0,79726.0,0.0
14153,1985,12.0,79068.0,0.0030327794094110873
14153,1996,10.0,78306.0,0.006890262790934394
14153,2005,0.0,94007.0,0.0
14153,2024,0.0,175492.0,0.0
14154,1985,3500.0,25725.0,2.7187732691985924
14154,1996,150.0,33496.0,0.2416179177096856
14154,2005,180.0,38996.0,0.20687065708039273
14154,2024,0.0,36594.0,0.0
14155,1985,560.0,2535.0,4.414386893894045
14155,1996,250.0,2530.0,5.331511048487239
14155,2005,90.0,5016.0,0.8041395677339509
14155,2024,0.0,13381.0,0.0
14156,1985,2860.0,7881.0,7.251786942243828
14156,1996,900.0,6856.0,7.0827600101548684
14156,2005,161.0,15882.0,0.45432552264080456
14156,2024,0.0,18302.0,0.0
14157,1985,5700.0,80071.0,1.422525085400145
14157,1996,417.0,77866.0,0.2889475494446625
14157,2005,77.0,105295.0,0.03277399829315725
14157,2024,0.0,169645.0,0.0
14158,1985,1000.0,3843.0,5.199839585898946
14158,1996,256.0,2740.0,5.041040986692285
14158,2005,360.0,4498.0,3.5869845013370365
14158,2024,0.0,10913.0,0.0
14159,1985,0.0,13903.0,0.0
14159,1996,0.0,18667.0,0.0
14159,2005,0.0,25118.0,0.0
14159,2024,0.0,25511.0,0.0
14160,1985,1400.0,14736.0,1.8984919204705153
14160,1996,130.0,12823.0,0.5469964856421907
14160,2005,2.0,27175.0,0.003298427126037819
14160,2024,0.0,23943.0,0.0
14161,1985,840.0,13276.0,1.264364730644178
14161,1996,100.0,8371.0,0.6445453567159343
14161,2005,0.0,12181.0,0.0
14161,2024,0.0,15521.0,0.0
14162,1985,960.0,35477.0,0.5407352421981922
14162,1996,150.0,28066.0,0.2883643473100417
14162,2005,0.0,29059.0,0.0
14162,2024,0.0,52666.0,0.0
14163,1985,1870.0,58326.0,0.6406779000531504
14163,1996,30.0,61366.0,0.026376931107139553
14163,2005,60.0,69421.0,0.03873529212345446
14163,2024,0.0,66980.0,0.0
14164,1985,425.0,28909.0,0.29377591752253973
14164,1996,5.0,36895.0,0.007311951729325228
14164,2005,6.0,51458.0,0.00522570390318771
14164,2024,0.0,53731.0,0.0
14165,1985,80.0,3098.0,0.5160228154579639
14165,1996,35.0,2149.0,0.8787441662978968
14165,2005,150.0,6512.0,1.0323413369557477
14165,2024,0.0,6206.0,0.0
14166,1985,7200.0,16931.0,8.497872624534256
14166,1996,3500.0,9792.0,19.285347358804945
14166,2005,650.0,26154.0,1.1138371214259868
14166,2024,0.0,43243.0,0.0
14167,1985,990.0,33753.0,0.5861154176909773
14167,1996,100.0,40054.0,0.13470537726741616
14167,2005,1.0,48919.0,0.0009161548391226081
14167,2024,0.0,47713.0,0.0
14168,1985,0.0,16537.0,0.0
14168,1996,0.0,18680.0,0.0
14168,2005,0.0,16390.0,0.0
14168,2024,0.0,29632.0,0.0
14169,1985,380.0,142083.0,0.05344435112484722
14169,1996,305.0,127106.0,0.12946864823266183
14169,2005,0.0,119004.0,0.0
14169,2024,0.0,137723.0,0.0
14170,1985,0.0,26325.0,0.0
14170,1996,0.0,21804.0,0.0
14170,2005,0.0,23241.0,0.0
14170,2024,0.0,29425.0,0.0
14171,1985,1400.0,7764.0,3.603320059254703
14171,1996,350.0,6850.0,2.756819289597343
14171,2005,22.0,7358.0,0.1340014037307495
14171,2024,0.0,12675.0,0.0
14172,1985,0.0,23.0,0.0
14172,1996,0.0,30.0,0.0
14172,2005,0.0,23.0,0.0
14172,2024,0.0,7.0,0.0
14173,1985,1000.0,87447.0,0.22851536963657587
14173,1996,35.0,72554.0,0.02602780292436227
14173,2005,25.0,65376.0,0.01713831473898635
14173,2024,0.0,78489.0,0.0
14174,1985,800.0,3171.0,5.041433876659641
14174,1996,260.0,2066.0,6.790063829031763
14174,2005,580.0,9569.0,2.7164886167334665
14174,2024,0.0,11684.0,0.0
14175,1985,178.0,8541.0,0.41645838521162837
14175,1996,115.0,8843.0,0.7016637519201006
14175,2005,85.0,18763.0,0.20303134780569757
14175,2024,0.0,23400.0,0.0
14176,1985,4000.0,18074.0,4.422481692732024
14176,1996,2100.0,15792.0,7.174852634400381
14176,2005,1750.0,30140.0,2.602203467362907
14176,2024,0.0,22937.0,0.0
14177,1985,0.0,499.0,0.0
14177,1996,0.0,723.0,0.0
14177,2005,0.0,591.0,0.0
14177,2024,0.0,563.0,0.0
14178,1985,1900.0,6610.0,5.743974085379476
14178,1996,550.0,3983.0,7.450462087843327
14178,2005,300.0,12942.0,1.038882210826121
14178,2024,0.0,13637.0,0.0
14179,1985,2000.0,3958.0,10.097515678933629
14179,1996,435.0,5296.0,4.431717888529178
14179,2005,368.0,9579.0,1.721765874894488
14179,2024,0.0,8978.0,0.0
14180,1985,200.0,1323.0,3.0208591879984357
14180,1996,22.0,406.0,2.923664088264037
14180,2005,0.0,2189.0,0.0
14180,2024,0.0,4701.0,0.0
14181,1985,3000.0,6193.0,9.680114740162919
14181,1996,150.0,7360.0,1.0996241537504932
14181,2005,30.0,10437.0,0.12882258860315857
14181,2024,0.0,12554.0,0.0
14182,1985,6600.0,62372.0,2.1145336254861746
14182,1996,1000.0,59435.0,0.9077966149691404
14182,2005,70.0,54951.0,0.0570911630407585
14182,2024,0.0,68161.0,0.0
14183,1985,4000.0,27773.0,2.8780446517998994
14183,1996,1800.0,27612.0,3.51726804502548
14183,2005,280.0,25237.0,0.4972407972822
14183,2024,0.0,45791.0,0.0
14184,1985,300.0,7489.0,0.8004933981283076
14184,1996,300.0,5527.0,2.9286172504445918
14184,2005,350.0,12482.0,1.2566962426905626
14184,2024,0.0,20396.0,0.0
14185,1985,1700.0,11872.0,2.8614447438204524
14185,1996,180.0,10705.0,0.9072284470737371
14185,2005,170.0,21499.0,0.3543864532190617
14185,2024,0.0,26049.0,0.0
14186,1985,80.0,2590.0,0.6172350124667074
14186,1996,0.0,2300.0,0.0
14186,2005,50.0,5291.0,0.42352465105876835
14186,2024,0.0,8475.0,0.0
14187,1985,400.0,1526.0,5.2380035461624255
14187,1996,600.0,2095.0,15.452474981582109
14187,2005,300.0,2591.0,5.189198599965905
14187,2024,0.0,3324.0,0.0
14188,1985,10000.0,15473.0,12.914744088806083
14188,1996,1950.0,18166.0,5.791700926502653
14188,2005,150.0,21056.0,0.3192727387089585
14188,2024,0.0,22985.0,0.0
14189,1985,6000.0,241346.0,0.4967884330863487
14189,1996,7105.0,176360.0,2.1736760394361454
14189,2005,320.0,187403.0,0.0765279165435582
14189,2024,0.0,219200.0,0.0
14190,1985,0.0,57784.0,0.0
14190,1996,20.0,62040.0,0.017393582144000923
14190,2005,0.0,50893.0,0.0
14190,2024,0.0,62991.0,0.0
14191,1985,3000.0,43289.0,1.3848541335172666
14191,1996,0.0,37182.0,0.0
14191,2005,0.0,45583.0,0.0
14191,2024,0.0,50628.0,0.0
14192,1985,485.0,17208.0,0.5632117045197397
14192,1996,2.0,17500.0,0.006166273349793241
14192,2005,0.0,26558.0,0.0
14192,2024,0.0,26852.0,0.0
14193,1985,380.0,15914.0,0.4771605970134264
14193,1996,0.0,18482.0,0.0
14193,2005,0.0,21550.0,0.0
14193,2024,0.0,21803.0,0.0
14194,1985,0.0,37448.0,0.0
14194,1996,0.0,63386.0,0.0
14194,2005,0.0,71081.0,0.0
14194,2024,0.0,101762.0,0.0
14195,1985,2400.0,7709.0,6.221190876723721
14195,1996,525.0,7917.0,3.5779105975259196
14195,2005,50.0,10591.0,0.211582374539887
14195,2024,0.0,14426.0,0.0
14196,1985,2500.0,5510.0,9.066689441292946
14196,1996,1000.0,7343.0,7.347799511193091
14196,2005,310.0,18148.0,0.7655602467633925
14196,2024,0.0,20315.0,0.0
14197,1985,0.0,208.0,0.0
14197,1996,0.0,754.0,0.0
14197,2005,0.0,741.0,0.0
14197,2024,0.0,452.0,0.0
14198,1985,4750.0,7845.0,12.099320810821649
14198,1996,890.0,2445.0,19.64002196789974
14198,2005,250.0,3407.0,3.288624785371211
14198,2024,0.0,7587.0,0.0
14199,1985,900.0,10055.0,1.788631046817373
14199,1996,500.0,4110.0,6.5638554514222465
14199,2005,200.0,8689.0,1.0315888727135198
14199,2024,0.0,19838.0,0.0
14200,1985,0.0,7763.0,0.0
14200,1996,0.0,11553.0,0.0
14200,2005,0.0,15277.0,0.0
14200,2024,0.0,24408.0,0.0
14201,1985,0.0,15031.0,0.0
14201,1996,0.0,15164.0,0.0
14201,2005,0.0,16139.0,0.0
14201,2024,0.0,26817.0,0.0
14202,1985,2000.0,36197.0,1.1041237411172005
14202,1996,300.0,34328.0,0.4715237573761145
14202,2005,30.0,38882.0,0.034579531846385625
14202,2024,0.0,53000.0,0.0
14203,1985,0.0,5564.0,0.0
14203,1996,0.0,6196.0,0.0
14203,2005,0.0,9818.0,0.0
14203,2024,0.0,7056.0,0.0
14204,1985,0.0,1463.0,0.0
14204,1996,0.0,898.0,0.0
14204,2005,0.0,919.0,0.0
14204,2024,0.0,964.0,0.0
14205,1985,55.0,4343.0,0.2530656445023097
14205,1996,0.0,4540.0,0.0
14205,2005,0.0,7743.0,0.0
14205,2024,0.0,9568.0,0.0
14206,1985,0.0,57819.0,0.0
14206,1996,0.0,70073.0,0.0
14206,2005,0.0,84632.0,0.0
14206,2024,0.0,93611.0,0.0
14207,1985,0.0,17930.0,0.0
14207,1996,0.0,24757.0,0.0
14207,2005,0.0,37818.0,0.0
14207,2024,0.0,60025.0,0.0
14208,1985,800.0,42768.0,0.3737931823533418
14208,1996,522.0,46872.0,0.6008801315322715
14208,2005,50.0,59471.0,0.03768002772362905
14208,2024,0.0,80721.0,0.0
14209,1985,700.0,2436.0,5.7422366461521985
14209,1996,150.0,1081.0,7.486802748939527
14209,2005,0.0,3804.0,0.0
14209,2024,0.0,5443.0,0.0
14210,1985,15.0,31723.0,0.009448814832428988
14210,1996,0.0,25901.0,0.0
14210,2005,0.0,25550.0,0.0
14210,2024,0.0,26560.0,0.0
14211,1985,0.0,55438.0,0.0
14211,1996,0.0,79140.0,0.0
14211,2005,0.0,102776.0,0.0
14211,2024,0.0,94865.0,0.0
14212,1985,600.0,16224.0,0.7390156630402978
14212,1996,200.0,13608.0,0.7929878279055094
14212,2005,48.0,14671.0,0.14663173414231243
14212,2024,0.0,14900.0,0.0
14213,1985,0.0,1725.0,0.0
14213,1996,0.0,3443.0,0.0
14213,2005,0.0,8400.0,0.0
14213,2024,0.0,10569.0,0.0
14214,1985,100.0,1330.0,1.5024799645571165
14214,1996,200.0,618.0,17.461130035822286
14214,2005,3.0,1526.0,0.08810755945289422
14214,2024,0.0,536.0,0.0
14215,1985,0.0,2585.0,0.0
14215,1996,0.0,3291.0,0.0
14215,2005,0.0,4475.0,0.0
14215,2024,0.0,1861.0,0.0
14216,1985,120.0,6268.0,0.3825714778929736
14216,1996,100.0,5120.0,1.053806480677556
14216,2005,0.0,7113.0,0.0
14216,2024,0.0,8625.0,0.0
14217,1985,2030.0,36633.0,1.107347379768995
14217,1996,315.0,32045.0,0.5303726297509009
14217,2005,0.0,30940.0,0.0
14217,2024,0.0,45968.0,0.0
14218,1985,0.0,61882.0,0.0
14218,1996,20.0,64789.0,0.016655571720721376
14218,2005,0.0,78283.0,0.0
14218,2024,0.0,86418.0,0.0
14219,1985,15.0,1884.0,0.1591001873296947
14219,1996,0.0,1398.0,0.0
14219,2005,0.0,2788.0,0.0
14219,2024,0.0,3630.0,0.0
14220,1985,0.0,324.0,0.0
14220,1996,0.0,445.0,0.0
14220,2005,0.0,542.0,0.0
14220,2024,0.0,212.0,0.0
14221,1985,4400.0,12250.0,7.177561430684283
14221,1996,2500.0,12377.0,10.898216815603712
14221,2005,992.0,22123.0,2.009620736176764
14221,2024,0.0,33051.0,0.0
14222,1985,1850.0,20393.0,1.8128043705157582
14222,1996,600.0,19856.0,1.6303855301377175
14222,2005,55.0,31782.0,0.07755823490111187
14222,2024,0.0,44435.0,0.0
14223,1985,0.0,15127.0,0.0
14223,1996,0.0,15159.0,0.0
14223,2005,0.0,20793.0,0.0
14223,2024,0.0,20185.0,0.0
14224,1985,1300.0,17116.0,1.5177540656223738
14224,1996,20.0,19612.0,0.05502232491402291
14224,2005,180.0,21731.0,0.37122673339961326
14224,2024,0.0,23892.0,0.0
14225,1985,0.0,30985.0,0.0
14225,1996,50.0,32766.0,0.08233365655052625
14225,2005,0.0,29966.0,0.0
14225,2024,0.0,32549.0,0.0
14226,1985,0.0,14008.0,0.0
14226,1996,0.0,20591.0,0.0
14226,2005,0.0,31623.0,0.0
14226,2024,0.0,38857.0,0.0
14227,1985,0.0,33663.0,0.0
14227,1996,0.0,31616.0,0.0
14227,2005,0.0,36498.0,0.0
14227,2024,0.0,52835.0,0.0
14228,1985,119.0,32941.0,0.07218891472343125
14228,1996,0.0,49544.0,0.0
14228,2005,0.0,79208.0,0.0
14228,2024,0.0,41706.0,0.0
14229,1985,0.0,3710.0,0.0
14229,1996,0.0,6262.0,0.0
14229,2005,0.0,5725.0,0.0
14229,2024,0.0,4480.0,0.0
14230,1985,2500.0,10082.0,4.955113947780612
14230,1996,600.0,5240.0,6.178041047025671
14230,2005,150.0,17135.0,0.39233188131052404
14230,2024,0.0,28806.0,0.0
14231,1985,0.0,17913.0,0.0
14231,1996,0.0,19649.0,0.0
14231,2005,0.0,28560.0,0.0
14231,2024,0.0,33639.0,0.0
14232,1985,140.0,5952.0,0.47002985450358725
14232,1996,500.0,5378.0,5.016259930335707
14232,2005,0.0,7777.0,0.0
14232,2024,0.0,13157.0,0.0
14233,1985,0.0,9400.0,0.0
14233,1996,0.0,9256.0,0.0
14233,2005,0.0,16086.0,0.0
14233,2024,0.0,16779.0,0.0
14234,1985,5000.0,29210.0,3.420572326020139
14234,1996,1000.0,29785.0,1.8114786574010695
14234,2005,300.0,36591.0,0.36744591764400153
14234,2024,0.0,61755.0,0.0
14235,1985,1250.0,4708.0,5.305592483169512
14235,1996,800.0,10913.0,3.955274759328571
14235,2005,80.0,17718.0,0.20235863449616825
14235,2024,0.0,17153.0,0.0
14236,1985,320.0,10951.0,0.5839242744183261
14236,1996,350.0,11730.0,1.6099072577784996
14236,2005,20.0,14000.0,0.06402482653576981
14236,2024,0.0,21359.0,0.0
14237,1985,22.0,10960.0,0.040111828250858794
14237,1996,0.0,3581.0,0.0
14237,2005,0.0,5272.0,0.0
14237,2024,0.0,7749.0,0.0
14238,1985,4000.0,6994.0,11.428643710957765
14238,1996,2800.0,6716.0,22.49459456074068
14238,2005,340.0,6754.0,2.256130991340423
14238,2024,0.0,8040.0,0.0
14239,1985,1500.0,4350.0,6.890683975382639
14239,1996,900.0,3085.0,15.740487076052437
14239,2005,450.0,15004.0,1.344162913807484
14239,2024,65.0,14089.0,0.20993064086141178
14240,1985,2400.0,6760.0,7.094550365186858
14240,1996,1000.0,4197.0,12.855585373050003
14240,2005,540.0,17084.0,1.4166111233037337
14240,2024,0.0,19740.0,0.0
14241,1985,7000.0,102590.0,1.3634943435058735
14241,1996,1000.0,52156.0,1.0344906014780824
14241,2005,690.0,51314.0,0.6026423825228362
14241,2024,0.0,61132.0,0.0
14242,1985,1500.0,2969.0,10.095815187913262
14242,1996,330.0,1186.0,15.012743927089364
14242,2005,750.0,6138.0,5.476219278474935
14242,2024,0.0,6276.0,0.0
14243,1985,2200.0,6762.0,6.501414339387937
14243,1996,800.0,3594.0,12.00999261228511
14243,2005,485.0,14878.0,1.460977860525195
14243,2024,0.0,28906.0,0.0
14244,1985,0.0,28875.0,0.0
14244,1996,0.0,29069.0,0.0
14244,2005,0.0,25786.0,0.0
14244,2024,0.0,31157.0,0.0
14245,1985,7600.0,42510.0,3.572587034049244
14245,1996,150.0,44209.0,0.1830675602615673
14245,2005,100.0,55699.0,0.08046352461451528
14245,2024,0.0,56379.0,0.0
14246,1985,60.0,12892.0,0.0930017849609509
14246,1996,0.0,7479.0,0.0
14246,2005,0.0,11704.0,0.0
14246,2024,0.0,21511.0,0.0
14247,1985,4032.0,29727.0,2.710377420774182
14247,1996,500.0,16944.0,1.5921533230255802
14247,2005,2800.0,25405.0,4.939526077941697
14247,2024,0.0,34342.0,0.0
14248,1985,900.0,2339.0,7.689048813915641
14248,1996,700.0,1423.0,26.541408480311738
14248,2005,327.0,1831.0,8.003977495378322
14248,2024,0.0,3283.0,0.0
14249,1985,1200.0,8463.0,2.833460975343446
14249,1996,100.0,9988.0,0.5401971546925397
14249,2005,100.0,18236.0,0.24576320780345945
14249,2024,0.0,14504.0,0.0
14250,1985,5000.0,8588.0,11.634247513163514
14250,1996,900.0,2525.0,19.23144658598882
14250,2005,1100.0,8778.0,5.616212854014895
14250,2024,0.0,15080.0,0.0
14251,1985,700.0,5846.0,2.392762310986445
14251,1996,111.0,7686.0,0.779208039420594
14251,2005,11.0,14122.0,0.03490944372790168
14251,2024,0.0,16988.0,0.0
14252,1985,5500.0,14968.0,7.342758511982435
14252,1996,1000.0,12477.0,4.324348145442884
14252,2005,200.0,31303.0,0.2863455807752539
14252,2024,0.0,36264.0,0.0
14253,1985,0.0,30774.0,0.0
14253,1996,0.0,30359.0,0.0
14253,2005,0.0,30185.0,0.0
14253,2024,0.0,47341.0,0.0
14254,1985,1700.0,3425.0,9.918561167485082
14254,1996,774.0,2113.0,19.763883701597127
14254,2005,120.0,2722.0,1.9757845073492522
14254,2024,0.0,4141.0,0.0
14255,1985,0.0,16025.0,0.0
14255,1996,0.0,14498.0,0.0
14255,2005,0.0,15871.0,0.0
14255,2024,0.0,27166.0,0.0
14256,1985,0.0,23270.0,0.0
14256,1996,0.0,16387.0,0.0
14256,2005,0.0,16842.0,0.0
14256,2024,0.0,24215.0,0.0
14257,1985,225.0,44831.0,0.10029156819917405
14257,1996,0.0,48515.0,0.0
14257,2005,0.0,56986.0,0.0
14257,2024,0.0,53481.0,0.0
14258,1985,50.0,14394.0,0.06941428209187736
14258,1996,0.0,10754.0,0.0
14258,2005,0.0,21385.0,0.0
14258,2024,0.0,28912.0,0.0
14259,1985,0.0,8419.0,0.0
14259,1996,0.0,7907.0,0.0
14259,2005,0.0,7965.0,0.0
14259,2024,0.0,6338.0,0.0
14260,1985,0.0,29034.0,0.0
14260,1996,0.0,35392.0,0.0
14260,2005,0.0,43781.0,0.0
14260,2024,0.0,66412.0,0.0
14261,1985,1440.0,31981.0,0.8997684963321315
14261,1996,762.0,16227.0,2.5336554852866477
14261,2005,10.0,20773.0,0.02157482240169396
14261,2024,0.0,36304.0,0.0
14262,1985,300.0,2026.0,2.9589807791623373
14262,1996,400.0,1182.0,18.258846636443607
14262,2005,0.0,1112.0,0.0
14262,2024,0.0,3205.0,0.0
14263,1985,4000.0,13232.0,6.040805177935203
14263,1996,250.0,19498.0,0.6918003360689668
14263,2005,20.0,28093.0,0.0319064383120627
14263,2024,0.0,34172.0,0.0
14264,1985,280.0,5545.0,1.0090595830497209
14264,1996,70.0,11586.0,0.3259832924864802
14264,2005,0.0,14754.0,0.0
14264,2024,0.0,16312.0,0.0
14265,1985,63.0,8814.0,0.14283276177699206
14265,1996,0.0,6786.0,0.0
14265,2005,10.0,7525.0,0.059557978172809126
14265,2024,0.0,6741.0,0.0
14266,1985,118.0,9704.0,0.2429917617864735
14266,1996,0.0,9980.0,0.0
14266,2005,0.0,26357.0,0.0
14266,2024,0.0,23939.0,0.0
14267,1985,1000.0,43545.0,0.4589042032061006
14267,1996,70.0,49076.0,0.0769590518124615
14267,2005,0.0,55679.0,0.0
14267,2024,0.0,66427.0,0.0
14268,1985,937.0,43584.0,0.42960847022547827
14268,1996,90.0,51453.0,0.0943762319585287
14268,2005,0.0,48316.0,0.0
14268,2024,0.0,63037.0,0.0
14269,1985,15.0,12116.0,0.024739580136112972
14269,1996,0.0,6898.0,0.0
14269,2005,0.0,6248.0,0.0
14269,2024,0.0,9047.0,0.0
14270,1985,730.0,4321.0,3.375972685925722
14270,1996,350.0,2897.0,6.518540605364792
14270,2005,80.0,5915.0,0.6061522038889449
14270,2024,0.0,6097.0,0.0
14271,1985,960.0,8499.0,2.2571672181980547
14271,1996,400.0,7408.0,2.9133310912900034
14271,2005,150.0,17444.0,0.38538218219765136
14271,2024,0.0,21023.0,0.0
14272,1985,1500.0,4414.0,6.790773741031826
14272,1996,900.0,3762.0,12.907868854232264
14272,2005,390.0,7455.0,2.344571112577486
14272,2024,0.0,8117.0,0.0
14273,1985,600.0,24038.0,0.49878484554313135
14273,1996,150.0,22159.0,0.36523461219385484
14273,2005,5.0,32371.0,0.0069224581531368914
14273,2024,0.0,29419.0,0.0
14274,1985,50.0,4062.0,0.2459746864673763
14274,1996,260.0,2097.0,6.689686156785705
14274,2005,500.0,6977.0,3.21179436541772
14274,2024,0.0,12348.0,0.0
14275,1985,5800.0,52849.0,2.1930652323778306
14275,1996,2500.0,52725.0,2.5583163494874754
14275,2005,350.0,68015.0,0.23062681028102042
14275,2024,0.0,113031.0,0.0
14276,1985,17.0,107694.0,0.003154407116332981
14276,1996,0.0,121662.0,0.0
14276,2005,0.0,215226.0,0.0
14276,2024,0.0,207053.0,0.0
14277,1985,0.0,5494.0,0.0
14277,1996,0.0,5812.0,0.0
14277,2005,0.0,7603.0,0.0
14277,2024,0.0,7474.0,0.0
14278,1985,15.0,20345.0,0.014733091812688365
14278,1996,0.0,10605.0,0.0
14278,2005,60.0,13557.0,0.1983508677806544
14278,2024,0.0,21560.0,0.0
14279,1985,4000.0,11177.0,7.15146587764504
14279,1996,1500.0,9803.0,8.255874499238631
14279,2005,600.0,28934.0,0.9293712291775531
14279,2024,0.0,19887.0,0.0
14280,1985,7000.0,85250.0,1.64083149208525
14280,1996,5000.0,89252.0,3.022615280928767
14280,2005,450.0,90737.0,0.22226677495142544
14280,2024,0.0,101960.0,0.0
14281,1985,0.0,8200.0,0.0
14281,1996,0.0,6543.0,0.0
14281,2005,0.0,6158.0,0.0
14281,2024,0.0,5880.0,0.0
14282,1985,450.0,2157.0,4.168911723632055
14282,1996,60.0,2170.0,1.491840326562881
14282,2005,107.0,5893.0,0.8137552193329644
14282,2024,0.0,8614.0,0.0
14283,1985,3500.0,16604.0,4.212264656115019
14283,1996,400.0,17142.0,1.259010426104092
14283,2005,200.0,21373.0,0.4193831336269018
14283,2024,0.0,22723.0,0.0
14284,1985,36.0,24780.0,0.029030968806696828
14284,1996,0.0,12764.0,0.0
14284,2005,0.0,18258.0,0.0
14284,2024,0.0,27502.0,0.0
14285,1985,0.0,29894.0,0.0
14285,1996,0.0,30052.0,0.0
14285,2005,0.0,24287.0,0.0
14285,2024,0.0,38256.0,0.0
14286,1985,0.0,19436.0,0.0
14286,1996,0.0,22055.0,0.0
14286,2005,0.0,22017.0,0.0
14286,2024,0.0,50288.0,0.0
14287,1985,803.0,3913.0,4.100775817396768
14287,1996,1300.0,2229.0,31.467635421219434
14287,2005,600.0,5165.0,5.206278246858338
14287,2024,0.0,2661.0,0.0
14288,1985,0.0,72378.0,0.0
14288,1996,0.0,85469.0,0.0
14288,2005,0.0,103912.0,0.0
14288,2024,0.0,126980.0,0.0
14289,1985,0.0,167720.0,0.0
14289,1996,0.0,120175.0,0.0
14289,2005,0.0,143172.0,0.0
14289,2024,0.0,144971.0,0.0
14290,1985,0.0,4947.0,0.0
14290,1996,0.0,3856.0,0.0
14290,2005,0.0,2903.0,0.0
14290,2024,0.0,2950.0,0.0
14291,1985,0.0,4965.0,0.0
14291,1996,0.0,3311.0,0.0
14291,2005,0.0,3741.0,0.0
14291,2024,0.0,4802.0,0.0
14292,1985,0.0,5874.0,0.0
14292,1996,0.0,6296.0,0.0
14292,2005,0.0,18630.0,0.0
14292,2024,0.0,29516.0,0.0
14293,1985,0.0,13635.0,0.0
14293,1996,0.0,7921.0,0.0
14293,2005,0.0,5360.0,0.0
14293,2024,0.0,3251.0,0.0
14294,1985,0.0,56122.0,0.0
14294,1996,0.0,25337.0,0.0
14294,2005,0.0,17558.0,0.0
14294,2024,0.0,12164.0,0.0
14295,1985,0.0,1641.0,0.0
14295,1996,0.0,1937.0,0.0
14295,2005,0.0,1850.0,0.0
14295,2024,0.0,345.0,0.0
14296,1985,0.0,9081.0,0.0
14296,1996,0.0,8311.0,0.0
14296,2005,0.0,8153.0,0.0
14296,2024,0.0,8082.0,0.0
14297,1985,0.0,64890.0,0.0
14297,1996,0.0,40961.0,0.0
14297,2005,0.0,28448.0,0.0
14297,2024,0.0,10603.0,0.0
14298,1985,0.0,12965.0,0.0
14298,1996,0.0,9314.0,0.0
14298,2005,0.0,4144.0,0.0
14298,2024,0.0,1939.0,0.0
14299,1985,0.0,3700.0,0.0
14299,1996,0.0,3262.0,0.0
14299,2005,0.0,3617.0,0.0
14299,2024,0.0,2017.0,0.0
14300,1985,0.0,20334.0,0.0
14300,1996,0.0,13202.0,0.0
14300,2005,0.0,12588.0,0.0
14300,2024,0.0,8367.0,0.0
14301,1985,0.0,2956.0,0.0
14301,1996,0.0,1835.0,0.0
14301,2005,0.0,2930.0,0.0
14301,2024,0.0,352.0,0.0
14302,1985,0.0,2924.0,0.0
14302,1996,0.0,1173.0,0.0
14302,2005,0.0,1277.0,0.0
14302,2024,0.0,315.0,0.0
14303,1985,0.0,3915.0,0.0
14303,1996,0.0,2687.0,0.0
14303,2005,0.0,2073.0,0.0
14303,2024,0.0,1289.0,0.0
14304,1985,0.0,1839.0,0.0
14304,1996,0.0,1172.0,0.0
14304,2005,0.0,2251.0,0.0
14304,2024,0.0,2407.0,0.0
14305,1985,0.0,9686.0,0.0
14305,1996,0.0,8756.0,0.0
14305,2005,0.0,10153.0,0.0
14305,2024,0.0,8857.0,0.0
14306,1985,0.0,3625.0,0.0
14306,1996,0.0,1894.0,0.0
14306,2005,0.0,2216.0,0.0
14306,2024,0.0,966.0,0.0
14307,1985,0.0,3546.0,0.0
14307,1996,0.0,2459.0,0.0
14307,2005,0.0,2174.0,0.0
14307,2024,0.0,1865.0,0.0
14308,1985,0.0,29623.0,0.0
14308,1996,0.0,15683.0,0.0
14308,2005,0.0,14321.0,0.0
14308,2024,0.0,3283.0,0.0
14309,1985,0.0,1020.0,0.0
14309,1996,0.0,1077.0,0.0
14309,2005,0.0,928.0,0.0
14309,2024,0.0,622.0,0.0
14310,1985,0.0,4038.0,0.0
14310,1996,0.0,3429.0,0.0
14310,2005,0.0,2599.0,0.0
14310,2024,0.0,3337.0,0.0
14311,1985,0.0,7118.0,0.0
14311,1996,0.0,5666.0,0.0
14311,2005,0.0,5088.0,0.0
14311,2024,0.0,5261.0,0.0
14312,1985,0.0,142.0,0.0
14312,1996,0.0,22.0,0.0
14312,2005,0.0,5.0,0.0
14312,2024,0.0,0.0,0.0
14313,1985,0.0,10590.0,0.0
14313,1996,0.0,7326.0,0.0
14313,2005,0.0,7944.0,0.0
14313,2024,0.0,5964.0,0.0
14314,1985,0.0,44154.0,0.0
14314,1996,0.0,21035.0,0.0
14314,2005,0.0,21311.0,0.0
14314,2024,0.0,9692.0,0.0
14315,1985,0.0,6596.0,0.0
14315,1996,0.0,1773.0,0.0
14315,2005,0.0,2365.0,0.0
14315,2024,0.0,2178.0,0.0
14316,1985,0.0,24535.0,0.0
14316,1996,0.0,34570.0,0.0
14316,2005,0.0,43637.0,0.0
14316,2024,0.0,58410.0,0.0
14317,1985,0.0,43773.0,0.0
14317,1996,0.0,17948.0,0.0
14317,2005,0.0,16858.0,0.0
14317,2024,0.0,14967.0,0.0
14318,1985,0.0,3921.0,0.0
14318,1996,0.0,3354.0,0.0
14318,2005,0.0,3121.0,0.0
14318,2024,0.0,2101.0,0.0
14319,1985,0.0,2835.0,0.0
14319,1996,0.0,1779.0,0.0
14319,2005,0.0,1897.0,0.0
14319,2024,0.0,445.0,0.0
14320,1985,0.0,1898.0,0.0
14320,1996,0.0,848.0,0.0
14320,2005,0.0,1086.0,0.0
14320,2024,0.0,166.0,0.0
14321,1985,0.0,22010.0,0.0
14321,1996,0.0,19571.0,0.0
14321,2005,0.0,23327.0,0.0
14321,2024,0.0,62088.0,0.0
14322,1985,0.0,588.0,0.0
14322,1996,0.0,232.0,0.0
14322,2005,0.0,95.0,0.0
14322,2024,0.0,5.0,0.0
14323,1985,0.0,1460.0,0.0
14323,1996,0.0,1195.0,0.0
14323,2005,0.0,620.0,0.0
14323,2024,0.0,286.0,0.0
14324,1985,0.0,137916.0,0.0
14324,1996,0.0,79332.0,0.0
14324,2005,0.0,75873.0,0.0
14324,2024,0.0,64008.0,0.0
14325,1985,0.0,4467.0,0.0
14325,1996,0.0,4435.0,0.0
14325,2005,0.0,5158.0,0.0
14325,2024,0.0,10445.0,0.0
14326,1985,0.0,1656.0,0.0
14326,1996,0.0,786.0,0.0
14326,2005,0.0,728.0,0.0
14326,2024,0.0,330.0,0.0
14327,1985,0.0,4432.0,0.0
14327,1996,0.0,3134.0,0.0
14327,2005,0.0,4089.0,0.0
14327,2024,0.0,804.0,0.0
14328,1985,0.0,6072.0,0.0
14328,1996,0.0,3007.0,0.0
14328,2005,0.0,2740.0,0.0
14328,2024,0.0,2928.0,0.0
14329,1985,0.0,1847.0,0.0
14329,1996,0.0,1200.0,0.0
14329,2005,0.0,630.0,0.0
14329,2024,0.0,91.0,0.0
14330,1985,0.0,9903.0,0.0
14330,1996,0.0,5581.0,0.0
14330,2005,0.0,6701.0,0.0
14330,2024,0.0,9604.0,0.0
14331,1985,0.0,18903.0,0.0
14331,1996,0.0,10224.0,0.0
14331,2005,0.0,7773.0,0.0
14331,2024,0.0,2493.0,0.0
14332,1985,0.0,4639.0,0.0
14332,1996,0.0,1639.0,0.0
14332,2005,0.0,2644.0,0.0
14332,2024,0.0,4894.0,0.0
14333,1985,0.0,1477.0,0.0
14333,1996,0.0,798.0,0.0
14333,2005,0.0,931.0,0.0
14333,2024,0.0,981.0,0.0
14334,1985,0.0,4804.0,0.0
14334,1996,0.0,4878.0,0.0
14334,2005,0.0,6122.0,0.0
14334,2024,0.0,4072.0,0.0
14335,1985,0.0,16453.0,0.0
14335,1996,0.0,16490.0,0.0
14335,2005,0.0,21052.0,0.0
14335,2024,0.0,30204.0,0.0
14336,1985,0.0,2214.0,0.0
14336,1996,0.0,436.0,0.0
14336,2005,0.0,970.0,0.0
14336,2024,0.0,203.0,0.0
14337,1985,0.0,8135.0,0.0
14337,1996,0.0,5389.0,0.0
14337,2005,0.0,8646.0,0.0
14337,2024,0.0,8395.0,0.0
14338,1985,0.0,7103.0,0.0
14338,1996,0.0,7374.0,0.0
14338,2005,0.0,8055.0,0.0
14338,2024,0.0,7394.0,0.0
14339,1985,0.0,3234.0,0.0
14339,1996,0.0,3716.0,0.0
14339,2005,0.0,3356.0,0.0
14339,2024,0.0,3080.0,0.0
14340,1985,0.0,27299.0,0.0
14340,1996,0.0,15837.0,0.0
14340,2005,0.0,9372.0,0.0
14340,2024,0.0,9906.0,0.0
14341,1985,0.0,20837.0,0.0
14341,1996,0.0,18598.0,0.0
14341,2005,0.0,18914.0,0.0
14341,2024,0.0,20023.0,0.0
14342,1985,0.0,57252.0,0.0
14342,1996,0.0,33500.0,0.0
14342,2005,0.0,36088.0,0.0
14342,2024,0.0,29098.0,0.0
14343,1985,0.0,2929.0,0.0
14343,1996,0.0,2922.0,0.0
14343,2005,0.0,3614.0,0.0
14343,2024,0.0,2471.0,0.0
14344,1985,0.0,43413.0,0.0
14344,1996,0.0,25581.0,0.0
14344,2005,0.0,32139.0,0.0
14344,2024,0.0,33629.0,0.0
14345,1985,0.0,1550.0,0.0
14345,1996,0.0,390.0,0.0
14345,2005,0.0,345.0,0.0
14345,2024,0.0,199.0,0.0
14346,1985,0.0,9447.0,0.0
14346,1996,0.0,11003.0,0.0
14346,2005,0.0,15070.0,0.0
14346,2024,0.0,16844.0,0.0
14347,1985,0.0,32659.0,0.0
14347,1996,0.0,23096.0,0.0
14347,2005,0.0,17094.0,0.0
14347,2024,0.0,15586.0,0.0
14348,1985,0.0,19042.0,0.0
14348,1996,0.0,15935.0,0.0
14348,2005,0.0,9665.0,0.0
14348,2024,0.0,3288.0,0.0
14349,1985,0.0,15810.0,0.0
14349,1996,0.0,14726.0,0.0
14349,2005,0.0,23893.0,0.0
14349,2024,0.0,36707.0,0.0
14350,1985,0.0,33456.0,0.0
14350,1996,0.0,11389.0,0.0
14350,2005,0.0,12397.0,0.0
14350,2024,0.0,10425.0,0.0
14351,1985,0.0,3467.0,0.0
14351,1996,0.0,2266.0,0.0
14351,2005,0.0,2008.0,0.0
14351,2024,0.0,1426.0,0.0
14352,1985,0.0,15400.0,0.0
14352,1996,0.0,14471.0,0.0
14352,2005,0.0,16111.0,0.0
14352,2024,0.0,18094.0,0.0
14353,1985,0.0,7675.0,0.0
14353,1996,0.0,4926.0,0.0
14353,2005,0.0,4759.0,0.0
14353,2024,0.0,5775.0,0.0
14354,1985,0.0,20116.0,0.0
14354,1996,0.0,16439.0,0.0
14354,2005,0.0,17090.0,0.0
14354,2024,0.0,18860.0,0.0
14355,1985,0.0,508.0,0.0
14355,1996,0.0,183.0,0.0
14355,2005,0.0,181.0,0.0
14355,2024,0.0,71.0,0.0
14356,1985,0.0,54192.0,0.0
14356,1996,0.0,26674.0,0.0
14356,2005,0.0,27810.0,0.0
14356,2024,0.0,19264.0,0.0
14357,1985,0.0,5136.0,0.0
14357,1996,0.0,6198.0,0.0
14357,2005,0.0,6235.0,0.0
14357,2024,0.0,15480.0,0.0
14358,1985,0.0,17971.0,0.0
14358,1996,0.0,9381.0,0.0
14358,2005,0.0,12720.0,0.0
14358,2024,0.0,12277.0,0.0
14359,1985,0.0,1735.0,0.0
14359,1996,0.0,364.0,0.0
14359,2005,0.0,272.0,0.0
14359,2024,0.0,244.0,0.0
14360,1985,0.0,1152.0,0.0
14360,1996,0.0,741.0,0.0
14360,2005,0.0,1906.0,0.0
14360,2024,0.0,1275.0,0.0
14361,1985,0.0,3251.0,0.0
14361,1996,0.0,2841.0,0.0
14361,2005,0.0,3918.0,0.0
14361,2024,0.0,2759.0,0.0
14362,1985,0.0,920.0,0.0
14362,1996,0.0,66.0,0.0
14362,2005,0.0,55.0,0.0
14362,2024,0.0,15.0,0.0
14363,1985,0.0,3401.0,0.0
14363,1996,0.0,4078.0,0.0
14363,2005,0.0,3305.0,0.0
14363,2024,0.0,1802.0,0.0
14364,1985,0.0,3834.0,0.0
14364,1996,0.0,1538.0,0.0
14364,2005,0.0,1076.0,0.0
14364,2024,0.0,546.0,0.0
14365,1985,0.0,831.0,0.0
14365,1996,0.0,261.0,0.0
14365,2005,0.0,391.0,0.0
14365,2024,0.0,127.0,0.0
14366,1985,0.0,25920.0,0.0
14366,1996,0.0,17056.0,0.0
14366,2005,0.0,13416.0,0.0
14366,2024,0.0,10490.0,0.0
14367,1985,0.0,7734.0,0.0
14367,1996,0.0,6442.0,0.0
14367,2005,0.0,6688.0,0.0
14367,2024,0.0,4806.0,0.0
14368,1985,0.0,8021.0,0.0
14368,1996,0.0,3574.0,0.0
14368,2005,0.0,3312.0,0.0
14368,2024,0.0,2879.0,0.0
14369,1985,0.0,8107.0,0.0
14369,1996,0.0,4675.0,0.0
14369,2005,0.0,3146.0,0.0
14369,2024,0.0,1916.0,0.0
14370,1985,0.0,18212.0,0.0
14370,1996,0.0,11685.0,0.0
14370,2005,0.0,10566.0,0.0
14370,2024,0.0,10849.0,0.0
14371,1985,0.0,7273.0,0.0
14371,1996,0.0,4629.0,0.0
14371,2005,0.0,3405.0,0.0
14371,2024,0.0,2974.0,0.0
14372,1985,0.0,11056.0,0.0
14372,1996,0.0,7441.0,0.0
14372,2005,0.0,7060.0,0.0
14372,2024,0.0,6143.0,0.0
14373,1985,0.0,11462.0,0.0
14373,1996,0.0,11526.0,0.0
14373,2005,0.0,12154.0,0.0
14373,2024,0.0,10097.0,0.0
14374,1985,0.0,3421.0,0.0
14374,1996,0.0,1917.0,0.0
14374,2005,0.0,3118.0,0.0
14374,2024,0.0,2790.0,0.0
14375,1985,0.0,6067.0,0.0
14375,1996,0.0,3011.0,0.0
14375,2005,0.0,6794.0,0.0
14375,2024,0.0,3186.0,0.0
14376,1985,0.0,1912.0,0.0
14376,1996,0.0,1590.0,0.0
14376,2005,0.0,3230.0,0.0
14376,2024,0.0,2337.0,0.0
14377,1985,0.0,4307.0,0.0
14377,1996,0.0,5617.0,0.0
14377,2005,0.0,5479.0,0.0
14377,2024,0.0,5267.0,0.0
14378,1985,0.0,15770.0,0.0
14378,1996,0.0,9618.0,0.0
14378,2005,0.0,9145.0,0.0
14378,2024,0.0,10647.0,0.0
14379,1985,0.0,8237.0,0.0
14379,1996,0.0,4769.0,0.0
14379,2005,0.0,3962.0,0.0
14379,2024,0.0,1415.0,0.0
14380,1985,0.0,39876.0,0.0
14380,1996,0.0,27905.0,0.0
14380,2005,0.0,18879.0,0.0
14380,2024,0.0,10116.0,0.0
14381,1985,0.0,12257.0,0.0
14381,1996,0.0,7665.0,0.0
14381,2005,0.0,6053.0,0.0
14381,2024,0.0,949.0,0.0
14382,1985,0.0,8138.0,0.0
14382,1996,0.0,5479.0,0.0
14382,2005,0.0,7877.0,0.0
14382,2024,0.0,4711.0,0.0
14383,1985,0.0,16245.0,0.0
14383,1996,0.0,14567.0,0.0
14383,2005,0.0,21747.0,0.0
14383,2024,0.0,24740.0,0.0
14384,1985,0.0,19055.0,0.0
14384,1996,0.0,8696.0,0.0
14384,2005,0.0,3237.0,0.0
14384,2024,0.0,1602.0,0.0
14385,1985,0.0,34656.0,0.0
14385,1996,0.0,26005.0,0.0
14385,2005,0.0,37970.0,0.0
14385,2024,0.0,48833.0,0.0
14386,1985,0.0,2505.0,0.0
14386,1996,0.0,1473.0,0.0
14386,2005,0.0,2360.0,0.0
14386,2024,0.0,2013.0,0.0
14387,1985,0.0,527.0,0.0
14387,1996,0.0,139.0,0.0
14387,2005,0.0,300.0,0.0
14387,2024,0.0,6.0,0.0
14388,1985,0.0,41147.0,0.0
14388,1996,0.0,22804.0,0.0
14388,2005,0.0,14402.0,0.0
14388,2024,0.0,8742.0,0.0
14389,1985,0.0,8313.0,0.0
14389,1996,0.0,5323.0,0.0
14389,2005,0.0,2888.0,0.0
14389,2024,0.0,3718.0,0.0
14390,1985,0.0,9172.0,0.0
14390,1996,0.0,7987.0,0.0
14390,2005,0.0,9351.0,0.0
14390,2024,0.0,9486.0,0.0
14391,1985,0.0,10226.0,0.0
14391,1996,0.0,7399.0,0.0
14391,2005,0.0,10866.0,0.0
14391,2024,0.0,8291.0,0.0
14392,1985,0.0,4664.0,0.0
14392,1996,0.0,2390.0,0.0
14392,2005,0.0,1805.0,0.0
14392,2024,0.0,1125.0,0.0
14393,1985,0.0,9073.0,0.0
14393,1996,0.0,7048.0,0.0
14393,2005,0.0,4436.0,0.0
14393,2024,0.0,6791.0,0.0
14394,1985,0.0,4578.0,0.0
14394,1996,0.0,3762.0,0.0
14394,2005,0.0,3511.0,0.0
14394,2024,0.0,3601.0,0.0
14395,1985,0.0,4129.0,0.0
14395,1996,0.0,2772.0,0.0
14395,2005,0.0,1923.0,0.0
14395,2024,0.0,2630.0,0.0
14396,1985,0.0,2191.0,0.0
14396,1996,0.0,273.0,0.0
14396,2005,0.0,1523.0,0.0
14396,2024,0.0,279.0,0.0
14397,1985,0.0,4196.0,0.0
14397,1996,0.0,1460.0,0.0
14397,2005,0.0,1403.0,0.0
14397,2024,0.0,659.0,0.0
14398,1985,0.0,2291.0,0.0
14398,1996,0.0,2432.0,0.0
14398,2005,0.0,1837.0,0.0
14398,2024,0.0,497.0,0.0
14399,1985,0.0,5014.0,0.0
14399,1996,0.0,6618.0,0.0
14399,2005,0.0,7185.0,0.0
14399,2024,0.0,8486.0,0.0
14400,1985,0.0,4059.0,0.0
14400,1996,0.0,3895.0,0.0
14400,2005,0.0,2797.0,0.0
14400,2024,0.0,3389.0,0.0
14401,1985,0.0,4672.0,0.0
14401,1996,0.0,1962.0,0.0
14401,2005,0.0,2004.0,0.0
14401,2024,0.0,1662.0,0.0
14402,1985,0.0,2957.0,0.0
14402,1996,0.0,1143.0,0.0
14402,2005,0.0,1009.0,0.0
14402,2024,0.0,633.0,0.0
14403,1985,0.0,16426.0,0.0
14403,1996,0.0,24703.0,0.0
14403,2005,0.0,41009.0,0.0
14403,2024,0.0,52180.0,0.0
14404,1985,0.0,1920.0,0.0
14404,1996,0.0,1658.0,0.0
14404,2005,0.0,1761.0,0.0
14404,2024,0.0,265.0,0.0
14405,1985,0.0,10882.0,0.0
14405,1996,0.0,10282.0,0.0
14405,2005,0.0,16276.0,0.0
14405,2024,0.0,18730.0,0.0
14406,1985,0.0,4019.0,0.0
14406,1996,0.0,1820.0,0.0
14406,2005,0.0,2298.0,0.0
14406,2024,0.0,2584.0,0.0
14407,1985,0.0,11438.0,0.0
14407,1996,0.0,7360.0,0.0
14407,2005,0.0,6166.0,0.0
14407,2024,0.0,5319.0,0.0
14408,1985,0.0,14588.0,0.0
14408,1996,0.0,14211.0,0.0
14408,2005,0.0,16157.0,0.0
14408,2024,0.0,17304.0,0.0
14409,1985,0.0,10516.0,0.0
14409,1996,0.0,9239.0,0.0
14409,2005,0.0,8934.0,0.0
14409,2024,0.0,8356.0,0.0
14410,1985,0.0,6478.0,0.0
14410,1996,0.0,2831.0,0.0
14410,2005,0.0,5834.0,0.0
14410,2024,0.0,7500.0,0.0
14411,1985,0.0,2717.0,0.0
14411,1996,0.0,1549.0,0.0
14411,2005,0.0,1748.0,0.0
14411,2024,0.0,1286.0,0.0
14412,1985,0.0,1284.0,0.0
14412,1996,0.0,321.0,0.0
14412,2005,0.0,915.0,0.0
14412,2024,0.0,899.0,0.0
14413,1985,0.0,8007.0,0.0
14413,1996,0.0,4809.0,0.0
14413,2005,0.0,3954.0,0.0
14413,2024,0.0,2099.0,0.0
14414,1985,0.0,3019.0,0.0
14414,1996,0.0,1683.0,0.0
14414,2005,0.0,2254.0,0.0
14414,2024,0.0,1801.0,0.0
14415,1985,0.0,8376.0,0.0
14415,1996,0.0,7435.0,0.0
14415,2005,0.0,8926.0,0.0
14415,2024,0.0,9940.0,0.0
14416,1985,0.0,37312.0,0.0
14416,1996,0.0,25107.0,0.0
14416,2005,0.0,26505.0,0.0
14416,2024,0.0,14562.0,0.0
14417,1985,0.0,9721.0,0.0
14417,1996,0.0,8567.0,0.0
14417,2005,0.0,8726.0,0.0
14417,2024,0.0,3616.0,0.0
14418,1985,0.0,13861.0,0.0
14418,1996,0.0,7904.0,0.0
14418,2005,0.0,9541.0,0.0
14418,2024,0.0,3019.0,0.0
14419,1985,0.0,1136.0,0.0
14419,1996,0.0,1231.0,0.0
14419,2005,0.0,1496.0,0.0
14419,2024,0.0,678.0,0.0
14420,1985,0.0,21552.0,0.0
14420,1996,0.0,14392.0,0.0
14420,2005,0.0,16144.0,0.0
14420,2024,0.0,15475.0,0.0
14421,1985,0.0,34058.0,0.0
14421,1996,0.0,24234.0,0.0
14421,2005,0.0,20285.0,0.0
14421,2024,0.0,10900.0,0.0
14422,1985,0.0,19708.0,0.0
14422,1996,0.0,14987.0,0.0
14422,2005,0.0,22065.0,0.0
14422,2024,0.0,26180.0,0.0
14423,1985,0.0,8525.0,0.0
14423,1996,0.0,7064.0,0.0
14423,2005,0.0,7696.0,0.0
14423,2024,0.0,6408.0,0.0
14424,1985,0.0,12030.0,0.0
14424,1996,0.0,7078.0,0.0
14424,2005,0.0,10508.0,0.0
14424,2024,0.0,16954.0,0.0
14425,1985,0.0,1607.0,0.0
14425,1996,0.0,731.0,0.0
14425,2005,0.0,1282.0,0.0
14425,2024,0.0,1385.0,0.0
14426,1985,0.0,2931.0,0.0
14426,1996,0.0,3083.0,0.0
14426,2005,0.0,4877.0,0.0
14426,2024,0.0,944.0,0.0
14427,1985,0.0,273.0,0.0
14427,1996,0.0,18.0,0.0
14427,2005,0.0,10.0,0.0
14427,2024,0.0,30.0,0.0
14428,1985,0.0,6531.0,0.0
14428,1996,0.0,4061.0,0.0
14428,2005,0.0,3101.0,0.0
14428,2024,0.0,722.0,0.0
14429,1985,0.0,8113.0,0.0
14429,1996,0.0,7040.0,0.0
14429,2005,0.0,6084.0,0.0
14429,2024,0.0,5284.0,0.0
14430,1985,0.0,1958.0,0.0
14430,1996,0.0,344.0,0.0
14430,2005,0.0,337.0,0.0
14430,2024,0.0,230.0,0.0
14431,1985,0.0,16090.0,0.0
14431,1996,0.0,8053.0,0.0
14431,2005,0.0,8778.0,0.0
14431,2024,0.0,7015.0,0.0
14432,1985,0.0,2212.0,0.0
14432,1996,0.0,1189.0,0.0
14432,2005,0.0,1148.0,0.0
14432,2024,0.0,1350.0,0.0
14433,1985,0.0,9102.0,0.0
14433,1996,0.0,5487.0,0.0
14433,2005,0.0,3176.0,0.0
14433,2024,0.0,1724.0,0.0
14434,1985,0.0,1860.0,0.0
14434,1996,0.0,775.0,0.0
14434,2005,0.0,1723.0,0.0
14434,2024,0.0,147.0,0.0
14435,1985,0.0,3228.0,0.0
14435,1996,0.0,3042.0,0.0
14435,2005,0.0,2479.0,0.0
14435,2024,0.0,4965.0,0.0
14436,1985,0.0,14672.0,0.0
14436,1996,0.0,11020.0,0.0
14436,2005,0.0,15527.0,0.0
14436,2024,0.0,10448.0,0.0
14437,1985,0.0,8249.0,0.0
14437,1996,0.0,7164.0,0.0
14437,2005,0.0,6450.0,0.0
14437,2024,0.0,4821.0,0.0
14438,1985,0.0,5545.0,0.0
14438,1996,0.0,3948.0,0.0
14438,2005,0.0,4163.0,0.0
14438,2024,0.0,4771.0,0.0
14439,1985,0.0,3798.0,0.0
14439,1996,0.0,2677.0,0.0
14439,2005,0.0,1802.0,0.0
14439,2024,0.0,568.0,0.0
14440,1985,0.0,5826.0,0.0
14440,1996,0.0,4632.0,0.0
14440,2005,0.0,3524.0,0.0
14440,2024,0.0,3529.0,0.0
14441,1985,0.0,2816.0,0.0
14441,1996,0.0,2876.0,0.0
14441,2005,0.0,1606.0,0.0
14441,2024,0.0,1667.0,0.0
14442,1985,0.0,30895.0,0.0
14442,1996,0.0,18597.0,0.0
14442,2005,0.0,13766.0,0.0
14442,2024,0.0,12875.0,0.0
14443,1985,0.0,1670.0,0.0
14443,1996,0.0,1049.0,0.0
14443,2005,0.0,1092.0,0.0
14443,2024,0.0,389.0,0.0
14444,1985,0.0,5937.0,0.0
14444,1996,0.0,4502.0,0.0
14444,2005,0.0,4582.0,0.0
14444,2024,0.0,5696.0,0.0
14445,1985,0.0,5095.0,0.0
14445,1996,0.0,4692.0,0.0
14445,2005,0.0,5262.0,0.0
14445,2024,0.0,6852.0,0.0
14446,1985,0.0,6362.0,0.0
14446,1996,0.0,4644.0,0.0
14446,2005,0.0,4629.0,0.0
14446,2024,0.0,4339.0,0.0
14447,1985,0.0,2945.0,0.0
14447,1996,0.0,1670.0,0.0
14447,2005,0.0,1831.0,0.0
14447,2024,0.0,1151.0,0.0
14448,1985,0.0,3806.0,0.0
14448,1996,0.0,2006.0,0.0
14448,2005,0.0,1462.0,0.0
14448,2024,0.0,1490.0,0.0
14449,1985,0.0,3238.0,0.0
14449,1996,0.0,3528.0,0.0
14449,2005,0.0,1700.0,0.0
14449,2024,0.0,751.0,0.0
14450,1985,0.0,2858.0,0.0
14450,1996,0.0,2281.0,0.0
14450,2005,0.0,6771.0,0.0
14450,2024,0.0,12315.0,0.0
14451,1985,0.0,3688.0,0.0
14451,1996,0.0,4225.0,0.0
14451,2005,0.0,2817.0,0.0
14451,2024,0.0,2045.0,0.0
14452,1985,0.0,1561.0,0.0
14452,1996,0.0,1032.0,0.0
14452,2005,0.0,1013.0,0.0
14452,2024,0.0,700.0,0.0
14453,1985,0.0,13284.0,0.0
14453,1996,0.0,8810.0,0.0
14453,2005,0.0,7031.0,0.0
14453,2024,0.0,2440.0,0.0
14454,1985,0.0,3415.0,0.0
14454,1996,0.0,2524.0,0.0
14454,2005,0.0,2096.0,0.0
14454,2024,0.0,1415.0,0.0
14455,1985,0.0,2393.0,0.0
14455,1996,0.0,1999.0,0.0
14455,2005,0.0,1895.0,0.0
14455,2024,0.0,1609.0,0.0
14456,1985,0.0,7008.0,0.0
14456,1996,0.0,4603.0,0.0
14456,2005,0.0,5649.0,0.0
14456,2024,0.0,4570.0,0.0
14457,1985,0.0,1151.0,0.0
14457,1996,0.0,951.0,0.0
14457,2005,0.0,576.0,0.0
14457,2024,0.0,124.0,0.0
14458,1985,0.0,1963.0,0.0
14458,1996,0.0,1214.0,0.0
14458,2005,0.0,1288.0,0.0
14458,2024,0.0,206.0,0.0
14459,1985,0.0,2433.0,0.0
14459,1996,0.0,2362.0,0.0
14459,2005,0.0,2390.0,0.0
14459,2024,0.0,2533.0,0.0
14460,1985,0.0,2205.0,0.0
14460,1996,0.0,1569.0,0.0
14460,2005,0.0,1185.0,0.0
14460,2024,0.0,288.0,0.0
14461,1985,0.0,400.0,0.0
14461,1996,0.0,90.0,0.0
14461,2005,0.0,220.0,0.0
14461,2024,0.0,62.0,0.0
14462,1985,0.0,2054.0,0.0
14462,1996,0.0,1386.0,0.0
14462,2005,0.0,1012.0,0.0
14462,2024,0.0,775.0,0.0
14463,1985,0.0,2300.0,0.0
14463,1996,0.0,5643.0,0.0
14463,2005,0.0,2930.0,0.0
14463,2024,0.0,580.0,0.0
14464,1985,0.0,2181.0,0.0
14464,1996,0.0,659.0,0.0
14464,2005,0.0,1330.0,0.0
14464,2024,0.0,276.0,0.0
14465,1985,0.0,19937.0,0.0
14465,1996,0.0,18027.0,0.0
14465,2005,0.0,13221.0,0.0
14465,2024,0.0,16502.0,0.0
14466,1985,0.0,2456.0,0.0
14466,1996,0.0,1846.0,0.0
14466,2005,0.0,1366.0,0.0
14466,2024,0.0,216.0,0.0
14467,1985,0.0,3571.0,0.0
14467,1996,0.0,2293.0,0.0
14467,2005,0.0,2325.0,0.0
14467,2024,0.0,520.0,0.0
14468,1985,0.0,18358.0,0.0
14468,1996,0.0,12629.0,0.0
14468,2005,0.0,10174.0,0.0
14468,2024,0.0,12012.0,0.0
14469,1985,0.0,2227.0,0.0
14469,1996,0.0,782.0,0.0
14469,2005,0.0,725.0,0.0
14469,2024,0.0,393.0,0.0
14470,1985,0.0,2657.0,0.0
14470,1996,0.0,1386.0,0.0
14470,2005,0.0,1391.0,0.0
14470,2024,0.0,584.0,0.0
14471,1985,0.0,3856.0,0.0
14471,1996,0.0,521.0,0.0
14471,2005,0.0,3001.0,0.0
14471,2024,0.0,1868.0,0.0
14472,1985,0.0,4747.0,0.0
14472,1996,0.0,3517.0,0.0
14472,2005,0.0,4406.0,0.0
14472,2024,0.0,3744.0,0.0
14473,1985,0.0,2069.0,0.0
14473,1996,0.0,1104.0,0.0
14473,2005,0.0,1468.0,0.0
14473,2024,0.0,625.0,0.0
14474,1985,0.0,6393.0,0.0
14474,1996,0.0,5751.0,0.0
14474,2005,0.0,7644.0,0.0
14474,2024,0.0,9390.0,0.0
14475,1985,0.0,4890.0,0.0
14475,1996,0.0,4009.0,0.0
14475,2005,0.0,3460.0,0.0
14475,2024,0.0,3291.0,0.0
14476,1985,0.0,3277.0,0.0
14476,1996,0.0,3269.0,0.0
14476,2005,0.0,3293.0,0.0
14476,2024,0.0,2630.0,0.0
14477,1985,0.0,8608.0,0.0
14477,1996,0.0,4682.0,0.0
14477,2005,0.0,8103.0,0.0
14477,2024,0.0,6873.0,0.0
14478,1985,0.0,7272.0,0.0
14478,1996,0.0,5973.0,0.0
14478,2005,0.0,5993.0,0.0
14478,2024,0.0,5824.0,0.0
14479,1985,0.0,3651.0,0.0
14479,1996,0.0,2435.0,0.0
14479,2005,0.0,2694.0,0.0
14479,2024,0.0,1754.0,0.0
14480,1985,0.0,9444.0,0.0
14480,1996,0.0,7728.0,0.0
14480,2005,0.0,6101.0,0.0
14480,2024,0.0,1026.0,0.0
15001,1985,0.0,84767.0,0.0
15001,1996,0.0,47548.0,0.0
15001,2005,0.0,77994.0,0.0
15001,2024,0.0,227033.0,0.0
15002,1985,0.0,253927.0,0.0
15002,1996,0.0,239888.0,0.0
15002,2005,0.0,467066.0,0.0
15002,2024,0.0,604711.0,0.0
15003,1985,0.0,16901.0,0.0
15003,1996,0.0,15942.0,0.0
15003,2005,0.0,20908.0,0.0
15003,2024,0.0,13293.0,0.0
15004,1985,0.0,48392.0,0.0
15004,1996,0.0,43400.0,0.0
15004,2005,0.0,48192.0,0.0
15004,2024,0.0,62923.0,0.0
15005,1985,0.0,93384.0,0.0
15005,1996,0.0,54658.0,0.0
15005,2005,0.0,30330.0,0.0
15005,2024,0.0,27092.0,0.0
15006,1985,0.0,67644.0,0.0
15006,1996,0.0,56025.0,0.0
15006,2005,0.0,94628.0,0.0
15006,2024,0.0,194302.0,0.0
15007,1985,0.0,60483.0,0.0
15007,1996,0.0,54402.0,0.0
15007,2005,0.0,35441.0,0.0
15007,2024,0.0,57091.0,0.0
15008,1985,0.0,528235.0,0.0
15008,1996,0.0,455163.0,0.0
15008,2005,0.0,490324.0,0.0
15008,2024,0.0,599745.0,0.0
15009,1985,0.0,30116.0,0.0
15009,1996,0.0,19421.0,0.0
15009,2005,0.0,16566.0,0.0
15009,2024,0.0,6971.0,0.0
15010,1985,0.0,104743.0,0.0
15010,1996,0.0,85894.0,0.0
15010,2005,0.0,119028.0,0.0
15010,2024,0.0,152808.0,0.0
15011,1985,0.0,6300.0,0.0
15011,1996,0.0,2344.0,0.0
15011,2005,0.0,1887.0,0.0
15011,2024,0.0,756.0,0.0
15012,1985,0.0,388.0,0.0
15012,1996,0.0,265.0,0.0
15012,2005,0.0,46.0,0.0
15012,2024,0.0,110.0,0.0
15013,1985,0.0,43983.0,0.0
15013,1996,0.0,12103.0,0.0
15013,2005,0.0,18976.0,0.0
15013,2024,0.0,68020.0,0.0
15014,1985,0.0,50700.0,0.0
15014,1996,0.0,25087.0,0.0
15014,2005,0.0,32845.0,0.0
15014,2024,0.0,16860.0,0.0
15015,1985,0.0,40665.0,0.0
15015,1996,0.0,21725.0,0.0
15015,2005,0.0,17286.0,0.0
15015,2024,0.0,9667.0,0.0
15016,1985,0.0,7798.0,0.0
15016,1996,0.0,4530.0,0.0
15016,2005,0.0,4653.0,0.0
15016,2024,0.0,2688.0,0.0
15017,1985,0.0,141289.0,0.0
15017,1996,0.0,130695.0,0.0
15017,2005,0.0,145896.0,0.0
15017,2024,0.0,233610.0,0.0
15018,1985,0.0,2463.0,0.0
15018,1996,0.0,993.0,0.0
15018,2005,0.0,1454.0,0.0
15018,2024,0.0,612.0,0.0
15019,1985,0.0,27949.0,0.0
15019,1996,0.0,17045.0,0.0
15019,2005,0.0,15714.0,0.0
15019,2024,0.0,7434.0,0.0
15020,1985,0.0,24059.0,0.0
15020,1996,0.0,10026.0,0.0
15020,2005,0.0,7124.0,0.0
15020,2024,0.0,2761.0,0.0
15021,1985,0.0,12041.0,0.0
15021,1996,0.0,7234.0,0.0
15021,2005,0.0,10653.0,0.0
15021,2024,0.0,8582.0,0.0
15022,1985,0.0,68279.0,0.0
15022,1996,0.0,45379.0,0.0
15022,2005,0.0,50992.0,0.0
15022,2024,0.0,70790.0,0.0
15023,1985,0.0,2922.0,0.0
15023,1996,0.0,1002.0,0.0
15023,2005,0.0,2610.0,0.0
15023,2024,0.0,6870.0,0.0
15024,1985,0.0,37687.0,0.0
15024,1996,0.0,32893.0,0.0
15024,2005,0.0,32575.0,0.0
15024,2024,0.0,42650.0,0.0
15025,1985,0.0,40617.0,0.0
15025,1996,0.0,35661.0,0.0
15025,2005,0.0,54235.0,0.0
15025,2024,0.0,79945.0,0.0
15026,1985,0.0,20767.0,0.0
15026,1996,0.0,14923.0,0.0
15026,2005,0.0,15648.0,0.0
15026,2024,0.0,19769.0,0.0
15027,1985,0.0,309127.0,0.0
15027,1996,0.0,323411.0,0.0
15027,2005,0.0,345168.0,0.0
15027,2024,0.0,431871.0,0.0
15028,1985,0.0,45061.0,0.0
15028,1996,0.0,27701.0,0.0
15028,2005,0.0,34222.0,0.0
15028,2024,0.0,33085.0,0.0
15029,1985,0.0,1729.0,0.0
15029,1996,0.0,1998.0,0.0
15029,2005,0.0,1597.0,0.0
15029,2024,0.0,2893.0,0.0
15030,1985,0.0,28641.0,0.0
15030,1996,0.0,13328.0,0.0
15030,2005,0.0,11015.0,0.0
15030,2024,0.0,4752.0,0.0
15031,1985,0.0,105159.0,0.0
15031,1996,0.0,84304.0,0.0
15031,2005,0.0,96472.0,0.0
15031,2024,0.0,91276.0,0.0
15032,1985,0.0,12831.0,0.0
15032,1996,0.0,15503.0,0.0
15032,2005,0.0,22023.0,0.0
15032,2024,0.0,30881.0,0.0
15033,1985,0.0,75782.0,0.0
15033,1996,0.0,47621.0,0.0
15033,2005,0.0,50518.0,0.0
15033,2024,0.0,55808.0,0.0
15034,1985,0.0,72735.0,0.0
15034,1996,0.0,70270.0,0.0
15034,2005,0.0,85487.0,0.0
15034,2024,0.0,99575.0,0.0
15035,1985,0.0,114031.0,0.0
15035,1996,0.0,74000.0,0.0
15035,2005,0.0,93330.0,0.0
15035,2024,0.0,96324.0,0.0
15036,1985,0.0,33022.0,0.0
15036,1996,0.0,23285.0,0.0
15036,2005,0.0,29153.0,0.0
15036,2024,0.0,25841.0,0.0
15037,1985,0.0,6742.0,0.0
15037,1996,0.0,2821.0,0.0
15037,2005,0.0,2307.0,0.0
15037,2024,0.0,340.0,0.0
15038,1985,0.0,221166.0,0.0
15038,1996,0.0,189694.0,0.0
15038,2005,0.0,240263.0,0.0
15038,2024,0.0,274205.0,0.0
15039,1985,0.0,73179.0,0.0
15039,1996,0.0,50771.0,0.0
15039,2005,0.0,31914.0,0.0
15039,2024,0.0,34595.0,0.0
15040,1985,0.0,22352.0,0.0
15040,1996,0.0,9793.0,0.0
15040,2005,0.0,8148.0,0.0
15040,2024,0.0,5430.0,0.0
15041,1985,0.0,5481.0,0.0
15041,1996,0.0,5451.0,0.0
15041,2005,0.0,10100.0,0.0
15041,2024,0.0,41300.0,0.0
15042,1985,0.0,12823.0,0.0
15042,1996,0.0,3510.0,0.0
15042,2005,0.0,5055.0,0.0
15042,2024,0.0,1533.0,0.0
15043,1985,0.0,33582.0,0.0
15043,1996,0.0,23599.0,0.0
15043,2005,0.0,26901.0,0.0
15043,2024,0.0,28337.0,0.0
15044,1985,0.0,4348.0,0.0
15044,1996,0.0,2017.0,0.0
15044,2005,0.0,1317.0,0.0
15044,2024,0.0,2275.0,0.0
15045,1985,0.0,36376.0,0.0
15045,1996,0.0,23867.0,0.0
15045,2005,0.0,21870.0,0.0
15045,2024,0.0,16753.0,0.0
15046,1985,0.0,45317.0,0.0
15046,1996,0.0,38450.0,0.0
15046,2005,0.0,42248.0,0.0
15046,2024,0.0,69351.0,0.0
15047,1985,0.0,19025.0,0.0
15047,1996,0.0,11556.0,0.0
15047,2005,0.0,13132.0,0.0
15047,2024,0.0,14053.0,0.0
15048,1985,0.0,12819.0,0.0
15048,1996,0.0,5824.0,0.0
15048,2005,0.0,16637.0,0.0
15048,2024,0.0,31742.0,0.0
15049,1985,0.0,24460.0,0.0
15049,1996,0.0,13379.0,0.0
15049,2005,0.0,17428.0,0.0
15049,2024,0.0,55538.0,0.0
15050,1985,0.0,21216.0,0.0
15050,1996,0.0,16482.0,0.0
15050,2005,0.0,33041.0,0.0
15050,2024,0.0,61084.0,0.0
15051,1985,0.0,91913.0,0.0
15051,1996,0.0,68352.0,0.0
15051,2005,0.0,118024.0,0.0
15051,2024,0.0,173200.0,0.0
15052,1985,0.0,257.0,0.0
15052,1996,0.0,115.0,0.0
15052,2005,0.0,4.0,0.0
15052,2024,0.0,0.0,0.0
15053,1985,0.0,39891.0,0.0
15053,1996,0.0,42805.0,0.0
15053,2005,0.0,45818.0,0.0
15053,2024,0.0,61404.0,0.0
15054,1985,0.0,33342.0,0.0
15054,1996,0.0,22601.0,0.0
15054,2005,0.0,24223.0,0.0
15054,2024,0.0,37902.0,0.0
15055,1985,0.0,12585.0,0.0
15055,1996,0.0,8810.0,0.0
15055,2005,0.0,13012.0,0.0
15055,2024,0.0,8861.0,0.0
15056,1985,0.0,128401.0,0.0
15056,1996,0.0,108638.0,0.0
15056,2005,0.0,123984.0,0.0
15056,2024,0.0,156839.0,0.0
15057,1985,0.0,934.0,0.0
15057,1996,0.0,605.0,0.0
15057,2005,0.0,73.0,0.0
15057,2024,0.0,1710.0,0.0
15058,1985,0.0,190897.0,0.0
15058,1996,0.0,127951.0,0.0
15058,2005,0.0,125420.0,0.0
15058,2024,0.0,175036.0,0.0
15059,1985,0.0,35000.0,0.0
15059,1996,0.0,27824.0,0.0
15059,2005,0.0,30235.0,0.0
15059,2024,0.0,35239.0,0.0
15060,1985,0.0,289.0,0.0
15060,1996,0.0,75.0,0.0
15060,2005,0.0,306.0,0.0
15060,2024,0.0,99.0,0.0
15061,1985,0.0,27840.0,0.0
15061,1996,0.0,20306.0,0.0
15061,2005,0.0,12792.0,0.0
15061,2024,0.0,15650.0,0.0
15062,1985,0.0,874.0,0.0
15062,1996,0.0,290.0,0.0
15062,2005,0.0,745.0,0.0
15062,2024,0.0,280.0,0.0
15063,1985,0.0,101884.0,0.0
15063,1996,0.0,68580.0,0.0
15063,2005,0.0,57111.0,0.0
15063,2024,0.0,80460.0,0.0
15064,1985,0.0,2178.0,0.0
15064,1996,0.0,4109.0,0.0
15064,2005,0.0,2829.0,0.0
15064,2024,0.0,1498.0,0.0
15065,1985,0.0,29411.0,0.0
15065,1996,0.0,32773.0,0.0
15065,2005,0.0,49640.0,0.0
15065,2024,0.0,38628.0,0.0
15066,1985,0.0,298761.0,0.0
15066,1996,0.0,222654.0,0.0
15066,2005,0.0,245260.0,0.0
15066,2024,0.0,472488.0,0.0
15067,1985,0.0,1797.0,0.0
15067,1996,0.0,1759.0,0.0
15067,2005,0.0,2151.0,0.0
15067,2024,0.0,2945.0,0.0
15068,1985,0.0,24920.0,0.0
15068,1996,0.0,18782.0,0.0
15068,2005,0.0,20045.0,0.0
15068,2024,0.0,28902.0,0.0
15069,1985,0.0,5779.0,0.0
15069,1996,0.0,2964.0,0.0
15069,2005,0.0,902.0,0.0
15069,2024,0.0,1128.0,0.0
15070,1985,0.0,19784.0,0.0
15070,1996,0.0,17666.0,0.0
15070,2005,0.0,15962.0,0.0
15070,2024,0.0,20358.0,0.0
15071,1985,0.0,23463.0,0.0
15071,1996,0.0,23256.0,0.0
15071,2005,0.0,10413.0,0.0
15071,2024,0.0,26584.0,0.0
15072,1985,0.0,109846.0,0.0
15072,1996,0.0,88499.0,0.0
15072,2005,0.0,92531.0,0.0
15072,2024,0.0,117926.0,0.0
15073,1985,0.0,9560.0,0.0
15073,1996,0.0,4796.0,0.0
15073,2005,0.0,4611.0,0.0
15073,2024,0.0,7974.0,0.0
15074,1985,0.0,23364.0,0.0
15074,1996,0.0,11481.0,0.0
15074,2005,0.0,13567.0,0.0
15074,2024,0.0,25226.0,0.0
15075,1985,0.0,36413.0,0.0
15075,1996,0.0,27476.0,0.0
15075,2005,0.0,22626.0,0.0
15075,2024,0.0,23442.0,0.0
15076,1985,0.0,64805.0,0.0
15076,1996,0.0,55306.0,0.0
15076,2005,0.0,78794.0,0.0
15076,2024,0.0,126393.0,0.0
15077,1985,0.0,26006.0,0.0
15077,1996,0.0,12046.0,0.0
15077,2005,0.0,7604.0,0.0
15077,2024,0.0,6575.0,0.0
15078,1985,0.0,26473.0,0.0
15078,1996,0.0,24245.0,0.0
15078,2005,0.0,27350.0,0.0
15078,2024,0.0,29779.0,0.0
15079,1985,0.0,51057.0,0.0
15079,1996,0.0,36429.0,0.0
15079,2005,0.0,39998.0,0.0
15079,2024,0.0,46045.0,0.0
15080,1985,0.0,49833.0,0.0
15080,1996,0.0,32554.0,0.0
15080,2005,0.0,27977.0,0.0
15080,2024,0.0,29810.0,0.0
15081,1985,0.0,53438.0,0.0
15081,1996,0.0,34543.0,0.0
15081,2005,0.0,43720.0,0.0
15081,2024,0.0,51362.0,0.0
15082,1985,0.0,15599.0,0.0
15082,1996,0.0,8054.0,0.0
15082,2005,0.0,7204.0,0.0
15082,2024,0.0,9067.0,0.0
15083,1985,0.0,62266.0,0.0
15083,1996,0.0,42594.0,0.0
15083,2005,0.0,56534.0,0.0
15083,2024,0.0,42860.0,0.0
15084,1985,0.0,9540.0,0.0
15084,1996,0.0,6042.0,0.0
15084,2005,0.0,10003.0,0.0
15084,2024,0.0,5858.0,0.0
15085,1985,0.0,101205.0,0.0
15085,1996,0.0,74932.0,0.0
15085,2005,0.0,109330.0,0.0
15085,2024,0.0,172021.0,0.0
15086,1985,0.0,52947.0,0.0
15086,1996,0.0,34401.0,0.0
15086,2005,0.0,84588.0,0.0
15086,2024,0.0,140354.0,0.0
15087,1985,0.0,7523.0,0.0
15087,1996,0.0,4764.0,0.0
15087,2005,0.0,2230.0,0.0
15087,2024,0.0,2449.0,0.0
15088,1985,0.0,58214.0,0.0
15088,1996,0.0,44630.0,0.0
15088,2005,0.0,46844.0,0.0
15088,2024,0.0,52957.0,0.0
15089,1985,0.0,28062.0,0.0
15089,1996,0.0,14838.0,0.0
15089,2005,0.0,13177.0,0.0
15089,2024,0.0,16448.0,0.0
15090,1985,0.0,19834.0,0.0
15090,1996,0.0,16284.0,0.0
15090,2005,0.0,11348.0,0.0
15090,2024,0.0,18477.0,0.0
15091,1985,0.0,54606.0,0.0
15091,1996,0.0,41562.0,0.0
15091,2005,0.0,68506.0,0.0
15091,2024,0.0,158621.0,0.0
15092,1985,0.0,4969.0,0.0
15092,1996,0.0,3735.0,0.0
15092,2005,0.0,3946.0,0.0
15092,2024,0.0,3479.0,0.0
15093,1985,0.0,50135.0,0.0
15093,1996,0.0,40991.0,0.0
15093,2005,0.0,37015.0,0.0
15093,2024,0.0,48609.0,0.0
15094,1985,0.0,24535.0,0.0
15094,1996,0.0,8585.0,0.0
15094,2005,0.0,9226.0,0.0
15094,2024,0.0,4657.0,0.0
15095,1985,0.0,78697.0,0.0
15095,1996,0.0,46571.0,0.0
15095,2005,0.0,47540.0,0.0
15095,2024,0.0,38146.0,0.0
15096,1985,0.0,275.0,0.0
15096,1996,0.0,332.0,0.0
15096,2005,0.0,193.0,0.0
15096,2024,0.0,119.0,0.0
15097,1985,0.0,147.0,0.0
15097,1996,0.0,149.0,0.0
15097,2005,0.0,461.0,0.0
15097,2024,0.0,0.0,0.0
15098,1985,0.0,3870.0,0.0
15098,1996,0.0,2123.0,0.0
15098,2005,0.0,2048.0,0.0
15098,2024,0.0,1699.0,0.0
15099,1985,0.0,8770.0,0.0
15099,1996,0.0,6510.0,0.0
15099,2005,0.0,7270.0,0.0
15099,2024,0.0,7084.0,0.0
15100,1985,0.0,3356.0,0.0
15100,1996,0.0,1924.0,0.0
15100,2005,0.0,1748.0,0.0
15100,2024,0.0,1119.0,0.0
15101,1985,0.0,12164.0,0.0
15101,1996,0.0,7086.0,0.0
15101,2005,0.0,3550.0,0.0
15101,2024,0.0,8138.0,0.0
15102,1985,0.0,15351.0,0.0
15102,1996,0.0,8990.0,0.0
15102,2005,0.0,12976.0,0.0
15102,2024,0.0,22332.0,0.0
15103,1985,0.0,39811.0,0.0
15103,1996,0.0,26384.0,0.0
15103,2005,0.0,31631.0,0.0
15103,2024,0.0,21713.0,0.0
15104,1985,0.0,143437.0,0.0
15104,1996,0.0,93209.0,0.0
15104,2005,0.0,113109.0,0.0
15104,2024,0.0,241825.0,0.0
15105,1985,0.0,15221.0,0.0
15105,1996,0.0,11087.0,0.0
15105,2005,0.0,12986.0,0.0
15105,2024,0.0,28764.0,0.0
15106,1985,0.0,6337.0,0.0
15106,1996,0.0,3548.0,0.0
15106,2005,0.0,2583.0,0.0
15106,2024,0.0,5528.0,0.0
15107,1985,0.0,3067.0,0.0
15107,1996,0.0,1941.0,0.0
15107,2005,0.0,907.0,0.0
15107,2024,0.0,750.0,0.0
15108,1985,0.0,89866.0,0.0
15108,1996,0.0,56911.0,0.0
15108,2005,0.0,62279.0,0.0
15108,2024,0.0,63266.0,0.0
15109,1985,0.0,24672.0,0.0
15109,1996,0.0,15556.0,0.0
15109,2005,0.0,18145.0,0.0
15109,2024,0.0,22875.0,0.0
15110,1985,0.0,26443.0,0.0
15110,1996,0.0,22863.0,0.0
15110,2005,0.0,23082.0,0.0
15110,2024,0.0,25586.0,0.0
15111,1985,0.0,28474.0,0.0
15111,1996,0.0,23579.0,0.0
15111,2005,0.0,31543.0,0.0
15111,2024,0.0,38927.0,0.0
15112,1985,0.0,66161.0,0.0
15112,1996,0.0,64627.0,0.0
15112,2005,0.0,79177.0,0.0
15112,2024,0.0,76404.0,0.0
15113,1985,0.0,1411.0,0.0
15113,1996,0.0,768.0,0.0
15113,2005,0.0,793.0,0.0
15113,2024,0.0,120.0,0.0
15114,1985,0.0,3630.0,0.0
15114,1996,0.0,2669.0,0.0
15114,2005,0.0,2657.0,0.0
15114,2024,0.0,1190.0,0.0
15115,1985,0.0,45089.0,0.0
15115,1996,0.0,30206.0,0.0
15115,2005,0.0,31563.0,0.0
15115,2024,0.0,39168.0,0.0
15116,1985,0.0,83971.0,0.0
15116,1996,0.0,75326.0,0.0
15116,2005,0.0,123848.0,0.0
15116,2024,0.0,241559.0,0.0
15117,1985,0.0,11236.0,0.0
15117,1996,0.0,7648.0,0.0
15117,2005,0.0,4623.0,0.0
15117,2024,0.0,3514.0,0.0
15118,1985,0.0,78696.0,0.0
15118,1996,0.0,72364.0,0.0
15118,2005,0.0,140362.0,0.0
15118,2024,0.0,204693.0,0.0
15119,1985,0.0,2596.0,0.0
15119,1996,0.0,1497.0,0.0
15119,2005,0.0,1148.0,0.0
15119,2024,0.0,1078.0,0.0
15120,1985,0.0,28420.0,0.0
15120,1996,0.0,23888.0,0.0
15120,2005,0.0,32257.0,0.0
15120,2024,0.0,49658.0,0.0
15121,1985,0.0,28739.0,0.0
15121,1996,0.0,15411.0,0.0
15121,2005,0.0,19580.0,0.0
15121,2024,0.0,24612.0,0.0
15122,1985,0.0,5734.0,0.0
15122,1996,0.0,5596.0,0.0
15122,2005,0.0,7772.0,0.0
15122,2024,0.0,17270.0,0.0
15123,1985,0.0,130313.0,0.0
15123,1996,0.0,143693.0,0.0
15123,2005,0.0,255708.0,0.0
15123,2024,0.0,358387.0,0.0
15124,1985,0.0,66024.0,0.0
15124,1996,0.0,59702.0,0.0
15124,2005,0.0,64776.0,0.0
15124,2024,0.0,69867.0,0.0
15125,1985,0.0,13513.0,0.0
15125,1996,0.0,3594.0,0.0
15125,2005,0.0,13822.0,0.0
15125,2024,0.0,62219.0,0.0
15126,1985,0.0,21929.0,0.0
15126,1996,0.0,15063.0,0.0
15126,2005,0.0,11871.0,0.0
15126,2024,0.0,12972.0,0.0
15127,1985,0.0,14326.0,0.0
15127,1996,0.0,11762.0,0.0
15127,2005,0.0,12655.0,0.0
15127,2024,0.0,19872.0,0.0
15128,1985,0.0,66677.0,0.0
15128,1996,0.0,26983.0,0.0
15128,2005,0.0,76333.0,0.0
15128,2024,0.0,149703.0,0.0
15129,1985,0.0,15645.0,0.0
15129,1996,0.0,7451.0,0.0
15129,2005,0.0,8005.0,0.0
15129,2024,0.0,9712.0,0.0
15130,1985,0.0,9074.0,0.0
15130,1996,0.0,2921.0,0.0
15130,2005,0.0,4503.0,0.0
15130,2024,0.0,3492.0,0.0
15131,1985,0.0,10393.0,0.0
15131,1996,0.0,5153.0,0.0
15131,2005,0.0,4758.0,0.0
15131,2024,0.0,8720.0,0.0
15132,1985,0.0,45347.0,0.0
15132,1996,0.0,36510.0,0.0
15132,2005,0.0,25643.0,0.0
15132,2024,0.0,27266.0,0.0
15133,1985,0.0,14799.0,0.0
15133,1996,0.0,12320.0,0.0
15133,2005,0.0,8706.0,0.0
15133,2024,0.0,12804.0,0.0
15134,1985,0.0,18795.0,0.0
15134,1996,0.0,8489.0,0.0
15134,2005,0.0,8838.0,0.0
15134,2024,0.0,8656.0,0.0
15135,1985,0.0,15365.0,0.0
15135,1996,0.0,11157.0,0.0
15135,2005,0.0,7692.0,0.0
15135,2024,0.0,11356.0,0.0
15136,1985,0.0,23245.0,0.0
15136,1996,0.0,36714.0,0.0
15136,2005,0.0,41516.0,0.0
15136,2024,0.0,38298.0,0.0
15137,1985,0.0,6813.0,0.0
15137,1996,0.0,4986.0,0.0
15137,2005,0.0,3035.0,0.0
15137,2024,0.0,4218.0,0.0
15138,1985,0.0,2160.0,0.0
15138,1996,0.0,2586.0,0.0
15138,2005,0.0,2357.0,0.0
15138,2024,0.0,2151.0,0.0
15139,1985,0.0,13597.0,0.0
15139,1996,0.0,8755.0,0.0
15139,2005,0.0,9750.0,0.0
15139,2024,0.0,6260.0,0.0
15140,1985,0.0,11659.0,0.0
15140,1996,0.0,4085.0,0.0
15140,2005,0.0,2696.0,0.0
15140,2024,0.0,1782.0,0.0
15141,1985,0.0,2267.0,0.0
15141,1996,0.0,709.0,0.0
15141,2005,0.0,1674.0,0.0
15141,2024,0.0,2760.0,0.0
15142,1985,0.0,45699.0,0.0
15142,1996,0.0,32834.0,0.0
15142,2005,0.0,33182.0,0.0
15142,2024,0.0,40979.0,0.0
15143,1985,0.0,21605.0,0.0
15143,1996,0.0,19901.0,0.0
15143,2005,0.0,14060.0,0.0
15143,2024,0.0,17325.0,0.0
15144,1985,0.0,21133.0,0.0
15144,1996,0.0,23039.0,0.0
15144,2005,0.0,15200.0,0.0
15144,2024,0.0,5306.0,0.0
15145,1985,0.0,40554.0,0.0
15145,1996,0.0,37289.0,0.0
15145,2005,0.0,40981.0,0.0
15145,2024,0.0,34972.0,0.0
15146,1985,0.0,55951.0,0.0
15146,1996,0.0,35702.0,0.0
15146,2005,0.0,67754.0,0.0
15146,2024,0.0,110057.0,0.0
15147,1985,0.0,5699.0,0.0
15147,1996,0.0,5055.0,0.0
15147,2005,0.0,5473.0,0.0
15147,2024,0.0,2810.0,0.0
15148,1985,0.0,4815.0,0.0
15148,1996,0.0,2528.0,0.0
15148,2005,0.0,2409.0,0.0
15148,2024,0.0,2054.0,0.0
15149,1985,0.0,24803.0,0.0
15149,1996,0.0,8180.0,0.0
15149,2005,0.0,5092.0,0.0
15149,2024,0.0,6336.0,0.0
15150,1985,0.0,34289.0,0.0
15150,1996,0.0,35236.0,0.0
15150,2005,0.0,35210.0,0.0
15150,2024,0.0,51197.0,0.0
15151,1985,0.0,31977.0,0.0
15151,1996,0.0,16674.0,0.0
15151,2005,0.0,19141.0,0.0
15151,2024,0.0,55264.0,0.0
15152,1985,0.0,864.0,0.0
15152,1996,0.0,921.0,0.0
15152,2005,0.0,626.0,0.0
15152,2024,0.0,117.0,0.0
15153,1985,0.0,31379.0,0.0
15153,1996,0.0,33129.0,0.0
15153,2005,0.0,20146.0,0.0
15153,2024,0.0,26705.0,0.0
15154,1985,0.0,21230.0,0.0
15154,1996,0.0,10308.0,0.0
15154,2005,0.0,5821.0,0.0
15154,2024,0.0,4371.0,0.0
15155,1985,0.0,11150.0,0.0
15155,1996,0.0,5330.0,0.0
15155,2005,0.0,4273.0,0.0
15155,2024,0.0,2613.0,0.0
15156,1985,0.0,9696.0,0.0
15156,1996,0.0,8947.0,0.0
15156,2005,0.0,11190.0,0.0
15156,2024,0.0,11474.0,0.0
15157,1985,0.0,27829.0,0.0
15157,1996,0.0,19376.0,0.0
15157,2005,0.0,18392.0,0.0
15157,2024,0.0,23222.0,0.0
15158,1985,0.0,27751.0,0.0
15158,1996,0.0,16627.0,0.0
15158,2005,0.0,30876.0,0.0
15158,2024,0.0,36583.0,0.0
15159,1985,0.0,19711.0,0.0
15159,1996,0.0,16158.0,0.0
15159,2005,0.0,20875.0,0.0
15159,2024,0.0,30696.0,0.0
15160,1985,0.0,3774.0,0.0
15160,1996,0.0,2747.0,0.0
15160,2005,0.0,3746.0,0.0
15160,2024,0.0,1884.0,0.0
15161,1985,0.0,26994.0,0.0
15161,1996,0.0,18580.0,0.0
15161,2005,0.0,17912.0,0.0
15161,2024,0.0,15370.0,0.0
15162,1985,0.0,32087.0,0.0
15162,1996,0.0,17796.0,0.0
15162,2005,0.0,12565.0,0.0
15162,2024,0.0,14528.0,0.0
15163,1985,0.0,46013.0,0.0
15163,1996,0.0,27336.0,0.0
15163,2005,0.0,45565.0,0.0
15163,2024,0.0,74826.0,0.0
15164,1985,0.0,96504.0,0.0
15164,1996,0.0,93253.0,0.0
15164,2005,0.0,110573.0,0.0
15164,2024,0.0,133001.0,0.0
15165,1985,0.0,35871.0,0.0
15165,1996,0.0,30218.0,0.0
15165,2005,0.0,27720.0,0.0
15165,2024,0.0,30188.0,0.0
15166,1985,0.0,123903.0,0.0
15166,1996,0.0,80182.0,0.0
15166,2005,0.0,172601.0,0.0
15166,2024,0.0,345628.0,0.0
15167,1985,0.0,10914.0,0.0
15167,1996,0.0,5430.0,0.0
15167,2005,0.0,11946.0,0.0
15167,2024,0.0,33563.0,0.0
15168,1985,0.0,20613.0,0.0
15168,1996,0.0,16528.0,0.0
15168,2005,0.0,24793.0,0.0
15168,2024,0.0,90886.0,0.0
15169,1985,0.0,55729.0,0.0
15169,1996,0.0,33015.0,0.0
15169,2005,0.0,33375.0,0.0
15169,2024,0.0,33221.0,0.0
15170,1985,0.0,61227.0,0.0
15170,1996,0.0,31180.0,0.0
15170,2005,0.0,52983.0,0.0
15170,2024,0.0,94835.0,0.0
15171,1985,0.0,59549.0,0.0
15171,1996,0.0,49984.0,0.0
15171,2005,0.0,47321.0,0.0
15171,2024,0.0,54822.0,0.0
15172,1985,0.0,7806.0,0.0
15172,1996,0.0,9198.0,0.0
15172,2005,0.0,4252.0,0.0
15172,2024,0.0,3012.0,0.0
15173,1985,0.0,603.0,0.0
15173,1996,0.0,116.0,0.0
15173,2005,0.0,114.0,0.0
15173,2024,0.0,36.0,0.0
15174,1985,0.0,56490.0,0.0
15174,1996,0.0,42974.0,0.0
15174,2005,0.0,33823.0,0.0
15174,2024,0.0,54983.0,0.0
15175,1985,0.0,2655.0,0.0
15175,1996,0.0,939.0,0.0
15175,2005,0.0,1370.0,0.0
15175,2024,0.0,549.0,0.0
15176,1985,0.0,27384.0,0.0
15176,1996,0.0,16814.0,0.0
15176,2005,0.0,15544.0,0.0
15176,2024,0.0,21868.0,0.0
15177,1985,0.0,37151.0,0.0
15177,1996,0.0,16553.0,0.0
15177,2005,0.0,12568.0,0.0
15177,2024,0.0,33279.0,0.0
15178,1985,0.0,24722.0,0.0
15178,1996,0.0,13025.0,0.0
15178,2005,0.0,9984.0,0.0
15178,2024,0.0,7155.0,0.0
15179,1985,0.0,28703.0,0.0
15179,1996,0.0,14960.0,0.0
15179,2005,0.0,18030.0,0.0
15179,2024,0.0,31579.0,0.0
15180,1985,0.0,23216.0,0.0
15180,1996,0.0,12943.0,0.0
15180,2005,0.0,21927.0,0.0
15180,2024,0.0,44767.0,0.0
15181,1985,0.0,100.0,0.0
15181,1996,0.0,76.0,0.0
15181,2005,0.0,20.0,0.0
15181,2024,0.0,50.0,0.0
15182,1985,0.0,21494.0,0.0
15182,1996,0.0,16385.0,0.0
15182,2005,0.0,16101.0,0.0
15182,2024,0.0,16674.0,0.0
15183,1985,0.0,49632.0,0.0
15183,1996,0.0,40645.0,0.0
15183,2005,0.0,45138.0,0.0
15183,2024,0.0,52490.0,0.0
15184,1985,0.0,12356.0,0.0
15184,1996,0.0,6486.0,0.0
15184,2005,0.0,6600.0,0.0
15184,2024,0.0,6019.0,0.0
15185,1985,0.0,1538.0,0.0
15185,1996,0.0,935.0,0.0
15185,2005,0.0,821.0,0.0
15185,2024,0.0,278.0,0.0
15186,1985,0.0,12670.0,0.0
15186,1996,0.0,10610.0,0.0
15186,2005,0.0,10981.0,0.0
15186,2024,0.0,7512.0,0.0
15187,1985,0.0,8565.0,0.0
15187,1996,0.0,8835.0,0.0
15187,2005,0.0,10598.0,0.0
15187,2024,0.0,7104.0,0.0
15188,1985,0.0,14048.0,0.0
15188,1996,0.0,18872.0,0.0
15188,2005,0.0,22424.0,0.0
15188,2024,0.0,25090.0,0.0
15189,1985,0.0,13670.0,0.0
15189,1996,0.0,5792.0,0.0
15189,2005,0.0,11925.0,0.0
15189,2024,0.0,12944.0,0.0
16001,1985,0.0,16935.0,0.0
16001,1996,0.0,12298.0,0.0
16001,2005,0.0,13029.0,0.0
16001,2024,0.0,231127.0,0.0
16002,1985,40.0,26530.0,0.03012888583280762
16002,1996,0.0,19954.0,0.0
16002,2005,0.0,26040.0,0.0
16002,2024,0.0,32883.0,0.0
16003,1985,0.0,66852.0,0.0
16003,1996,0.0,48575.0,0.0
16003,2005,0.0,68080.0,0.0
16003,2024,0.0,134179.0,0.0
16004,1985,0.0,3175.0,0.0
16004,1996,0.0,1412.0,0.0
16004,2005,0.0,9450.0,0.0
16004,2024,0.0,24884.0,0.0
16005,1985,0.0,16415.0,0.0
16005,1996,0.0,6270.0,0.0
16005,2005,0.0,9684.0,0.0
16005,2024,0.0,54203.0,0.0
16006,1985,0.0,81853.0,0.0
16006,1996,0.0,27876.0,0.0
16006,2005,0.0,114165.0,0.0
16006,2024,2412.0,497085.0,0.22079502797991027
16007,1985,0.0,11219.0,0.0
16007,1996,0.0,7394.0,0.0
16007,2005,0.0,11320.0,0.0
16007,2024,0.0,38942.0,0.0
16008,1985,10.0,25275.0,0.007906224937135371
16008,1996,0.0,4011.0,0.0
16008,2005,0.0,4833.0,0.0
16008,2024,0.0,21908.0,0.0
16009,1985,0.0,11475.0,0.0
16009,1996,0.0,1780.0,0.0
16009,2005,0.0,4310.0,0.0
16009,2024,0.0,5016.0,0.0
16010,1985,50.0,9228.0,0.1082736428728308
16010,1996,0.0,3539.0,0.0
16010,2005,0.0,7025.0,0.0
16010,2024,0.0,642.0,0.0
16011,1985,0.0,1241.0,0.0
16011,1996,0.0,1252.0,0.0
16011,2005,0.0,1521.0,0.0
16011,2024,0.0,277.0,0.0
16012,1985,0.0,1240.0,0.0
16012,1996,0.0,917.0,0.0
16012,2005,0.0,608.0,0.0
16012,2024,0.0,276.0,0.0
16013,1985,0.0,4474.0,0.0
16013,1996,0.0,4496.0,0.0
16013,2005,0.0,7083.0,0.0
16013,2024,0.0,8349.0,0.0
16014,1985,0.0,5730.0,0.0
16014,1996,0.0,4851.0,0.0
16014,2005,987.0,83653.0,0.5287885987778485
16014,2024,1965.0,187457.0,0.47698369802342244
16015,1985,0.0,17468.0,0.0
16015,1996,0.0,8254.0,0.0
16015,2005,0.0,38342.0,0.0
16015,2024,0.0,134219.0,0.0
16016,1985,0.0,5953.0,0.0
16016,1996,0.0,2647.0,0.0
16016,2005,0.0,6990.0,0.0
16016,2024,0.0,10189.0,0.0
16017,1985,0.0,2050.0,0.0
16017,1996,0.0,5930.0,0.0
16017,2005,0.0,63590.0,0.0
16017,2024,0.0,115984.0,0.0
16018,1985,0.0,3350.0,0.0
16018,1996,0.0,1155.0,0.0
16018,2005,0.0,18420.0,0.0
16018,2024,0.0,3261.0,0.0
16019,1985,0.0,2340.0,0.0
16019,1996,0.0,2990.0,0.0
16019,2005,0.0,13385.0,0.0
16019,2024,0.0,48797.0,0.0
16020,1985,0.0,8141.0,0.0
16020,1996,0.0,4394.0,0.0
16020,2005,0.0,9714.0,0.0
16020,2024,0.0,77382.0,0.0
16021,1985,0.0,9383.0,0.0
16021,1996,2.0,3578.0,0.03015924640060976
16021,2005,0.0,25920.0,0.0
16021,2024,0.0,113875.0,0.0
16022,1985,0.0,3130.0,0.0
16022,1996,0.0,1150.0,0.0
16022,2005,0.0,1440.0,0.0
16022,2024,0.0,234.0,0.0
16023,1985,0.0,8260.0,0.0
16023,1996,0.0,3266.0,0.0
16023,2005,250.0,25449.0,0.4402665976564783
16023,2024,4050.0,41968.0,4.391161337700718
16024,1985,0.0,3330.0,0.0
16024,1996,0.0,1760.0,0.0
16024,2005,0.0,2350.0,0.0
16024,2024,0.0,22853.0,0.0
16025,1985,0.0,7050.0,0.0
16025,1996,0.0,3425.0,0.0
16025,2005,0.0,1100.0,0.0
16025,2024,0.0,19460.0,0.0
16026,1985,0.0,34184.0,0.0
16026,1996,171.0,8984.0,1.0269686664768631
16026,2005,0.0,22719.0,0.0
16026,2024,72.0,122880.0,0.02666207451108561
16027,1985,0.0,5480.0,0.0
16027,1996,0.0,2696.0,0.0
16027,2005,0.0,13326.0,0.0
16027,2024,0.0,9639.0,0.0
16028,1985,0.0,4680.0,0.0
16028,1996,0.0,1190.0,0.0
16028,2005,0.0,1770.0,0.0
16028,2024,0.0,75.0,0.0
16029,1985,0.0,2084.0,0.0
16029,1996,0.0,1121.0,0.0
16029,2005,0.0,3555.0,0.0
16029,2024,0.0,25936.0,0.0
16030,1985,0.0,5110.0,0.0
16030,1996,0.0,3128.0,0.0
16030,2005,0.0,2170.0,0.0
16030,2024,0.0,24603.0,0.0
16031,1985,0.0,4085.0,0.0
16031,1996,0.0,1264.0,0.0
16031,2005,0.0,40260.0,0.0
16031,2024,0.0,62297.0,0.0
16032,1985,0.0,8060.0,0.0
16032,1996,0.0,1273.0,0.0
16032,2005,0.0,10884.0,0.0
16032,2024,0.0,75740.0,0.0
16033,1985,0.0,1890.0,0.0
16033,1996,0.0,1427.0,0.0
16033,2005,0.0,3421.0,0.0
16033,2024,0.0,1008.0,0.0
16034,1985,0.0,44565.0,0.0
16034,1996,0.0,3942.0,0.0
16034,2005,0.0,4190.0,0.0
16034,2024,0.0,6794.0,0.0
16035,1985,0.0,3410.0,0.0
16035,1996,0.0,1640.0,0.0
16035,2005,0.0,3140.0,0.0
16035,2024,0.0,15074.0,0.0
16036,1985,0.0,4495.0,0.0
16036,1996,0.0,1203.0,0.0
16036,2005,0.0,2680.0,0.0
16036,2024,0.0,4657.0,0.0
16037,1985,0.0,2493.0,0.0
16037,1996,0.0,1077.0,0.0
16037,2005,0.0,1895.0,0.0
16037,2024,0.0,11989.0,0.0
16038,1985,0.0,1831.0,0.0
16038,1996,0.0,2727.0,0.0
16038,2005,0.0,4660.0,0.0
16038,2024,0.0,523.0,0.0
16039,1985,61.0,12308.0,0.0990381861590176
16039,1996,0.0,11806.0,0.0
16039,2005,0.0,10913.0,0.0
16039,2024,0.0,28457.0,0.0
16040,1985,0.0,4927.0,0.0
16040,1996,0.0,4577.0,0.0
16040,2005,0.0,6985.0,0.0
16040,2024,0.0,11023.0,0.0
16041,1985,2354.0,76645.0,0.6137379245397236
16041,1996,12040.0,115569.0,5.621030703741643
16041,2005,52343.0,213950.0,10.964599423946058
16041,2024,1180.0,454685.0,0.11809024516326308
16042,1985,17.0,20417.0,0.016638620756544258
16042,1996,0.0,6725.0,0.0
16042,2005,0.0,3170.0,0.0
16042,2024,0.0,9415.0,0.0
16043,1985,0.0,20983.0,0.0
16043,1996,0.0,24588.0,0.0
16043,2005,0.0,50498.0,0.0
16043,2024,0.0,117053.0,0.0
16044,1985,0.0,1880.0,0.0
16044,1996,0.0,780.0,0.0
16044,2005,0.0,500.0,0.0
16044,2024,0.0,398.0,0.0
16045,1985,0.0,28016.0,0.0
16045,1996,0.0,57605.0,0.0
16045,2005,500.0,90945.0,0.24639825485204722
16045,2024,3636.0,151210.0,1.0941730285964624
16046,1985,0.0,6375.0,0.0
16046,1996,0.0,3540.0,0.0
16046,2005,0.0,4595.0,0.0
16046,2024,0.0,9895.0,0.0
16047,1985,0.0,1845.0,0.0
16047,1996,0.0,1000.0,0.0
16047,2005,0.0,1145.0,0.0
16047,2024,0.0,4634.0,0.0
16048,1985,0.0,10950.0,0.0
16048,1996,0.0,8995.0,0.0
16048,2005,0.0,6050.0,0.0
16048,2024,0.0,11638.0,0.0
16049,1985,0.0,8750.0,0.0
16049,1996,0.0,2342.0,0.0
16049,2005,0.0,5420.0,0.0
16049,2024,0.0,27077.0,0.0
16050,1985,0.0,2027.0,0.0
16050,1996,0.0,1261.0,0.0
16050,2005,0.0,2740.0,0.0
16050,2024,0.0,3907.0,0.0
16051,1985,0.0,22816.0,0.0
16051,1996,0.0,17744.0,0.0
16051,2005,0.0,16623.0,0.0
16051,2024,0.0,19630.0,0.0
16052,1985,0.0,2560.0,0.0
16052,1996,0.0,1250.0,0.0
16052,2005,0.0,2030.0,0.0
16052,2024,0.0,10618.0,0.0
16053,1985,0.0,5056.0,0.0
16053,1996,0.0,3613.0,0.0
16053,2005,0.0,4050.0,0.0
16053,2024,0.0,15470.0,0.0
16054,1985,0.0,325.0,0.0
16054,1996,0.0,190.0,0.0
16054,2005,0.0,70.0,0.0
16054,2024,0.0,538.0,0.0
16055,1985,0.0,1319.0,0.0
16055,1996,0.0,235.0,0.0
16055,2005,0.0,114.0,0.0
16055,2024,0.0,403.0,0.0
16056,1985,0.0,74019.0,0.0
16056,1996,0.0,202590.0,0.0
16056,2005,4120.0,423532.0,0.4359708350943025
16056,2024,1200.0,781060.0,0.06991003072581278
16057,1985,0.0,118763.0,0.0
16057,1996,1006.0,158279.0,0.34293002332308775
16057,2005,24815.0,341960.0,3.2522612274523026
16057,2024,12500.0,652500.0,0.871710226671509
16058,1985,0.0,3716.0,0.0
16058,1996,0.0,1415.0,0.0
16058,2005,0.0,3007.0,0.0
16058,2024,0.0,1644.0,0.0
16059,1985,0.0,2237.0,0.0
16059,1996,0.0,234.0,0.0
16059,2005,0.0,87.0,0.0
16059,2024,0.0,1496.0,0.0
16060,1985,0.0,12510.0,0.0
16060,1996,0.0,9232.0,0.0
16060,2005,200.0,11791.0,0.7601963968287485
16060,2024,0.0,41574.0,0.0
16061,1985,24.0,11648.0,0.04117372979795945
16061,1996,0.0,2729.0,0.0
16061,2005,0.0,7971.0,0.0
16061,2024,0.0,70095.0,0.0
16062,1985,0.0,7899.0,0.0
16062,1996,0.0,4817.0,0.0
16062,2005,0.0,3758.0,0.0
16062,2024,0.0,33651.0,0.0
16063,1985,0.0,1810.0,0.0
16063,1996,0.0,1580.0,0.0
16063,2005,0.0,1810.0,0.0
16063,2024,0.0,1005.0,0.0
16064,1985,0.0,5035.0,0.0
16064,1996,0.0,2599.0,0.0
16064,2005,0.0,2015.0,0.0
16064,2024,0.0,3950.0,0.0
16065,1985,0.0,3158.0,0.0
16065,1996,0.0,1650.0,0.0
16065,2005,0.0,3980.0,0.0
16065,2024,0.0,15035.0,0.0
16066,1985,0.0,32779.0,0.0
16066,1996,0.0,15110.0,0.0
16066,2005,525.0,30383.0,0.7744173963037029
16066,2024,0.0,66034.0,0.0
16067,1985,0.0,7622.0,0.0
16067,1996,0.0,5860.0,0.0
16067,2005,0.0,8010.0,0.0
16067,2024,0.0,48829.0,0.0
16068,1985,0.0,8928.0,0.0
16068,1996,0.0,1463.0,0.0
16068,2005,0.0,3081.0,0.0
16068,2024,0.0,21050.0,0.0
16069,1985,2098.0,78498.0,0.5340811159905099
16069,1996,2210.0,56635.0,2.105417337364294
16069,2005,730.0,102380.0,0.3195613045495055
16069,2024,0.0,129563.0,0.0
16070,1985,0.0,5000.0,0.0
16070,1996,0.0,6858.0,0.0
16070,2005,0.0,6125.0,0.0
16070,2024,0.0,21398.0,0.0
16071,1985,0.0,30674.0,0.0
16071,1996,0.0,5645.0,0.0
16071,2005,0.0,10187.0,0.0
16071,2024,0.0,47795.0,0.0
16072,1985,0.0,2518.0,0.0
16072,1996,0.0,1359.0,0.0
16072,2005,0.0,3390.0,0.0
16072,2024,0.0,960.0,0.0
16073,1985,0.0,946.0,0.0
16073,1996,0.0,310.0,0.0
16073,2005,0.0,500.0,0.0
16073,2024,1067.0,8727.0,5.56342307539976
16074,1985,0.0,6979.0,0.0
16074,1996,0.0,3449.0,0.0
16074,2005,240.0,8232.0,1.306629112974894
16074,2024,0.0,31050.0,0.0
16075,1985,0.0,2590.0,0.0
16075,1996,0.0,349.0,0.0
16075,2005,0.0,1587.0,0.0
16075,2024,0.0,121.0,0.0
16076,1985,0.0,15360.0,0.0
16076,1996,0.0,16726.0,0.0
16076,2005,0.0,48480.0,0.0
16076,2024,722.0,61145.0,0.5373025383414262
16077,1985,0.0,1578.0,0.0
16077,1996,0.0,2570.0,0.0
16077,2005,0.0,580.0,0.0
16077,2024,0.0,10465.0,0.0
16078,1985,0.0,1170.0,0.0
16078,1996,0.0,890.0,0.0
16078,2005,0.0,330.0,0.0
16078,2024,0.0,2010.0,0.0
16079,1985,24804.0,96565.0,5.132894148435083
16079,1996,10050.0,73683.0,7.359182751753365
16079,2005,6550.0,110422.0,2.6584723122792973
16079,2024,90.0,202390.0,0.020234668930790796
16080,1985,0.0,3230.0,0.0
16080,1996,0.0,1358.0,0.0
16080,2005,0.0,3778.0,0.0
16080,2024,0.0,28567.0,0.0
16081,1985,0.0,35356.0,0.0
16081,1996,0.0,29498.0,0.0
16081,2005,3500.0,138611.0,1.1316621697602356
16081,2024,1250.0,392111.0,0.1450586499494173
16082,1985,0.0,7996.0,0.0
16082,1996,0.0,10181.0,0.0
16082,2005,437.0,23057.0,0.8494250959488218
16082,2024,0.0,62207.0,0.0
16083,1985,0.0,2089.0,0.0
16083,1996,0.0,4066.0,0.0
16083,2005,0.0,2820.0,0.0
16083,2024,0.0,980.0,0.0
16084,1985,0.0,22395.0,0.0
16084,1996,0.0,8150.0,0.0
16084,2005,0.0,17041.0,0.0
16084,2024,0.0,47087.0,0.0
16085,1985,0.0,1500.0,0.0
16085,1996,0.0,1761.0,0.0
16085,2005,0.0,13155.0,0.0
16085,2024,0.0,16007.0,0.0
16086,1985,0.0,11893.0,0.0
16086,1996,0.0,38000.0,0.0
16086,2005,4000.0,68250.0,2.626659550185428
16086,2024,0.0,103154.0,0.0
16087,1985,0.0,3215.0,0.0
16087,1996,0.0,673.0,0.0
16087,2005,0.0,2000.0,0.0
16087,2024,0.0,368.0,0.0
16088,1985,0.0,3550.0,0.0
16088,1996,0.0,3765.0,0.0
16088,2005,0.0,1564.0,0.0
16088,2024,0.0,601.0,0.0
16089,1985,0.0,15654.0,0.0
16089,1996,0.0,8715.0,0.0
16089,2005,0.0,13815.0,0.0
16089,2024,0.0,12305.0,0.0
16090,1985,5700.0,222660.0,0.5115557626564045
16090,1996,15650.0,306046.0,2.759042943993099
16090,2005,10411.0,591962.0,0.788215676588581
16090,2024,3080.0,1172127.0,0.11956902571422597
16091,1985,0.0,15484.0,0.0
16091,1996,0.0,48675.0,0.0
16091,2005,1800.0,93880.0,0.8593021030578394
16091,2024,0.0,144860.0,0.0
16092,1985,0.0,4699.0,0.0
16092,1996,0.0,1579.0,0.0
16092,2005,0.0,4623.0,0.0
16092,2024,0.0,3795.0,0.0
16093,1985,0.0,8450.0,0.0
16093,1996,0.0,3198.0,0.0
16093,2005,0.0,2594.0,0.0
16093,2024,0.0,1826.0,0.0
16094,1985,0.0,23808.0,0.0
16094,1996,0.0,12260.0,0.0
16094,2005,0.0,13515.0,0.0
16094,2024,0.0,18265.0,0.0
16095,1985,1700.0,21631.0,1.5704808838535624
16095,1996,45.0,22886.0,0.10608975493669007
16095,2005,2880.0,28864.0,4.471800523008312
16095,2024,1030.0,70065.0,0.6689270255793957
16096,1985,0.0,12536.0,0.0
16096,1996,0.0,10186.0,0.0
16096,2005,1385.0,7985.0,7.773584136058713
16096,2024,0.0,33685.0,0.0
16097,1985,0.0,2040.0,0.0
16097,1996,0.0,2360.0,0.0
16097,2005,0.0,3090.0,0.0
16097,2024,0.0,240.0,0.0
16098,1985,0.0,2386.0,0.0
16098,1996,0.0,2670.0,0.0
16098,2005,340.0,5240.0,2.907997846471987
16098,2024,0.0,17555.0,0.0
16099,1985,0.0,43472.0,0.0
16099,1996,0.0,82322.0,0.0
16099,2005,4960.0,199123.0,1.1163662546877697
16099,2024,7900.0,552070.0,0.6511418176586247
16100,1985,0.0,1139.0,0.0
16100,1996,0.0,1397.0,0.0
16100,2005,0.0,1598.0,0.0
16100,2024,0.0,8265.0,0.0
16101,1985,0.0,18760.0,0.0
16101,1996,0.0,7838.0,0.0
16101,2005,6.0,7274.0,0.03696786794751625
16101,2024,0.0,82065.0,0.0
16102,1985,0.0,776.0,0.0
16102,1996,0.0,1559.0,0.0
16102,2005,0.0,2075.0,0.0
16102,2024,0.0,7207.0,0.0
16103,1985,0.0,1985.0,0.0
16103,1996,0.0,1390.0,0.0
16103,2005,0.0,520.0,0.0
16103,2024,0.0,4160.0,0.0
16104,1985,0.0,1480.0,0.0
16104,1996,0.0,271.0,0.0
16104,2005,0.0,1271.0,0.0
16104,2024,0.0,5.0,0.0
16105,1985,0.0,1321.0,0.0
16105,1996,0.0,700.0,0.0
16105,2005,0.0,1649.0,0.0
16105,2024,0.0,410.0,0.0
16106,1985,0.0,771.0,0.0
16106,1996,0.0,810.0,0.0
16106,2005,0.0,1240.0,0.0
16106,2024,0.0,3972.0,0.0
16107,1985,0.0,1858.0,0.0
16107,1996,0.0,1050.0,0.0
16107,2005,0.0,1230.0,0.0
16107,2024,0.0,8518.0,0.0
16108,1985,2686.0,39072.0,1.3737278295926885
16108,1996,5320.0,38379.0,7.479090764034378
16108,2005,1600.0,84815.0,0.8454613655610704
16108,2024,0.0,96693.0,0.0
16109,1985,0.0,1323.0,0.0
16109,1996,0.0,639.0,0.0
16109,2005,0.0,1338.0,0.0
16109,2024,0.0,2035.0,0.0
16110,1985,0.0,3053.0,0.0
16110,1996,0.0,1579.0,0.0
16110,2005,0.0,1190.0,0.0
16110,2024,0.0,5030.0,0.0
16111,1985,0.0,7958.0,0.0
16111,1996,208.0,2695.0,4.164236547912319
16111,2005,25.0,3145.0,0.3562589711847286
16111,2024,0.0,35065.0,0.0
16112,1985,0.0,3745.0,0.0
16112,1996,0.0,3252.0,0.0
16112,2005,0.0,11744.0,0.0
16112,2024,0.0,27031.0,0.0
16113,1985,0.0,20512.0,0.0
16113,1996,0.0,12612.0,0.0
16113,2005,0.0,18127.0,0.0
16113,2024,0.0,56868.0,0.0
16114,1985,0.0,19119.0,0.0
16114,1996,0.0,4003.0,0.0
16114,2005,0.0,3650.0,0.0
16114,2024,0.0,7766.0,0.0
16115,1985,0.0,15205.0,0.0
16115,1996,0.0,38223.0,0.0
16115,2005,290.0,105370.0,0.12334668109292277
16115,2024,0.0,231195.0,0.0
16116,1985,0.0,1605.0,0.0
16116,1996,0.0,1167.0,0.0
16116,2005,0.0,1540.0,0.0
16116,2024,0.0,170.0,0.0
16117,1985,0.0,4816.0,0.0
16117,1996,0.0,1812.0,0.0
16117,2005,0.0,1215.0,0.0
16117,2024,0.0,5190.0,0.0
16118,1985,0.0,2480.0,0.0
16118,1996,0.0,2650.0,0.0
16118,2005,0.0,1140.0,0.0
16118,2024,0.0,6141.0,0.0
16119,1985,0.0,14896.0,0.0
16119,1996,0.0,16133.0,0.0
16119,2005,0.0,24229.0,0.0
16119,2024,0.0,58310.0,0.0
16120,1985,0.0,4004.0,0.0
16120,1996,0.0,1910.0,0.0
16120,2005,0.0,4159.0,0.0
16120,2024,0.0,6790.0,0.0
16121,1985,3100.0,87004.0,0.712004608278814
16121,1996,4937.0,81855.0,3.254233716564422
16121,2005,5420.0,140075.0,1.7341437935156925
16121,2024,1050.0,233292.0,0.20480101128142159
16122,1985,3670.0,47480.0,1.5445987689552954
16122,1996,149.0,44269.0,0.18160064333490566
16122,2005,1542.0,71556.0,0.9657945911273678
16122,2024,0.0,186815.0,0.0
16123,1985,0.0,36213.0,0.0
16123,1996,0.0,12131.0,0.0
16123,2005,0.0,7925.0,0.0
16123,2024,0.0,8815.0,0.0
16124,1985,0.0,1405.0,0.0
16124,1996,0.0,892.0,0.0
16124,2005,0.0,1580.0,0.0
16124,2024,0.0,358.0,0.0
16125,1985,0.0,9260.0,0.0
16125,1996,0.0,3963.0,0.0
16125,2005,0.0,1614.0,0.0
16125,2024,0.0,80.0,0.0
16126,1985,0.0,6633.0,0.0
16126,1996,0.0,1435.0,0.0
16126,2005,0.0,1925.0,0.0
16126,2024,0.0,2350.0,0.0
16127,1985,0.0,5298.0,0.0
16127,1996,0.0,2433.0,0.0
16127,2005,0.0,1730.0,0.0
16127,2024,0.0,20890.0,0.0
16128,1985,0.0,1660.0,0.0
16128,1996,0.0,1673.0,0.0
16128,2005,0.0,2928.0,0.0
16128,2024,0.0,5580.0,0.0
16129,1985,7.0,2592.0,0.053966390702263715
16129,1996,120.0,786.0,8.237388062700894
16129,2005,0.0,1763.0,0.0
16129,2024,0.0,3325.0,0.0
16130,1985,241.0,17294.0,0.2784722464666894
16130,1996,2650.0,34931.0,4.093225596127531
16130,2005,4701.0,39287.0,5.362753498135712
16130,2024,0.0,82129.0,0.0
16131,1985,0.0,9583.0,0.0
16131,1996,0.0,6496.0,0.0
16131,2005,0.0,11384.0,0.0
16131,2024,0.0,10230.0,0.0
16132,1985,0.0,19559.0,0.0
16132,1996,1000.0,50524.0,1.0679061794531484
16132,2005,6840.0,92890.0,3.300149310509913
16132,2024,0.0,167014.0,0.0
16133,1985,0.0,5860.0,0.0
16133,1996,0.0,3324.0,0.0
16133,2005,0.0,3440.0,0.0
16133,2024,0.0,17570.0,0.0
16134,1985,0.0,1730.0,0.0
16134,1996,0.0,880.0,0.0
16134,2005,0.0,1225.0,0.0
16134,2024,0.0,2018.0,0.0
16135,1985,0.0,33234.0,0.0
16135,1996,0.0,20347.0,0.0
16135,2005,0.0,44582.0,0.0
16135,2024,0.0,66413.0,0.0
16136,1985,4.0,9336.0,0.008561689600946724
16136,1996,0.0,4318.0,0.0
16136,2005,0.0,4970.0,0.0
16136,2024,0.0,5180.0,0.0
16137,1985,0.0,15385.0,0.0
16137,1996,0.0,2482.0,0.0
16137,2005,0.0,1900.0,0.0
16137,2024,0.0,1502.0,0.0
16138,1985,0.0,3290.0,0.0
16138,1996,0.0,1887.0,0.0
16138,2005,0.0,510.0,0.0
16138,2024,0.0,6082.0,0.0
16139,1985,0.0,6180.0,0.0
16139,1996,0.0,1020.0,0.0
16139,2005,0.0,1400.0,0.0
16139,2024,0.0,5120.0,0.0
16140,1985,0.0,6720.0,0.0
16140,1996,0.0,1748.0,0.0
16140,2005,0.0,3880.0,0.0
16140,2024,0.0,20913.0,0.0
16141,1985,0.0,5427.0,0.0
16141,1996,0.0,2186.0,0.0
16141,2005,0.0,2066.0,0.0
16141,2024,0.0,3670.0,0.0
16142,1985,0.0,3903.0,0.0
16142,1996,0.0,2951.0,0.0
16142,2005,0.0,2605.0,0.0
16142,2024,0.0,4035.0,0.0
16143,1985,0.0,40335.0,0.0
16143,1996,0.0,13068.0,0.0
16143,2005,0.0,11970.0,0.0
16143,2024,0.0,16855.0,0.0
16144,1985,0.0,1569.0,0.0
16144,1996,0.0,921.0,0.0
16144,2005,0.0,2250.0,0.0
16144,2024,0.0,5040.0,0.0
16145,1985,0.0,12237.0,0.0
16145,1996,0.0,5229.0,0.0
16145,2005,0.0,2408.0,0.0
16145,2024,0.0,4179.0,0.0
16146,1985,0.0,12360.0,0.0
16146,1996,0.0,12001.0,0.0
16146,2005,0.0,29814.0,0.0
16146,2024,0.0,35989.0,0.0
16147,1985,0.0,7845.0,0.0
16147,1996,0.0,4856.0,0.0
16147,2005,1400.0,12650.0,4.96002608735608
16147,2024,404.0,29904.0,0.6147446036727569
16148,1985,0.0,2549.0,0.0
16148,1996,0.0,4030.0,0.0
16148,2005,0.0,4010.0,0.0
16148,2024,0.0,10667.0,0.0
16149,1985,0.0,414.0,0.0
16149,1996,0.0,194.0,0.0
16149,2005,0.0,380.0,0.0
16149,2024,0.0,4405.0,0.0
16150,1985,820.0,14628.0,1.1201836541878532
16150,1996,200.0,9320.0,1.1578302963667566
16150,2005,0.0,19422.0,0.0
16150,2024,0.0,31697.0,0.0
16151,1985,50.0,15746.0,0.06345415828975502
16151,1996,50.0,19521.0,0.1381970488466033
16151,2005,430.0,35165.0,0.5480299384975604
16151,2024,0.0,121119.0,0.0
16152,1985,0.0,1241.0,0.0
16152,1996,0.0,652.0,0.0
16152,2005,0.0,570.0,0.0
16152,2024,0.0,2000.0,0.0
16153,1985,0.0,2775.0,0.0
16153,1996,0.0,1354.0,0.0
16153,2005,0.0,2342.0,0.0
16153,2024,0.0,2538.0,0.0
16154,1985,0.0,16275.0,0.0
16154,1996,0.0,1635.0,0.0
16154,2005,0.0,18018.0,0.0
16154,2024,0.0,62800.0,0.0
16155,1985,314.0,23873.0,0.2628348690145114
16155,1996,30.0,32717.0,0.04947418022192517
16155,2005,3160.0,51470.0,2.751562391628576
16155,2024,164.0,95317.0,0.07829177280537003
16156,1985,0.0,20658.0,0.0
16156,1996,0.0,6085.0,0.0
16156,2005,0.0,6260.0,0.0
16156,2024,0.0,7400.0,0.0
16157,1985,0.0,7940.0,0.0
16157,1996,0.0,1675.0,0.0
16157,2005,0.0,680.0,0.0
16157,2024,0.0,5130.0,0.0
16158,1985,0.0,6230.0,0.0
16158,1996,0.0,1746.0,0.0
16158,2005,0.0,1865.0,0.0
16158,2024,0.0,3615.0,0.0
16159,1985,72.0,4346.0,0.3310572512793132
16159,1996,0.0,1778.0,0.0
16159,2005,0.0,2209.0,0.0
16159,2024,0.0,4700.0,0.0
16160,1985,0.0,1470.0,0.0
16160,1996,0.0,804.0,0.0
16160,2005,0.0,349.0,0.0
16160,2024,0.0,1970.0,0.0
16161,1985,0.0,4560.0,0.0
16161,1996,0.0,575.0,0.0
16161,2005,0.0,910.0,0.0
16161,2024,0.0,885.0,0.0
16162,1985,0.0,455.0,0.0
16162,1996,0.0,1330.0,0.0
16162,2005,0.0,490.0,0.0
16162,2024,0.0,1235.0,0.0
16163,1985,90.0,3930.0,0.4576255769910607
16163,1996,0.0,1366.0,0.0
16163,2005,0.0,2050.0,0.0
16163,2024,0.0,842.0,0.0
16164,1985,0.0,2365.0,0.0
16164,1996,0.0,909.0,0.0
16164,2005,0.0,960.0,0.0
16164,2024,0.0,325.0,0.0
16165,1985,0.0,1570.0,0.0
16165,1996,0.0,789.0,0.0
16165,2005,0.0,540.0,0.0
16165,2024,0.0,210.0,0.0
16166,1985,65.0,17386.0,0.07470918724028686
16166,1996,0.0,3476.0,0.0
16166,2005,0.0,7165.0,0.0
16166,2024,0.0,26105.0,0.0
16167,1985,0.0,8765.0,0.0
16167,1996,0.0,13648.0,0.0
16167,2005,0.0,31480.0,0.0
16167,2024,0.0,56603.0,0.0
16168,1985,0.0,2885.0,0.0
16168,1996,0.0,1143.0,0.0
16168,2005,0.0,1060.0,0.0
16168,2024,0.0,342.0,0.0
16169,1985,0.0,617.0,0.0
16169,1996,0.0,1100.0,0.0
16169,2005,0.0,1330.0,0.0
16169,2024,0.0,7390.0,0.0
16170,1985,0.0,17730.0,0.0
16170,1996,0.0,8300.0,0.0
16170,2005,0.0,16930.0,0.0
16170,2024,0.0,96187.0,0.0
16171,1985,0.0,376.0,0.0
16171,1996,0.0,162.0,0.0
16171,2005,0.0,154.0,0.0
16171,2024,0.0,2214.0,0.0
16172,1985,949.0,3829.0,4.952690354831694
16172,1996,200.0,2662.0,4.053710879841537
16172,2005,0.0,2280.0,0.0
16172,2024,0.0,9411.0,0.0
16173,1985,3170.0,12090.0,5.239541586905921
16173,1996,870.0,6818.0,6.884827790451899
16173,2005,2600.0,9180.0,12.693375195544775
16173,2024,0.0,18632.0,0.0
16174,1985,5.0,3415.0,0.02925766256018983
16174,1996,0.0,7330.0,0.0
16174,2005,0.0,3030.0,0.0
16174,2024,0.0,25805.0,0.0
16175,1985,0.0,10390.0,0.0
16175,1996,0.0,4960.0,0.0
16175,2005,0.0,5515.0,0.0
16175,2024,0.0,2547.0,0.0
16176,1985,0.0,15412.0,0.0
16176,1996,0.0,10416.0,0.0
16176,2005,230.0,62150.0,0.16585675096152758
16176,2024,200.0,119542.0,0.07612935007320068
16177,1985,0.0,28171.0,0.0
16177,1996,0.0,12829.0,0.0
16177,2005,350.0,25484.0,0.615526703078936
16177,2024,0.0,57305.0,0.0
16178,1985,0.0,3525.0,0.0
16178,1996,0.0,3395.0,0.0
16178,2005,0.0,6090.0,0.0
16178,2024,0.0,27215.0,0.0
16179,1985,1185.0,37891.0,0.6249461740625066
16179,1996,1400.0,47926.0,1.5761141871837252
16179,2005,0.0,89063.0,0.0
16179,2024,0.0,109116.0,0.0
16180,1985,0.0,18352.0,0.0
16180,1996,0.0,20046.0,0.0
16180,2005,281.0,33043.0,0.38113014495009295
16180,2024,0.0,38210.0,0.0
16181,1985,0.0,3565.0,0.0
16181,1996,0.0,1178.0,0.0
16181,2005,0.0,4865.0,0.0
16181,2024,0.0,2832.0,0.0
16182,1985,0.0,2590.0,0.0
16182,1996,0.0,2802.0,0.0
16182,2005,0.0,4230.0,0.0
16182,2024,0.0,5715.0,0.0
16183,1985,0.0,3178.0,0.0
16183,1996,0.0,1520.0,0.0
16183,2005,0.0,1360.0,0.0
16183,2024,0.0,1945.0,0.0
16184,1985,0.0,9870.0,0.0
16184,1996,0.0,2318.0,0.0
16184,2005,0.0,2497.0,0.0
16184,2024,0.0,1880.0,0.0
16185,1985,0.0,3607.0,0.0
16185,1996,0.0,1309.0,0.0
16185,2005,0.0,2510.0,0.0
16185,2024,0.0,4826.0,0.0
16186,1985,0.0,3149.0,0.0
16186,1996,0.0,2239.0,0.0
16186,2005,0.0,13515.0,0.0
16186,2024,0.0,39397.0,0.0
16187,1985,10700.0,37333.0,5.727316951654656
16187,1996,23500.0,62816.0,20.18498404150591
16187,2005,503.0,80131.0,0.2813285922207953
16187,2024,930.0,145125.0,0.29159720698704616
16188,1985,0.0,1565.0,0.0
16188,1996,0.0,1252.0,0.0
16188,2005,0.0,12700.0,0.0
16188,2024,0.0,17007.0,0.0
16189,1985,0.0,4361.0,0.0
16189,1996,0.0,3774.0,0.0
16189,2005,0.0,1391.0,0.0
16189,2024,0.0,5780.0,0.0
16190,1985,0.0,5485.0,0.0
16190,1996,0.0,905.0,0.0
16190,2005,0.0,1610.0,0.0
16190,2024,0.0,3160.0,0.0
16191,1985,50.0,2310.0,0.4325321110088669
16191,1996,24.0,2678.0,0.48353898560738634
16191,2005,0.0,6410.0,0.0
16191,2024,0.0,10907.0,0.0
16192,1985,0.0,8030.0,0.0
16192,1996,0.0,13569.0,0.0
16192,2005,0.0,28708.0,0.0
16192,2024,0.0,77384.0,0.0
16193,1985,0.0,9322.0,0.0
16193,1996,0.0,5170.0,0.0
16193,2005,0.0,2520.0,0.0
16193,2024,0.0,5060.0,0.0
16194,1985,0.0,550.0,0.0
16194,1996,0.0,1090.0,0.0
16194,2005,0.0,1435.0,0.0
16194,2024,0.0,4812.0,0.0
16195,1985,0.0,22190.0,0.0
16195,1996,0.0,16559.0,0.0
16195,2005,0.0,43550.0,0.0
16195,2024,0.0,103500.0,0.0
16196,1985,0.0,2675.0,0.0
16196,1996,0.0,1458.0,0.0
16196,2005,0.0,4498.0,0.0
16196,2024,0.0,12495.0,0.0
16197,1985,0.0,417.0,0.0
16197,1996,0.0,320.0,0.0
16197,2005,0.0,830.0,0.0
16197,2024,0.0,1490.0,0.0
16198,1985,24.0,8877.0,0.05402631572452761
16198,1996,0.0,4840.0,0.0
16198,2005,0.0,6950.0,0.0
16198,2024,0.0,34720.0,0.0
16199,1985,0.0,10567.0,0.0
16199,1996,0.0,6515.0,0.0
16199,2005,0.0,7710.0,0.0
16199,2024,0.0,10180.0,0.0
16200,1985,0.0,1085.0,0.0
16200,1996,0.0,2926.0,0.0
16200,2005,0.0,2124.0,0.0
16200,2024,0.0,9565.0,0.0
16201,1985,0.0,1686.0,0.0
16201,1996,0.0,1774.0,0.0
16201,2005,0.0,1110.0,0.0
16201,2024,0.0,4862.0,0.0
16202,1985,0.0,8749.0,0.0
16202,1996,0.0,14718.0,0.0
16202,2005,0.0,30607.0,0.0
16202,2024,0.0,62172.0,0.0
16203,1985,0.0,59591.0,0.0
16203,1996,0.0,70088.0,0.0
16203,2005,4780.0,122593.0,1.7474657573326844
16203,2024,0.0,187573.0,0.0
2001,1985,0.0,3035.0,0.0
2001,1996,0.0,1290.0,0.0
2001,2005,0.0,1800.0,0.0
2001,2024,0.0,2395.0,0.0
2002,1985,0.0,9780.0,0.0
2002,1996,0.0,18443.0,0.0
2002,2005,0.0,25655.0,0.0
2002,2024,0.0,13262.0,0.0
2003,1985,0.0,9170.0,0.0
2003,1996,0.0,13525.0,0.0
2003,2005,0.0,51427.0,0.0
2003,2024,0.0,58660.0,0.0
2004,1985,0.0,244.0,0.0
2004,1996,0.0,101.0,0.0
2004,2005,0.0,0.0,0.0
2004,2024,0.0,110.0,0.0
2005,1985,0.0,15525.0,0.0
2005,1996,0.0,40394.0,0.0
2005,2005,0.0,47261.0,0.0
2005,2024,0.0,42975.0,0.0
2006,1985,0.0,6806.0,0.0
2006,1996,0.0,32584.0,0.0
2006,2005,0.0,20154.0,0.0
2006,2024,0.0,13882.0,0.0
2007,1985,0.0,8182.0,0.0
2007,1996,0.0,911.0,0.0
2007,2005,0.0,618.0,0.0
2007,2024,0.0,401.0,0.0
2008,1985,0.0,11751.0,0.0
2008,1996,0.0,39538.0,0.0
2008,2005,0.0,47166.0,0.0
2008,2024,0.0,46719.0,0.0
2009,1985,0.0,239.0,0.0
2009,1996,0.0,0.0,0.0
2009,2005,0.0,130.0,0.0
2009,2024,0.0,292.0,0.0
2010,1985,0.0,87.0,0.0
2010,1996,0.0,100.0,0.0
2010,2005,0.0,0.0,0.0
2010,2024,0.0,0.0,0.0
2011,1985,0.0,46764.0,0.0
2011,1996,60.0,130870.0,0.024736712070309863
2011,2005,0.0,155659.0,0.0
2011,2024,0.0,202717.0,0.0
2012,1985,75.0,2721.0,0.5507988844710489
2012,1996,15.0,6092.0,0.13285019323052574
2012,2005,0.0,7582.0,0.0
2012,2024,0.0,2444.0,0.0
2013,1985,0.0,1825.0,0.0
2013,1996,0.0,16507.0,0.0
2013,2005,0.0,17222.0,0.0
2013,2024,0.0,5268.0,0.0
2014,1985,0.0,420.0,0.0
2014,1996,0.0,230.0,0.0
2014,2005,0.0,305.0,0.0
2014,2024,0.0,812.0,0.0
2015,1985,0.0,1725.0,0.0
2015,1996,0.0,600.0,0.0
2015,2005,0.0,2400.0,0.0
2015,2024,0.0,20950.0,0.0
2016,1985,0.0,515.0,0.0
2016,1996,0.0,131266.0,0.0
2016,2005,0.0,33218.0,0.0
2016,2024,0.0,118182.0,0.0
2017,1985,0.0,994.0,0.0
2017,1996,0.0,1254.0,0.0
2017,2005,0.0,1220.0,0.0
2017,2024,0.0,1942.0,0.0
2018,1985,0.0,0.0,0.0
2018,1996,0.0,0.0,0.0
2018,2005,0.0,0.0,0.0
2018,2024,0.0,0.0,0.0
2019,1985,75.0,47135.0,0.03179640956074518
2019,1996,0.0,27016.0,0.0
2019,2005,0.0,130621.0,0.0
2019,2024,0.0,106169.0,0.0
2020,1985,0.0,310.0,0.0
2020,1996,0.0,419.0,0.0
2020,2005,0.0,0.0,0.0
2020,2024,0.0,235.0,0.0
2021,1985,25.0,2755.0,0.18133378882585893
2021,1996,15.0,3055.0,0.26491763573170635
2021,2005,0.0,2995.0,0.0
2021,2024,0.0,670.0,0.0
2022,1985,217.0,37159.0,0.11669602049862199
2022,1996,408.0,60906.0,0.3614355869497565
2022,2005,0.0,44662.0,0.0
2022,2024,0.0,32704.0,0.0
2023,1985,0.0,1257.0,0.0
2023,1996,0.0,1050.0,0.0
2023,2005,0.0,1050.0,0.0
2023,2024,0.0,400.0,0.0
2024,1985,70.0,7480.0,0.18700653034795128
2024,1996,0.0,9265.0,0.0
2024,2005,0.0,15350.0,0.0
2024,2024,0.0,4155.0,0.0
2025,1985,0.0,112.0,0.0
2025,1996,0.0,322.0,0.0
2025,2005,0.0,128.0,0.0
2025,2024,0.0,12150.0,0.0
2026,1985,0.0,5835.0,0.0
2026,1996,0.0,3510.0,0.0
2026,2005,0.0,2640.0,0.0
2026,2024,0.0,7710.0,0.0
2027,1985,250.0,2590.0,1.9288594139584607
2027,1996,100.0,3825.0,1.4105854068154473
2027,2005,0.0,6835.0,0.0
2027,2024,0.0,7900.0,0.0
2028,1985,1632.0,10405.0,3.1342843939155167
2028,1996,1235.0,9655.0,6.901531992356626
2028,2005,0.0,10280.0,0.0
2028,2024,0.0,6250.0,0.0
2029,1985,125.0,3287.0,0.7599248375650156
2029,1996,0.0,4747.0,0.0
2029,2005,0.0,6390.0,0.0
2029,2024,0.0,8930.0,0.0
2030,1985,0.0,135.0,0.0
2030,1996,0.0,84.0,0.0
2030,2005,0.0,0.0,0.0
2030,2024,0.0,70.0,0.0
2031,1985,0.0,540.0,0.0
2031,1996,0.0,825.0,0.0
2031,2005,0.0,1670.0,0.0
2031,2024,0.0,395.0,0.0
2032,1985,0.0,67610.0,0.0
2032,1996,0.0,140102.0,0.0
2032,2005,0.0,78830.0,0.0
2032,2024,0.0,112220.0,0.0
2033,1985,0.0,94.0,0.0
2033,1996,0.0,330.0,0.0
2033,2005,0.0,208.0,0.0
2033,2024,0.0,570.0,0.0
2034,1985,75.0,2658.0,0.5638539370375184
2034,1996,108.0,1908.0,3.054050479850426
2034,2005,0.0,1670.0,0.0
2034,2024,0.0,1102.0,0.0
2035,1985,0.0,26736.0,0.0
2035,1996,16.0,47701.0,0.01809769751097574
2035,2005,0.0,95149.0,0.0
2035,2024,0.0,629131.0,0.0
2036,1985,10.0,4134.0,0.04833813141898803
2036,1996,0.0,12251.0,0.0
2036,2005,0.0,12605.0,0.0
2036,2024,0.0,13101.0,0.0
2037,1985,0.0,693.0,0.0
2037,1996,0.0,399.0,0.0
2037,2005,0.0,444.0,0.0
2037,2024,0.0,539.0,0.0
2038,1985,1088.0,8398.0,2.588888554313801
2038,1996,110.0,5116.0,1.1600934517544947
2038,2005,0.0,1258.0,0.0
2038,2024,0.0,1410.0,0.0
2039,1985,0.0,1330.0,0.0
2039,1996,0.0,2912.0,0.0
2039,2005,0.0,1797.0,0.0
2039,2024,0.0,2122.0,0.0
2040,1985,17.0,1471.0,0.23093862677523053
2040,1996,0.0,1595.0,0.0
2040,2005,0.0,2137.0,0.0
2040,2024,0.0,1755.0,0.0
2041,1985,150.0,9940.0,0.3015540773935058
2041,1996,43.0,12233.0,0.18965587736938666
2041,2005,0.0,5535.0,0.0
2041,2024,0.0,3505.0,0.0
2042,1985,0.0,7870.0,0.0
2042,1996,0.0,53186.0,0.0
2042,2005,0.0,37126.0,0.0
2042,2024,0.0,51271.0,0.0
2043,1985,0.0,3322.0,0.0
2043,1996,0.0,6391.0,0.0
2043,2005,0.0,6722.0,0.0
2043,2024,0.0,4754.0,0.0
2044,1985,0.0,922.0,0.0
2044,1996,0.0,70.0,0.0
2044,2005,0.0,75.0,0.0
2044,2024,0.0,733.0,0.0
2045,1985,20.0,2990.0,0.1336654416629408
2045,1996,0.0,1610.0,0.0
2045,2005,0.0,1970.0,0.0
2045,2024,0.0,1070.0,0.0
2046,1985,162.0,5562.0,0.5820286464643588
2046,1996,0.0,5400.0,0.0
2046,2005,0.0,1995.0,0.0
2046,2024,0.0,1540.0,0.0
2047,1985,3.0,3062.0,0.019578364005822652
2047,1996,0.0,3170.0,0.0
2047,2005,0.0,3716.0,0.0
2047,2024,0.0,1253.0,0.0
2048,1985,0.0,155.0,0.0
2048,1996,0.0,230.0,0.0
2048,2005,0.0,290.0,0.0
2048,2024,0.0,1830.0,0.0
2049,1985,0.0,232.0,0.0
2049,1996,0.0,285.0,0.0
2049,2005,0.0,904.0,0.0
2049,2024,0.0,7500.0,0.0
2050,1985,150.0,9555.0,0.31370460798445293
2050,1996,0.0,36995.0,0.0
2050,2005,0.0,52505.0,0.0
2050,2024,0.0,10631.0,0.0
2051,1985,0.0,164.0,0.0
2051,1996,0.0,340.0,0.0
2051,2005,0.0,180.0,0.0
2051,2024,0.0,50.0,0.0
2052,1985,125.0,7770.0,0.32147656899307675
2052,1996,14.0,3124.0,0.24179528980463255
2052,2005,0.0,3600.0,0.0
2052,2024,0.0,2220.0,0.0
2053,1985,10.0,3168.0,0.06307759952212642
2053,1996,0.0,10354.0,0.0
2053,2005,0.0,12873.0,0.0
2053,2024,0.0,7730.0,0.0
2054,1985,0.0,279.0,0.0
2054,1996,0.0,4010.0,0.0
2054,2005,0.0,1255.0,0.0
2054,2024,0.0,3719.0,0.0
2055,1985,25.0,1205.0,0.41458472051057366
2055,1996,23.0,1454.0,0.8534817824249586
2055,2005,0.0,1816.0,0.0
2055,2024,0.0,1156.0,0.0
2056,1985,0.0,410.0,0.0
2056,1996,0.0,354.0,0.0
2056,2005,0.0,210.0,0.0
2056,2024,0.0,30.0,0.0
2057,1985,25.0,3140.0,0.1591001873296947
2057,1996,55.0,3940.0,0.7531774237532989
2057,2005,0.0,3120.0,0.0
2057,2024,0.0,1495.0,0.0
2058,1985,0.0,405.0,0.0
2058,1996,0.0,925.0,0.0
2058,2005,0.0,745.0,0.0
2058,2024,0.0,527.0,0.0
2059,1985,0.0,742.0,0.0
2059,1996,0.0,830.0,0.0
2059,2005,0.0,460.0,0.0
2059,2024,0.0,1690.0,0.0
2061,1985,0.0,1185.0,0.0
2061,1996,0.0,515.0,0.0
2061,2005,0.0,150.0,0.0
2061,2024,0.0,140.0,0.0
2062,1985,0.0,3325.0,0.0
2062,1996,0.0,39470.0,0.0
2062,2005,0.0,53990.0,0.0
2062,2024,250.0,404425.0,0.028128375985814906
2063,1985,875.0,6275.0,2.786471806778238
2063,1996,180.0,4300.0,2.258576866494036
2063,2005,0.0,9840.0,0.0
2063,2024,0.0,5750.0,0.0
2064,1985,3.0,2550.0,0.02350939238659959
2064,1996,0.0,2478.0,0.0
2064,2005,0.0,2075.0,0.0
2064,2024,0.0,1050.0,0.0
2065,1985,3.0,1823.0,0.03288477816008171
2065,1996,0.0,1320.0,0.0
2065,2005,0.0,3385.0,0.0
2065,2024,0.0,380.0,0.0
2066,1985,10.0,2090.0,0.09561236138090742
2066,1996,0.0,4135.0,0.0
2066,2005,0.0,5659.0,0.0
2066,2024,0.0,1444.0,0.0
2067,1985,75.0,1929.0,0.7769433720299243
2067,1996,25.0,2773.0,0.4864306870779919
2067,2005,0.0,2950.0,0.0
2067,2024,0.0,4515.0,0.0
2068,1985,12.0,7270.0,0.03298429193168031
2068,1996,100.0,4120.0,1.3095847526866713
2068,2005,0.0,4185.0,0.0
2068,2024,0.0,5570.0,0.0
2069,1985,0.0,100.0,0.0
2069,1996,0.0,82.0,0.0
2069,2005,0.0,390.0,0.0
2069,2024,0.0,70.0,0.0
2070,1985,0.0,26.0,0.0
2070,1996,0.0,35.0,0.0
2070,2005,0.0,41.0,0.0
2070,2024,0.0,0.0,0.0
2071,1985,0.0,4920.0,0.0
2071,1996,0.0,2810.0,0.0
2071,2005,0.0,11700.0,0.0
2071,2024,0.0,9040.0,0.0
2072,1985,0.0,1380.0,0.0
2072,1996,0.0,617.0,0.0
2072,2005,0.0,749.0,0.0
2072,2024,0.0,510.0,0.0
2073,1985,0.0,5669.0,0.0
2073,1996,0.0,3565.0,0.0
2073,2005,0.0,9571.0,0.0
2073,2024,0.0,17495.0,0.0
2074,1985,0.0,115.0,0.0
2074,1996,0.0,105.0,0.0
2074,2005,0.0,778.0,0.0
2074,2024,0.0,823.0,0.0
2075,1985,0.0,898.0,0.0
2075,1996,0.0,560.0,0.0
2075,2005,0.0,2305.0,0.0
2075,2024,0.0,3783.0,0.0
2076,1985,0.0,364.0,0.0
2076,1996,0.0,390.0,0.0
2076,2005,0.0,1400.0,0.0
2076,2024,0.0,1200.0,0.0
21001,1985,0.0,47913.0,0.0
21001,1996,100.0,32342.0,0.1668260831447989
21001,2005,105.0,58389.0,0.08059437137781227
21001,2024,0.0,56033.0,0.0
21002,1985,0.0,10151.0,0.0
21002,1996,0.0,17309.0,0.0
21002,2005,0.0,22911.0,0.0
21002,2024,0.0,14095.0,0.0
21003,1985,0.0,3174.0,0.0
21003,1996,0.0,4878.0,0.0
21003,2005,0.0,4225.0,0.0
21003,2024,0.0,5275.0,0.0
21004,1985,0.0,3252.0,0.0
21004,1996,0.0,4804.0,0.0
21004,2005,0.0,7963.0,0.0
21004,2024,0.0,6323.0,0.0
21005,1985,0.0,8154.0,0.0
21005,1996,0.0,6105.0,0.0
21005,2005,0.0,12644.0,0.0
21005,2024,0.0,6509.0,0.0
3001,1985,0.0,98071.0,0.0
3001,1996,17.0,38935.0,0.023558062431790025
3001,2005,0.0,49022.0,0.0
3001,2024,0.0,166246.0,0.0
3002,1985,0.0,1292.0,0.0
3002,1996,0.0,1058.0,0.0
3002,2005,0.0,1452.0,0.0
3002,2024,0.0,11472.0,0.0
3003,1985,0.0,10431.0,0.0
3003,1996,0.0,9760.0,0.0
3003,2005,0.0,10640.0,0.0
3003,2024,0.0,2225.0,0.0
3004,1985,0.0,617.0,0.0
3004,1996,0.0,1845.0,0.0
3004,2005,0.0,2067.0,0.0
3004,2024,0.0,931.0,0.0
3005,1985,0.0,8565.0,0.0
3005,1996,0.0,5167.0,0.0
3005,2005,0.0,5223.0,0.0
3005,2024,0.0,21262.0,0.0
3006,1985,0.0,17481.0,0.0
3006,1996,0.0,8110.0,0.0
3006,2005,0.0,2657.0,0.0
3006,2024,0.0,408.0,0.0
3007,1985,0.0,97121.0,0.0
3007,1996,0.0,64458.0,0.0
3007,2005,0.0,94790.0,0.0
3007,2024,0.0,33418.0,0.0
3008,1985,0.0,34792.0,0.0
3008,1996,0.0,63498.0,0.0
3008,2005,0.0,135740.0,0.0
3008,2024,0.0,109723.0,0.0
3009,1985,0.0,8720.0,0.0
3009,1996,0.0,9855.0,0.0
3009,2005,0.0,24962.0,0.0
3009,2024,0.0,76302.0,0.0
3010,1985,0.0,10523.0,0.0
3010,1996,0.0,14929.0,0.0
3010,2005,0.0,11773.0,0.0
3010,2024,0.0,2542.0,0.0
3011,1985,0.0,6069.0,0.0
3011,1996,0.0,2889.0,0.0
3011,2005,0.0,4343.0,0.0
3011,2024,0.0,802.0,0.0
3012,1985,0.0,6200.0,0.0
3012,1996,0.0,2223.0,0.0
3012,2005,0.0,13022.0,0.0
3012,2024,0.0,9163.0,0.0
3013,1985,0.0,6676.0,0.0
3013,1996,0.0,1197.0,0.0
3013,2005,0.0,1354.0,0.0
3013,2024,0.0,1325.0,0.0
3014,1985,0.0,5240.0,0.0
3014,1996,0.0,18184.0,0.0
3014,2005,0.0,31663.0,0.0
3014,2024,0.0,2314.0,0.0
3015,1985,0.0,126689.0,0.0
3015,1996,513.0,73677.0,0.37567842744525987
3015,2005,0.0,108790.0,0.0
3015,2024,0.0,104329.0,0.0
3016,1985,0.0,10995.0,0.0
3016,1996,0.0,2628.0,0.0
3016,2005,0.0,3031.0,0.0
3016,2024,0.0,6108.0,0.0
3017,1985,0.0,1270.0,0.0
3017,1996,0.0,656.0,0.0
3017,2005,0.0,667.0,0.0
3017,2024,0.0,323.0,0.0
3018,1985,0.0,5507.0,0.0
3018,1996,0.0,4281.0,0.0
3018,2005,0.0,4956.0,0.0
3018,2024,0.0,355.0,0.0
3019,1985,0.0,1613.0,0.0
3019,1996,0.0,1054.0,0.0
3019,2005,0.0,1239.0,0.0
3019,2024,0.0,533.0,0.0
3020,1985,0.0,22255.0,0.0
3020,1996,0.0,21648.0,0.0
3020,2005,3984.0,125045.0,1.4279054439838046
3020,2024,14127.0,337895.0,1.9024393655669214
3021,1985,0.0,1563.0,0.0
3021,1996,0.0,1921.0,0.0
3021,2005,0.0,2365.0,0.0
3021,2024,0.0,890.0,0.0
3022,1985,0.0,16147.0,0.0
3022,1996,0.0,14763.0,0.0
3022,2005,0.0,19708.0,0.0
3022,2024,0.0,4143.0,0.0
3023,1985,0.0,11955.0,0.0
3023,1996,0.0,7127.0,0.0
3023,2005,0.0,13090.0,0.0
3023,2024,0.0,3258.0,0.0
3024,1985,0.0,19286.0,0.0
3024,1996,0.0,9636.0,0.0
3024,2005,0.0,11480.0,0.0
3024,2024,0.0,3575.0,0.0
3025,1985,0.0,22940.0,0.0
3025,1996,0.0,16415.0,0.0
3025,2005,120.0,32128.0,0.16739558730716708
3025,2024,0.0,91230.0,0.0
3026,1985,0.0,1992.0,0.0
3026,1996,0.0,3677.0,0.0
3026,2005,0.0,4179.0,0.0
3026,2024,0.0,1281.0,0.0
3027,1985,0.0,6006.0,0.0
3027,1996,0.0,9387.0,0.0
3027,2005,0.0,17783.0,0.0
3027,2024,0.0,1132.0,0.0
3028,1985,0.0,9302.0,0.0
3028,1996,0.0,26102.0,0.0
3028,2005,0.0,35282.0,0.0
3028,2024,0.0,22449.0,0.0
3029,1985,250.0,19850.0,0.25167485552405106
3029,1996,0.0,10161.0,0.0
3029,2005,0.0,28477.0,0.0
3029,2024,0.0,29522.0,0.0
3030,1985,0.0,3395.0,0.0
3030,1996,0.0,6301.0,0.0
3030,2005,0.0,17350.0,0.0
3030,2024,0.0,15902.0,0.0
3031,1985,0.0,17300.0,0.0
3031,1996,0.0,7382.0,0.0
3031,2005,57.0,7089.0,0.36035979387462486
3031,2024,0.0,21427.0,0.0
3032,1985,0.0,26565.0,0.0
3032,1996,0.0,16338.0,0.0
3032,2005,0.0,10493.0,0.0
3032,2024,0.0,2325.0,0.0
3033,1985,0.0,5524.0,0.0
3033,1996,0.0,2104.0,0.0
3033,2005,0.0,3177.0,0.0
3033,2024,0.0,1035.0,0.0
3034,1985,0.0,6012.0,0.0
3034,1996,0.0,1768.0,0.0
3034,2005,0.0,1837.0,0.0
3034,2024,0.0,938.0,0.0
3035,1985,0.0,19246.0,0.0
3035,1996,0.0,9358.0,0.0
3035,2005,0.0,15195.0,0.0
3035,2024,0.0,10384.0,0.0
3036,1985,0.0,25705.0,0.0
3036,1996,1.0,40843.0,0.0013210315552405765
3036,2005,0.0,44885.0,0.0
3036,2024,0.0,6648.0,0.0
3037,1985,0.0,14119.0,0.0
3037,1996,0.0,11577.0,0.0
3037,2005,0.0,23615.0,0.0
3037,2024,0.0,63068.0,0.0
3038,1985,0.0,32405.0,0.0
3038,1996,0.0,20912.0,0.0
3038,2005,0.0,17109.0,0.0
3038,2024,0.0,48522.0,0.0
3039,1985,0.0,1349.0,0.0
3039,1996,0.0,1346.0,0.0
3039,2005,0.0,1434.0,0.0
3039,2024,0.0,921.0,0.0
3040,1985,0.0,1821.0,0.0
3040,1996,0.0,1970.0,0.0
3040,2005,0.0,2534.0,0.0
3040,2024,0.0,1277.0,0.0
3041,1985,0.0,10675.0,0.0
3041,1996,0.0,10700.0,0.0
3041,2005,0.0,19220.0,0.0
3041,2024,0.0,7382.0,0.0
3042,1985,0.0,10708.0,0.0
3042,1996,0.0,6430.0,0.0
3042,2005,0.0,6581.0,0.0
3042,2024,0.0,3867.0,0.0
3043,1985,0.0,41365.0,0.0
3043,1996,32.0,13581.0,0.12713029511391705
3043,2005,0.0,17759.0,0.0
3043,2024,0.0,12863.0,0.0
3044,1985,0.0,9863.0,0.0
3044,1996,0.0,2481.0,0.0
3044,2005,0.0,3345.0,0.0
3044,2024,0.0,1435.0,0.0
3045,1985,0.0,5348.0,0.0
3045,1996,0.0,1499.0,0.0
3045,2005,0.0,1566.0,0.0
3045,2024,0.0,1626.0,0.0
3046,1985,0.0,4979.0,0.0
3046,1996,0.0,2337.0,0.0
3046,2005,0.0,2614.0,0.0
3046,2024,0.0,538.0,0.0
3047,1985,0.0,9324.0,0.0
3047,1996,0.0,10098.0,0.0
3047,2005,0.0,12767.0,0.0
3047,2024,0.0,1923.0,0.0
3048,1985,0.0,15148.0,0.0
3048,1996,3.0,15450.0,0.010476678021493373
3048,2005,218.0,35290.0,0.2768543080010902
3048,2024,0.0,82838.0,0.0
3049,1985,0.0,6393.0,0.0
3049,1996,8.0,11440.0,0.03773069357390969
3049,2005,0.0,25813.0,0.0
3049,2024,0.0,38505.0,0.0
3050,1985,0.0,22800.0,0.0
3050,1996,0.0,8994.0,0.0
3050,2005,0.0,10639.0,0.0
3050,2024,0.0,8391.0,0.0
3051,1985,0.0,15092.0,0.0
3051,1996,0.0,4980.0,0.0
3051,2005,0.0,5952.0,0.0
3051,2024,0.0,1621.0,0.0
3052,1985,0.0,5038.0,0.0
3052,1996,0.0,2581.0,0.0
3052,2005,0.0,3135.0,0.0
3052,2024,0.0,543.0,0.0
3053,1985,0.0,24726.0,0.0
3053,1996,0.0,9929.0,0.0
3053,2005,0.0,11981.0,0.0
3053,2024,0.0,14995.0,0.0
3054,1985,0.0,18042.0,0.0
3054,1996,0.0,15858.0,0.0
3054,2005,0.0,20219.0,0.0
3054,2024,0.0,12889.0,0.0
3055,1985,0.0,3603.0,0.0
3055,1996,0.0,1825.0,0.0
3055,2005,0.0,2534.0,0.0
3055,2024,0.0,1093.0,0.0
3056,1985,0.0,824.0,0.0
3056,1996,0.0,905.0,0.0
3056,2005,0.0,959.0,0.0
3056,2024,0.0,662.0,0.0
3057,1985,0.0,3109.0,0.0
3057,1996,0.0,2551.0,0.0
3057,2005,0.0,2597.0,0.0
3057,2024,0.0,545.0,0.0
3058,1985,0.0,1862.0,0.0
3058,1996,0.0,2779.0,0.0
3058,2005,0.0,2507.0,0.0
3058,2024,0.0,586.0,0.0
3059,1985,0.0,17859.0,0.0
3059,1996,0.0,8560.0,0.0
3059,2005,0.0,13454.0,0.0
3059,2024,0.0,3373.0,0.0
3060,1985,20.0,5171.0,0.07728866187820403
3060,1996,0.0,5903.0,0.0
3060,2005,0.0,6665.0,0.0
3060,2024,0.0,494.0,0.0
3061,1985,0.0,11478.0,0.0
3061,1996,0.0,3546.0,0.0
3061,2005,0.0,3410.0,0.0
3061,2024,0.0,517.0,0.0
3062,1985,0.0,39056.0,0.0
3062,1996,0.0,23086.0,0.0
3062,2005,0.0,22916.0,0.0
3062,2024,0.0,42389.0,0.0
3063,1985,0.0,7801.0,0.0
3063,1996,0.0,5099.0,0.0
3063,2005,0.0,4470.0,0.0
3063,2024,0.0,4763.0,0.0
3064,1985,0.0,4137.0,0.0
3064,1996,0.0,3497.0,0.0
3064,2005,0.0,14041.0,0.0
3064,2024,0.0,58446.0,0.0
3065,1985,800.0,10896.0,1.4671794073869056
3065,1996,0.0,2900.0,0.0
3065,2005,0.0,5240.0,0.0
3065,2024,0.0,5811.0,0.0
3066,1985,0.0,2599.0,0.0
3066,1996,0.0,2098.0,0.0
3066,2005,0.0,10850.0,0.0
3066,2024,0.0,9385.0,0.0
3067,1985,0.0,30662.0,0.0
3067,1996,0.0,19627.0,0.0
3067,2005,0.0,18815.0,0.0
3067,2024,0.0,4920.0,0.0
3068,1985,0.0,9092.0,0.0
3068,1996,0.0,10975.0,0.0
3068,2005,0.0,10764.0,0.0
3068,2024,0.0,14535.0,0.0
3069,1985,0.0,15984.0,0.0
3069,1996,0.0,6440.0,0.0
3069,2005,6.0,8378.0,0.03209647546553273
3069,2024,0.0,42130.0,0.0
3070,1985,0.0,3017.0,0.0
3070,1996,0.0,2162.0,0.0
3070,2005,0.0,3106.0,0.0
3070,2024,0.0,521.0,0.0
3071,1985,0.0,2983.0,0.0
3071,1996,0.0,1372.0,0.0
3071,2005,0.0,1758.0,0.0
3071,2024,0.0,2139.0,0.0
3072,1985,0.0,27095.0,0.0
3072,1996,0.0,12388.0,0.0
3072,2005,0.0,19331.0,0.0
3072,2024,0.0,2134.0,0.0
3073,1985,0.0,84.0,0.0
3073,1996,0.0,144.0,0.0
3073,2005,0.0,52.0,0.0
3073,2024,0.0,26.0,0.0
3074,1985,0.0,4742.0,0.0
3074,1996,0.0,3433.0,0.0
3074,2005,0.0,4454.0,0.0
3074,2024,0.0,1472.0,0.0
3075,1985,0.0,4560.0,0.0
3075,1996,0.0,4464.0,0.0
3075,2005,0.0,5034.0,0.0
3075,2024,0.0,2075.0,0.0
3076,1985,0.0,2591.0,0.0
3076,1996,0.0,2575.0,0.0
3076,2005,0.0,2747.0,0.0
3076,2024,0.0,611.0,0.0
3077,1985,0.0,5567.0,0.0
3077,1996,0.0,9325.0,0.0
3077,2005,0.0,18825.0,0.0
3077,2024,0.0,4760.0,0.0
3078,1985,0.0,10605.0,0.0
3078,1996,0.0,8718.0,0.0
3078,2005,0.0,7473.0,0.0
3078,2024,0.0,1053.0,0.0
3079,1985,0.0,1417.0,0.0
3079,1996,0.0,1261.0,0.0
3079,2005,0.0,1513.0,0.0
3079,2024,0.0,625.0,0.0
3080,1985,0.0,5835.0,0.0
3080,1996,0.0,5841.0,0.0
3080,2005,0.0,8269.0,0.0
3080,2024,0.0,1245.0,0.0
3081,1985,50.0,22131.0,0.04514704154491359
3081,1996,0.0,8586.0,0.0
3081,2005,0.0,11530.0,0.0
3081,2024,0.0,3669.0,0.0
3082,1985,0.0,1191.0,0.0
3082,1996,0.0,949.0,0.0
3082,2005,0.0,1330.0,0.0
3082,2024,0.0,389.0,0.0
3083,1985,0.0,3531.0,0.0
3083,1996,0.0,1292.0,0.0
3083,2005,0.0,3003.0,0.0
3083,2024,0.0,930.0,0.0
3084,1985,0.0,1615.0,0.0
3084,1996,0.0,1339.0,0.0
3084,2005,0.0,1498.0,0.0
3084,2024,0.0,271.0,0.0
3085,1985,0.0,5011.0,0.0
3085,1996,31.0,17539.0,0.09536470985412035
3085,2005,0.0,37255.0,0.0
3085,2024,0.0,70190.0,0.0
3086,1985,0.0,22277.0,0.0
3086,1996,0.0,13944.0,0.0
3086,2005,0.0,17434.0,0.0
3086,2024,0.0,7157.0,0.0
3087,1985,0.0,4743.0,0.0
3087,1996,0.0,1422.0,0.0
3087,2005,0.0,2793.0,0.0
3087,2024,0.0,874.0,0.0
3088,1985,0.0,756.0,0.0
3088,1996,0.0,1939.0,0.0
3088,2005,0.0,1862.0,0.0
3088,2024,0.0,350.0,0.0
3089,1985,0.0,2242.0,0.0
3089,1996,0.0,1576.0,0.0
3089,2005,0.0,2621.0,0.0
3089,2024,0.0,274.0,0.0
3090,1985,500.0,12580.0,0.7942362292770132
3090,1996,0.0,7023.0,0.0
3090,2005,0.0,7249.0,0.0
3090,2024,0.0,4366.0,0.0
3091,1985,0.0,2580.0,0.0
3091,1996,0.0,3128.0,0.0
3091,2005,0.0,5765.0,0.0
3091,2024,0.0,2722.0,0.0
3092,1985,0.0,3689.0,0.0
3092,1996,0.0,4454.0,0.0
3092,2005,0.0,3703.0,0.0
3092,2024,0.0,816.0,0.0
3093,1985,0.0,4318.0,0.0
3093,1996,0.0,4332.0,0.0
3093,2005,0.0,4194.0,0.0
3093,2024,0.0,4690.0,0.0
3094,1985,0.0,5271.0,0.0
3094,1996,0.0,3364.0,0.0
3094,2005,0.0,5324.0,0.0
3094,2024,0.0,12044.0,0.0
3095,1985,0.0,125.0,0.0
3095,1996,0.0,22.0,0.0
3095,2005,0.0,11.0,0.0
3095,2024,0.0,15.0,0.0
3096,1985,0.0,32.0,0.0
3096,1996,0.0,191.0,0.0
3096,2005,0.0,94.0,0.0
3096,2024,0.0,15.0,0.0
3097,1985,0.0,6566.0,0.0
3097,1996,0.0,14157.0,0.0
3097,2005,0.0,42990.0,0.0
3097,2024,0.0,62394.0,0.0
3098,1985,0.0,9995.0,0.0
3098,1996,0.0,5387.0,0.0
3098,2005,0.0,4914.0,0.0
3098,2024,0.0,4145.0,0.0
3099,1985,0.0,9996.0,0.0
3099,1996,408.0,19629.0,1.121483308307192
3099,2005,4000.0,95994.0,1.8675074931782762
3099,2024,18510.0,267168.0,3.1525691648513248
3100,1985,0.0,4911.0,0.0
3100,1996,0.0,7454.0,0.0
3100,2005,0.0,6676.0,0.0
3100,2024,0.0,3322.0,0.0
3101,1985,0.0,8993.0,0.0
3101,1996,0.0,4686.0,0.0
3101,2005,0.0,6610.0,0.0
3101,2024,0.0,5098.0,0.0
3102,1985,0.0,12032.0,0.0
3102,1996,0.0,7590.0,0.0
3102,2005,0.0,11155.0,0.0
3102,2024,0.0,1887.0,0.0
4001,1985,2735.0,14676.0,3.7240024496284683
4001,1996,5621.0,22880.0,13.255264286184149
4001,2005,3975.0,26356.0,6.75933676717937
4001,2024,40.0,6352.0,0.2865445455431535
4002,1985,60.0,4925.0,0.24344751506935616
4002,1996,0.0,1193.0,0.0
4002,2005,0.0,2371.0,0.0
4002,2024,0.0,1352.0,0.0
4003,1985,297.0,13678.0,0.43390452610009256
4003,1996,0.0,4425.0,0.0
4003,2005,0.0,6757.0,0.0
4003,2024,0.0,2463.0,0.0
4004,1985,1090.0,21541.0,1.0111625294175999
4004,1996,197.0,22456.0,0.47333067717786337
4004,2005,60.0,22556.0,0.11921629342535608
4004,2024,0.0,24145.0,0.0
4005,1985,200.0,8437.0,0.4736987917176639
4005,1996,109.0,9219.0,0.637930709118701
4005,2005,200.0,11542.0,0.7765964057362479
4005,2024,10.0,5375.0,0.08465725364140052
4006,1985,0.0,10705.0,0.0
4006,1996,0.0,3772.0,0.0
4006,2005,0.0,5029.0,0.0
4006,2024,0.0,3559.0,0.0
4007,1985,0.0,10549.0,0.0
4007,1996,0.0,5305.0,0.0
4007,2005,0.0,5270.0,0.0
4007,2024,0.0,2839.0,0.0
4008,1985,336.0,6069.0,1.1063243476046867
4008,1996,82.0,5682.0,0.7786520817452747
4008,2005,0.0,14755.0,0.0
4008,2024,0.0,9330.0,0.0
4009,1985,210.0,7841.0,0.5351902233143766
4009,1996,0.0,3499.0,0.0
4009,2005,0.0,4673.0,0.0
4009,2024,0.0,4115.0,0.0
4010,1985,3.0,7287.0,0.008226835540802656
4010,1996,3.0,1173.0,0.13799205066672857
4010,2005,0.0,2195.0,0.0
4010,2024,0.0,879.0,0.0
4011,1985,1280.0,77322.0,0.3308013103207412
4011,1996,3.0,35537.0,0.004554821043759254
4011,2005,0.0,40763.0,0.0
4011,2024,0.0,24286.0,0.0
4012,1985,0.0,5001.0,0.0
4012,1996,0.0,1579.0,0.0
4012,2005,0.0,6342.0,0.0
4012,2024,0.0,11272.0,0.0
4013,1985,100.0,16620.0,0.12023455793387276
4013,1996,4.0,2144.0,0.10066211158710982
4013,2005,0.0,2554.0,0.0
4013,2024,0.0,1325.0,0.0
4014,1985,8174.0,75083.0,2.175471243328787
4014,1996,12.0,38264.0,0.016920831636219172
4014,2005,113.0,42388.0,0.11947635602008568
4014,2024,0.0,34840.0,0.0
4015,1985,50.0,23875.0,0.04184918016462755
4015,1996,2.0,16724.0,0.006452390792955138
4015,2005,0.0,22026.0,0.0
4015,2024,0.0,9217.0,0.0
4016,1985,0.0,3746.0,0.0
4016,1996,2.0,6513.0,0.01656836843564897
4016,2005,0.0,4979.0,0.0
4016,2024,0.0,7777.0,0.0
4017,1985,0.0,8704.0,0.0
4017,1996,1.0,18754.0,0.0028769804740690443
4017,2005,1300.0,82129.0,0.7094034037617714
4017,2024,10844.0,487113.0,1.0129836432962147
4018,1985,330.0,8640.0,0.7632389542177298
4018,1996,0.0,2770.0,0.0
4018,2005,0.0,2468.0,0.0
4018,2024,0.0,1239.0,0.0
4019,1985,10.0,24243.0,0.008242784939409172
4019,1996,0.0,11828.0,0.0
4019,2005,0.0,13157.0,0.0
4019,2024,0.0,9014.0,0.0
4020,1985,0.0,2588.0,0.0
4020,1996,0.0,4257.0,0.0
4020,2005,0.0,13202.0,0.0
4020,2024,2163.0,70990.0,1.386442897579416
4021,1985,1430.0,98455.0,0.29024088615013766
4021,1996,34.0,28883.0,0.06351370430922997
4021,2005,0.0,36576.0,0.0
4021,2024,0.0,26752.0,0.0
4022,1985,3790.0,11091.0,6.828555366822701
4022,1996,225.0,4960.0,2.4475505357672267
4022,2005,181.0,4501.0,1.8022540595605498
4022,2024,0.0,4482.0,0.0
4023,1985,1000.0,9714.0,2.05713233771975
4023,1996,515.0,17555.0,1.5828407452296094
4023,2005,771.0,18301.0,1.8881044140404877
4023,2024,40.0,9759.0,0.18650793660109755
4024,1985,611.0,18808.0,0.6491707218194649
4024,1996,0.0,8773.0,0.0
4024,2005,0.0,12344.0,0.0
4024,2024,0.0,5951.0,0.0
4025,1985,0.0,10803.0,0.0
4025,1996,0.0,21850.0,0.0
4025,2005,304.0,98350.0,0.13853058552935246
4025,2024,10550.0,379148.0,1.2661534253913163
4026,1985,180.0,2280.0,1.5776039627849725
4026,1996,1.0,5218.0,0.010340147913125885
4026,2005,0.0,5624.0,0.0
4026,2024,0.0,6828.0,0.0
4027,1985,120.0,5777.0,0.4150870734694752
4027,1996,0.0,5160.0,0.0
4027,2005,0.0,53458.0,0.0
4027,2024,0.0,186175.0,0.0
4028,1985,230.0,25322.0,0.18150565561883816
4028,1996,1.0,10303.0,0.005236813725195658
4028,2005,0.0,19357.0,0.0
4028,2024,0.0,20444.0,0.0
4029,1985,0.0,18370.0,0.0
4029,1996,0.0,8352.0,0.0
4029,2005,0.0,11508.0,0.0
4029,2024,0.0,9503.0,0.0
4030,1985,6150.0,13763.0,8.929401198935505
4030,1996,5.0,12500.0,0.021581956724276347
4030,2005,253.0,24614.0,0.4606645315464708
4030,2024,0.0,15707.0,0.0
4031,1985,200.0,18600.0,0.21487079063021133
4031,1996,0.0,7793.0,0.0
4031,2005,0.0,9028.0,0.0
4031,2024,0.0,6979.0,0.0
4032,1985,1020.0,8465.0,2.407872793760407
4032,1996,244.0,11963.0,1.1004759342814152
4032,2005,750.0,14836.0,2.265639925268209
4032,2024,0.0,18544.0,0.0
4033,1985,344.0,3801.0,1.808509953654754
4033,1996,34.0,2470.0,0.7426989156127487
4033,2005,5.0,2443.0,0.09172611251542952
4033,2024,0.0,2278.0,0.0
4034,1985,6704.0,25010.0,5.356494265325835
4034,1996,412.0,16902.0,1.3151943809019426
4034,2005,646.0,19397.0,1.4926033180118115
4034,2024,0.0,10320.0,0.0
4035,1985,1500.0,18009.0,1.6644164191745503
4035,1996,581.0,19991.0,1.5680952499630527
4035,2005,125.0,21252.0,0.26360682862224066
4035,2024,0.0,5925.0,0.0
4036,1985,200.0,4450.0,0.8981116192633551
4036,1996,0.0,2375.0,0.0
4036,2005,0.0,2684.0,0.0
4036,2024,0.0,1241.0,0.0
4037,1985,0.0,7722.0,0.0
4037,1996,55.0,2656.0,1.1172887987906617
4037,2005,0.0,3025.0,0.0
4037,2024,0.0,1960.0,0.0
4038,1985,0.0,2486.0,0.0
4038,1996,0.0,2193.0,0.0
4038,2005,0.0,4450.0,0.0
4038,2024,0.0,2639.0,0.0
4039,1985,140.0,8930.0,0.313283056439569
4039,1996,0.0,8611.0,0.0
4039,2005,0.0,10299.0,0.0
4039,2024,0.0,8416.0,0.0
4040,1985,7200.0,16103.0,8.934824654163167
4040,1996,5238.0,13544.0,20.86648872595974
4040,2005,4302.0,12845.0,15.010071049421345
4040,2024,230.0,9314.0,1.1236582543931863
4041,1985,0.0,11470.0,0.0
4041,1996,0.0,7143.0,0.0
4041,2005,0.0,12992.0,0.0
4041,2024,0.0,22041.0,0.0
4042,1985,140.0,1203.0,2.3255342427309653
4042,1996,0.0,1663.0,0.0
4042,2005,40.0,3250.0,0.5515985055389399
4042,2024,0.0,2093.0,0.0
4043,1985,1264.0,5671.0,4.45397481575782
4043,1996,540.0,3795.0,7.677375909821625
4043,2005,335.0,4115.0,3.64855937366659
4043,2024,40.0,4353.0,0.41813254153230206
4044,1985,90.0,4836.0,0.37189175301382726
4044,1996,2.0,5051.0,0.021364043480772466
4044,2005,0.0,5894.0,0.0
4044,2024,0.0,21567.0,0.0
4045,1985,0.0,1494.0,0.0
4045,1996,1.0,1526.0,0.035357071959823634
4045,2005,0.0,1670.0,0.0
4045,2024,0.0,2879.0,0.0
4046,1985,48.0,6355.0,0.150933628540246
4046,1996,0.0,3263.0,0.0
4046,2005,0.0,4814.0,0.0
4046,2024,0.0,2557.0,0.0
4047,1985,90.0,2279.0,0.7891480989797581
4047,1996,0.0,1510.0,0.0
4047,2005,0.0,1660.0,0.0
4047,2024,0.0,1744.0,0.0
4048,1985,0.0,2263.0,0.0
4048,1996,0.0,1941.0,0.0
4048,2005,0.0,1181.0,0.0
4048,2024,0.0,1923.0,0.0
4049,1985,0.0,9285.0,0.0
4049,1996,0.0,6342.0,0.0
4049,2005,0.0,5411.0,0.0
4049,2024,0.0,4975.0,0.0
4050,1985,430.0,5247.0,1.6376373008008671
4050,1996,0.0,2314.0,0.0
4050,2005,0.0,3340.0,0.0
4050,2024,0.0,1129.0,0.0
4051,1985,300.0,1671.0,3.5876092510968856
4051,1996,1.0,2550.0,0.02115878110223171
4051,2005,0.0,2912.0,0.0
4051,2024,0.0,1406.0,0.0
4052,1985,42.0,4455.0,0.18839176390608425
4052,1996,0.0,3019.0,0.0
4052,2005,0.0,3434.0,0.0
4052,2024,0.0,2576.0,0.0
4053,1985,15.0,2564.0,0.11690512984756037
4053,1996,0.0,1387.0,0.0
4053,2005,0.0,1715.0,0.0
4053,2024,0.0,659.0,0.0
4054,1985,0.0,3329.0,0.0
4054,1996,1.0,1661.0,0.032483378573564634
4054,2005,0.0,2534.0,0.0
4054,2024,0.0,2458.0,0.0
4055,1985,15.0,4973.0,0.06027443252144476
4055,1996,0.0,4731.0,0.0
4055,2005,0.0,5920.0,0.0
4055,2024,0.0,2120.0,0.0
4056,1985,31.0,4590.0,0.13496132666381247
4056,1996,0.0,1034.0,0.0
4056,2005,0.0,1835.0,0.0
4056,2024,0.0,799.0,0.0
4057,1985,0.0,13996.0,0.0
4057,1996,0.0,5258.0,0.0
4057,2005,0.0,5473.0,0.0
4057,2024,0.0,6201.0,0.0
4058,1985,0.0,7805.0,0.0
4058,1996,0.0,2020.0,0.0
4058,2005,0.0,1840.0,0.0
4058,2024,0.0,1491.0,0.0
4059,1985,347.0,4084.0,1.6978685809078229
4059,1996,41.0,3060.0,0.7229250209929168
4059,2005,42.0,2994.0,0.628700701453451
4059,2024,0.0,3332.0,0.0
4060,1985,1080.0,12961.0,1.6651201458913991
4060,1996,2.0,8254.0,0.013073635040148017
4060,2005,43.0,7114.0,0.27089503496298445
4060,2024,0.0,7624.0,0.0
4061,1985,3000.0,14445.0,4.150152342390374
4061,1996,17.0,7729.0,0.11867423480162306
4061,2005,0.0,12233.0,0.0
4061,2024,0.0,9905.0,0.0
4062,1985,1.0,12198.0,0.0016382180298909373
4062,1996,0.0,3082.0,0.0
4062,2005,0.0,4759.0,0.0
4062,2024,0.0,19308.0,0.0
4063,1985,2400.0,20711.0,2.3156371236861166
4063,1996,91.0,10094.0,0.48641719385504933
4063,2005,0.0,9408.0,0.0
4063,2024,0.0,5876.0,0.0
4064,1985,0.0,7280.0,0.0
4064,1996,0.0,4908.0,0.0
4064,2005,0.0,6958.0,0.0
4064,2024,0.0,7533.0,0.0
4065,1985,0.0,13827.0,0.0
4065,1996,0.0,8911.0,0.0
4065,2005,0.0,9165.0,0.0
4065,2024,0.0,12353.0,0.0
4066,1985,0.0,14851.0,0.0
4066,1996,1.0,8473.0,0.006367861655929525
4066,2005,0.0,7039.0,0.0
4066,2024,0.0,7906.0,0.0
4067,1985,800.0,23288.0,0.6864645664242409
4067,1996,0.0,6366.0,0.0
4067,2005,0.0,8829.0,0.0
4067,2024,0.0,6206.0,0.0
4068,1985,0.0,2192.0,0.0
4068,1996,8.0,1767.0,0.2442779482091267
4068,2005,0.0,1592.0,0.0
4068,2024,0.0,1727.0,0.0
4069,1985,40.0,1940.0,0.41202027894040516
4069,1996,0.0,1082.0,0.0
4069,2005,0.0,1060.0,0.0
4069,2024,0.0,326.0,0.0
4070,1985,0.0,7696.0,0.0
4070,1996,0.0,8445.0,0.0
4070,2005,0.0,7534.0,0.0
4070,2024,0.0,9538.0,0.0
4071,1985,0.0,2868.0,0.0
4071,1996,0.0,2041.0,0.0
4071,2005,0.0,1761.0,0.0
4071,2024,0.0,331.0,0.0
4072,1985,0.0,5697.0,0.0
4072,1996,0.0,6063.0,0.0
4072,2005,0.0,6500.0,0.0
4072,2024,0.0,4700.0,0.0
4073,1985,32.0,1876.0,0.3408611262875847
4073,1996,0.0,1855.0,0.0
4073,2005,0.0,8742.0,0.0
4073,2024,0.0,42383.0,0.0
4074,1985,0.0,3419.0,0.0
4074,1996,0.0,2210.0,0.0
4074,2005,0.0,2884.0,0.0
4074,2024,0.0,397.0,0.0
4075,1985,11.0,9997.0,0.021987878244944102
4075,1996,11.0,4585.0,0.12944466955672834
4075,2005,0.0,5604.0,0.0
4075,2024,0.0,6118.0,0.0
4076,1985,0.0,2345.0,0.0
4076,1996,0.0,1264.0,0.0
4076,2005,0.0,1236.0,0.0
4076,2024,0.0,973.0,0.0
4077,1985,8.0,5388.0,0.029670354162746326
4077,1996,0.0,2236.0,0.0
4077,2005,0.0,3013.0,0.0
4077,2024,0.0,1122.0,0.0
4078,1985,2563.0,6942.0,7.377756667217882
4078,1996,57.0,4481.0,0.6863264524011112
4078,2005,15.0,4839.0,0.13892553805033747
4078,2024,0.0,2930.0,0.0
4079,1985,15.0,2308.0,0.12987207665907485
4079,1996,0.0,1632.0,0.0
4079,2005,0.0,5175.0,0.0
4079,2024,0.0,32130.0,0.0
4080,1985,6.0,8126.0,0.01475484877820058
4080,1996,8.0,4533.0,0.09522151654214138
4080,2005,0.0,6538.0,0.0
4080,2024,0.0,5526.0,0.0
4081,1985,0.0,5542.0,0.0
4081,1996,0.0,4260.0,0.0
4081,2005,0.0,4535.0,0.0
4081,2024,0.0,2917.0,0.0
4082,1985,686.0,5160.0,2.656652461361671
4082,1996,17.0,5221.0,0.175681509439139
4082,2005,0.0,6863.0,0.0
4082,2024,0.0,2170.0,0.0
4083,1985,200.0,16565.0,0.24126753430256145
4083,1996,0.0,5971.0,0.0
4083,2005,0.0,6340.0,0.0
4083,2024,0.0,4783.0,0.0
4084,1985,0.0,1256.0,0.0
4084,1996,0.0,290.0,0.0
4084,2005,0.0,441.0,0.0
4084,2024,0.0,133.0,0.0
4085,1985,20.0,2460.0,0.1624632807204037
4085,1996,0.0,1622.0,0.0
4085,2005,0.0,1560.0,0.0
4085,2024,0.0,1898.0,0.0
4086,1985,0.0,6705.0,0.0
4086,1996,1.0,3065.0,0.017603553608708276
4086,2005,400.0,21467.0,0.8350934657854169
4086,2024,0.0,109925.0,0.0
4087,1985,150.0,3819.0,0.7848775934253595
4087,1996,0.0,1221.0,0.0
4087,2005,0.0,3477.0,0.0
4087,2024,0.0,1415.0,0.0
4088,1985,0.0,3200.0,0.0
4088,1996,0.0,2916.0,0.0
4088,2005,0.0,4031.0,0.0
4088,2024,0.0,1779.0,0.0
4089,1985,60.0,4090.0,0.2931489026201905
4089,1996,0.0,1342.0,0.0
4089,2005,0.0,1924.0,0.0
4089,2024,0.0,4315.0,0.0
4090,1985,5.0,3232.0,0.03091426907272533
4090,1996,0.0,1627.0,0.0
4090,2005,0.0,2039.0,0.0
4090,2024,0.0,1633.0,0.0
4091,1985,36.0,1245.0,0.5778212104658212
4091,1996,0.0,2957.0,0.0
4091,2005,0.0,2870.0,0.0
4091,2024,0.0,1303.0,0.0
4092,1985,5.0,2103.0,0.04751065983977568
4092,1996,2.0,1698.0,0.06355110931765708
4092,2005,0.0,2036.0,0.0
4092,2024,0.0,771.0,0.0
4093,1985,350.0,5747.0,1.2169904706826828
4093,1996,0.0,3762.0,0.0
4093,2005,0.0,5050.0,0.0
4093,2024,0.0,6402.0,0.0
4094,1985,200.0,13227.0,0.30215443454463825
4094,1996,0.0,3402.0,0.0
4094,2005,0.0,4274.0,0.0
4094,2024,0.0,1684.0,0.0
4095,1985,1136.0,5083.0,4.465998286150023
4095,1996,0.0,1179.0,0.0
4095,2005,0.0,1180.0,0.0
4095,2024,0.0,2193.0,0.0
4096,1985,1020.0,1956.0,10.420574232710555
4096,1996,32.0,7315.0,0.23602960190596137
4096,2005,0.0,1982.0,0.0
4096,2024,60.0,3531.0,0.773207711678042
4097,1985,300.0,14391.0,0.41657251466770173
4097,1996,6.0,7449.0,0.0434594376243986
4097,2005,0.0,8515.0,0.0
4097,2024,0.0,6700.0,0.0
4098,1985,1000.0,24972.0,0.8002155825968946
4098,1996,0.0,11542.0,0.0
4098,2005,0.0,28311.0,0.0
4098,2024,0.0,22737.0,0.0
4099,1985,8800.0,17581.0,10.002289690675441
4099,1996,695.0,17344.0,2.1620531485487864
4099,2005,687.0,15767.0,1.9527836037960107
4099,2024,4.0,16833.0,0.01081287324475798
4100,1985,400.0,3686.0,2.1685277838968693
4100,1996,325.0,8945.0,1.9603510160396342
4100,2005,430.0,12385.0,1.5560333296137836
4100,2024,0.0,7200.0,0.0
4101,1985,0.0,2950.0,0.0
4101,1996,0.0,2022.0,0.0
4101,2005,0.0,3168.0,0.0
4101,2024,0.0,1529.0,0.0
4102,1985,45.0,864.0,1.040780392115086
4102,1996,0.0,542.0,0.0
4102,2005,10.0,1284.0,0.34904500447849585
4102,2024,7.0,1415.0,0.225104534859201
4103,1985,4000.0,6621.0,12.072486650723246
4103,1996,230.0,3943.0,3.147254657991098
4103,2005,166.0,2705.0,2.750345598320315
4103,2024,0.0,917.0,0.0
4104,1985,5000.0,27793.0,3.594966993237443
4104,1996,36.0,16541.0,0.11742797322924073
4104,2005,72.0,51649.0,0.062476548576018864
4104,2024,0.0,30168.0,0.0
4105,1985,300.0,3321.0,1.805147563560041
4105,1996,57.0,955.0,3.2203443279679362
4105,2005,100.0,2042.0,2.1947785786013156
4105,2024,0.0,1115.0,0.0
4106,1985,160.0,3284.0,0.9735923765461462
4106,1996,1.0,1765.0,0.03056934380209114
4106,2005,0.0,1354.0,0.0
4106,2024,6.0,5150.0,0.05301352291136246
4107,1985,0.0,2916.0,0.0
4107,1996,0.0,3145.0,0.0
4107,2005,0.0,2858.0,0.0
4107,2024,0.0,1383.0,0.0
4108,1985,3500.0,8249.0,8.478657091784918
4108,1996,30.0,3747.0,0.43198472226333756
4108,2005,360.0,10964.0,1.471566607717438
4108,2024,0.0,7313.0,0.0
4109,1985,1705.0,13340.0,2.5540469952233473
4109,1996,78.0,11881.0,0.354219473212178
4109,2005,260.0,11027.0,1.0567260750439924
4109,2024,60.0,22918.0,0.11912891307859177
4110,1985,1200.0,15072.0,1.5910018732969466
4110,1996,37.0,15263.0,0.1307954528595664
4110,2005,0.0,16315.0,0.0
4110,2024,17.0,10114.0,0.07648365188335941
4111,1985,320.0,14437.0,0.44292822117857505
4111,1996,3.0,7107.0,0.02277538700324646
4111,2005,40.0,10784.0,0.1662365674148326
4111,2024,0.0,11620.0,0.0
4112,1985,0.0,1564.0,0.0
4112,1996,0.0,1711.0,0.0
4112,2005,30.0,2420.0,0.5555873377070933
4112,2024,0.0,3864.0,0.0
4113,1985,2100.0,6979.0,6.012933860163386
4113,1996,1.0,3758.0,0.014357342152924656
4113,2005,0.0,5449.0,0.0
4113,2024,0.0,3910.0,0.0
4114,1985,450.0,22284.0,0.40353359306562303
4114,1996,66.0,13467.0,0.26442584536315417
4114,2005,330.0,13920.0,1.0624809575979042
4114,2024,10.0,8263.0,0.055068708498430076
4115,1985,4000.0,9665.0,8.270246675058313
4115,1996,380.0,15857.0,1.292984731542065
4115,2005,35.0,9422.0,0.16648357568736577
4115,2024,20.0,3083.0,0.29518828305061806
4116,1985,1200.0,2961.0,8.098473567825593
4116,1996,30.0,2541.0,0.6370117096893845
4116,2005,0.0,1535.0,0.0
4116,2024,0.0,621.0,0.0
4117,1985,13000.0,44375.0,5.854169822465926
4117,1996,178.0,22315.0,0.43038183922487
4117,2005,378.0,23344.0,0.7257097798734018
4117,2024,55.0,14333.0,0.17460964632483794
4118,1985,260.0,4919.0,1.056226004764893
4118,1996,8.0,6458.0,0.06683789632789205
4118,2005,0.0,3559.0,0.0
4118,2024,0.0,1355.0,0.0
4119,1985,4880.0,9515.0,10.248760863858655
4119,1996,76.0,6452.0,0.6355504925003884
4119,2005,52.0,7450.0,0.31281928669825787
4119,2024,46.0,4449.0,0.4704766456020741
4120,1985,0.0,3126.0,0.0
4120,1996,0.0,5471.0,0.0
4120,2005,0.0,10572.0,0.0
4120,2024,0.0,11251.0,0.0
4121,1985,316.0,3264.0,1.9346270818139246
4121,1996,0.0,3847.0,0.0
4121,2005,0.0,5250.0,0.0
4121,2024,0.0,5220.0,0.0
4122,1985,1150.0,4956.0,4.636890851069633
4122,1996,50.0,3652.0,0.7387033380434126
4122,2005,20.0,12415.0,0.07219875726949475
4122,2024,0.0,3806.0,0.0
4123,1985,200.0,12557.0,0.3182763960915769
4123,1996,0.0,4187.0,0.0
4123,2005,0.0,9908.0,0.0
4123,2024,0.0,8700.0,0.0
4124,1985,4200.0,11140.0,7.53397942730346
4124,1996,198.0,21106.0,0.5061626351993173
4124,2005,0.0,32434.0,0.0
4124,2024,70.0,20039.0,0.15895150298206967
4125,1985,14760.0,29264.0,10.078896831679828
4125,1996,330.0,14305.0,1.2446776859509252
4125,2005,0.0,7905.0,0.0
4125,2024,140.0,4011.0,1.5882469051397128
4126,1985,300.0,30789.0,0.1947089888785896
4126,1996,98.0,14399.0,0.3672185149974099
4126,2005,50.0,19698.0,0.11376124117940618
4126,2024,0.0,32305.0,0.0
4127,1985,7500.0,16594.0,9.031720890958924
4127,1996,37.0,16611.0,0.12018126524565419
4127,2005,0.0,35468.0,0.0
4127,2024,50.0,26274.0,0.08659373112630885
4128,1985,200.0,11126.0,0.3592123589539754
4128,1996,0.0,4359.0,0.0
4128,2005,0.0,9678.0,0.0
4128,2024,0.0,3588.0,0.0
4129,1985,420.0,2417.0,3.4724257683144617
4129,1996,5.0,2019.0,0.13361785985807542
4129,2005,0.0,7586.0,0.0
4129,2024,0.0,16512.0,0.0
4130,1985,220.0,3175.0,1.3846476775729522
4130,1996,2.0,3583.0,0.030117159816182452
4130,2005,0.0,12314.0,0.0
4130,2024,0.0,6964.0,0.0
4131,1985,150.0,11258.0,0.26625044673045367
4131,1996,17.0,8605.0,0.10659304599439216
4131,2005,0.0,3677.0,0.0
4131,2024,0.0,3453.0,0.0
4132,1985,2150.0,7487.0,5.738401841393181
4132,1996,62.0,8089.0,0.4135496714381053
4132,2005,16.0,4711.0,0.152213554914163
4132,2024,3.0,1602.0,0.08521212328137223
4133,1985,0.0,1934.0,0.0
4133,1996,0.0,2613.0,0.0
4133,2005,0.0,4349.0,0.0
4133,2024,0.0,3960.0,0.0
4134,1985,0.0,4746.0,0.0
4134,1996,0.0,3886.0,0.0
4134,2005,30.0,5592.0,0.24043658033819135
4134,2024,0.0,3608.0,0.0
4135,1985,700.0,5745.0,2.434828280248347
4135,1996,6.0,5224.0,0.06196963071671999
4135,2005,40.0,2951.0,0.6074873409019161
4135,2024,0.0,4761.0,0.0
4136,1985,1100.0,8365.0,2.6277683062128654
4136,1996,212.0,20643.0,0.5541073033893553
4136,2005,0.0,34955.0,0.0
4136,2024,25.0,37560.0,0.030287056597612334
4137,1985,300.0,13720.0,0.43694570397834515
4137,1996,0.0,2595.0,0.0
4137,2005,0.0,6515.0,0.0
4137,2024,0.0,5391.0,0.0
4138,1985,2900.0,10028.0,5.77888434712485
4138,1996,106.0,7121.0,0.8031482280484807
4138,2005,18.0,5933.0,0.13597047266993084
4138,2024,7.0,2927.0,0.1088223152804132
4139,1985,100.0,914.0,2.186322049082019
4139,1996,0.0,953.0,0.0
4139,2005,0.0,2641.0,0.0
4139,2024,0.0,723.0,0.0
4140,1985,0.0,5290.0,0.0
4140,1996,22.0,6699.0,0.17719176292509314
4140,2005,0.0,10357.0,0.0
4140,2024,0.0,2714.0,0.0
4141,1985,150.0,2001.0,1.4979747772570955
4141,1996,2.0,2186.0,0.049364036423321926
4141,2005,0.0,3020.0,0.0
4141,2024,0.0,3482.0,0.0
4142,1985,4000.0,19493.0,4.10054553503507
4142,1996,100.0,24215.0,0.22281598930700336
4142,2005,0.0,28013.0,0.0
4142,2024,40.0,23145.0,0.07864035227004151
4143,1985,200.0,9256.0,0.4317844323381515
4143,1996,0.0,6532.0,0.0
4143,2005,0.0,6600.0,0.0
4143,2024,0.0,4056.0,0.0
4144,1985,0.0,6411.0,0.0
4144,1996,0.0,11005.0,0.0
4144,2005,0.0,20319.0,0.0
4144,2024,0.0,17402.0,0.0
4145,1985,6698.0,30988.0,4.319285648464807
4145,1996,306.0,16350.0,1.0097979751725628
4145,2005,520.0,17187.0,1.3559688636190266
4145,2024,2.0,22718.0,0.004005922513623803
4146,1985,3000.0,24183.0,2.4789707888115187
4146,1996,71.0,9453.0,0.40524672787041693
4146,2005,36.0,6571.0,0.24553730462660162
4146,2024,30.0,7873.0,0.17338984059031923
4147,1985,2000.0,4037.0,9.899917527178426
4147,1996,14.0,7099.0,0.10640491412166107
4147,2005,0.0,4908.0,0.0
4147,2024,0.0,6278.0,0.0
4148,1985,1900.0,15720.0,2.415246100786154
4148,1996,44.0,11508.0,0.206292599901842
4148,2005,0.0,21103.0,0.0
4148,2024,18.0,14011.0,0.058458277708982216
4149,1985,0.0,186.0,0.0
4149,1996,0.0,41.0,0.0
4149,2005,0.0,84.0,0.0
4149,2024,0.0,4.0,0.0
4150,1985,11.0,1277.0,0.17213219954166498
4150,1996,0.0,1811.0,0.0
4150,2005,13.0,4170.0,0.13971844639700365
4150,2024,0.0,2104.0,0.0
4151,1985,90.0,2369.0,0.7591677997361201
4151,1996,0.0,1131.0,0.0
4151,2005,0.0,933.0,0.0
4151,2024,0.0,2295.0,0.0
4152,1985,0.0,5785.0,0.0
4152,1996,1.0,8370.0,0.006446223633296399
4152,2005,0.0,12806.0,0.0
4152,2024,0.0,17848.0,0.0
4153,1985,0.0,4370.0,0.0
4153,1996,0.0,7276.0,0.0
4153,2005,0.0,5867.0,0.0
4153,2024,0.0,11076.0,0.0
4154,1985,450.0,2131.0,4.219775968031133
4154,1996,10.0,1251.0,0.43129409920616196
4154,2005,0.0,841.0,0.0
4154,2024,0.0,1210.0,0.0
4155,1985,405.0,952.0,8.501164211225744
4155,1996,0.0,1649.0,0.0
4155,2005,0.0,3409.0,0.0
4155,2024,0.0,1838.0,0.0
4156,1985,300.0,3015.0,1.9883565700109107
4156,1996,17.0,2848.0,0.32206220533066876
4156,2005,0.0,3618.0,0.0
4156,2024,0.0,1536.0,0.0
4157,1985,0.0,794.0,0.0
4157,1996,0.0,63.0,0.0
4157,2005,0.0,302.0,0.0
4157,2024,0.0,180.0,0.0
4158,1985,200.0,3593.0,1.1123286127809435
4158,1996,10.0,4052.0,0.13315619894050065
4158,2005,0.0,14001.0,0.0
4158,2024,0.0,7200.0,0.0
4159,1985,0.0,4971.0,0.0
4159,1996,0.0,6023.0,0.0
4159,2005,0.0,9083.0,0.0
4159,2024,0.0,6184.0,0.0
4160,1985,12500.0,25427.0,9.82370291845757
4160,1996,62.0,21192.0,0.1578521749840899
4160,2005,63.0,20899.0,0.13510191158559973
4160,2024,13.0,11029.0,0.053635194470875516
4161,1985,4900.0,18154.0,5.3936663705071775
4161,1996,80.0,17815.0,0.24228971904885038
4161,2005,215.0,18445.0,0.5224037079768694
4161,2024,20.0,8295.0,0.10971253485775231
4162,1985,20800.0,37358.0,11.126025413434359
4162,1996,331.0,17266.0,1.0343489626629605
4162,2005,864.0,14933.0,2.59306335557715
4162,2024,24.0,12205.0,0.08947796574961626
4163,1985,1200.0,15688.0,1.5285301016274595
4163,1996,60.0,27660.0,0.11703881086917758
4163,2005,0.0,30191.0,0.0
4163,2024,24.0,27360.0,0.03991515248443226
4164,1985,1000.0,3296.0,6.062798400670403
4164,1996,45.0,3073.0,0.7900976672571066
4164,2005,0.0,2854.0,0.0
4164,2024,0.0,1795.0,0.0
4165,1985,300.0,13393.0,0.44761405649092034
4165,1996,13.0,9043.0,0.07756425893386942
4165,2005,0.0,23113.0,0.0
4165,2024,0.0,15348.0,0.0
4166,1985,400.0,5322.0,1.5019153347320293
4166,1996,13.0,12819.0,0.054716716868631034
4166,2005,15.0,8449.0,0.0795668929607744
4166,2024,17.0,6226.0,0.12424600950020835
4167,1985,4320.0,15493.0,5.571967265448506
4167,1996,284.0,8036.0,1.9068179783768298
4167,2005,215.0,2723.0,3.538647224984707
4167,2024,5.0,4041.0,0.05630199682288143
4168,1985,60.0,8235.0,0.1455955084051705
4168,1996,0.0,4311.0,0.0
4168,2005,0.0,7320.0,0.0
4168,2024,24.0,5085.0,0.21476471425252044
4169,1985,386.0,819.0,9.418109453044353
4169,1996,10.0,812.0,0.6644691109690993
4169,2005,60.0,1285.0,2.0926402447488965
4169,2024,0.0,930.0,0.0
4170,1985,500.0,12577.0,0.7944256789619804
4170,1996,19.0,9415.0,0.10888400896475055
4170,2005,0.0,8207.0,0.0
4170,2024,15.0,8091.0,0.08435905419401701
4171,1985,500.0,6145.0,1.6259547216118513
4171,1996,12.0,3981.0,0.16263720214224828
4171,2005,0.0,9532.0,0.0
4171,2024,0.0,4340.0,0.0
4172,1985,2816.0,7622.0,7.382849857854209
4172,1996,6.0,8985.0,0.03602997783685533
4172,2005,0.0,8569.0,0.0
4172,2024,40.0,6681.0,0.27243391008682993
4173,1985,4000.0,11956.0,6.685508039012931
4173,1996,53.0,7520.0,0.38026718962322015
4173,2005,40.0,6172.0,0.29045611519791875
4173,2024,0.0,2836.0,0.0
4174,1985,1978.0,6822.0,5.793952128347976
4174,1996,18.0,2419.0,0.40148327928583527
4174,2005,32.0,1675.0,0.8562126056126828
4174,2024,0.0,1279.0,0.0
4175,1985,3513.0,9831.0,7.140699942631035
4175,1996,85.0,7856.0,0.5837787428600717
4175,2005,0.0,4569.0,0.0
4175,2024,0.0,3515.0,0.0
4176,1985,5000.0,8628.0,11.580310343422376
4176,1996,245.0,7318.0,1.8063608217572098
4176,2005,1200.0,7068.0,7.609062576407277
4176,2024,40.0,3420.0,0.5322020331257634
4177,1985,292.0,3718.0,1.5694005353292142
4177,1996,12.0,6784.0,0.09543907749532582
4177,2005,0.0,2406.0,0.0
4177,2024,0.0,4010.0,0.0
4178,1985,1690.0,5684.0,5.941457101222785
4178,1996,5.0,6158.0,0.043808778670583685
4178,2005,0.0,2789.0,0.0
4178,2024,0.0,942.0,0.0
4179,1985,200.0,1623.0,2.4624748648933643
4179,1996,3.0,1485.0,0.10899978143573912
4179,2005,0.0,1315.0,0.0
4179,2024,0.0,1263.0,0.0
4180,1985,2660.0,8812.0,6.032085359294334
4180,1996,5.0,8822.0,0.030579739180849504
4180,2005,30.0,4553.0,0.2953044931366497
4180,2024,0.0,4852.0,0.0
4181,1985,6000.0,13549.0,8.849206669987298
4181,1996,27.0,9334.0,0.15607264612048996
4181,2005,43.0,8000.0,0.24089340984083388
4181,2024,0.0,4075.0,0.0
4182,1985,1800.0,5114.0,7.0335100413565455
4182,1996,11.0,6335.0,0.0936864735465824
4182,2005,238.0,5391.0,1.9785820999553423
4182,2024,0.0,3518.0,0.0
4183,1985,18000.0,44543.0,8.075201569606307
4183,1996,295.0,16664.0,0.9551544097547889
4183,2005,1200.0,23880.0,2.252129576635119
4183,2024,116.0,22761.0,0.23190456326792852
4184,1985,2040.0,14661.0,2.7805256393399964
4184,1996,8.0,5770.0,0.07480747564740502
4184,2005,0.0,4646.0,0.0
4184,2024,0.0,1605.0,0.0
4185,1985,200.0,9027.0,0.4427380863766401
4185,1996,0.0,2357.0,0.0
4185,2005,0.0,4481.0,0.0
4185,2024,0.0,3491.0,0.0
4186,1985,0.0,1190.0,0.0
4186,1996,0.0,517.0,0.0
4186,2005,0.0,1148.0,0.0
4186,2024,0.0,2927.0,0.0
4187,1985,400.0,4964.0,1.6102323552465474
4187,1996,25.0,3897.0,0.3461309456677628
4187,2005,0.0,7496.0,0.0
4187,2024,3.0,2948.0,0.04630590959862901
4188,1985,12000.0,24093.0,9.952924183095332
4188,1996,600.0,35950.0,0.9004988897472744
4188,2005,250.0,25224.0,0.4441938092197794
4188,2024,130.0,14509.0,0.40770732636245505
4189,1985,4.0,2811.0,0.02843540879204504
4189,1996,0.0,1446.0,0.0
4189,2005,0.0,1876.0,0.0
4189,2024,0.0,797.0,0.0
4190,1985,5402.0,17912.0,6.02657866355233
4190,1996,80.0,21060.0,0.2049568539817317
4190,2005,29.0,5732.0,0.22674528588208775
4190,2024,95.0,3377.0,1.2800743304897877
4191,1985,2200.0,7630.0,5.761803900778667
4191,1996,30.0,13957.0,0.11597383064560621
4191,2005,0.0,4996.0,0.0
4191,2024,75.0,6363.0,0.5363422186734179
4192,1985,7500.0,15740.0,9.521751999019846
4192,1996,223.0,16666.0,0.7219453302402534
4192,2005,578.0,10787.0,2.4014503398880565
4192,2024,65.0,28556.0,0.10357587894300427
4193,1985,300.0,15820.0,0.3789440618573259
4193,1996,13.0,6804.0,0.10308841762771623
4193,2005,0.0,8418.0,0.0
4193,2024,15.0,9100.0,0.07500539642679029
4194,1985,100.0,1433.0,1.3944859405868564
4194,1996,0.0,735.0,0.0
4194,2005,0.0,1491.0,0.0
4194,2024,0.0,1537.0,0.0
4195,1985,200.0,7284.0,0.5486815905713798
4195,1996,0.0,1510.0,0.0
4195,2005,0.0,3014.0,0.0
4195,2024,0.0,3307.0,0.0
4196,1985,100.0,1796.0,1.1126382811029873
4196,1996,0.0,2742.0,0.0
4196,2005,0.0,3670.0,0.0
4196,2024,0.0,3437.0,0.0
4197,1985,0.0,690.0,0.0
4197,1996,0.0,962.0,0.0
4197,2005,0.0,1679.0,0.0
4197,2024,0.0,2258.0,0.0
4198,1985,210.0,2939.0,1.4278416267465215
4198,1996,0.0,1727.0,0.0
4198,2005,10.0,3029.0,0.14796097251581006
4198,2024,0.0,1809.0,0.0
4199,1985,1200.0,15539.0,1.5431868353389266
4199,1996,10.0,24518.0,0.02200623697311806
4199,2005,0.0,16070.0,0.0
4199,2024,26.0,15504.0,0.0763083797496499
4200,1985,1300.0,2927.0,8.875257460605585
4200,1996,37.0,4157.0,0.48023358118728937
4200,2005,110.0,3964.0,1.2436709493577889
4200,2024,25.0,2655.0,0.4284677385334536
4201,1985,0.0,2679.0,0.0
4201,1996,0.0,1067.0,0.0
4201,2005,0.0,1289.0,0.0
4201,2024,0.0,453.0,0.0
4202,1985,75.0,197.0,7.6077348459173795
4202,1996,0.0,709.0,0.0
4202,2005,0.0,1667.0,0.0
4202,2024,0.0,917.0,0.0
4203,1985,1200.0,5335.0,4.494766679349874
4203,1996,5.0,1077.0,0.2504869629094283
4203,2005,0.0,1774.0,0.0
4203,2024,0.0,5110.0,0.0
4204,1985,300.0,2059.0,2.911556609316608
4204,1996,1.0,959.0,0.05626161815504782
4204,2005,0.0,1590.0,0.0
4204,2024,0.0,1464.0,0.0
4205,1985,32.0,10787.0,0.059280195876101685
4205,1996,1.0,8410.0,0.006415563830046476
4205,2005,0.0,18824.0,0.0
4205,2024,0.0,6988.0,0.0
4206,1985,10500.0,32652.0,6.4259869854955705
4206,1996,10.0,24446.0,0.02207105121929594
4206,2005,0.0,26015.0,0.0
4206,2024,51.0,20649.0,0.11238640929075942
4207,1985,625.0,3345.0,3.733741317004793
4207,1996,2.0,2171.0,0.049705105306946905
4207,2005,0.0,6662.0,0.0
4207,2024,1.0,18443.0,0.00246723818425705
4208,1985,3384.0,17066.0,3.962405734256127
4208,1996,9.0,21563.0,0.022519780471002074
4208,2005,0.0,21871.0,0.0
4208,2024,23.0,14265.0,0.07336665251607527
4209,1985,907.0,3043.0,5.956150529230678
4209,1996,16.0,5221.0,0.16534730300154257
4209,2005,0.0,1872.0,0.0
4209,2024,0.0,1110.0,0.0
4210,1985,864.0,8430.0,2.048078027131523
4210,1996,5.0,4081.0,0.06610498874135122
4210,2005,0.0,2827.0,0.0
4210,2024,0.0,4583.0,0.0
4211,1985,2015.0,9295.0,4.331975450258036
4211,1996,75.0,4933.0,0.8203156062845762
4211,2005,237.0,5099.0,2.0830983962118474
4211,2024,5.0,3955.0,0.057526262746210845
4212,1985,70.0,6410.0,0.21822290904877936
4212,1996,0.0,2288.0,0.0
4212,2005,0.0,3102.0,0.0
4212,2024,0.0,2140.0,0.0
4213,1985,932.0,6460.0,2.88299390846195
4213,1996,85.0,6522.0,0.7031839625741679
4213,2005,0.0,4080.0,0.0
4213,2024,1.0,2597.0,0.017521476254236723
4214,1985,150.0,4455.0,0.6728277282360152
4214,1996,12.0,3875.0,0.16708611657504266
4214,2005,0.0,7721.0,0.0
4214,2024,0.0,3167.0,0.0
4215,1985,5400.0,7742.0,13.938014861081388
4215,1996,136.0,5299.0,1.3847641604555496
4215,2005,220.0,4000.0,2.4649558216271377
4215,2024,0.0,2760.0,0.0
4216,1985,300.0,2811.0,2.1326556594033783
4216,1996,1.0,6394.0,0.008438362810555343
4216,2005,20.0,17503.0,0.051211082185955395
4216,2024,0.0,8962.0,0.0
4217,1985,3500.0,9120.0,7.66890815242695
4217,1996,45.0,7197.0,0.3373586399167832
4217,2005,60.0,3664.0,0.7339090378008548
4217,2024,0.0,3735.0,0.0
4218,1985,3000.0,8288.0,7.233222802344227
4218,1996,42.0,8892.0,0.2548476671220216
4218,2005,20.0,5237.0,0.17115668732113373
4218,2024,2.0,2448.0,0.03717587731393201
4219,1985,195.0,5116.0,0.7616657130724945
4219,1996,26.0,5558.0,0.25239783862503823
4219,2005,0.0,5100.0,0.0
4219,2024,0.0,8842.0,0.0
4220,1985,270.0,730.0,7.390966510581651
4220,1996,21.0,4285.0,0.26442304037911507
4220,2005,6.0,5305.0,0.05068883533463397
4220,2024,0.0,2604.0,0.0
4221,1985,400.0,7430.0,1.0757999207865223
4221,1996,1.0,3064.0,0.01760929889382861
4221,2005,0.0,8580.0,0.0
4221,2024,0.0,1919.0,0.0
4222,1985,170.0,1613.0,2.1060800991095108
4222,1996,26.0,2251.0,0.6232017712474288
4222,2005,0.0,625.0,0.0
4222,2024,0.0,474.0,0.0
4223,1985,100.0,5231.0,0.38201077286579344
4223,1996,0.0,683.0,0.0
4223,2005,0.0,2855.0,0.0
4223,2024,0.0,1730.0,0.0
4224,1985,4888.0,15677.0,6.2305813285605645
4224,1996,421.0,4673.0,4.860905082880559
4224,2005,480.0,11215.0,1.9181758106124525
4224,2024,28.0,9558.0,0.1333010742104078
4225,1985,0.0,853.0,0.0
4225,1996,0.0,1257.0,0.0
4225,2005,0.0,4680.0,0.0
4225,2024,0.0,1638.0,0.0
4226,1985,7321.0,13402.0,10.915939592072174
4226,1996,1834.0,9514.0,10.400806346521657
4226,2005,250.0,3420.0,3.276124164842022
4226,2024,625.0,2141.0,13.283300394749174
4227,1985,170.0,5078.0,0.6689852697644034
4227,1996,48.0,8615.0,0.3006192463044877
4227,2005,0.0,12014.0,0.0
4227,2024,13.0,20604.0,0.02871008347016531
4228,1985,17600.0,48396.0,7.267140055036157
4228,1996,63.0,24228.0,0.1402987528509792
4228,2005,0.0,31952.0,0.0
4228,2024,133.0,23220.0,0.2606346003311636
4229,1985,0.0,5802.0,0.0
4229,1996,2.0,8003.0,0.013483666577706076
4229,2005,0.0,8747.0,0.0
4229,2024,0.0,8039.0,0.0
4230,1985,0.0,11461.0,0.0
4230,1996,0.0,2572.0,0.0
4230,2005,0.0,12386.0,0.0
4230,2024,0.0,5529.0,0.0
4231,1985,200.0,10708.0,0.3732346568660749
4231,1996,3.0,3200.0,0.05058271107252268
4231,2005,0.0,8822.0,0.0
4231,2024,0.0,16714.0,0.0
4232,1985,0.0,3795.0,0.0
4232,1996,0.0,5353.0,0.0
4232,2005,0.0,5747.0,0.0
4232,2024,0.0,5157.0,0.0
4233,1985,2000.0,4379.0,9.12673374222866
4233,1996,36.0,2880.0,0.6744361476336358
4233,2005,0.0,1734.0,0.0
4233,2024,0.0,1350.0,0.0
4234,1985,0.0,1854.0,0.0
4234,1996,0.0,2351.0,0.0
4234,2005,0.0,2770.0,0.0
4234,2024,0.0,3186.0,0.0
4235,1985,1500.0,5060.0,5.923809346425786
4235,1996,113.0,8809.0,0.692122008696568
4235,2005,110.0,8985.0,0.5486824310800529
4235,2024,0.0,3883.0,0.0
4236,1985,5.0,10153.0,0.009840925602585272
4236,1996,6.0,9501.0,0.034073187123896974
4236,2005,0.0,10256.0,0.0
4236,2024,0.0,10373.0,0.0
5001,1985,0.0,2588.0,0.0
5001,1996,11.0,1061.0,0.5593815362088591
5001,2005,0.0,134.0,0.0
5001,2024,16.0,155.0,4.697112137522867
5002,1985,2433.0,8615.0,5.643482173546986
5002,1996,670.0,8948.0,4.039984076124595
5002,2005,389.0,8107.0,2.150482332020491
5002,2024,3.0,3655.0,0.03734878837120611
5003,1985,0.0,15110.0,0.0
5003,1996,200.0,1350.0,7.993317305287535
5003,2005,60.0,385.0,6.984526531174888
5003,2024,10.0,620.0,0.733923771487948
5004,1985,149.0,1175.0,2.534012379372628
5004,1996,7.0,458.0,0.8246380844428733
5004,2005,3.0,351.0,0.38305451773537497
5004,2024,0.0,102.0,0.0
5005,1985,6000.0,9727.0,12.326298054041114
5005,1996,150.0,2575.0,3.1430034064480115
5005,2005,90.0,832.0,4.848033740088339
5005,2024,4.0,603.0,0.3018459292355076
5006,1985,2100.0,3383.0,12.404453269311343
5006,1996,62.0,1493.0,2.24059162241315
5006,2005,20.0,771.0,1.162577913749387
5006,2024,0.0,343.0,0.0
5007,1985,792.0,1807.0,8.758452105511259
5007,1996,150.0,1246.0,6.495372208349623
5007,2005,350.0,1051.0,14.924911989784588
5007,2024,0.0,660.0,0.0
5008,1985,173.0,2030.0,1.7029833253445663
5008,1996,80.0,1291.0,3.3434479820722456
5008,2005,60.0,448.0,6.00232748772842
5008,2024,2.0,190.0,0.47898182981318704
5009,1985,1890.0,3270.0,11.549797819288147
5009,1996,40.0,1273.0,1.6953618793618495
5009,2005,25.0,972.0,1.1527103542962671
5009,2024,7.0,1167.0,0.2729416596621846
5010,1985,3850.0,6708.0,11.469064786098265
5010,1996,4800.0,13633.0,18.99680779661968
5010,2005,2562.0,7196.0,15.956381866210336
5010,2024,50.0,5475.0,0.41555501216669194
5011,1985,0.0,4032.0,0.0
5011,1996,0.0,6008.0,0.0
5011,2005,45.0,5526.0,0.36496236624624484
5011,2024,0.0,7885.0,0.0
5012,1985,920.0,6081.0,3.0232436846441177
5012,1996,230.0,5055.0,2.454920893463679
5012,2005,16.0,1344.0,0.5335402211314151
5012,2024,0.0,1237.0,0.0
5013,1985,0.0,9302.0,0.0
5013,1996,0.0,6952.0,0.0
5013,2005,0.0,8607.0,0.0
5013,2024,0.0,12105.0,0.0
5014,1985,13170.0,49001.0,5.370826984587847
5014,1996,5180.0,28220.0,9.903839106285565
5014,2005,2200.0,14416.0,6.839500060008707
5014,2024,10.0,21015.0,0.02165275937770772
5015,1985,3250.0,3646.0,17.812588170044258
5015,1996,5.0,1959.0,0.13771029048159994
5015,2005,39.0,349.0,5.008245743342452
5015,2024,7.0,419.0,0.7601978921856072
5016,1985,594.0,1619.0,7.331619651633189
5016,1996,200.0,1290.0,8.365099505533466
5016,2005,200.0,1783.0,5.027187725747488
5016,2024,4.0,88.0,2.0683306287387624
5017,1985,0.0,1998.0,0.0
5017,1996,100.0,8217.0,0.6566251893719224
5017,2005,35.0,3510.0,0.4468969373579374
5017,2024,6.0,2750.0,0.0992798701794606
5018,1985,420.0,1731.0,4.848557528605461
5018,1996,5.0,4311.0,0.06257816261968321
5018,2005,85.0,2090.0,1.8227163535302886
5018,2024,16.0,1345.0,0.5413028857368359
5019,1985,150.0,2160.0,1.3877071894867814
5019,1996,9.0,3231.0,0.150292177745657
5019,2005,0.0,5095.0,0.0
5019,2024,0.0,200.0,0.0
5020,1985,883.0,1486.0,11.87414162568124
5020,1996,12.0,923.0,0.7014720495431098
5020,2005,200.0,1050.0,8.536643538102641
5020,2024,0.0,279.0,0.0
5021,1985,0.0,170.0,0.0
5021,1996,80.0,705.0,6.122540914688325
5021,2005,38.0,400.0,4.257650964628692
5021,2024,0.0,44.0,0.0
5022,1985,477.0,5496.0,1.7343309940223441
5022,1996,0.0,1739.0,0.0
5022,2005,0.0,388.0,0.0
5022,2024,10.0,161.0,2.8262903001399238
5023,1985,5100.0,17780.0,5.7319019120308905
5023,1996,3.0,9933.0,0.01629564838740286
5023,2005,40.0,3065.0,0.5848923794458579
5023,2024,0.0,855.0,0.0
5024,1985,0.0,9364.0,0.0
5024,1996,0.0,7902.0,0.0
5024,2005,0.0,8083.0,0.0
5024,2024,0.0,16150.0,0.0
5025,1985,1711.0,6383.0,5.3565540995536765
5025,1996,900.0,3866.0,12.560631823492441
5025,2005,300.0,2492.0,5.395350550767119
5025,2024,5.0,1354.0,0.16803276895218897
5026,1985,0.0,3470.0,0.0
5026,1996,0.0,743.0,0.0
5026,2005,0.0,74.0,0.0
5026,2024,11.0,112.0,4.469071537096254
5027,1985,150.0,14642.0,0.20471571706675643
5027,1996,0.0,15372.0,0.0
5027,2005,40.0,7537.0,0.2378526128435126
5027,2024,0.0,4470.0,0.0
5028,1985,0.0,7752.0,0.0
5028,1996,141.0,4195.0,1.8135017271292997
5028,2005,0.0,1946.0,0.0
5028,2024,5.0,4505.0,0.050503078615152915
5029,1985,1830.0,8708.0,4.199455656563581
5029,1996,2.0,4848.0,0.022258618733783358
5029,2005,50.0,2550.0,0.8787721289223307
5029,2024,0.0,641.0,0.0
5030,1985,150.0,5895.0,0.5084728633234008
5030,1996,7.0,2012.0,0.18771582637914316
5030,2005,30.0,859.0,1.5652169467417532
5030,2024,0.0,360.0,0.0
5031,1985,0.0,1990.0,0.0
5031,1996,15.0,825.0,0.980998032921652
5031,2005,0.0,99.0,0.0
5031,2024,0.0,69.0,0.0
5032,1985,0.0,3558.0,0.0
5032,1996,0.0,3367.0,0.0
5032,2005,0.0,181.0,0.0
5032,2024,7.0,223.0,1.4283538871110737
5033,1985,141.0,5234.0,0.5383264573049218
5033,1996,6.0,1551.0,0.20872298572801107
5033,2005,4.0,2836.0,0.06321209954166271
5033,2024,0.0,936.0,0.0
5034,1985,0.0,280.0,0.0
5034,1996,0.0,375.0,0.0
5034,2005,0.0,683.0,0.0
5034,2024,0.0,0.0,0.0
5035,1985,525.0,2962.0,3.541886006927774
5035,1996,10.0,1282.0,0.42086499072301764
5035,2005,6.0,770.0,0.3492263265587444
5035,2024,0.0,153.0,0.0
5036,1985,0.0,418.0,0.0
5036,1996,0.0,1052.0,0.0
5036,2005,0.0,39.0,0.0
5036,2024,0.0,213.0,0.0
5037,1985,1000.0,3015.0,6.627855233369702
5037,1996,2.0,2622.0,0.041155523883059396
5037,2005,0.0,2095.0,0.0
5037,2024,0.0,407.0,0.0
5038,1985,0.0,1754.0,0.0
5038,1996,0.0,935.0,0.0
5038,2005,0.0,886.0,0.0
5038,2024,0.0,307.0,0.0
5039,1985,215.0,478.0,8.988162047387187
5039,1996,240.0,820.0,15.79167565190952
5039,2005,33.0,653.0,2.2648904946038018
5039,2024,10.0,135.0,3.370612876463168
5040,1985,0.0,6752.0,0.0
5040,1996,94.0,2517.0,2.015001919032555
5040,2005,16.0,2045.0,0.35064941672402045
5040,2024,19.0,3270.0,0.26439211095192744
5041,1985,252.0,2117.0,2.3787018654745546
5041,1996,8.0,700.0,0.6166273349793241
5041,2005,15.0,505.0,1.3312092646051148
5041,2024,6.0,176.0,1.5512479715540717
5042,1985,700.0,1412.0,9.906578236562858
5042,1996,20.0,771.0,1.3996080884744713
5042,2005,4.0,649.0,0.276224213097312
5042,2024,0.0,411.0,0.0
5043,1985,0.0,232.0,0.0
5043,1996,45.0,404.0,6.009827058121507
5043,2005,0.0,84.0,0.0
5043,2024,0.0,516.0,0.0
5044,1985,40.0,6621.0,0.12072486650723245
5044,1996,10.0,6930.0,0.07785698673981366
5044,2005,0.0,6433.0,0.0
5044,2024,0.0,6005.0,0.0
5045,1985,5840.0,11826.0,9.868140014128223
5045,1996,200.0,1703.0,6.3364523559237655
5045,2005,84.0,1697.0,2.2184206248104092
5045,2024,0.0,3756.0,0.0
5046,1985,610.0,1625.0,7.501304586124238
5046,1996,160.0,976.0,8.845064231260796
5046,2005,113.0,924.0,5.480913180713627
5046,2024,0.0,3703.0,0.0
5047,1985,824.0,2307.0,7.137398538177006
5047,1996,83.0,569.0,7.870397223703588
5047,2005,70.0,899.0,3.4896735264212686
5047,2024,10.0,1694.0,0.26861436736867045
5048,1985,2540.0,5273.0,9.625787628042579
5048,1996,60.0,6184.0,0.5234950693145943
5048,2005,26.0,3110.0,0.37467904918038925
5048,2024,0.0,3132.0,0.0
5049,1985,846.0,2161.0,7.823046767794431
5049,1996,400.0,2690.0,8.023032239507936
5049,2005,200.0,923.0,9.711241294699645
5049,2024,0.0,363.0,0.0
5050,1985,27.0,679.0,0.7946105379564957
5050,1996,0.0,336.0,0.0
5050,2005,0.0,60.0,0.0
5050,2024,3.0,59.0,2.3137257880806494
5051,1985,270.0,950.0,5.679374266025901
5051,1996,200.0,1370.0,7.8766265417066945
5051,2005,199.0,1170.0,7.622784902933961
5051,2024,0.0,420.0,0.0
5052,1985,540.0,4633.0,2.329119599708442
5052,1996,0.0,4334.0,0.0
5052,2005,30.0,787.0,1.7084134145504015
5052,2024,3.0,1743.0,0.07831888783520272
5053,1985,1212.0,2581.0,9.383717952992987
5053,1996,60.0,1030.0,3.1430034064480115
5053,2005,120.0,518.0,10.382404303097807
5053,2024,40.0,1353.0,1.345255693488626
5054,1985,420.0,1520.0,5.521613869747404
5054,1996,360.0,980.0,19.820164338621133
5054,2005,35.0,192.0,8.169834636074793
5054,2024,0.0,344.0,0.0
5055,1985,1200.0,8100.0,2.960442004238467
5055,1996,10.0,3257.0,0.1656582493420045
5055,2005,170.0,3770.0,2.0209428004659435
5055,2024,0.0,1134.0,0.0
5056,1985,2870.0,9429.0,6.082422603362997
5056,1996,110.0,3141.0,1.8895377584132425
5056,2005,160.0,2017.0,3.555171329700654
5056,2024,0.0,1143.0,0.0
5057,1985,0.0,1843.0,0.0
5057,1996,23.0,2459.0,0.5046614524790117
5057,2005,50.0,625.0,3.585390286003109
5057,2024,12.0,690.0,0.7913612840391787
5058,1985,162.0,2833.0,1.142690904212765
5058,1996,0.0,687.0,0.0
5058,2005,0.0,168.0,0.0
5058,2024,0.0,30.0,0.0
5059,1985,0.0,2771.0,0.0
5059,1996,0.0,1425.0,0.0
5059,2005,0.0,88.0,0.0
5059,2024,0.0,140.0,0.0
5060,1985,1886.0,4918.0,7.663258831833633
5060,1996,450.0,3500.0,6.9370575185173955
5060,2005,200.0,7348.0,1.2198524380794467
5060,2024,0.0,354.0,0.0
5061,1985,350.0,1076.0,6.500041110607229
5061,1996,12.0,543.0,1.192373299683776
5061,2005,6.0,349.0,0.770499345129608
5061,2024,0.0,300.0,0.0
5062,1985,1260.0,2476.0,10.1690465452537
5062,1996,20.0,1008.0,1.0705335676724377
5062,2005,2.0,1376.0,0.06514153862650998
5062,2024,0.0,227.0,0.0
5063,1985,54.0,3161.0,0.3413733345602408
5063,1996,79.0,2398.0,1.777496435798406
5063,2005,0.0,211.0,0.0
5063,2024,8.0,156.0,2.333501222166809
5064,1985,750.0,1925.0,7.785577998159605
5064,1996,0.0,3160.0,0.0
5064,2005,105.0,1696.0,2.7746608197989864
5064,2024,0.0,625.0,0.0
5065,1985,500.0,2290.0,4.363096840307785
5065,1996,5.0,4769.0,0.05656834956038044
5065,2005,0.0,6665.0,0.0
5065,2024,0.0,1151.0,0.0
5066,1985,400.0,3075.0,2.599412491526459
5066,1996,8.0,3923.0,0.11002781913982333
5066,2005,75.0,2785.0,1.2069312004049964
5066,2024,0.0,470.0,0.0
5067,1985,2560.0,7486.0,6.83361445808719
5067,1996,10.0,2768.0,0.19492374209064617
5067,2005,91.0,793.0,5.142977869266755
5067,2024,3.0,47.0,2.9044642871650703
5068,1985,0.0,9420.0,0.0
5068,1996,2.0,4729.0,0.02281873199860049
5068,2005,0.0,1100.0,0.0
5068,2024,5.0,4113.0,0.05531640388068657
5069,1985,150.0,3485.0,0.8600997214609607
5069,1996,7.0,4286.0,0.08812044859422212
5069,2005,20.0,2920.0,0.30696834640437576
5069,2024,0.0,645.0,0.0
5070,1985,450.0,3665.0,2.45357232957008
5070,1996,25.0,1447.0,0.9321854148357094
5070,2005,50.0,160.0,14.005430804699646
5070,2024,0.0,322.0,0.0
5071,1985,2050.0,6046.0,6.775573310229868
5071,1996,15.0,3375.0,0.23979951915862605
5071,2005,24.0,1585.0,0.6786227670668346
5071,2024,2.0,1661.0,0.054790215330828146
5072,1985,560.0,1252.0,8.938075699697608
5072,1996,12.0,527.0,1.228574386581196
5072,2005,10.0,587.0,0.7634987832204235
5072,2024,0.0,261.0,0.0
5073,1985,2500.0,4138.0,12.072851334346092
5073,1996,2.0,3457.0,0.031214863645178396
5073,2005,17.0,1650.0,0.4617548095610065
5073,2024,2.0,226.0,0.40268383922347584
5074,1985,800.0,4242.0,3.7685966107703255
5074,1996,0.0,6708.0,0.0
5074,2005,30.0,4550.0,0.29549919939586067
5074,2024,10.0,4770.0,0.0953947040508444
5075,1985,130.0,783.0,3.317736728887937
5075,1996,50.0,679.0,3.973114271773996
5075,2005,10.0,270.0,1.6599029101866245
5075,2024,0.0,476.0,0.0
5076,1985,2030.0,3034.0,13.370288913341328
5076,1996,13.0,1655.0,0.42381486014439956
5076,2005,6.0,1225.0,0.21951369097978218
5076,2024,2.0,1131.0,0.08046555938506238
5077,1985,1300.0,3390.0,7.663091028670368
5077,1996,60.0,5276.0,0.6135886104324207
5077,2005,0.0,2041.0,0.0
5077,2024,0.0,648.0,0.0
5078,1985,0.0,1477.0,0.0
5078,1996,0.0,1011.0,0.0
5078,2005,0.0,770.0,0.0
5078,2024,0.0,366.0,0.0
5079,1985,1400.0,2245.0,12.461548748353458
5079,1996,830.0,1725.0,25.960904465433863
5079,2005,13.0,119.0,4.896016146852985
5079,2024,0.0,220.0,0.0
5080,1985,600.0,1581.0,7.583674963419223
5080,1996,15.0,1653.0,0.48960881860881
5080,2005,0.0,647.0,0.0
5080,2024,0.0,99.0,0.0
5081,1985,30.0,1166.0,0.5141419432746909
5081,1996,38.0,2695.0,0.7607739847147506
5081,2005,30.0,1655.0,0.8123996116321245
5081,2024,0.0,902.0,0.0
5082,1985,1700.0,4280.0,7.93716635482159
5082,1996,5.0,4485.0,0.06015038105985603
5082,2005,150.0,880.0,7.639325893472533
5082,2024,0.0,162.0,0.0
5083,1985,0.0,5.0,0.0
5083,1996,0.0,4.0,0.0
5083,2005,0.0,0.0,0.0
5083,2024,0.0,0.0,0.0
5084,1985,10.0,2020.0,0.09892566103272105
5084,1996,0.0,1972.0,0.0
5084,2005,0.0,1898.0,0.0
5084,2024,0.0,760.0,0.0
5085,1985,2000.0,7020.0,5.69315770045859
5085,1996,120.0,7832.0,0.8266837356081338
5085,2005,250.0,4728.0,2.369785246142072
5085,2024,0.0,950.0,0.0
5086,1985,980.0,1831.0,10.695425373040667
5086,1996,160.0,970.0,8.899775968773751
5086,2005,110.0,362.0,13.61854045097866
5086,2024,4.0,859.0,0.21188951726310953
5087,1985,0.0,4040.0,0.0
5087,1996,0.0,1524.0,0.0
5087,2005,0.0,87.0,0.0
5087,2024,0.0,46.0,0.0
5088,1985,640.0,1460.0,8.759664012541217
5088,1996,4.0,363.0,0.5945442623767588
5088,2005,5.0,670.0,0.3344580490674542
5088,2024,0.0,607.0,0.0
5089,1985,0.0,483.0,0.0
5089,1996,150.0,515.0,15.715017032240056
5089,2005,70.0,338.0,9.281705622049468
5089,2024,0.0,133.0,0.0
5090,1985,1478.0,2794.0,10.570812331884419
5090,1996,50.0,2500.0,1.0790978362138173
5090,2005,225.0,2857.0,3.529545040036312
5090,2024,0.0,1158.0,0.0
5091,1985,0.0,2749.0,0.0
5091,1996,0.0,979.0,0.0
5091,2005,0.0,89.0,0.0
5091,2024,0.0,240.0,0.0
5092,1985,1200.0,7050.0,3.401358898486749
5092,1996,9.0,5544.0,0.08758911008229037
5092,2005,20.0,2900.0,0.3090853694830267
5092,2024,0.0,468.0,0.0
5093,1985,350.0,1490.0,4.693989419472066
5093,1996,3.0,1261.0,0.12836215339577522
5093,2005,0.0,439.0,0.0
5093,2024,0.0,170.0,0.0
5094,1985,4200.0,6947.0,12.081262533490793
5094,1996,1400.0,3505.0,21.55116933950562
5094,2005,100.0,351.0,12.768483924512497
5094,2024,0.0,305.0,0.0
5095,1985,2812.0,6388.0,8.79651685698972
5095,1996,45.0,4322.0,0.561770044303815
5095,2005,345.0,2442.0,6.331693533328587
5095,2024,13.0,1340.0,0.4414496715069299
5096,1985,2352.0,5269.0,8.920094374509375
5096,1996,35.0,879.0,2.1483745317112404
5096,2005,30.0,1052.0,1.2780621266646064
5096,2024,1.0,861.0,0.05284933081562459
5097,1985,648.0,1664.0,7.781834931814336
5097,1996,204.0,1861.0,5.914453481666274
5097,2005,600.0,1545.0,17.404807213607327
5097,2024,0.0,440.0,0.0
5098,1985,0.0,2035.0,0.0
5098,1996,129.0,1891.0,3.6806880188149766
5098,2005,70.0,225.0,13.943184445567647
5098,2024,0.0,540.0,0.0
5099,1985,3500.0,18900.0,3.7005525052980834
5099,1996,584.0,2528.0,12.46426298158365
5099,2005,80.0,370.0,9.69024401622462
5099,2024,0.0,306.0,0.0
5100,1985,150.0,3695.0,0.8112171933129765
5100,1996,1.0,3855.0,0.01399608088474471
5100,2005,0.0,3177.0,0.0
5100,2024,0.0,2550.0,0.0
5101,1985,1063.0,2027.0,10.479482728619663
5101,1996,80.0,833.0,5.181742310750623
5101,2005,80.0,340.0,10.545265547067968
5101,2024,0.0,1001.0,0.0
5102,1985,1170.0,2142.0,10.915075036635523
5102,1996,60.0,713.0,4.540383602582681
5102,2005,5.0,822.0,0.2726117918189712
5102,2024,1.0,77.0,0.5909516082110751
5103,1985,100.0,1195.0,1.6722161948627323
5103,1996,15.0,1785.0,0.4534024521906795
5103,2005,70.0,1499.0,2.0928729154454437
5103,2024,0.0,1332.0,0.0
5104,1985,108.0,1758.0,1.2276235614845519
5104,1996,0.0,1149.0,0.0
5104,2005,0.0,847.0,0.0
5104,2024,0.0,114.0,0.0
5105,1985,900.0,3100.0,5.801511347015706
5105,1996,22.0,6367.0,0.1864312266114652
5105,2005,280.0,2242.0,5.597174844340269
5105,2024,7.0,222.0,1.4347879136295918
5106,1985,120.0,678.0,3.5368112440017083
5106,1996,15.0,1425.0,0.5679462295862195
5106,2005,0.0,1784.0,0.0
5106,2024,0.0,6079.0,0.0
5107,1985,302.0,1711.0,3.52709586536535
5107,1996,10.0,630.0,0.8564268541379502
5107,2005,4.0,401.0,0.44705614538692134
5107,2024,1.0,331.0,0.1374721263814283
5108,1985,1400.0,2164.0,12.927993040690163
5108,1996,150.0,860.0,9.410736943725151
5108,2005,80.0,574.0,6.246324540075102
5108,2024,0.0,293.0,0.0
5109,1985,123.0,587.0,4.187235049436094
5109,1996,11.0,586.0,1.0128051363781563
5109,2005,40.0,409.0,4.383117709050256
5109,2024,6.0,286.0,0.9546141363409673
5110,1985,244.0,1832.0,2.6614890725877487
5110,1996,15.0,747.0,1.083431562463672
5110,2005,8.0,716.0,0.5007528332406577
5110,2024,0.0,91.0,0.0
5111,1985,4210.0,5237.0,16.06422773638469
5111,1996,15.0,2832.0,0.28577802865832025
5111,2005,90.0,1244.0,3.2424148486764452
5111,2024,0.0,195.0,0.0
5112,1985,540.0,1522.0,7.0898890311755665
5112,1996,12.0,2218.0,0.2919110467665872
5112,2005,1.0,131.0,0.34211739370258676
5112,2024,0.0,135.0,0.0
5113,1985,3530.0,4150.0,16.99757394120291
5113,1996,5.0,1976.0,0.13652553595822586
5113,2005,48.0,439.0,4.9003056300725865
5113,2024,8.0,178.0,2.0450909587529336
5114,1985,5360.0,20772.0,5.156402451056602
5114,1996,20.0,5492.0,0.19648540353492666
5114,2005,286.0,4393.0,2.9177715166084943
5114,2024,4.0,2592.0,0.07022110159298267
5115,1985,0.0,534.0,0.0
5115,1996,0.0,422.0,0.0
5115,2005,0.0,13.0,0.0
5115,2024,9.0,264.0,1.5512479715540717
5116,1985,2000.0,6330.0,6.313738871598626
5116,1996,50.0,6774.0,0.3982498657417395
5116,2005,35.0,1162.0,1.3499210414168332
5116,2024,0.0,3545.0,0.0
5117,1985,2080.0,6700.0,6.203672498434041
5117,1996,8.0,4424.0,0.09756761629419686
5117,2005,42.0,1037.0,1.8151686597412076
5117,2024,0.0,1055.0,0.0
5118,1985,58.0,1745.0,0.664190856538315
5118,1996,0.0,631.0,0.0
5118,2005,0.0,159.0,0.0
5118,2024,0.0,148.0,0.0
5119,1985,218.0,1532.0,2.8435315987186054
5119,1996,18.0,756.0,1.2846402812069253
5119,2005,8.0,427.0,0.8396698562068171
5119,2024,0.0,197.0,0.0
5120,1985,60.0,2777.0,0.43175333515181097
5120,1996,0.0,2275.0,0.0
5120,2005,6.0,3634.0,0.07399677255097226
5120,2024,0.0,1450.0,0.0
5121,1985,45.0,1441.0,0.6240348777150828
5121,1996,0.0,595.0,0.0
5121,2005,0.0,165.0,0.0
5121,2024,8.0,280.0,1.3000935380643648
5122,1985,20.0,6410.0,0.06234940258536553
5122,1996,2.0,7286.0,0.014810565965053762
5122,2005,0.0,6555.0,0.0
5122,2024,0.0,4120.0,0.0
5123,1985,1970.0,5290.0,7.441678176060683
5123,1996,35.0,8182.0,0.23080190825888294
5123,2005,500.0,2472.0,9.06500375708715
5123,2024,200.0,1769.0,5.144519370520381
5124,1985,0.0,1667.0,0.0
5124,1996,0.0,487.0,0.0
5124,2005,0.0,43.0,0.0
5124,2024,12.0,64.0,8.531863843547395
5125,1985,98.0,11398.0,0.1718136853661823
5125,1996,43.0,6220.0,0.37300005592599794
5125,2005,30.0,5319.0,0.252777092921821
5125,2024,16.0,2878.0,0.2529716404850745
5126,1985,1600.0,5282.0,6.053156691740901
5126,1996,280.0,10065.0,1.500980596820014
5126,2005,297.0,10223.0,1.3020406374632243
5126,2024,263.0,8068.0,1.4833119754440356
5127,1985,3800.0,5185.0,14.645195257225973
5127,1996,3.0,2443.0,0.06625651880150331
5127,2005,19.0,865.0,0.9844279687002756
5127,2024,0.0,294.0,0.0
5128,1985,0.0,234.0,0.0
5128,1996,20.0,581.0,1.8573112499377231
5128,2005,10.0,102.0,4.393860644611653
5128,2024,0.0,25.0,0.0
5129,1985,1830.0,2522.0,14.499944431941183
5129,1996,30.0,4461.0,0.3628439260974503
5129,2005,38.0,816.0,2.0870838061905355
5129,2024,7.0,587.0,0.5426284784084658
5130,1985,0.0,2605.0,0.0
5130,1996,7.0,1505.0,0.250952985166004
5130,2005,0.0,343.0,0.0
5130,2024,5.0,947.0,0.24024959784716354
5131,1985,800.0,2700.0,5.920884008476934
5131,1996,12.0,4011.0,0.1614207683191948
5131,2005,82.0,3210.0,1.1448676146894663
5131,2024,2.0,135.0,0.6741225752926336
5132,1985,0.0,130.0,0.0
5132,1996,0.0,974.0,0.0
5132,2005,0.0,2830.0,0.0
5132,2024,0.0,113.0,0.0
5133,1985,2100.0,5100.0,8.228287335309856
5133,1996,8.0,6815.0,0.06333663015194818
5133,2005,30.0,370.0,3.6338415060842326
5133,2024,0.0,1165.0,0.0
5134,1985,129.0,1968.0,1.3098602008082547
5134,1996,0.0,1021.0,0.0
5134,2005,0.0,152.0,0.0
5134,2024,0.0,84.0,0.0
5135,1985,1500.0,5235.0,5.725783246019957
5135,1996,24.0,5839.0,0.22177040648340138
5135,2005,113.0,2688.0,1.8840639058703095
5135,2024,0.0,235.0,0.0
5136,1985,655.0,4141.0,3.1607955110454773
5136,1996,260.0,6487.0,2.1625207138553453
5136,2005,25.0,972.0,1.1527103542962671
5136,2024,0.0,480.0,0.0
5137,1985,2470.0,6870.0,7.184566130373485
5137,1996,10.0,4214.0,0.12803723732959388
5137,2005,55.0,757.0,3.256216409018676
5137,2024,6.0,369.0,0.7398906314187443
5138,1985,137.0,648.0,4.2247974435486455
5138,1996,49.0,488.0,5.4176018416472385
5138,2005,6.0,410.0,0.6558640767078858
5138,2024,0.0,178.0,0.0
5139,1985,300.0,3260.0,1.8389248645959801
5139,1996,3.0,6438.0,0.025142074469101054
5139,2005,20.0,5656.0,0.1584772934053708
5139,2024,0.0,4657.0,0.0
5140,1985,2450.0,4900.0,9.991491764304826
5140,1996,5.0,3246.0,0.08310981486551272
5140,2005,172.0,1692.0,4.555903732214352
5140,2024,10.0,97.0,4.691059157964203
5141,1985,2745.0,3842.0,14.277274801153956
5141,1996,70.0,1501.0,2.51621747285034
5141,2005,20.0,1038.0,0.8635333058774347
5141,2024,0.0,77.0,0.0
5142,1985,0.0,1653.0,0.0
5142,1996,0.0,1562.0,0.0
5142,2005,0.0,2168.0,0.0
5142,2024,0.0,1522.0,0.0
5143,1985,22.0,649.0,0.6773892721562593
5143,1996,0.0,214.0,0.0
5143,2005,0.0,113.0,0.0
5143,2024,0.0,23.0,0.0
5144,1985,2700.0,3827.0,14.09826379076197
5144,1996,1500.0,3360.0,24.08700527262985
5144,2005,800.0,1186.0,30.230946762252188
5144,2024,6.0,530.0,0.5151314018745596
5145,1985,1417.0,3950.0,7.168579154440475
5145,1996,700.0,2608.0,14.481757771274388
5145,2005,200.0,850.0,10.545265547067968
5145,2024,0.0,1610.0,0.0
5146,1985,10.0,1367.0,0.1461812986730772
5146,1996,0.0,4792.0,0.0
5146,2005,0.0,2910.0,0.0
5146,2024,0.0,5765.0,0.0
5147,1985,121.0,516.0,4.685932184034434
5147,1996,58.0,872.0,3.588742803922099
5147,2005,6.0,212.0,1.2684163747652508
5147,2024,2.0,242.0,0.3760601143161386
5148,1985,0.0,790.0,0.0
5148,1996,0.0,942.0,0.0
5148,2005,0.0,1662.0,0.0
5148,2024,0.0,316.0,0.0
6001,1985,100.0,8469.0,0.23595446367469186
6001,1996,2.0,5458.0,0.019770938736053813
6001,2005,30.0,2532.0,0.5310115944909818
6001,2024,0.0,1512.0,0.0
6002,1985,1230.0,3901.0,6.300710007739008
6002,1996,100.0,2988.0,1.8057192707727865
6002,2005,100.0,2249.0,1.9927691674094647
6002,2024,0.0,695.0,0.0
6003,1985,200.0,13810.0,0.2893987476989088
6003,1996,20.0,5216.0,0.2068822538753484
6003,2005,20.0,7645.0,0.11724624872475832
6003,2024,4.0,6894.0,0.02640166743965928
6004,1985,20.0,4830.0,0.08274527341039194
6004,1996,0.0,2641.0,0.0
6004,2005,30.0,6334.0,0.2122705016184348
6004,2024,0.0,3796.0,0.0
6005,1985,300.0,4255.0,1.4089060067174843
6005,1996,11.0,2235.0,0.2655498030951228
6005,2005,100.0,1266.0,3.5400772966065452
6005,2024,5.0,1030.0,0.22088967879734353
6006,1985,2200.0,7785.0,5.647085904038694
6006,1996,60.0,1370.0,2.3629879625120087
6006,2005,65.0,6683.0,0.4359014824745662
6006,2024,2.0,2646.0,0.03439400894350172
6007,1985,700.0,3949.0,3.542184975950052
6007,1996,20.0,3710.0,0.29086195046194535
6007,2005,400.0,5285.0,3.3920437899745592
6007,2024,45.0,774.0,2.6455391762937657
6008,1985,0.0,5602.0,0.0
6008,1996,0.0,1486.0,0.0
6008,2005,0.0,4641.0,0.0
6008,2024,0.0,3249.0,0.0
6009,1985,9526.0,17287.0,11.011621512901923
6009,1996,670.0,4480.0,8.069146766330999
6009,2005,632.0,1510.0,18.758002158559314
6009,2024,0.0,6240.0,0.0
6010,1985,800.0,9280.0,1.7226709938456597
6010,1996,2.0,4664.0,0.023136746059472926
6010,2005,18.0,4725.0,0.17073287076205282
6010,2024,0.0,768.0,0.0
6011,1985,18882.0,23396.0,16.127487390460225
6011,1996,1500.0,8190.0,9.881848316976347
6011,2005,771.0,4236.0,8.157270746306649
6011,2024,7.0,3916.0,0.08133884495040078
6012,1985,1800.0,11480.0,3.133220413893499
6012,1996,4.0,4787.0,0.045084513733604226
6012,2005,0.0,7890.0,0.0
6012,2024,0.0,4020.0,0.0
6013,1985,300.0,5220.0,1.1484473292304398
6013,1996,20.0,2536.0,0.4255117650685399
6013,2005,100.0,3665.0,1.2228479829478545
6013,2024,0.0,1870.0,0.0
6014,1985,450.0,16250.0,0.553374928484575
6014,1996,200.0,7381.0,1.461994087811702
6014,2005,726.0,9216.0,3.530535682018036
6014,2024,25.0,8505.0,0.1337544792247289
6015,1985,200.0,9246.0,0.4322514282632415
6015,1996,0.0,4173.0,0.0
6015,2005,55.0,4180.0,0.589702349671564
6015,2024,0.0,2255.0,0.0
6016,1985,0.0,735.0,0.0
6016,1996,31.0,954.0,1.753251201395615
6016,2005,0.0,879.0,0.0
6016,2024,0.0,1469.0,0.0
6017,1985,500.0,2682.0,3.725388428152433
6017,1996,15.0,1622.0,0.4989663237733434
6017,2005,60.0,2140.0,1.256562016122585
6017,2024,0.0,1200.0,0.0
6018,1985,1500.0,10870.0,2.7575414252911203
6018,1996,50.0,7068.0,0.38168429407676047
6018,2005,20.0,3800.0,0.2358809398686256
6018,2024,37.0,1029.0,1.6361721397408675
6019,1985,1070.0,8879.0,2.4081306876463935
6019,1996,120.0,17311.0,0.37401577131782704
6019,2005,0.0,5630.0,0.0
6019,2024,10.0,3342.0,0.13615581637418542
6020,1985,0.0,207.0,0.0
6020,1996,0.0,277.0,0.0
6020,2005,0.0,524.0,0.0
6020,2024,0.0,1657.0,0.0
6021,1985,30.0,14120.0,0.04245676387098368
6021,1996,11.0,5567.0,0.10661106698717433
6021,2005,50.0,2665.0,0.8408513803947255
6021,2024,3.0,2351.0,0.05806457741248759
6022,1985,300.0,12923.0,0.4638934503275475
6022,1996,15.0,6631.0,0.12205148200276925
6022,2005,120.0,7160.0,0.7511292498609865
6022,2024,2.0,772.0,0.11788412909910045
6023,1985,2000.0,13305.0,3.0038306694640586
6023,1996,15.0,9259.0,0.08740937219574067
6023,2005,300.0,6468.0,2.0787281342782404
6023,2024,3.0,4641.0,0.029413880951682465
6024,1985,100.0,1375.0,1.4533078929897927
6024,1996,10.0,278.0,1.9408234464277287
6024,2005,0.0,1085.0,0.0
6024,2024,0.0,461.0,0.0
6025,1985,0.0,32.0,0.0
6025,1996,0.0,56.0,0.0
6025,2005,0.0,6.0,0.0
6025,2024,0.0,24.0,0.0
6026,1985,800.0,4433.0,3.606223059528022
6026,1996,35.0,1763.0,1.0711407903427
6026,2005,300.0,1205.0,11.157853587146606
6026,2024,0.0,780.0,0.0
6027,1985,1980.0,3434.0,11.521929932046334
6027,1996,120.0,1328.0,4.875442031086523
6027,2005,50.0,145.0,15.454268474151334
6027,2024,0.0,160.0,0.0
6028,1985,2469.0,6152.0,8.019828727590578
6028,1996,295.0,3677.0,4.328717183615394
6028,2005,258.0,1573.0,7.350847852740004
6028,2024,0.0,996.0,0.0
6029,1985,304.0,2218.0,2.738876011134957
6029,1996,30.0,2634.0,0.6145204078666385
6029,2005,85.0,1896.0,2.0092179213493164
6029,2024,2.0,612.0,0.14870350925572803
6030,1985,1200.0,5710.0,4.199576223175408
6030,1996,60.0,8650.0,0.37425358481404064
6030,2005,64.0,7791.0,0.3681571337187122
6030,2024,15.0,3754.0,0.1818191548971208
6031,1985,236.0,740.0,6.372951503718754
6031,1996,8.0,778.0,0.5548060854569754
6031,2005,10.0,195.0,2.2983271064122492
6031,2024,0.0,400.0,0.0
6032,1985,3200.0,4004.0,15.97041640648124
6032,1996,240.0,2277.0,5.686945118386388
6032,2005,0.0,541.0,0.0
6032,2024,0.0,702.0,0.0
6033,1985,1256.0,3928.0,6.389670904260113
6033,1996,50.0,4165.0,0.6477177888438279
6033,2005,75.0,4532.0,0.7416821255798577
6033,2024,0.0,1205.0,0.0
6034,1985,620.0,3381.0,3.664433536745929
6034,1996,20.0,1216.0,0.8874159837284681
6034,2005,75.0,1739.0,1.932894418129911
6034,2024,0.0,762.0,0.0
6035,1985,10.0,1130.0,0.1768405622000854
6035,1996,0.0,118.0,0.0
6035,2005,8.0,685.0,0.5234146402924247
6035,2024,0.0,270.0,0.0
6036,1985,3900.0,6195.0,12.58008648290196
6036,1996,70.0,2064.0,1.8298655168354458
6036,2005,0.0,316.0,0.0
6036,2024,6.0,600.0,0.4550327383225277
6037,1985,1400.0,1929.0,14.502942944558585
6037,1996,50.0,1725.0,1.5639099075562568
6037,2005,0.0,141.0,0.0
6037,2024,0.0,120.0,0.0
6038,1985,0.0,5556.0,0.0
6038,1996,0.0,10752.0,0.0
6038,2005,0.0,4539.0,0.0
6038,2024,0.0,4190.0,0.0
6039,1985,5.0,2180.0,0.04583253102892122
6039,1996,5.0,145.0,1.860513510713478
6039,2005,20.0,2184.0,0.4104155547164731
6039,2024,0.0,519.0,0.0
6040,1985,0.0,0.0,0.0
6040,1996,0.0,0.0,0.0
6040,2005,0.0,0.0,0.0
6040,2024,0.0,0.0,0.0
6041,1985,767.0,2733.0,5.608104049192683
6041,1996,40.0,2956.0,0.7301067904017708
6041,2005,45.0,1162.0,1.7356127675359285
6041,2024,0.0,644.0,0.0
6042,1985,50.0,1462.0,0.6834125693778951
6042,1996,47.0,1023.0,2.4788659971676155
6042,2005,0.0,237.0,0.0
6042,2024,0.0,1017.0,0.0
6043,1985,100.0,7700.0,0.25951926660532015
6043,1996,30.0,9560.0,0.16931451405028514
6043,2005,30.0,4445.0,0.30247949544458175
6043,2024,5.0,3350.0,0.06791533407798922
6044,1985,5.0,5508.0,0.018139963261265116
6044,1996,2.0,4660.0,0.023156605927335133
6044,2005,5.0,1983.0,0.11300398026989124
6044,2024,0.0,3651.0,0.0
6045,1985,1500.0,8320.0,3.6027013573214517
6045,1996,65.0,3268.0,1.0731542128809382
6045,2005,650.0,1683.0,17.309147993924697
6045,2024,5.0,655.0,0.34735323536070817
6046,1985,6813.0,14135.0,9.63169910013566
6046,1996,102.0,3235.0,1.7012052441083365
6046,2005,57.0,1170.0,2.183410751091637
6046,2024,0.0,493.0,0.0
6047,1985,24479.0,34963.0,13.990889048332113
6047,1996,560.0,6866.0,4.400632014853901
6047,2005,380.0,2599.0,6.552752542714416
6047,2024,12.0,1216.0,0.44904546544986285
6048,1985,120.0,1922.0,1.2476368488205818
6048,1996,0.0,1143.0,0.0
6048,2005,3.0,448.0,0.30011637438642097
6048,2024,0.0,705.0,0.0
6049,1985,20.0,6200.0,0.0644612371890634
6049,1996,5.0,996.0,0.270857890615918
6049,2005,10.0,1295.0,0.34608014343659355
6049,2024,0.0,300.0,0.0
6050,1985,120.0,16292.0,0.14718622780709292
6050,1996,0.0,11460.0,0.0
6050,2005,0.0,11273.0,0.0
6050,2024,0.0,16018.0,0.0
6051,1985,70.0,1552.0,0.9012943601821364
6051,1996,10.0,1080.0,0.49958233158047094
6051,2005,20.0,3880.0,0.23101741533525189
6051,2024,0.0,924.0,0.0
6052,1985,483.0,1093.0,8.830540754179745
6052,1996,10.0,306.0,1.7632317585193094
6052,2005,0.0,165.0,0.0
6052,2024,0.0,99.0,0.0
6053,1985,200.0,9920.0,0.4028827324316462
6053,1996,80.0,17265.0,0.2500081867857092
6053,2005,495.0,7885.0,2.8135196442161368
6053,2024,35.0,6040.0,0.26367791127961043
6054,1985,235.0,1792.0,2.6205363444326273
6054,1996,86.0,1035.0,4.48320840166127
6054,2005,38.0,1775.0,0.959470639916325
6054,2024,0.0,826.0,0.0
6055,1985,8450.0,10840.0,15.577141219257525
6055,1996,100.0,4269.0,1.263876594300559
6055,2005,0.0,709.0,0.0
6055,2024,1.0,605.0,0.07521202286322771
6056,1985,656.0,5422.0,2.4177125036458746
6056,1996,50.0,10516.0,0.25653714250043197
6056,2005,277.0,10655.0,1.1651256560568528
6056,2024,0.0,2388.0,0.0
6057,1985,1200.0,3075.0,7.798237474579377
6057,1996,140.0,1575.0,4.795990383172521
6057,2005,50.0,470.0,4.767806231387113
6057,2024,0.0,360.0,0.0
6058,1985,0.0,827.0,0.0
6058,1996,0.0,790.0,0.0
6058,2005,0.0,929.0,0.0
6058,2024,0.0,1019.0,0.0
6059,1985,100.0,3945.0,0.506539506428635
6059,1996,25.0,882.0,1.5293336681034826
6059,2005,5.0,861.0,0.2602635225031293
6059,2024,5.0,408.0,0.55763815970898
6060,1985,4320.0,8745.0,9.871525310874064
6060,1996,220.0,2607.0,4.55315542706252
6060,2005,65.0,260.0,11.204344643759717
6060,2024,0.0,2005.0,0.0
6061,1985,500.0,12820.0,0.7793675323170691
6061,1996,50.0,5468.0,0.4933695300904431
6061,2005,5.0,4856.0,0.04614639474365616
6061,2024,3.0,594.0,0.22981451430430697
6062,1985,15.0,12342.0,0.024286562382850818
6062,1996,0.0,7101.0,0.0
6062,2005,0.0,7381.0,0.0
6062,2024,0.0,6700.0,0.0
6063,1985,300.0,8795.0,0.6816253619764521
6063,1996,10.0,3399.0,0.1587375457802026
6063,2005,0.0,815.0,0.0
6063,2024,0.0,605.0,0.0
6064,1985,500.0,20105.0,0.4969655192392353
6064,1996,50.0,11973.0,0.2253190169994607
6064,2005,180.0,5851.0,1.3787605782784131
6064,2024,57.0,2090.0,1.2409983772432573
6065,1985,400.0,2400.0,3.330497254768275
6065,1996,0.0,242.0,0.0
6065,2005,10.0,370.0,1.2112805020280775
6065,2024,0.0,462.0,0.0
6066,1985,134.0,1039.0,2.577208655277857
6066,1996,10.0,1233.0,0.4375903634281497
6066,2005,80.0,1082.0,3.3136693955666447
6066,2024,0.0,460.0,0.0
6067,1985,580.0,1319.0,8.787058716143743
6067,1996,5.0,480.0,0.5620301230280298
6067,2005,15.0,293.0,2.2944050465036963
6067,2024,0.0,272.0,0.0
6068,1985,176.0,1500.0,2.3446700673568657
6068,1996,10.0,3323.0,0.1623680162825485
6068,2005,115.0,2977.0,1.7312726019917601
6068,2024,0.0,839.0,0.0
6069,1985,100.0,6130.0,0.32598668072772674
6069,1996,55.0,1710.0,1.7353912570690042
6069,2005,150.0,2040.0,3.2953954834587402
6069,2024,13.0,2793.0,0.21179468665208953
6070,1985,300.0,6115.0,0.9803589629734908
6070,1996,0.0,698.0,0.0
6070,2005,53.0,957.0,2.482049179181881
6070,2024,0.0,1130.0,0.0
6071,1985,634.0,1897.0,6.67855116348894
6071,1996,38.0,1220.0,1.6805622039395516
6071,2005,10.0,673.0,0.6659343027494631
6071,2024,0.0,435.0,0.0
6072,1985,2000.0,6914.0,5.780440708304788
6072,1996,50.0,4012.0,0.6724188909607535
6072,2005,150.0,6636.0,1.0130510527811678
6072,2024,0.0,3580.0,0.0
6073,1985,1500.0,9714.0,3.085698506579625
6073,1996,15.0,2445.0,0.3310116062005574
6073,2005,10.0,5432.0,0.08250621976258996
6073,2024,4.0,1522.0,0.11958810468397575
6074,1985,0.0,4291.0,0.0
6074,1996,0.0,1225.0,0.0
6074,2005,0.0,962.0,0.0
6074,2024,0.0,200.0,0.0
6075,1985,500.0,3355.0,2.978089944651215
6075,1996,2.0,1266.0,0.08523679590946423
6075,2005,20.0,670.0,1.3378321962698168
6075,2024,0.0,925.0,0.0
6076,1985,0.0,4415.0,0.0
6076,1996,700.0,6567.0,5.751244749121914
6076,2005,600.0,2195.0,12.250764075181467
6076,2024,0.0,1275.0,0.0
6077,1985,2280.0,5621.0,8.105533258357944
6077,1996,10.0,2398.0,0.2249995488352413
6077,2005,90.0,3360.0,1.2004654975456839
6077,2024,7.0,470.0,0.6777083336718498
6078,1985,464.0,1934.0,4.794262852779151
6078,1996,50.0,4494.0,0.600299196825666
6078,2005,166.0,3573.0,2.082195590108159
6078,2024,0.0,730.0,0.0
6079,1985,14.0,7080.0,0.039514374209115126
6079,1996,5.0,6343.0,0.04253105140366614
6079,2005,15.0,3225.0,0.20845292360483192
6079,2024,0.0,1785.0,0.0
6080,1985,0.0,4780.0,0.0
6080,1996,170.0,3394.0,2.7025137324152757
6080,2005,253.0,3503.0,3.236881752636264
6080,2024,50.0,1368.0,1.6631313535180106
6081,1985,0.0,2580.0,0.0
6081,1996,50.0,4137.0,0.6521016655872717
6081,2005,20.0,2960.0,0.30282012550701937
6081,2024,3.0,1263.0,0.10808378582482844
6082,1985,1224.0,4603.0,5.313745782971586
6082,1996,150.0,6430.0,1.2586677716335348
6082,2005,320.0,10271.0,1.396315952099351
6082,2024,7.0,1022.0,0.311666259125019
6083,1985,50.0,5350.0,0.1867568554075668
6083,1996,0.0,3585.0,0.0
6083,2005,20.0,5260.0,0.17040828355528084
6083,2024,0.0,5570.0,0.0
6084,1985,0.0,6865.0,0.0
6084,1996,500.0,3737.0,7.219011481227035
6084,2005,395.0,2802.0,6.317938806973715
6084,2024,17.0,2482.0,0.311666259125019
6085,1985,600.0,9215.0,1.3011166703381216
6085,1996,0.0,4911.0,0.0
6085,2005,20.0,2625.0,0.34146574152410564
6085,2024,0.0,3582.0,0.0
6086,1985,5800.0,6565.0,17.654425661224064
6086,1996,160.0,2724.0,3.1691566408628993
6086,2005,90.0,991.0,4.070195834261854
6086,2024,0.0,527.0,0.0
6087,1985,0.0,104.0,0.0
6087,1996,0.0,208.0,0.0
6087,2005,0.0,18.0,0.0
6087,2024,0.0,140.0,0.0
6088,1985,700.0,6895.0,2.0287292922446345
6088,1996,200.0,2457.0,4.391932585322821
6088,2005,100.0,1741.0,2.574231968698384
6088,2024,11.0,874.0,0.5726956660809845
6089,1985,80.0,1210.0,1.3211889936270844
6089,1996,0.0,1500.0,0.0
6089,2005,0.0,908.0,0.0
6089,2024,8.0,1227.0,0.29667986198697816
6090,1985,0.0,6180.0,0.0
6090,1996,0.0,4923.0,0.0
6090,2005,6.0,7403.0,0.0363236892408798
6090,2024,0.0,4230.0,0.0
6091,1985,600.0,14846.0,0.8076108121491169
6091,1996,4.0,6063.0,0.03559616810865305
6091,2005,300.0,9935.0,1.3533179237555772
6091,2024,2.0,2337.0,0.03894161217993391
6092,1985,2641.0,5133.0,10.281523377957937
6092,1996,300.0,2903.0,5.57577249163185
6092,2005,80.0,408.0,8.787721289223306
6092,2024,0.0,232.0,0.0
6093,1985,200.0,6720.0,0.594731652637192
6093,1996,0.0,1176.0,0.0
6093,2005,50.0,1430.0,1.567041208917443
6093,2024,0.0,710.0,0.0
6094,1985,40.0,3660.0,0.21839326260775577
6094,1996,1.0,3231.0,0.016699130860628554
6094,2005,0.0,1617.0,0.0
6094,2024,0.0,1230.0,0.0
6095,1985,1872.0,2520.0,14.844502049824314
6095,1996,32.0,733.0,2.3554659453507605
6095,2005,30.0,243.0,5.533009700622082
6095,2024,1.0,258.0,0.17636927841958439
6096,1985,400.0,4490.0,1.7802212497647796
6096,1996,60.0,9884.0,0.32752868359383364
6096,2005,0.0,790.0,0.0
6096,2024,0.0,1649.0,0.0
6097,1985,0.0,2445.0,0.0
6097,1996,0.0,280.0,0.0
6097,2005,0.0,2537.0,0.0
6097,2024,0.0,2166.0,0.0
6098,1985,63.0,6217.0,0.20249766162174812
6098,1996,29.0,2125.0,0.7363255823576635
6098,2005,44.0,646.0,3.052576868888096
6098,2024,0.0,564.0,0.0
6099,1985,300.0,1761.0,3.4042561377529217
6099,1996,130.0,1437.0,4.88109668433529
6099,2005,0.0,120.0,0.0
6099,2024,0.0,294.0,0.0
6100,1985,254.0,19169.0,0.26478573823709384
6100,1996,2.0,8593.0,0.012557870781028945
6100,2005,30.0,3067.0,0.4383832270137482
6100,2024,0.0,3781.0,0.0
6101,1985,5.0,4029.0,0.024798937116666236
6101,1996,8.0,6797.0,0.0635043599360787
6101,2005,0.0,11823.0,0.0
6101,2024,0.0,13728.0,0.0
6102,1985,150.0,8500.0,0.35264088579899383
6102,1996,0.0,3295.0,0.0
6102,2005,0.0,3549.0,0.0
6102,2024,0.0,4786.0,0.0
6103,1985,100.0,4820.0,0.41458472051057366
6103,1996,0.0,3930.0,0.0
6103,2005,6.0,5656.0,0.04754318802161124
6103,2024,0.0,1559.0,0.0
6104,1985,0.0,8054.0,0.0
6104,1996,0.0,1953.0,0.0
6104,2005,0.0,2477.0,0.0
6104,2024,0.0,4067.0,0.0
6105,1985,85.0,7483.0,0.22698832018332493
6105,1996,4.0,4378.0,0.04929638356390211
6105,2005,95.0,2813.0,1.5135623763344088
6105,2024,0.0,4004.0,0.0
6106,1985,0.0,16410.0,0.0
6106,1996,204.0,6141.0,1.7923461861880696
6106,2005,30.0,5320.0,0.2527295784306703
6106,2024,0.0,2860.0,0.0
6107,1985,200.0,1492.0,2.6786841191165753
6107,1996,15.0,1497.0,0.5406301784638363
6107,2005,45.0,2545.0,0.7924487370832018
6107,2024,0.0,815.0,0.0
6108,1985,992.0,1663.0,11.920096007444844
6108,1996,10.0,1621.0,0.33284942511222004
6108,2005,0.0,669.0,0.0
6108,2024,0.0,652.0,0.0
6109,1985,1000.0,16260.0,1.2289657766672601
6109,1996,50.0,8721.0,0.30933890500338757
6109,2005,30.0,4184.0,0.3213483167426305
6109,2024,10.0,2041.0,0.22294597664014096
6110,1985,800.0,4833.0,3.307756429316723
6110,1996,5.0,1447.0,0.1864370829671419
6110,2005,30.0,699.0,1.9234926427055308
6110,2024,0.0,2115.0,0.0
6111,1985,0.0,2211.0,0.0
6111,1996,0.0,1182.0,0.0
6111,2005,0.0,624.0,0.0
6111,2024,0.0,642.0,0.0
6112,1985,1548.0,3089.0,10.014133539102538
6112,1996,20.0,1510.0,0.714634328618422
6112,2005,10.0,533.0,0.8408513803947255
6112,2024,0.0,475.0,0.0
6113,1985,100.0,1250.0,1.5986386822887722
6113,1996,5.0,955.0,0.2824863445585909
6113,2005,17.0,672.0,1.133772969904257
6113,2024,0.0,244.0,0.0
6114,1985,1648.0,3940.0,8.358364684047896
6114,1996,72.0,2208.0,1.7593986460007889
6114,2005,92.0,1259.0,3.274979212790767
6114,2024,0.0,642.0,0.0
6115,1985,0.0,4175.0,0.0
6115,1996,30.0,2212.0,0.7317571222064764
6115,2005,0.0,1015.0,0.0
6115,2024,0.0,248.0,0.0
6116,1985,3160.0,5714.0,11.05114244844356
6116,1996,115.0,4163.0,1.4904666246047198
6116,2005,80.0,2226.0,1.6106874600193664
6116,2024,0.0,1099.0,0.0
6117,1985,450.0,2500.0,3.5969370351497374
6117,1996,0.0,2682.0,0.0
6117,2005,0.0,2100.0,0.0
6117,2024,0.0,299.0,0.0
6118,1985,250.0,4310.0,1.1591057731212095
6118,1996,10.0,1104.0,0.4887218461113303
6118,2005,10.0,2426.0,0.1847377517520151
6118,2024,4.0,196.0,0.9286382414745463
6119,1985,80.0,1984.0,0.8057654648632924
6119,1996,45.0,6827.0,0.35564232188092704
6119,2005,10.0,5010.0,0.0894558454591594
6119,2024,10.0,660.0,0.6894435429129209
6120,1985,500.0,4880.0,2.04743683694771
6120,1996,712.0,2346.0,16.375056679118455
6120,2005,0.0,423.0,0.0
6120,2024,0.0,585.0,0.0
6121,1985,9262.0,10702.0,17.294187389458287
6121,1996,100.0,1667.0,3.2366461794055708
6121,2005,120.0,614.0,8.759096789909876
6121,2024,0.0,530.0,0.0
6122,1985,96.0,1284.0,1.4940548432605345
6122,1996,70.0,1528.0,2.47175551488767
6122,2005,35.0,1286.0,1.219757581746781
6122,2024,0.0,440.0,0.0
6123,1985,300.0,8890.0,0.6743414014153989
6123,1996,10.0,4333.0,0.12452086732215753
6123,2005,0.0,1625.0,0.0
6123,2024,0.0,989.0,0.0
6124,1985,0.0,32580.0,0.0
6124,1996,0.0,27196.0,0.0
6124,2005,0.0,32669.0,0.0
6124,2024,0.0,21848.0,0.0
6125,1985,4065.0,6174.0,13.156920642014615
6125,1996,250.0,4096.0,3.293145252117362
6125,2005,105.0,3859.0,1.2194415004869346
6125,2024,0.0,1225.0,0.0
6126,1985,0.0,9720.0,0.0
6126,1996,60.0,5564.0,0.5818284523079532
6126,2005,30.0,2385.0,0.5637406110067782
6126,2024,0.0,1673.0,0.0
6127,1985,0.0,6445.0,0.0
6127,1996,0.0,1040.0,0.0
6127,2005,0.0,1680.0,0.0
6127,2024,0.0,1100.0,0.0
6128,1985,100.0,1735.0,1.1517569757123718
6128,1996,0.0,391.0,0.0
6128,2005,0.0,495.0,0.0
6128,2024,0.0,550.0,0.0
6129,1985,60.0,5630.0,0.21296252428358423
6129,1996,20.0,485.0,2.2249439921934377
6129,2005,30.0,454.0,2.9615007868968415
6129,2024,8.0,358.0,1.0168329347989447
6130,1985,0.0,2235.0,0.0
6130,1996,2.0,496.0,0.21756004762375347
6130,2005,0.0,2895.0,0.0
6130,2024,0.0,2297.0,0.0
6131,1985,1500.0,7270.0,4.123036491460038
6131,1996,30.0,5227.0,0.30967031840840364
6131,2005,60.0,2620.0,1.0263521811077603
6131,2024,0.0,943.0,0.0
6132,1985,9460.0,13121.0,14.4073640866281
6132,1996,65.0,3795.0,0.9241285817377881
6132,2005,150.0,1294.0,5.195213899734026
6132,2024,3.0,2420.0,0.0564090171474208
6133,1985,150.0,3205.0,0.9352410387804829
6133,1996,10.0,1112.0,0.4852058616069322
6133,2005,5.0,1840.0,0.12178635482347518
6133,2024,20.0,635.0,1.4331739789685913
6134,1985,500.0,28949.0,0.34514117117360965
6134,1996,34.0,12499.0,0.14676904724885906
6134,2005,280.0,11558.0,1.0857298841504484
6134,2024,3.0,7468.0,0.01827930121809833
6135,1985,100.0,4953.0,0.4034521205049395
6135,1996,4.0,2776.0,0.07774480087995801
6135,2005,30.0,4625.0,0.2907073204867386
6135,2024,0.0,2163.0,0.0
6136,1985,3000.0,15120.0,3.9648776842479467
6136,1996,30.0,13052.0,0.1240152278823725
6136,2005,1.0,11832.0,0.0037878109005272873
6136,2024,0.0,2438.0,0.0
6137,1985,105.0,1698.0,1.235696861309784
6137,1996,55.0,723.0,4.1044523507441175
6137,2005,0.0,70.0,0.0
6137,2024,0.0,317.0,0.0
6138,1985,150.0,22312.0,0.13434239554013302
6138,1996,0.0,7531.0,0.0
6138,2005,0.0,6619.0,0.0
6138,2024,0.0,11718.0,0.0
6139,1985,1700.0,3077.0,11.040322391497046
6139,1996,150.0,2779.0,2.9122827533658255
6139,2005,0.0,158.0,0.0
6139,2024,0.0,1004.0,0.0
6140,1985,0.0,860.0,0.0
6140,1996,17.0,1398.0,0.6561038346078288
6140,2005,0.0,816.0,0.0
6140,2024,5.0,225.0,1.0111838629389505
6141,1985,0.0,4982.0,0.0
6141,1996,80.0,2925.0,1.475689348668468
6141,2005,120.0,1354.0,3.971998101185128
6141,2024,20.0,406.0,2.241540582869595
6142,1985,0.0,7260.0,0.0
6142,1996,0.0,1958.0,0.0
6142,2005,21.0,2480.0,0.379501995998313
6142,2024,0.0,1678.0,0.0
6143,1985,2988.0,3898.0,15.31789501885214
6143,1996,87.0,1776.0,2.6430605785642483
6143,2005,50.0,398.0,5.630323941587797
6143,2024,1.0,351.0,0.12963895678704496
6144,1985,857.0,1978.0,8.657945846318741
6144,1996,530.0,2105.0,13.58484211860625
6144,2005,340.0,1035.0,14.722617116437888
6144,2024,0.0,1452.0,0.0
6145,1985,0.0,917.0,0.0
6145,1996,0.0,1699.0,0.0
6145,2005,0.0,78.0,0.0
6145,2024,0.0,708.0,0.0
6146,1985,184.0,1679.0,2.189916003135304
6146,1996,50.0,4154.0,0.6494329779813537
6146,2005,314.0,5580.0,2.5219815183803234
6146,2024,0.0,1090.0,0.0
6147,1985,240.0,2083.0,2.3024080877898783
6147,1996,343.0,3491.0,5.301211083089935
6147,2005,214.0,6020.0,1.5931759161226442
6147,2024,2.0,1307.0,0.0696301053286194
6148,1985,0.0,21872.0,0.0
6148,1996,0.0,12572.0,0.0
6148,2005,0.0,15729.0,0.0
6148,2024,0.0,16400.0,0.0
6149,1985,10.0,1798.0,0.11114006411907482
6149,1996,146.0,1196.0,6.586466726054236
6149,2005,50.0,815.0,2.7495324279164945
6149,2024,0.0,688.0,0.0
6150,1985,3076.0,4666.0,13.173522789113436
6150,1996,30.0,885.0,1.8289793834132495
6150,2005,0.0,240.0,0.0
6150,2024,9.0,394.0,1.0394148844930835
6151,1985,0.0,4255.0,0.0
6151,1996,12.0,2264.0,0.2859799919294569
6151,2005,20.0,1748.0,0.5127846518883166
6151,2024,11.0,303.0,1.6519340335141273
6152,1985,2884.0,5016.0,11.489418759272375
6152,1996,40.0,1107.0,1.9495895866554962
6152,2005,80.0,610.0,5.8776889934477206
6152,2024,0.0,557.0,0.0
6153,1985,392.0,1904.0,4.114143667654928
6153,1996,3.0,3973.0,0.040741171767448424
6153,2005,52.0,4565.0,0.5105155938449115
6153,2024,13.0,762.0,0.7763025719413202
6154,1985,67.0,5785.0,0.2314364557332492
6154,1996,998.0,3259.0,16.522547415486184
6154,2005,80.0,525.0,6.829314830482113
6154,2024,0.0,1045.0,0.0
6155,1985,2102.0,3972.0,10.57508342828235
6155,1996,77.0,3724.0,1.1156086652586457
6155,2005,60.0,871.0,3.087305068314962
6155,2024,0.0,960.0,0.0
6156,1985,5.0,2938.0,0.03400780042309335
6156,1996,84.0,727.0,6.234127802060567
6156,2005,12.0,242.0,2.2223493508283734
6156,2024,0.0,572.0,0.0
6157,1985,0.0,1297.0,0.0
6157,1996,0.0,875.0,0.0
6157,2005,0.0,480.0,0.0
6157,2024,0.0,611.0,0.0
6158,1985,0.0,1545.0,0.0
6158,1996,0.0,1878.0,0.0
6158,2005,0.0,269.0,0.0
6158,2024,0.0,820.0,0.0
6159,1985,80.0,8247.0,0.19384487477734594
6159,1996,0.0,2701.0,0.0
6159,2005,40.0,823.0,2.178244402189009
6159,2024,0.0,1097.0,0.0
6160,1985,15.0,846.0,0.3543082185923697
6160,1996,0.0,1785.0,0.0
6160,2005,20.0,1840.0,0.4871454192939007
6160,2024,0.0,760.0,0.0
6161,1985,80.0,5150.0,0.3104152781143247
6161,1996,5.0,1214.0,0.22221948851190634
6161,2005,30.0,1923.0,0.6991790729335237
6161,2024,0.0,378.0,0.0
6162,1985,1000.0,5134.0,3.892283507715164
6162,1996,30.0,4664.0,0.3470511908920939
6162,2005,0.0,157.0,0.0
6162,2024,0.0,341.0,0.0
6163,1985,200.0,1940.0,2.0601013947020257
6163,1996,1.0,1162.0,0.046432781248443085
6163,2005,50.0,555.0,4.037601673426924
6163,2024,0.0,310.0,0.0
6164,1985,50.0,624.0,1.6012006032539787
6164,1996,5.0,1287.0,0.2096149642994983
6164,2005,40.0,1604.0,1.1176403634673033
6164,2024,11.0,496.0,1.0091451857959284
6165,1985,0.0,2375.0,0.0
6165,1996,0.0,1360.0,0.0
6165,2005,0.0,1385.0,0.0
6165,2024,0.0,496.0,0.0
6166,1985,10.0,7925.0,0.025215121171747196
6166,1996,0.0,2453.0,0.0
6166,2005,30.0,1370.0,0.9814024505482963
6166,2024,0.0,797.0,0.0
6167,1985,3000.0,7682.0,7.8038206958902565
6167,1996,40.0,1865.0,1.1572094758325118
6167,2005,0.0,3100.0,0.0
6167,2024,6.0,1291.0,0.211479196741686
6168,1985,200.0,6850.0,0.583444774557946
6168,1996,1100.0,4701.0,12.625054454745788
6168,2005,500.0,1880.0,11.919515578467783
6168,2024,170.0,2484.0,3.114153201080101
6169,1985,440.0,24539.0,0.358307704168395
6169,1996,0.0,12528.0,0.0
6169,2005,70.0,19329.0,0.16230619795399248
6169,2024,4.0,3726.0,0.04884946197772708
6170,1985,0.0,971.0,0.0
6170,1996,0.0,658.0,0.0
6170,2005,0.0,14.0,0.0
6170,2024,0.0,803.0,0.0
7001,1985,0.0,351.0,0.0
7001,1996,0.0,1425.0,0.0
7001,2005,0.0,1355.0,0.0
7001,2024,0.0,1745.0,0.0
7002,1985,400.0,12585.0,0.6351365444134971
7002,1996,10.0,9126.0,0.059122169417807215
7002,2005,10.0,7937.0,0.05646639608799151
7002,2024,10.0,4497.0,0.10118584352291034
7003,1985,310.0,4447.0,1.3930121191520108
7003,1996,190.0,10285.0,0.9967359692786838
7003,2005,30.0,5557.0,0.24195093706157386
7003,2024,0.0,1440.0,0.0
7004,1985,80.0,840.0,1.9031412884390144
7004,1996,0.0,1324.0,0.0
7004,2005,0.0,826.0,0.0
7004,2024,0.0,390.0,0.0
7005,1985,0.0,26662.0,0.0
7005,1996,0.0,24279.0,0.0
7005,2005,0.0,15532.0,0.0
7005,2024,0.0,8796.0,0.0
7006,1985,4500.0,40505.0,2.2200574220156386
7006,1996,244.0,15316.0,0.859558213750886
7006,2005,200.0,12406.0,0.7225113424961932
7006,2024,0.0,1646.0,0.0
7007,1985,13.0,3563.0,0.0729101279460919
7007,1996,0.0,2158.0,0.0
7007,2005,0.0,1675.0,0.0
7007,2024,0.0,170.0,0.0
7008,1985,0.0,18118.0,0.0
7008,1996,0.0,16897.0,0.0
7008,2005,0.0,15172.0,0.0
7008,2024,0.0,10069.0,0.0
7009,1985,30.0,2780.0,0.21564370714326964
7009,1996,2.0,6150.0,0.017546306279899466
7009,2005,0.0,674.0,0.0
7009,2024,0.0,550.0,0.0
7010,1985,0.0,5432.0,0.0
7010,1996,0.0,8887.0,0.0
7010,2005,0.0,7280.0,0.0
7010,2024,0.0,5606.0,0.0
7011,1985,20.0,2591.0,0.1542491974419888
7011,1996,0.0,1625.0,0.0
7011,2005,0.0,1176.0,0.0
7011,2024,0.0,971.0,0.0
7012,1985,0.0,16406.0,0.0
7012,1996,0.0,13820.0,0.0
7012,2005,0.0,12615.0,0.0
7012,2024,0.0,13500.0,0.0
7013,1985,1200.0,26325.0,0.9109052320733745
7013,1996,39.0,35715.0,0.0589175635060043
7013,2005,50.0,18648.0,0.12016671647103942
7013,2024,20.0,29264.0,0.031098464893557113
7014,1985,300.0,3870.0,1.5490684905898955
7014,1996,0.0,1342.0,0.0
7014,2005,0.0,2140.0,0.0
7014,2024,0.0,375.0,0.0
7015,1985,0.0,1437.0,0.0
7015,1996,0.0,748.0,0.0
7015,2005,0.0,520.0,0.0
7015,2024,0.0,517.0,0.0
7016,1985,0.0,9096.0,0.0
7016,1996,0.0,11720.0,0.0
7016,2005,0.0,5215.0,0.0
7016,2024,0.0,3110.0,0.0
7017,1985,0.0,3114.0,0.0
7017,1996,0.0,1246.0,0.0
7017,2005,0.0,1275.0,0.0
7017,2024,0.0,603.0,0.0
7018,1985,30.0,4795.0,0.125023880262417
7018,1996,0.0,4683.0,0.0
7018,2005,100.0,3830.0,1.1701665424292131
7018,2024,0.0,2802.0,0.0
7019,1985,10.0,10563.0,0.018917905451680064
7019,1996,1.0,3103.0,0.017387976735639982
7019,2005,0.0,675.0,0.0
7019,2024,0.0,1020.0,0.0
7020,1985,0.0,2660.0,0.0
7020,1996,30.0,3150.0,0.5138561124827702
7020,2005,60.0,9064.0,0.29667285023194306
7020,2024,0.0,4039.0,0.0
7021,1985,100.0,2443.0,0.8179690351457083
7021,1996,25.0,3391.0,0.39778009297176986
7021,2005,0.0,664.0,0.0
7021,2024,0.0,1509.0,0.0
7022,1985,600.0,14989.0,0.7999059388328634
7022,1996,4.0,13021.0,0.016574730607692455
7022,2005,150.0,8490.0,0.7918264765907926
7022,2024,0.0,11090.0,0.0
7023,1985,2800.0,18585.0,3.0106189873611524
7023,1996,78.0,21637.0,0.19450393128594018
7023,2005,150.0,11382.0,0.5906349311417879
7023,2024,0.0,3453.0,0.0
7024,1985,0.0,9860.0,0.0
7024,1996,10.0,5068.0,0.10646190175748001
7024,2005,0.0,1686.0,0.0
7024,2024,0.0,2865.0,0.0
7025,1985,0.0,4110.0,0.0
7025,1996,0.0,2656.0,0.0
7025,2005,0.0,3920.0,0.0
7025,2024,0.0,680.0,0.0
7026,1985,0.0,4613.0,0.0
7026,1996,0.0,2613.0,0.0
7026,2005,0.0,1951.0,0.0
7026,2024,0.0,1160.0,0.0
7027,1985,80.0,3561.0,0.44892970578173885
7027,1996,5.0,5086.0,0.05304255978243301
7027,2005,6.0,2862.0,0.0939567685011297
7027,2024,0.0,2309.0,0.0
7028,1985,0.0,1318.0,0.0
7028,1996,0.0,2891.0,0.0
7028,2005,0.0,545.0,0.0
7028,2024,0.0,385.0,0.0
7029,1985,0.0,4348.0,0.0
7029,1996,0.0,5588.0,0.0
7029,2005,0.0,4642.0,0.0
7029,2024,0.0,2644.0,0.0
7030,1985,3500.0,22040.0,3.173341304452531
7030,1996,41.0,15637.0,0.14146898792852372
7030,2005,300.0,13100.0,1.0263521811077603
7030,2024,0.0,635.0,0.0
7031,1985,0.0,11430.0,0.0
7031,1996,0.0,19909.0,0.0
7031,2005,0.0,22560.0,0.0
7031,2024,0.0,9490.0,0.0
7032,1985,150.0,3020.0,0.9925322944673668
7032,1996,0.0,5438.0,0.0
7032,2005,0.0,7509.0,0.0
7032,2024,0.0,819.0,0.0
7033,1985,20.0,2018.0,0.19804740860861894
7033,1996,0.0,3258.0,0.0
7033,2005,0.0,2331.0,0.0
7033,2024,0.0,510.0,0.0
7034,1985,40.0,11897.0,0.06718663033910953
7034,1996,8.0,7072.0,0.061034945487206865
7034,2005,50.0,10820.0,0.2071043372229153
7034,2024,0.0,10990.0,0.0
7035,1985,80.0,4841.0,0.3302290192705582
7035,1996,6.0,6137.0,0.05275042380057768
7035,2005,6.0,6120.0,0.04393860644611653
7035,2024,0.0,4706.0,0.0
7036,1985,10.0,916.0,0.2181548420153892
7036,1996,20.0,2473.0,0.4363517332041315
7036,2005,20.0,1520.0,0.589702349671564
7036,2024,0.0,663.0,0.0
7037,1985,0.0,12189.0,0.0
7037,1996,0.0,7426.0,0.0
7037,2005,0.0,4985.0,0.0
7037,2024,0.0,4898.0,0.0
7038,1985,0.0,439.0,0.0
7038,1996,0.0,1010.0,0.0
7038,2005,0.0,190.0,0.0
7038,2024,0.0,176.0,0.0
7039,1985,4.0,2702.0,0.02958250707418157
7039,1996,0.0,1169.0,0.0
7039,2005,0.0,3029.0,0.0
7039,2024,0.0,2095.0,0.0
7040,1985,15.0,8174.0,0.0366705105124963
7040,1996,0.0,5550.0,0.0
7040,2005,0.0,2861.0,0.0
7040,2024,0.0,2093.0,0.0
7041,1985,150.0,14661.0,0.20445041465735267
7041,1996,6.0,8293.0,0.03903645856314303
7041,2005,50.0,7013.0,0.3195307184873725
7041,2024,0.0,1440.0,0.0
7042,1985,320.0,8906.0,0.718005246929608
7042,1996,155.0,18445.0,0.4534024521906795
7042,2005,10.0,12218.0,0.036681436057488026
7042,2024,0.0,12581.0,0.0
7043,1985,100.0,5687.0,0.351380051496565
7043,1996,20.0,11733.0,0.09197117840397318
7043,2005,130.0,4856.0,1.1998062633350601
7043,2024,0.0,2858.0,0.0
7044,1985,0.0,5197.0,0.0
7044,1996,0.0,3178.0,0.0
7044,2005,0.0,5380.0,0.0
7044,2024,0.0,2586.0,0.0
7045,1985,150.0,2576.0,1.1636054073336366
7045,1996,0.0,6382.0,0.0
7045,2005,0.0,1334.0,0.0
7045,2024,0.0,2243.0,0.0
7046,1985,300.0,7456.0,0.8040363544236716
7046,1996,220.0,11733.0,1.011682962443705
7046,2005,0.0,1813.0,0.0
7046,2024,0.0,4817.0,0.0
7047,1985,0.0,7245.0,0.0
7047,1996,0.0,4689.0,0.0
7047,2005,0.0,5010.0,0.0
7047,2024,0.0,1358.0,0.0
7048,1985,90.0,3852.0,0.4668921385189171
7048,1996,0.0,5136.0,0.0
7048,2005,0.0,4197.0,0.0
7048,2024,0.0,1718.0,0.0
7049,1985,0.0,6790.0,0.0
7049,1996,0.0,7575.0,0.0
7049,2005,0.0,2685.0,0.0
7049,2024,0.0,2716.0,0.0
7050,1985,0.0,2199.0,0.0
7050,1996,0.0,980.0,0.0
7050,2005,0.0,405.0,0.0
7050,2024,0.0,65.0,0.0
7051,1985,0.0,4702.0,0.0
7051,1996,0.0,4126.0,0.0
7051,2005,0.0,4623.0,0.0
7051,2024,0.0,2087.0,0.0
7052,1985,80.0,3563.0,0.44867771043748866
7052,1996,0.0,3570.0,0.0
7052,2005,0.0,2437.0,0.0
7052,2024,0.0,1998.0,0.0
7053,1985,0.0,4114.0,0.0
7053,1996,0.0,6595.0,0.0
7053,2005,0.0,4309.0,0.0
7053,2024,0.0,1315.0,0.0
7054,1985,0.0,8074.0,0.0
7054,1996,100.0,9841.0,0.5482663531215412
7054,2005,0.0,2130.0,0.0
7054,2024,0.0,1485.0,0.0
7055,1985,180.0,5192.0,0.6927844828870834
7055,1996,20.0,3156.0,0.3419194664809307
7055,2005,0.0,766.0,0.0
7055,2024,0.0,264.0,0.0
7056,1985,4000.0,21900.0,3.649860005225507
7056,1996,200.0,21375.0,0.5048410929655286
7056,2005,110.0,15300.0,0.3222164472715212
7056,2024,0.0,3557.0,0.0
7057,1985,2257.0,16571.0,2.721718292442941
7057,1996,48.0,28371.0,0.09128457956762756
7057,2005,150.0,15365.0,0.4375272883993381
7057,2024,0.0,7522.0,0.0
7058,1985,0.0,13296.0,0.0
7058,1996,0.0,18333.0,0.0
7058,2005,0.0,9982.0,0.0
7058,2024,0.0,18456.0,0.0
7059,1985,400.0,18893.0,0.4230769814981136
7059,1996,0.0,10636.0,0.0
7059,2005,0.0,5650.0,0.0
7059,2024,0.0,22905.0,0.0
7060,1985,0.0,5040.0,0.0
7060,1996,0.0,2465.0,0.0
7060,2005,0.0,840.0,0.0
7060,2024,0.0,1227.0,0.0
7061,1985,0.0,0.0,0.0
7061,1996,0.0,0.0,0.0
7061,2005,0.0,0.0,0.0
7061,2024,0.0,0.0,0.0
7062,1985,10.0,4373.0,0.045696280650833865
7062,1996,0.0,3569.0,0.0
7062,2005,0.0,3632.0,0.0
7062,2024,0.0,3035.0,0.0
7063,1985,500.0,2873.0,3.4777207672484605
7063,1996,30.0,9300.0,0.17404803809900277
7063,2005,20.0,22554.0,0.03974228835243315
7063,2024,7.0,14126.0,0.022548698628470153
7064,1985,100.0,3158.0,0.6327733859597737
7064,1996,132.0,2191.0,3.2505913824788655
7064,2005,0.0,410.0,0.0
7064,2024,9.0,607.0,0.6746778657170922
7065,1985,0.0,8735.0,0.0
7065,1996,0.0,13291.0,0.0
7065,2005,0.0,10358.0,0.0
7065,2024,0.0,5859.0,0.0
7066,1985,150.0,5742.0,0.5220215132865635
7066,1996,10.0,6352.0,0.08494158030650326
7066,2005,10.0,4956.0,0.09043054595447712
7066,2024,0.0,2114.0,0.0
7067,1985,0.0,11515.0,0.0
7067,1996,0.0,8918.0,0.0
7067,2005,0.0,2669.0,0.0
7067,2024,0.0,3158.0,0.0
7068,1985,0.0,16305.0,0.0
7068,1996,0.0,15347.0,0.0
7068,2005,0.0,18436.0,0.0
7068,2024,0.0,10485.0,0.0
7069,1985,700.0,7219.0,1.9376767516313558
7069,1996,5.0,2639.0,0.10222601707216912
7069,2005,0.0,900.0,0.0
7069,2024,0.0,840.0,0.0
7070,1985,150.0,3230.0,0.9280023310499839
7070,1996,52.0,4369.0,0.6421731229471103
7070,2005,0.0,577.0,0.0
7070,2024,0.0,570.0,0.0
7071,1985,450.0,17950.0,0.5009661608843645
7071,1996,22.0,6764.0,0.1754890035238319
7071,2005,150.0,7307.0,0.9200228255447968
7071,2024,0.0,2295.0,0.0
7072,1985,1200.0,5350.0,4.482164529781604
7072,1996,26.0,6117.0,0.2293325465224722
7072,2005,50.0,5530.0,0.40522042111246714
7072,2024,0.0,1700.0,0.0
7073,1985,100.0,1870.0,1.068608744845436
7073,1996,2.0,3255.0,0.03315200725695291
7073,2005,0.0,3125.0,0.0
7073,2024,0.0,580.0,0.0
7074,1985,400.0,9657.0,0.8277097868327493
7074,1996,36.0,6098.0,0.31852674732451147
7074,2005,10.0,8486.0,0.05281331437077406
7074,2024,0.0,5087.0,0.0
7075,1985,1500.0,9620.0,3.1158498225482827
7075,1996,74.0,19281.0,0.20707753716047528
7075,2005,200.0,6680.0,1.3418376818873912
7075,2024,0.0,2740.0,0.0
7076,1985,320.0,5020.0,1.2738156830986231
7076,1996,20.0,4100.0,0.263194594198492
7076,2005,30.0,5661.0,0.2375059807898191
7076,2024,0.0,1326.0,0.0
7077,1985,0.0,13830.0,0.0
7077,1996,0.0,20083.0,0.0
7077,2005,0.0,21110.0,0.0
7077,2024,0.0,29248.0,0.0
7078,1985,110.0,10627.0,0.2068437177140361
7078,1996,0.0,9961.0,0.0
7078,2005,0.0,5560.0,0.0
7078,2024,15.0,15820.0,0.04314469705965813
7079,1985,20.0,1197.0,0.3338844365682481
7079,1996,0.0,360.0,0.0
7079,2005,0.0,846.0,0.0
7079,2024,0.0,162.0,0.0
7080,1985,5000.0,43500.0,2.2968946584608796
7080,1996,498.0,13487.0,1.992254476290061
7080,2005,100.0,10000.0,0.44817378575038863
7080,2024,0.0,367.0,0.0
7081,1985,0.0,93.0,0.0
7081,1996,0.0,170.0,0.0
7081,2005,0.0,6.0,0.0
7081,2024,0.0,2.0,0.0
7082,1985,0.0,16900.0,0.0
7082,1996,0.0,16899.0,0.0
7082,2005,0.0,20081.0,0.0
7082,2024,0.0,15147.0,0.0
7083,1985,70.0,5113.0,0.27357888656418455
7083,1996,20.0,9617.0,0.11220732413578217
7083,2005,10.0,4960.0,0.09035761809483642
7083,2024,0.0,3731.0,0.0
7084,1985,0.0,8102.0,0.0
7084,1996,0.0,12291.0,0.0
7084,2005,0.0,7518.0,0.0
7084,2024,0.0,5160.0,0.0
7085,1985,0.0,9165.0,0.0
7085,1996,0.0,5313.0,0.0
7085,2005,0.0,9651.0,0.0
7085,2024,0.0,3365.0,0.0
7086,1985,0.0,8380.0,0.0
7086,1996,0.0,10115.0,0.0
7086,2005,0.0,6798.0,0.0
7086,2024,0.0,1502.0,0.0
7087,1985,0.0,830.0,0.0
7087,1996,0.0,4255.0,0.0
7087,2005,0.0,695.0,0.0
7087,2024,0.0,172.0,0.0
7088,1985,16.0,2835.0,0.11277874301860827
7088,1996,0.0,5568.0,0.0
7088,2005,0.0,3871.0,0.0
7088,2024,0.0,920.0,0.0
7089,1985,0.0,6825.0,0.0
7089,1996,0.0,8085.0,0.0
7089,2005,0.0,1980.0,0.0
7089,2024,0.0,1048.0,0.0
7090,1985,0.0,2355.0,0.0
7090,1996,0.0,5637.0,0.0
7090,2005,0.0,3550.0,0.0
7090,2024,0.0,2614.0,0.0
7091,1985,40.0,9498.0,0.08415659519313394
7091,1996,12.0,9166.0,0.07063699560640306
7091,2005,11.0,13363.0,0.03689225206356563
7091,2024,0.0,14541.0,0.0
7092,1985,200.0,5062.0,0.7895291793208081
7092,1996,5.0,4327.0,0.062346766594281094
7092,2005,0.0,3700.0,0.0
7092,2024,0.0,3070.0,0.0
7093,1985,0.0,4737.0,0.0
7093,1996,0.0,3033.0,0.0
7093,2005,0.0,4850.0,0.0
7093,2024,0.0,2773.0,0.0
7094,1985,45.0,5935.0,0.15151377570133687
7094,1996,0.0,6540.0,0.0
7094,2005,7.0,4848.0,0.06471156147385974
7094,2024,0.0,303.0,0.0
7095,1985,0.0,5300.0,0.0
7095,1996,5.0,2988.0,0.09028596353863932
7095,2005,0.0,830.0,0.0
7095,2024,0.0,838.0,0.0
7096,1985,396.0,7376.0,1.0728391373819715
7096,1996,29.0,10578.0,0.14791944247589667
7096,2005,40.0,9645.0,0.18586782198046187
7096,2024,0.0,4885.0,0.0
7097,1985,250.0,11059.0,0.4517357701557476
7097,1996,14.0,8114.0,0.09309446454888737
7097,2005,0.0,7520.0,0.0
7097,2024,0.0,1530.0,0.0
7098,1985,0.0,7343.0,0.0
7098,1996,90.0,9338.0,0.5200193042366864
7098,2005,3.0,1793.0,0.07498724803408623
7098,2024,0.0,1855.0,0.0
7099,1985,4.0,6465.0,0.0123637949132929
7099,1996,0.0,2546.0,0.0
7099,2005,0.0,3684.0,0.0
7099,2024,0.0,1529.0,0.0
7100,1985,0.0,1739.0,0.0
7100,1996,0.0,918.0,0.0
7100,2005,0.0,340.0,0.0
7100,2024,0.0,197.0,0.0
7101,1985,3000.0,6950.0,8.625748285730785
7101,1996,50.0,4199.0,0.6424731103916511
7101,2005,80.0,3251.0,1.1028576702562625
7101,2024,0.0,562.0,0.0
7102,1985,0.0,14091.0,0.0
7102,1996,0.0,6271.0,0.0
7102,2005,0.0,15000.0,0.0
7102,2024,0.0,7968.0,0.0
7103,1985,0.0,7330.0,0.0
7103,1996,0.0,8712.0,0.0
7103,2005,0.0,9030.0,0.0
7103,2024,0.0,4061.0,0.0
7104,1985,0.0,128.0,0.0
7104,1996,0.0,310.0,0.0
7104,2005,0.0,35.0,0.0
7104,2024,0.0,0.0,0.0
7105,1985,100.0,6537.0,0.3056904318282033
7105,1996,0.0,4855.0,0.0
7105,2005,0.0,1769.0,0.0
7105,2024,0.0,1403.0,0.0
7106,1985,150.0,1960.0,1.529309963924208
7106,1996,0.0,2557.0,0.0
7106,2005,0.0,2785.0,0.0
7106,2024,0.0,2063.0,0.0
7107,1985,2400.0,45714.0,1.049113192209458
7107,1996,260.0,60372.0,0.23236387515370743
7107,2005,470.0,27076.0,0.7779645416704191
7107,2024,80.0,36774.0,0.0989900991619139
7108,1985,0.0,17883.0,0.0
7108,1996,0.0,7732.0,0.0
7108,2005,0.0,9730.0,0.0
7108,2024,0.0,4540.0,0.0
7109,1985,35.0,2744.0,0.254884993987368
7109,1996,4.0,1022.0,0.2111737448559329
7109,2005,6.0,1144.0,0.23505618133761644
7109,2024,0.0,136.0,0.0
7110,1985,300.0,11745.0,0.5104210352135288
7110,1996,40.0,11873.0,0.18177340793629534
7110,2005,0.0,1651.0,0.0
7110,2024,0.0,1493.0,0.0
7111,1985,25.0,7125.0,0.07011573167933212
7111,1996,10.0,6679.0,0.0807828893707005
7111,2005,50.0,5657.0,0.3961231975874038
7111,2024,0.0,1793.0,0.0
7112,1985,1600.0,3065.0,10.431573783287256
7112,1996,100.0,5565.0,0.9695398348731512
7112,2005,40.0,4021.0,0.4458331616517171
7112,2024,0.0,475.0,0.0
7113,1985,0.0,7526.0,0.0
7113,1996,126.0,7591.0,0.8955758619611447
7113,2005,0.0,3604.0,0.0
7113,2024,0.0,1341.0,0.0
7114,1985,0.0,8003.0,0.0
7114,1996,0.0,3746.0,0.0
7114,2005,0.0,5045.0,0.0
7114,2024,0.0,6188.0,0.0
7115,1985,2000.0,11730.0,3.4071583168984914
7115,1996,77.0,2403.0,1.7288916643458994
7115,2005,50.0,4715.0,0.47526382370136655
7115,2024,0.0,878.0,0.0
7116,1985,80.0,8080.0,0.1978513220654421
7116,1996,2.0,4747.0,0.022732206366417047
7116,2005,0.0,4780.0,0.0
7116,2024,0.0,2985.0,0.0
7117,1985,11.0,4006.0,0.05487089835614233
7117,1996,0.0,1549.0,0.0
7117,2005,0.0,2095.0,0.0
7117,2024,0.0,825.0,0.0
7118,1985,0.0,9990.0,0.0
7118,1996,0.0,9758.0,0.0
7118,2005,0.0,2895.0,0.0
7118,2024,0.0,1786.0,0.0
7119,1985,0.0,7240.0,0.0
7119,1996,0.0,8718.0,0.0
7119,2005,0.0,8251.0,0.0
7119,2024,0.0,11062.0,0.0
7120,1985,0.0,6752.0,0.0
7120,1996,0.0,5130.0,0.0
7120,2005,0.0,2812.0,0.0
7120,2024,0.0,440.0,0.0
7121,1985,0.0,19.0,0.0
7121,1996,0.0,0.0,0.0
7121,2005,0.0,0.0,0.0
7121,2024,0.0,0.0,0.0
7122,1985,50.0,3190.0,0.31321290797193807
7122,1996,200.0,2698.0,3.9996213351142225
7122,2005,5.0,708.0,0.31650691084066995
7122,2024,0.0,828.0,0.0
7123,1985,0.0,15505.0,0.0
7123,1996,0.0,11750.0,0.0
7123,2005,0.0,9820.0,0.0
7123,2024,0.0,9663.0,0.0
7124,1985,0.0,13865.0,0.0
7124,1996,0.0,16650.0,0.0
7124,2005,0.0,11963.0,0.0
7124,2024,0.0,9543.0,0.0
7125,1985,0.0,488.0,0.0
7125,1996,0.0,547.0,0.0
7125,2005,0.0,188.0,0.0
7125,2024,0.0,200.0,0.0
7126,1985,0.0,1714.0,0.0
7126,1996,0.0,1853.0,0.0
7126,2005,0.0,473.0,0.0
7126,2024,0.0,1010.0,0.0
7127,1985,500.0,2431.0,4.110033634020907
7127,1996,29.0,2864.0,0.5463309575803195
7127,2005,0.0,2851.0,0.0
7127,2024,0.0,858.0,0.0
7128,1985,300.0,12010.0,0.49915862269632766
7128,1996,62.0,6738.0,0.4964682832090878
7128,2005,23.0,5721.0,0.18017823933331478
7128,2024,0.0,2398.0,0.0
7129,1985,15.0,3337.0,0.08982461879806555
7129,1996,0.0,3525.0,0.0
7129,2005,0.0,2450.0,0.0
7129,2024,0.0,1750.0,0.0
7130,1985,10.0,10918.0,0.01830278762466537
7130,1996,10.0,13122.0,0.04111788737287827
7130,2005,0.0,4851.0,0.0
7130,2024,0.0,3862.0,0.0
7131,1985,0.0,225.0,0.0
7131,1996,0.0,1155.0,0.0
7131,2005,0.0,205.0,0.0
7131,2024,0.0,100.0,0.0
7132,1985,60.0,2680.0,0.4473802282524549
7132,1996,50.0,4091.0,0.6594340235968084
7132,2005,0.0,440.0,0.0
7132,2024,0.0,1040.0,0.0
7133,1985,90.0,4411.0,0.40772353606322115
7133,1996,8.0,4725.0,0.09135219777471469
7133,2005,5.0,3937.0,0.05691818462666861
7133,2024,4.0,2539.0,0.07168692214612489
7134,1985,0.0,6780.0,0.0
7134,1996,0.0,5839.0,0.0
7134,2005,0.0,1853.0,0.0
7134,2024,0.0,452.0,0.0
7135,1985,200.0,18240.0,0.21911166149791284
7135,1996,61.0,11711.0,0.28103905733516715
7135,2005,0.0,6083.0,0.0
7135,2024,0.0,6820.0,0.0
7136,1985,0.0,1890.0,0.0
7136,1996,0.0,4798.0,0.0
7136,2005,0.0,1500.0,0.0
7136,2024,0.0,260.0,0.0
7137,1985,120.0,10946.0,0.21907162647845407
7137,1996,12.0,10601.0,0.061075247781180106
7137,2005,6.0,12506.0,0.021502020746060547
7137,2024,0.0,13075.0,0.0
7138,1985,0.0,1190.0,0.0
7138,1996,0.0,1124.0,0.0
7138,2005,0.0,760.0,0.0
7138,2024,0.0,480.0,0.0
7139,1985,0.0,2314.0,0.0
7139,1996,0.0,3446.0,0.0
7139,2005,0.0,460.0,0.0
7139,2024,0.0,54.0,0.0
7140,1985,3600.0,15440.0,4.659244864183598
7140,1996,50.0,22687.0,0.11891147311387769
7140,2005,10.0,11114.0,0.04032515617692898
7140,2024,0.0,3661.0,0.0
7141,1985,400.0,5895.0,1.3559276355290688
7141,1996,135.0,11561.0,0.6300415530181875
7141,2005,10.0,12907.0,0.03472331182694574
7141,2024,0.0,6143.0,0.0
7142,1985,5.0,3247.0,0.030771456003402607
7142,1996,0.0,1427.0,0.0
7142,2005,0.0,1622.0,0.0
7142,2024,0.0,534.0,0.0
7143,1985,2000.0,13460.0,2.9692397516507656
7143,1996,150.0,18847.0,0.42941761402895046
7143,2005,600.0,16969.0,1.584679541812913
7143,2024,15.0,5733.0,0.11905618480442902
7144,1985,350.0,3437.0,2.0349270395732844
7144,1996,60.0,5398.0,0.5997209167546225
7144,2005,0.0,4211.0,0.0
7144,2024,0.0,1306.0,0.0
7145,1985,4000.0,19650.0,4.067782906587206
7145,1996,70.0,6150.0,0.6141207197964814
7145,2005,50.0,4850.0,0.46203483067050377
7145,2024,0.0,1950.0,0.0
7146,1985,0.0,12950.0,0.0
7146,1996,0.0,13110.0,0.0
7146,2005,0.0,13830.0,0.0
7146,2024,0.0,22411.0,0.0
7147,1985,300.0,6221.0,0.9636545665621116
7147,1996,50.0,8005.0,0.33700744416421524
7147,2005,0.0,5288.0,0.0
7147,2024,0.0,1102.0,0.0
7148,1985,160.0,7542.0,0.4239296426117137
7148,1996,4.0,3321.0,0.06498631955518322
7148,2005,5.0,3152.0,0.07109355738426215
7148,2024,0.0,2194.0,0.0
7149,1985,800.0,4516.0,3.5399439377519313
7149,1996,5.0,12311.0,0.021913285602587467
7149,2005,10.0,8765.0,0.05113220601829876
7149,2024,0.0,6731.0,0.0
7150,1985,15.0,2988.0,0.1003161823725384
7150,1996,5.0,5397.0,0.04998600315980254
7150,2005,0.0,1725.0,0.0
7150,2024,0.0,400.0,0.0
7151,1985,0.0,10500.0,0.0
7151,1996,0.0,8980.0,0.0
7151,2005,0.0,4394.0,0.0
7151,2024,0.0,3182.0,0.0
7152,1985,60.0,3180.0,0.3770374250681066
7152,1996,0.0,2663.0,0.0
7152,2005,0.0,1875.0,0.0
7152,2024,0.0,650.0,0.0
7153,1985,200.0,7700.0,0.5190385332106403
7153,1996,0.0,7530.0,0.0
7153,2005,0.0,2514.0,0.0
7153,2024,0.0,1750.0,0.0
7154,1985,250.0,1306.0,3.825226556012568
7154,1996,50.0,1303.0,2.070410276695735
7154,2005,0.0,1386.0,0.0
7154,2024,0.0,183.0,0.0
7155,1985,110.0,16427.0,0.13381190650435634
7155,1996,0.0,14380.0,0.0
7155,2005,0.0,16090.0,0.0
7155,2024,0.0,4074.0,0.0
7156,1985,0.0,360.0,0.0
7156,1996,0.0,500.0,0.0
7156,2005,0.0,92.0,0.0
7156,2024,0.0,0.0,0.0
7157,1985,0.0,7284.0,0.0
7157,1996,0.0,8521.0,0.0
7157,2005,0.0,8669.0,0.0
7157,2024,0.0,4150.0,0.0
7158,1985,180.0,4631.0,0.7767084938781553
7158,1996,2.0,6118.0,0.01763808166416831
7158,2005,10.0,3080.0,0.14551096939947683
7158,2024,0.0,3150.0,0.0
7159,1985,1200.0,13203.0,1.816222088489857
7159,1996,26.0,12624.0,0.11112382660630248
7159,2005,0.0,5350.0,0.0
7159,2024,0.0,1146.0,0.0
7160,1985,200.0,1461.0,2.7355213591525875
7160,1996,5.0,2487.0,0.10847384762905278
7160,2005,5.0,2511.0,0.08924209194551744
7160,2024,0.0,1830.0,0.0
7161,1985,800.0,5970.0,2.6777867375021307
7161,1996,25.0,871.0,1.5486478705709203
7161,2005,20.0,2605.0,0.34408735950125807
7161,2024,0.0,126.0,0.0
7162,1985,80.0,2377.0,0.6725446707146706
7162,1996,0.0,4882.0,0.0
7162,2005,5.0,3408.0,0.06575319626619551
7162,2024,7.0,269.0,1.1841000625493288
7163,1985,60.0,3180.0,0.3770374250681066
7163,1996,0.0,1221.0,0.0
7163,2005,0.0,595.0,0.0
7163,2024,0.0,661.0,0.0
7164,1985,0.0,6355.0,0.0
7164,1996,0.0,8803.0,0.0
7164,2005,0.0,11517.0,0.0
7164,2024,0.0,8105.0,0.0
7165,1985,0.0,11250.0,0.0
7165,1996,0.0,9610.0,0.0
7165,2005,0.0,6211.0,0.0
7165,2024,0.0,7273.0,0.0
8001,1985,500.0,13840.0,0.7219285956867649
8001,1996,90.0,17774.0,0.27320469578947776
8001,2005,650.0,15713.0,1.853961437903345
8001,2024,21.0,2466.0,0.3874974657247803
8002,1985,200.0,7596.0,0.5261449059665522
8002,1996,0.0,12034.0,0.0
8002,2005,0.0,9078.0,0.0
8002,2024,0.0,3851.0,0.0
8003,1985,16000.0,35255.0,9.069004012416803
8003,1996,2500.0,39905.0,3.380208733911218
8003,2005,2200.0,19683.0,5.009309193978839
8003,2024,0.0,10717.0,0.0
8004,1985,0.0,33794.0,0.0
8004,1996,0.0,10720.0,0.0
8004,2005,0.0,19067.0,0.0
8004,2024,0.0,13447.0,0.0
8005,1985,0.0,6111.0,0.0
8005,1996,0.0,2680.0,0.0
8005,2005,0.0,3743.0,0.0
8005,2024,0.0,3227.0,0.0
8006,1985,0.0,2228.0,0.0
8006,1996,0.0,949.0,0.0
8006,2005,0.0,1308.0,0.0
8006,2024,0.0,2806.0,0.0
8007,1985,1429.0,4721.0,6.048651442995805
8007,1996,150.0,4250.0,1.904290299200854
8007,2005,120.0,2140.0,2.51312403224517
8007,2024,0.0,1945.0,0.0
8008,1985,150.0,590.0,5.0804195411719455
8008,1996,27.0,491.0,2.966969610771188
8008,2005,0.0,460.0,0.0
8008,2024,0.0,232.0,0.0
8009,1985,1560.0,2752.0,11.327563337438612
8009,1996,180.0,3400.0,2.856435448801281
8009,2005,0.0,2050.0,0.0
8009,2024,0.0,741.0,0.0
8010,1985,15.0,14767.0,0.02029828353281945
8010,1996,0.0,15287.0,0.0
8010,2005,0.0,12121.0,0.0
8010,2024,0.0,7882.0,0.0
8011,1985,0.0,13139.0,0.0
8011,1996,0.0,9535.0,0.0
8011,2005,0.0,5095.0,0.0
8011,2024,0.0,2572.0,0.0
8012,1985,650.0,7178.0,1.8095485223734011
8012,1996,200.0,1357.0,7.952084275709781
8012,2005,16.0,3696.0,0.1940146258659691
8012,2024,0.0,475.0,0.0
8013,1985,0.0,8394.0,0.0
8013,1996,0.0,4387.0,0.0
8013,2005,0.0,3176.0,0.0
8013,2024,0.0,419.0,0.0
8014,1985,0.0,5311.0,0.0
8014,1996,0.0,3197.0,0.0
8014,2005,0.0,5577.0,0.0
8014,2024,0.0,3719.0,0.0
8015,1985,20.0,19618.0,0.020372090456325466
8015,1996,0.0,15808.0,0.0
8015,2005,0.0,15340.0,0.0
8015,2024,0.0,8250.0,0.0
8016,1985,711.0,1956.0,7.263753215154122
8016,1996,21.0,1184.0,0.9569702094801589
8016,2005,20.0,1084.0,0.8268889035985031
8016,2024,0.0,233.0,0.0
8017,1985,700.0,17870.0,0.7827693603820233
8017,1996,40.0,12540.0,0.1721049180564302
8017,2005,0.0,6288.0,0.0
8017,2024,0.0,1231.0,0.0
8018,1985,0.0,17572.0,0.0
8018,1996,0.0,9458.0,0.0
8018,2005,0.0,7842.0,0.0
8018,2024,0.0,2277.0,0.0
8019,1985,609.0,4249.0,2.8641179027826023
8019,1996,5.0,2785.0,0.09686695118615954
8019,2005,60.0,3080.0,0.873065816396861
8019,2024,0.0,291.0,0.0
8020,1985,275.0,1231.0,4.4641108613872085
8020,1996,0.0,1249.0,0.0
8020,2005,0.0,401.0,0.0
8020,2024,0.0,305.0,0.0
8021,1985,2000.0,6190.0,6.4565374890499685
8021,1996,100.0,5020.0,1.0747986416472284
8021,2005,130.0,2040.0,2.8560094189975747
8021,2024,0.0,1307.0,0.0
8022,1985,0.0,7439.0,0.0
8022,1996,0.0,7762.0,0.0
8022,2005,0.0,6400.0,0.0
8022,2024,0.0,3634.0,0.0
8023,1985,0.0,706.0,0.0
8023,1996,0.0,759.0,0.0
8023,2005,0.0,328.0,0.0
8023,2024,0.0,64.0,0.0
8024,1985,30.0,94348.0,0.0063540245247200745
8024,1996,0.0,108313.0,0.0
8024,2005,0.0,102683.0,0.0
8024,2024,0.0,99134.0,0.0
8025,1985,600.0,6400.0,1.8734047058071548
8025,1996,40.0,5940.0,0.36333260478579704
8025,2005,0.0,4850.0,0.0
8025,2024,0.0,912.0,0.0
8026,1985,776.0,5248.0,2.954800918102342
8026,1996,110.0,1959.0,3.029626390595199
8026,2005,260.0,4521.0,2.577420577197546
8026,2024,0.0,100.0,0.0
8027,1985,4000.0,9549.0,8.37071254732837
8027,1996,116.0,4346.0,1.4401213644823148
8027,2005,135.0,12223.0,0.49499681809950474
8027,2024,0.0,2973.0,0.0
8028,1985,1330.0,6111.0,4.3491029443709435
8028,1996,220.0,5500.0,2.1581956724276345
8028,2005,50.0,2602.0,0.8612101955234216
8028,2024,0.0,2272.0,0.0
8029,1985,0.0,1461.0,0.0
8029,1996,0.0,1905.0,0.0
8029,2005,0.0,2356.0,0.0
8029,2024,0.0,3794.0,0.0
8030,1985,0.0,9935.0,0.0
8030,1996,0.0,8176.0,0.0
8030,2005,0.0,4263.0,0.0
8030,2024,0.0,3637.0,0.0
8031,1985,1680.0,14550.0,2.3073135620662693
8031,1996,1500.0,14500.0,5.581540532140434
8031,2005,1000.0,8805.0,5.089991888136158
8031,2024,0.0,5837.0,0.0
8032,1985,468.0,6364.0,1.4695217302623063
8032,1996,0.0,3383.0,0.0
8032,2005,0.0,3892.0,0.0
8032,2024,0.0,1864.0,0.0
8033,1985,2800.0,9750.0,5.738702962062258
8033,1996,112.0,5659.0,1.0678473021377235
8033,2005,1500.0,11522.0,5.834583220149132
8033,2024,0.0,3820.0,0.0
8034,1985,800.0,5167.0,3.093939776057233
8034,1996,0.0,7010.0,0.0
8034,2005,0.0,10543.0,0.0
8034,2024,0.0,6580.0,0.0
8035,1985,400.0,9880.0,0.8090276732230628
8035,1996,40.0,12540.0,0.1721049180564302
8035,2005,0.0,6354.0,0.0
8035,2024,0.0,590.0,0.0
8036,1985,487.0,1825.0,5.332445467634465
8036,1996,0.0,1480.0,0.0
8036,2005,500.0,1162.0,19.28458630595476
8036,2024,0.0,283.0,0.0
8037,1985,0.0,4789.0,0.0
8037,1996,0.0,3934.0,0.0
8037,2005,0.0,2669.0,0.0
8037,2024,0.0,2565.0,0.0
8038,1985,0.0,1653.0,0.0
8038,1996,0.0,1696.0,0.0
8038,2005,0.0,1530.0,0.0
8038,2024,0.0,401.0,0.0
8039,1985,596.0,1327.0,8.975025006067334
8039,1996,100.0,3120.0,1.7293234554708607
8039,2005,120.0,1920.0,2.801086160939929
8039,2024,0.0,780.0,0.0
8040,1985,0.0,7457.0,0.0
8040,1996,0.0,9256.0,0.0
8040,2005,0.0,2367.0,0.0
8040,2024,0.0,1994.0,0.0
8041,1985,500.0,23873.0,0.4185268614880755
8041,1996,0.0,17347.0,0.0
8041,2005,0.0,13140.0,0.0
8041,2024,0.0,11167.0,0.0
8042,1985,1500.0,4854.0,6.175211226393588
8042,1996,250.0,5360.0,2.5165527896777458
8042,2005,100.0,2200.0,2.037153571592676
8042,2024,0.0,2214.0,0.0
8043,1985,1000.0,6625.0,3.016299400544853
8043,1996,0.0,4137.0,0.0
8043,2005,0.0,5135.0,0.0
8043,2024,0.0,6583.0,0.0
8044,1985,0.0,14250.0,0.0
8044,1996,0.0,9120.0,0.0
8044,2005,0.0,10358.0,0.0
8044,2024,0.0,4061.0,0.0
8045,1985,1660.0,5723.0,5.79621748339892
8045,1996,202.0,1724.0,6.321860873410414
8045,2005,88.0,5408.0,0.7292768703038869
8045,2024,0.0,3279.0,0.0
8046,1985,0.0,6966.0,0.0
8046,1996,0.0,5186.0,0.0
8046,2005,0.0,4846.0,0.0
8046,2024,0.0,2111.0,0.0
8047,1985,1030.0,6705.0,3.069720064797605
8047,1996,5.0,4725.0,0.057095123609196684
8047,2005,130.0,845.0,6.894981319236749
8047,2024,0.0,171.0,0.0
8048,1985,0.0,12441.0,0.0
8048,1996,0.0,7663.0,0.0
8048,2005,0.0,14510.0,0.0
8048,2024,0.0,13347.0,0.0
8049,1985,250.0,1674.0,2.984316536530713
8049,1996,0.0,1016.0,0.0
8049,2005,0.0,155.0,0.0
8049,2024,0.0,165.0,0.0
8050,1985,60.0,347.0,3.4552709271371156
8050,1996,0.0,140.0,0.0
8050,2005,0.0,208.0,0.0
8050,2024,0.0,36.0,0.0
8051,1985,500.0,16220.0,0.6159982592049831
8051,1996,40.0,8876.0,0.24314958003916567
8051,2005,400.0,8675.0,2.0665073694542415
8051,2024,8.0,1317.0,0.27640561173729855
8052,1985,0.0,7196.0,0.0
8052,1996,0.0,9275.0,0.0
8052,2005,0.0,8809.0,0.0
8052,2024,0.0,6925.0,0.0
8053,1985,0.0,4260.0,0.0
8053,1996,0.0,7264.0,0.0
8053,2005,0.0,5866.0,0.0
8053,2024,0.0,3209.0,0.0
8054,1985,1000.0,4705.0,4.247180346144453
8054,1996,30.0,737.0,2.196264252809669
8054,2005,0.0,850.0,0.0
8054,2024,0.0,322.0,0.0
8055,1985,946.0,3144.0,6.012691608799215
8055,1996,0.0,2860.0,0.0
8055,2005,80.0,1200.0,2.9878252383359243
8055,2024,0.0,162.0,0.0
8056,1985,0.0,18899.0,0.0
8056,1996,0.0,13695.0,0.0
8056,2005,0.0,8759.0,0.0
8056,2024,0.0,5912.0,0.0
8057,1985,0.0,9969.0,0.0
8057,1996,0.0,5049.0,0.0
8057,2005,0.0,4378.0,0.0
8057,2024,0.0,3010.0,0.0
8058,1985,896.0,5559.0,3.220858651130464
8058,1996,10.0,5450.0,0.09899980148750617
8058,2005,300.0,2550.0,5.272632773533984
8058,2024,0.0,343.0,0.0
8059,1985,697.0,3354.0,4.152695145927527
8059,1996,60.0,5660.0,0.5719599838589138
8059,2005,0.0,4482.0,0.0
8059,2024,0.0,540.0,0.0
8060,1985,769.0,2820.0,5.449260401950646
8060,1996,12.0,1253.0,0.51672681702178
8060,2005,0.0,963.0,0.0
8060,2024,0.0,468.0,0.0
8061,1985,1176.0,7991.0,2.940806986565505
8061,1996,10.0,5860.0,0.09207319421619602
8061,2005,135.0,4280.0,1.4136322681379079
8061,2024,0.0,272.0,0.0
8062,1985,1154.0,6419.0,3.5925164343379867
8062,1996,50.0,7010.0,0.384842309634029
8062,2005,2425.0,3400.0,31.96533618954978
8062,2024,0.0,155.0,0.0
8063,1985,397.0,2499.0,3.174567611387768
8063,1996,0.0,2095.0,0.0
8063,2005,150.0,975.0,6.894981319236749
8063,2024,0.0,14.0,0.0
8064,1985,866.0,6843.0,2.5289001513628464
8064,1996,10.0,6760.0,0.07981492871403974
8064,2005,300.0,5935.0,2.265410879951417
8064,2024,0.0,585.0,0.0
8065,1985,0.0,10992.0,0.0
8065,1996,0.0,8996.0,0.0
8065,2005,0.0,8065.0,0.0
8065,2024,0.0,7100.0,0.0
8066,1985,0.0,276.0,0.0
8066,1996,0.0,90.0,0.0
8066,2005,0.0,112.0,0.0
8066,2024,0.0,170.0,0.0
8067,1985,0.0,27548.0,0.0
8067,1996,0.0,14050.0,0.0
8067,2005,0.0,19606.0,0.0
8067,2024,0.0,20613.0,0.0
8068,1985,0.0,1344.0,0.0
8068,1996,0.0,533.0,0.0
8068,2005,0.0,280.0,0.0
8068,2024,0.0,57.0,0.0
8069,1985,0.0,11633.0,0.0
8069,1996,0.0,8308.0,0.0
8069,2005,0.0,7322.0,0.0
8069,2024,0.0,6449.0,0.0
8070,1985,0.0,1212.0,0.0
8070,1996,0.0,338.0,0.0
8070,2005,0.0,675.0,0.0
8070,2024,0.0,78.0,0.0
8071,1985,348.0,5854.0,1.18791907549644
8071,1996,30.0,6330.0,0.2557103877283927
8071,2005,0.0,5100.0,0.0
8071,2024,4.0,693.0,0.2626451592049222
8072,1985,816.0,5866.0,2.7797672279825223
8072,1996,10.0,9440.0,0.05715560573166405
8072,2005,231.0,1241.0,8.34231623757774
8072,2024,0.0,590.0,0.0
8073,1985,0.0,13761.0,0.0
8073,1996,0.0,14385.0,0.0
8073,2005,0.0,9661.0,0.0
8073,2024,0.0,5362.0,0.0
8074,1985,0.0,7828.0,0.0
8074,1996,0.0,4678.0,0.0
8074,2005,0.0,2189.0,0.0
8074,2024,0.0,1915.0,0.0
8075,1985,288.0,3060.0,1.8807513909279672
8075,1996,0.0,2372.0,0.0
8075,2005,0.0,2255.0,0.0
8075,2024,0.0,1864.0,0.0
8076,1985,180.0,1360.0,2.644806643492454
8076,1996,0.0,93.0,0.0
8076,2005,0.0,153.0,0.0
8076,2024,0.0,1002.0,0.0
8077,1985,0.0,13229.0,0.0
8077,1996,0.0,15238.0,0.0
8077,2005,0.0,14009.0,0.0
8077,2024,0.0,10885.0,0.0
8078,1985,0.0,8258.0,0.0
8078,1996,0.0,5341.0,0.0
8078,2005,0.0,8452.0,0.0
8078,2024,0.0,5087.0,0.0
8079,1985,0.0,1714.0,0.0
8079,1996,0.0,1201.0,0.0
8079,2005,0.0,1730.0,0.0
8079,2024,0.0,421.0,0.0
8080,1985,2920.0,17625.0,3.310655994527103
8080,1996,10.0,12980.0,0.041567713259392035
8080,2005,390.0,8940.0,1.9551205418641115
8080,2024,0.0,1127.0,0.0
8081,1985,869.0,6194.0,2.803553872515626
8081,1996,0.0,2937.0,0.0
8081,2005,0.0,1457.0,0.0
8081,2024,0.0,871.0,0.0
8082,1985,518.0,2072.0,4.995745882152413
8082,1996,0.0,744.0,0.0
8082,2005,0.0,491.0,0.0
8082,2024,0.0,1783.0,0.0
8083,1985,488.0,14218.0,0.6858697399044528
8083,1996,0.0,13547.0,0.0
8083,2005,0.0,11480.0,0.0
8083,2024,0.0,10968.0,0.0
8084,1985,3196.0,20943.0,3.0494969850277633
8084,1996,20.0,10150.0,0.10631505775505588
8084,2005,400.0,2105.0,8.516366475066768
8084,2024,0.0,1467.0,0.0
8085,1985,0.0,22338.0,0.0
8085,1996,0.0,26859.0,0.0
8085,2005,0.0,19638.0,0.0
8085,2024,0.0,12035.0,0.0
8086,1985,0.0,156.0,0.0
8086,1996,0.0,291.0,0.0
8086,2005,0.0,1150.0,0.0
8086,2024,0.0,1071.0,0.0
8087,1985,550.0,5572.0,1.9724768378921946
8087,1996,27.0,9170.0,0.15886391263780297
8087,2005,0.0,9563.0,0.0
8087,2024,0.0,7399.0,0.0
8088,1985,0.0,1536.0,0.0
8088,1996,0.0,801.0,0.0
8088,2005,0.0,1315.0,0.0
8088,2024,0.0,1421.0,0.0
8089,1985,60.0,1029.0,1.1651885439422538
8089,1996,23.0,745.0,1.665721492142134
8089,2005,0.0,835.0,0.0
8089,2024,0.0,235.0,0.0
8090,1985,1355.0,4786.0,5.657530856929811
8090,1996,200.0,3171.0,3.403020612468677
8090,2005,200.0,8682.0,1.0324206075797941
8090,2024,0.0,5905.0,0.0
8091,1985,2054.0,7418.0,5.533169070876816
8091,1996,70.0,8200.0,0.46059053984736104
8091,2005,500.0,8750.0,2.5609930614307923
8091,2024,0.0,3552.0,0.0
8092,1985,1500.0,22286.0,1.344991263255608
8092,1996,0.0,14877.0,0.0
8092,2005,0.0,13665.0,0.0
8092,2024,0.0,2154.0,0.0
8093,1985,150.0,2914.0,1.028636763655267
8093,1996,0.0,2216.0,0.0
8093,2005,0.0,1167.0,0.0
8093,2024,0.0,486.0,0.0
9001,1985,50.0,439.0,2.2759662333268396
9001,1996,0.0,202.0,0.0
9001,2005,0.0,124.0,0.0
9001,2024,0.0,259.0,0.0
9002,1985,200.0,2806.0,1.4243038865723203
9002,1996,2.0,3369.0,0.032030211819941146
9002,2005,0.0,3135.0,0.0
9002,2024,0.0,1622.0,0.0
9003,1985,0.0,65.0,0.0
9003,1996,0.0,13.0,0.0
9003,2005,0.0,0.0,0.0
9003,2024,0.0,0.0,0.0
9004,1985,20.0,578.0,0.6914527172529292
9004,1996,0.0,605.0,0.0
9004,2005,0.0,741.0,0.0
9004,2024,0.0,633.0,0.0
9005,1985,15.0,2714.0,0.11044390306895534
9005,1996,0.0,1262.0,0.0
9005,2005,0.0,1313.0,0.0
9005,2024,0.0,1877.0,0.0
9006,1985,0.0,40.0,0.0
9006,1996,0.0,500.0,0.0
9006,2005,0.0,150.0,0.0
9006,2024,0.0,6.0,0.0
9007,1985,0.0,746.0,0.0
9007,1996,0.0,305.0,0.0
9007,2005,0.0,515.0,0.0
9007,2024,0.0,439.0,0.0
9008,1985,0.0,2119.0,0.0
9008,1996,0.0,693.0,0.0
9008,2005,0.0,2537.0,0.0
9008,2024,0.0,1025.0,0.0
9009,1985,40.0,1510.0,0.5293505570492623
9009,1996,0.0,1375.0,0.0
9009,2005,0.0,1170.0,0.0
9009,2024,0.0,847.0,0.0
9010,1985,800.0,2695.0,5.931868950978747
9010,1996,9.0,724.0,0.670709981072124
9010,2005,0.0,472.0,0.0
9010,2024,0.0,1889.0,0.0
9011,1985,1000.0,6500.0,3.074305158247639
9011,1996,100.0,5965.0,0.9045245902881955
9011,2005,0.0,4380.0,0.0
9011,2024,0.0,910.0,0.0
9012,1985,80.0,3980.0,0.40166801062531965
9012,1996,17.0,3790.0,0.24201402659148938
9012,2005,0.0,5305.0,0.0
9012,2024,0.0,9444.0,0.0
9013,1985,4800.0,16250.0,5.902665903835467
9013,1996,18.0,5648.0,0.17195255888676264
9013,2005,0.0,10610.0,0.0
9013,2024,0.0,33000.0,0.0
9014,1985,80.0,895.0,1.7861884718310304
9014,1996,0.0,69.0,0.0
9014,2005,0.0,240.0,0.0
9014,2024,0.0,197.0,0.0
9015,1985,20.0,650.0,0.6148610316495278
9015,1996,0.0,323.0,0.0
9015,2005,0.0,651.0,0.0
9015,2024,0.0,223.0,0.0
9016,1985,0.0,512.0,0.0
9016,1996,0.0,776.0,0.0
9016,2005,0.0,1077.0,0.0
9016,2024,0.0,650.0,0.0
9017,1985,30.0,1030.0,0.5820286464643588
9017,1996,0.0,1275.0,0.0
9017,2005,0.0,1155.0,0.0
9017,2024,0.0,3146.0,0.0
9018,1985,30.0,618.0,0.9700477441072647
9018,1996,0.0,120.0,0.0
9018,2005,0.0,330.0,0.0
9018,2024,0.0,349.0,0.0
9019,1985,18.0,811.0,0.4435187466275878
9019,1996,0.0,1015.0,0.0
9019,2005,0.0,1078.0,0.0
9019,2024,0.0,207.0,0.0
9020,1985,150.0,1835.0,1.6334863919844402
9020,1996,0.0,1720.0,0.0
9020,2005,0.0,3800.0,0.0
9020,2024,0.0,6300.0,0.0
9021,1985,1800.0,6120.0,5.877348096649897
9021,1996,39.0,4239.0,0.49640027851307944
9021,2005,0.0,8885.0,0.0
9021,2024,0.0,16500.0,0.0
9022,1985,800.0,7660.0,2.0869956687842977
9022,1996,1.0,7461.0,0.007231589841936854
9022,2005,0.0,4650.0,0.0
9022,2024,0.0,5940.0,0.0
9023,1985,38.0,699.0,1.086342452199094
9023,1996,0.0,92.0,0.0
9023,2005,0.0,50.0,0.0
9023,2024,0.0,17.0,0.0
9024,1985,200.0,1516.0,2.6362775103706664
9024,1996,0.0,1340.0,0.0
9024,2005,0.0,2400.0,0.0
9024,2024,0.0,4252.0,0.0
9025,1985,0.0,1246.0,0.0
9025,1996,0.0,699.0,0.0
9025,2005,0.0,1715.0,0.0
9025,2024,0.0,1931.0,0.0
9026,1985,0.0,468.0,0.0
9026,1996,0.0,1116.0,0.0
9026,2005,0.0,1365.0,0.0
9026,2024,0.0,821.0,0.0
9027,1985,200.0,6343.0,0.6300798842380467
9027,1996,0.0,6149.0,0.0
9027,2005,0.0,4515.0,0.0
9027,2024,0.0,2450.0,0.0
9028,1985,5.0,1450.0,0.06890683975382639
9028,1996,0.0,890.0,0.0
9028,2005,0.0,1292.0,0.0
9028,2024,0.0,2680.0,0.0
9029,1985,300.0,1540.0,3.8927889990798024
9029,1996,0.0,1400.0,0.0
9029,2005,0.0,2300.0,0.0
9029,2024,0.0,1805.0,0.0
9030,1985,0.0,1377.0,0.0
9030,1996,0.0,1092.0,0.0
9030,2005,0.0,1367.0,0.0
9030,2024,0.0,886.0,0.0
9031,1985,30.0,2310.0,0.25951926660532015
9031,1996,0.0,1398.0,0.0
9031,2005,0.0,5290.0,0.0
9031,2024,0.0,6824.0,0.0
9032,1985,30.0,3579.0,0.16750195749044133
9032,1996,16.0,3776.0,0.2286224229266562
9032,2005,0.0,2610.0,0.0
9032,2024,0.0,8450.0,0.0
9033,1985,5.0,10170.0,0.009824475677782524
9033,1996,2.0,20452.0,0.005276246020994608
9033,2005,0.0,12880.0,0.0
9033,2024,0.0,7250.0,0.0
9034,1985,11.0,4467.0,0.04920815285755679
9034,1996,0.0,4868.0,0.0
9034,2005,0.0,6300.0,0.0
9034,2024,0.0,9764.0,0.0
9035,1985,120.0,1115.0,2.150634998594761
9035,1996,0.0,2355.0,0.0
9035,2005,0.0,2320.0,0.0
9035,2024,0.0,3040.0,0.0
9036,1985,200.0,1080.0,3.7005525052980834
9036,1996,0.0,427.0,0.0
9036,2005,0.0,362.0,0.0
9036,2024,0.0,135.0,0.0
9037,1985,50.0,1870.0,0.534304372422718
9037,1996,0.0,1230.0,0.0
9037,2005,0.0,1205.0,0.0
9037,2024,0.0,510.0,0.0
9038,1985,40.0,1898.0,0.4211376929106354
9038,1996,0.0,1835.0,0.0
9038,2005,0.0,1550.0,0.0
9038,2024,0.0,3686.0,0.0
9039,1985,20.0,2640.0,0.15138623885310343
9039,1996,0.0,2395.0,0.0
9039,2005,0.0,1590.0,0.0
9039,2024,0.0,1330.0,0.0
9040,1985,900.0,7840.0,2.2939649458863123
9040,1996,10.0,7400.0,0.07291201596039305
9040,2005,0.0,6780.0,0.0
9040,2024,0.0,4500.0,0.0
9041,1985,40.0,699.0,1.1435183707358885
9041,1996,0.0,551.0,0.0
9041,2005,0.0,534.0,0.0
9041,2024,0.0,438.0,0.0
9042,1985,0.0,5784.0,0.0
9042,1996,2.0,2194.0,0.04918403993681938
9042,2005,0.0,3004.0,0.0
9042,2024,0.0,5005.0,0.0
9043,1985,4300.0,13510.0,6.360239020949037
9043,1996,37.0,4517.0,0.4419594857196285
9043,2005,0.0,8390.0,0.0
9043,2024,0.0,4835.0,0.0
9044,1985,1100.0,9260.0,2.3737885401156174
9044,1996,8.0,9158.0,0.04713246718557839
9044,2005,0.0,10190.0,0.0
9044,2024,0.0,10300.0,0.0
9045,1985,100.0,2215.0,0.9021662992600294
9045,1996,0.0,3160.0,0.0
9045,2005,0.0,3800.0,0.0
9045,2024,0.0,7212.0,0.0
9046,1985,200.0,569.0,7.023895792129931
9046,1996,0.0,1050.0,0.0
9046,2005,0.0,1820.0,0.0
9046,2024,0.0,907.0,0.0
9047,1985,27.0,815.0,0.662012951254553
9047,1996,0.0,182.0,0.0
9047,2005,0.0,120.0,0.0
9047,2024,0.0,404.0,0.0
9048,1985,0.0,3078.0,0.0
9048,1996,0.0,4452.0,0.0
9048,2005,0.0,4495.0,0.0
9048,2024,0.0,2962.0,0.0
9049,1985,650.0,2480.0,5.2374755216114
9049,1996,0.0,935.0,0.0
9049,2005,0.0,1250.0,0.0
9049,2024,0.0,2850.0,0.0
9050,1985,0.0,616.0,0.0
9050,1996,0.0,317.0,0.0
9050,2005,0.0,222.0,0.0
9050,2024,0.0,210.0,0.0
9051,1985,1800.0,6890.0,5.220518193250707
9051,1996,0.0,3825.0,0.0
9051,2005,0.0,7940.0,0.0
9051,2024,0.0,5100.0,0.0
9052,1985,0.0,117.0,0.0
9052,1996,0.0,88.0,0.0
9052,2005,0.0,350.0,0.0
9052,2024,0.0,205.0,0.0
9053,1985,3000.0,18528.0,3.2355867112386094
9053,1996,400.0,12617.0,1.7105458289828281
9053,2005,0.0,11625.0,0.0
9053,2024,0.0,3200.0,0.0
9054,1985,3100.0,31700.0,1.9541718908104075
9054,1996,475.0,21975.0,1.1662604600718163
9054,2005,0.0,27900.0,0.0
9054,2024,0.0,16690.0,0.0
9055,1985,2500.0,16630.0,3.004056453489124
9055,1996,500.0,14530.0,1.856672120120126
9055,2005,0.0,14525.0,0.0
9055,2024,0.0,3310.0,0.0
9056,1985,300.0,4072.0,1.4722237373730098
9056,1996,2.0,1485.0,0.07266652095715942
9056,2005,0.0,2169.0,0.0
9056,2024,0.0,1446.0,0.0
9057,1985,13.0,2389.0,0.10873955038590434
9057,1996,2.0,4367.0,0.0247102779073464
9057,2005,0.0,2624.0,0.0
9057,2024,0.0,4215.0,0.0
9058,1985,25.0,872.0,0.5729066378615153
9058,1996,0.0,876.0,0.0
9058,2005,0.0,2410.0,0.0
9058,2024,0.0,2668.0,0.0
9059,1985,2800.0,9690.0,5.774236726533233
9059,1996,10.0,4873.0,0.11072212561192461
9059,2005,0.0,5530.0,0.0
9059,2024,0.0,1450.0,0.0
9060,1985,45.0,357.0,2.518863469992813
9060,1996,0.0,1750.0,0.0
9060,2005,0.0,870.0,0.0
9060,2024,0.0,2185.0,0.0
9061,1985,0.0,1504.0,0.0
9061,1996,0.0,2284.0,0.0
9061,2005,0.0,1285.0,0.0
9061,2024,0.0,820.0,0.0
9062,1985,11.0,644.0,0.34132425281786677
9062,1996,0.0,1017.0,0.0
9062,2005,0.0,1392.0,0.0
9062,2024,0.0,340.0,0.0
9063,1985,20.0,1951.0,0.20484862663874578
9063,1996,0.0,558.0,0.0
9063,2005,0.0,615.0,0.0
9063,2024,0.0,70.0,0.0
9064,1985,36.0,1355.0,0.5309132155202565
9064,1996,0.0,1197.0,0.0
9064,2005,0.0,1110.0,0.0
9064,2024,0.0,745.0,0.0
9065,1985,0.0,1641.0,0.0
9065,1996,0.0,1740.0,0.0
9065,2005,0.0,870.0,0.0
9065,2024,0.0,730.0,0.0
9066,1985,50.0,1668.0,0.5990102976201934
9066,1996,0.0,1622.0,0.0
9066,2005,0.0,1422.0,0.0
9066,2024,0.0,730.0,0.0
9067,1985,12.0,894.0,0.2682279668269752
9067,1996,0.0,1362.0,0.0
9067,2005,0.0,553.0,0.0
9067,2024,0.0,2012.0,0.0
9068,1985,250.0,2040.0,2.4488950402707905
9068,1996,56.0,2786.0,1.0845204384058464
9068,2005,0.0,4920.0,0.0
9068,2024,0.0,1500.0,0.0
9069,1985,1300.0,16263.0,1.597360793653849
9069,1996,70.0,17377.0,0.2173472076162951
9069,2005,0.0,17465.0,0.0
9069,2024,0.0,23118.0,0.0
9070,1985,35.0,1085.0,0.6446123718906339
9070,1996,0.0,896.0,0.0
9070,2005,0.0,975.0,0.0
9070,2024,0.0,1447.0,0.0
9071,1985,10.0,990.0,0.2018483184708046
9071,1996,0.0,518.0,0.0
9071,2005,0.0,727.0,0.0
9071,2024,0.0,238.0,0.0
9072,1985,25.0,1974.0,0.2530772989945498
9072,1996,320.0,3933.0,4.389922547526336
9072,2005,0.0,3905.0,0.0
9072,2024,0.0,1200.0,0.0
9073,1985,0.0,427.0,0.0
9073,1996,0.0,625.0,0.0
9073,2005,0.0,1072.0,0.0
9073,2024,0.0,662.0,0.0
9074,1985,0.0,495.0,0.0
9074,1996,0.0,549.0,0.0
9074,2005,0.0,784.0,0.0
9074,2024,0.0,351.0,0.0
