id_amc,QL,lisa_cat,lisa_rotulo,ano
1001,0.0059465280016192,0,Não Significativo,1985
2012,0.5507988844710489,0,Não Significativo,1985
2019,0.0317964095607451,3,Baixo-Baixo,1985
2021,0.1813337888258589,0,Não Significativo,1985
2022,0.1166960204986219,3,Baixo-Baixo,1985
2024,0.1870065303479512,3,Baixo-Baixo,1985
2027,1.9288594139584607,3,Baixo-Baixo,1985
2028,3.1342843939155167,4,Alto-Baixo,1985
2029,0.7599248375650156,3,Baixo-Baixo,1985
2034,0.5638539370375184,3,Baixo-Baixo,1985
2036,0.048338131418988,0,Não Significativo,1985
2038,2.588888554313801,3,Baixo-Baixo,1985
2040,0.2309386267752305,3,Baixo-Baixo,1985
2041,0.3015540773935058,0,Não Significativo,1985
2045,0.1336654416629408,0,Não Significativo,1985
2046,0.5820286464643588,0,Não Significativo,1985
2047,0.0195783640058226,0,Não Significativo,1985
2050,0.3137046079844529,3,Baixo-Baixo,1985
2052,0.3214765689930767,0,Não Significativo,1985
2053,0.0630775995221264,3,Baixo-Baixo,1985
2055,0.4145847205105736,3,Baixo-Baixo,1985
2057,0.1591001873296947,3,Baixo-Baixo,1985
2063,2.786471806778238,0,Não Significativo,1985
2064,0.0235093923865995,0,Não Significativo,1985
2065,0.0328847781600817,0,Não Significativo,1985
2066,0.0956123613809074,0,Não Significativo,1985
2067,0.7769433720299243,0,Não Significativo,1985
2068,0.0329842919316803,3,Baixo-Baixo,1985
16002,0.0301288858328076,0,Não Significativo,1985
16008,0.0079062249371353,0,Não Significativo,1985
16010,0.1082736428728308,0,Não Significativo,1985
3029,0.251674855524051,0,Não Significativo,1985
3060,0.077288661878204,0,Não Significativo,1985
3065,1.4671794073869056,0,Não Significativo,1985
3081,0.0451470415449135,0,Não Significativo,1985
3090,0.7942362292770132,0,Não Significativo,1985
4001,3.724002449628468,0,Não Significativo,1985
4002,0.2434475150693561,0,Não Significativo,1985
4003,0.4339045261000925,3,Baixo-Baixo,1985
4004,1.0111625294176,0,Não Significativo,1985
4005,0.4736987917176639,0,Não Significativo,1985
4008,1.106324347604687,0,Não Significativo,1985
4009,0.5351902233143766,3,Baixo-Baixo,1985
4010,0.0082268355408026,3,Baixo-Baixo,1985
4011,0.3308013103207412,0,Não Significativo,1985
4013,0.1202345579338727,3,Baixo-Baixo,1985
4014,2.175471243328787,3,Baixo-Baixo,1985
4015,0.0418491801646275,0,Não Significativo,1985
4018,0.7632389542177298,0,Não Significativo,1985
4019,0.0082427849394091,0,Não Significativo,1985
4021,0.2902408861501376,0,Não Significativo,1985
4022,6.828555366822701,0,Não Significativo,1985
4023,2.05713233771975,0,Não Significativo,1985
4024,0.6491707218194649,3,Baixo-Baixo,1985
4026,1.5776039627849725,0,Não Significativo,1985
4027,0.4150870734694752,3,Baixo-Baixo,1985
4028,0.1815056556188381,0,Não Significativo,1985
4030,8.929401198935505,0,Não Significativo,1985
4031,0.2148707906302113,0,Não Significativo,1985
4032,2.407872793760407,0,Não Significativo,1985
4033,1.808509953654754,0,Não Significativo,1985
4034,5.356494265325835,0,Não Significativo,1985
4035,1.6644164191745503,0,Não Significativo,1985
4036,0.8981116192633551,0,Não Significativo,1985
4039,0.313283056439569,0,Não Significativo,1985
4040,8.934824654163167,0,Não Significativo,1985
4042,2.3255342427309653,0,Não Significativo,1985
4043,4.45397481575782,0,Não Significativo,1985
4044,0.3718917530138272,0,Não Significativo,1985
4046,0.150933628540246,3,Baixo-Baixo,1985
4047,0.7891480989797581,0,Não Significativo,1985
4050,1.6376373008008671,0,Não Significativo,1985
4051,3.5876092510968856,0,Não Significativo,1985
4052,0.1883917639060842,0,Não Significativo,1985
4053,0.1169051298475603,0,Não Significativo,1985
4055,0.0602744325214447,0,Não Significativo,1985
4056,0.1349613266638124,3,Baixo-Baixo,1985
4059,1.6978685809078229,0,Não Significativo,1985
4060,1.6651201458913991,0,Não Significativo,1985
4061,4.150152342390374,0,Não Significativo,1985
4062,0.0016382180298909,3,Baixo-Baixo,1985
4063,2.3156371236861166,0,Não Significativo,1985
4067,0.6864645664242409,3,Baixo-Baixo,1985
4069,0.4120202789404051,0,Não Significativo,1985
4073,0.3408611262875847,0,Não Significativo,1985
4075,0.0219878782449441,3,Baixo-Baixo,1985
4077,0.0296703541627463,0,Não Significativo,1985
4078,7.377756667217882,0,Não Significativo,1985
4079,0.1298720766590748,0,Não Significativo,1985
4080,0.0147548487782005,3,Baixo-Baixo,1985
4082,2.656652461361671,0,Não Significativo,1985
4083,0.2412675343025614,0,Não Significativo,1985
4085,0.1624632807204037,0,Não Significativo,1985
4087,0.7848775934253595,3,Baixo-Baixo,1985
4089,0.2931489026201905,3,Baixo-Baixo,1985
4090,0.0309142690727253,0,Não Significativo,1985
4091,0.5778212104658212,0,Não Significativo,1985
4092,0.0475106598397756,3,Baixo-Baixo,1985
4093,1.2169904706826828,0,Não Significativo,1985
4094,0.3021544345446382,3,Baixo-Baixo,1985
4095,4.465998286150023,0,Não Significativo,1985
4096,10.420574232710557,1,Alto-Alto (Cluster),1985
4097,0.4165725146677017,0,Não Significativo,1985
4098,0.8002155825968946,0,Não Significativo,1985
4099,10.00228969067544,1,Alto-Alto (Cluster),1985
4100,2.1685277838968693,0,Não Significativo,1985
4102,1.040780392115086,0,Não Significativo,1985
4103,12.072486650723246,1,Alto-Alto (Cluster),1985
4104,3.594966993237443,4,Alto-Baixo,1985
4105,1.805147563560041,0,Não Significativo,1985
4106,0.9735923765461462,0,Não Significativo,1985
4108,8.478657091784918,1,Alto-Alto (Cluster),1985
4109,2.5540469952233478,0,Não Significativo,1985
4110,1.5910018732969466,0,Não Significativo,1985
4111,0.442928221178575,0,Não Significativo,1985
4113,6.012933860163386,1,Alto-Alto (Cluster),1985
4114,0.403533593065623,0,Não Significativo,1985
4115,8.270246675058313,1,Alto-Alto (Cluster),1985
4116,8.098473567825593,1,Alto-Alto (Cluster),1985
4117,5.854169822465926,1,Alto-Alto (Cluster),1985
4118,1.056226004764893,0,Não Significativo,1985
4119,10.248760863858656,1,Alto-Alto (Cluster),1985
4121,1.9346270818139248,0,Não Significativo,1985
4122,4.636890851069633,1,Alto-Alto (Cluster),1985
4123,0.3182763960915769,0,Não Significativo,1985
4124,7.53397942730346,0,Não Significativo,1985
4125,10.078896831679828,1,Alto-Alto (Cluster),1985
4126,0.1947089888785896,3,Baixo-Baixo,1985
4127,9.031720890958924,0,Não Significativo,1985
4128,0.3592123589539754,0,Não Significativo,1985
4129,3.4724257683144617,0,Não Significativo,1985
4130,1.3846476775729522,0,Não Significativo,1985
4131,0.2662504467304536,2,Baixo-Alto,1985
4132,5.738401841393181,1,Alto-Alto (Cluster),1985
4135,2.434828280248347,2,Baixo-Alto,1985
4136,2.6277683062128654,0,Não Significativo,1985
4137,0.4369457039783451,0,Não Significativo,1985
4138,5.77888434712485,1,Alto-Alto (Cluster),1985
4139,2.186322049082019,0,Não Significativo,1985
4141,1.4979747772570955,0,Não Significativo,1985
4142,4.10054553503507,4,Alto-Baixo,1985
4143,0.4317844323381515,0,Não Significativo,1985
4145,4.319285648464807,1,Alto-Alto (Cluster),1985
4146,2.4789707888115187,2,Baixo-Alto,1985
4147,9.899917527178426,0,Não Significativo,1985
4148,2.415246100786154,0,Não Significativo,1985
4150,0.1721321995416649,0,Não Significativo,1985
4151,0.7591677997361201,0,Não Significativo,1985
4154,4.219775968031133,0,Não Significativo,1985
4155,8.501164211225744,0,Não Significativo,1985
4156,1.9883565700109107,0,Não Significativo,1985
4158,1.1123286127809435,0,Não Significativo,1985
4160,9.82370291845757,1,Alto-Alto (Cluster),1985
4161,5.3936663705071775,1,Alto-Alto (Cluster),1985
4162,11.12602541343436,1,Alto-Alto (Cluster),1985
4163,1.5285301016274595,0,Não Significativo,1985
4164,6.062798400670403,1,Alto-Alto (Cluster),1985
4165,0.4476140564909203,0,Não Significativo,1985
4166,1.501915334732029,0,Não Significativo,1985
4167,5.571967265448506,1,Alto-Alto (Cluster),1985
4168,0.1455955084051705,0,Não Significativo,1985
4169,9.418109453044352,1,Alto-Alto (Cluster),1985
4170,0.7944256789619804,0,Não Significativo,1985
4171,1.6259547216118513,0,Não Significativo,1985
4172,7.382849857854209,0,Não Significativo,1985
4173,6.685508039012931,1,Alto-Alto (Cluster),1985
4174,5.793952128347976,1,Alto-Alto (Cluster),1985
4175,7.140699942631035,1,Alto-Alto (Cluster),1985
4176,11.580310343422376,1,Alto-Alto (Cluster),1985
4177,1.5694005353292142,0,Não Significativo,1985
4178,5.941457101222785,0,Não Significativo,1985
4179,2.4624748648933643,0,Não Significativo,1985
4180,6.032085359294334,1,Alto-Alto (Cluster),1985
4181,8.849206669987298,1,Alto-Alto (Cluster),1985
4182,7.0335100413565455,1,Alto-Alto (Cluster),1985
4183,8.075201569606307,1,Alto-Alto (Cluster),1985
4184,2.7805256393399964,0,Não Significativo,1985
4185,0.4427380863766401,0,Não Significativo,1985
4187,1.6102323552465474,0,Não Significativo,1985
4188,9.952924183095332,1,Alto-Alto (Cluster),1985
4189,0.028435408792045,0,Não Significativo,1985
4190,6.02657866355233,1,Alto-Alto (Cluster),1985
4191,5.761803900778667,0,Não Significativo,1985
4192,9.521751999019846,1,Alto-Alto (Cluster),1985
4193,0.3789440618573259,0,Não Significativo,1985
4194,1.3944859405868564,0,Não Significativo,1985
4195,0.5486815905713798,0,Não Significativo,1985
4196,1.1126382811029871,0,Não Significativo,1985
4198,1.4278416267465217,0,Não Significativo,1985
4199,1.5431868353389266,0,Não Significativo,1985
4200,8.875257460605585,1,Alto-Alto (Cluster),1985
4202,7.6077348459173795,0,Não Significativo,1985
4203,4.494766679349874,1,Alto-Alto (Cluster),1985
4204,2.911556609316608,0,Não Significativo,1985
4205,0.0592801958761016,0,Não Significativo,1985
4206,6.4259869854955705,0,Não Significativo,1985
4207,3.733741317004793,0,Não Significativo,1985
4208,3.962405734256127,1,Alto-Alto (Cluster),1985
4209,5.956150529230678,0,Não Significativo,1985
4210,2.048078027131523,0,Não Significativo,1985
4211,4.331975450258036,1,Alto-Alto (Cluster),1985
4212,0.2182229090487793,0,Não Significativo,1985
4213,2.88299390846195,0,Não Significativo,1985
4214,0.6728277282360152,0,Não Significativo,1985
4215,13.938014861081388,1,Alto-Alto (Cluster),1985
4216,2.1326556594033783,0,Não Significativo,1985
4217,7.66890815242695,1,Alto-Alto (Cluster),1985
4218,7.233222802344227,0,Não Significativo,1985
4219,0.7616657130724945,0,Não Significativo,1985
4220,7.390966510581651,4,Alto-Baixo,1985
4221,1.0757999207865223,3,Baixo-Baixo,1985
4222,2.1060800991095108,2,Baixo-Alto,1985
4223,0.3820107728657934,0,Não Significativo,1985
4224,6.2305813285605645,1,Alto-Alto (Cluster),1985
4226,10.915939592072174,1,Alto-Alto (Cluster),1985
4227,0.6689852697644034,0,Não Significativo,1985
4228,7.267140055036157,0,Não Significativo,1985
4231,0.3732346568660749,0,Não Significativo,1985
4233,9.12673374222866,1,Alto-Alto (Cluster),1985
4235,5.923809346425786,1,Alto-Alto (Cluster),1985
4236,0.0098409256025852,0,Não Significativo,1985
5002,5.643482173546986,1,Alto-Alto (Cluster),1985
5004,2.534012379372628,0,Não Significativo,1985
5005,12.326298054041114,1,Alto-Alto (Cluster),1985
5006,12.404453269311343,1,Alto-Alto (Cluster),1985
5007,8.758452105511259,0,Não Significativo,1985
5008,1.7029833253445663,0,Não Significativo,1985
5009,11.549797819288148,1,Alto-Alto (Cluster),1985
5010,11.469064786098263,1,Alto-Alto (Cluster),1985
5012,3.0232436846441177,1,Alto-Alto (Cluster),1985
5014,5.370826984587847,1,Alto-Alto (Cluster),1985
5015,17.812588170044258,1,Alto-Alto (Cluster),1985
5016,7.331619651633189,1,Alto-Alto (Cluster),1985
5018,4.848557528605461,0,Não Significativo,1985
5019,1.3877071894867814,2,Baixo-Alto,1985
5020,11.87414162568124,0,Não Significativo,1985
5022,1.734330994022344,2,Baixo-Alto,1985
5023,5.7319019120308905,0,Não Significativo,1985
5025,5.3565540995536765,0,Não Significativo,1985
5027,0.2047157170667564,0,Não Significativo,1985
5029,4.199455656563581,0,Não Significativo,1985
5030,0.5084728633234008,0,Não Significativo,1985
5033,0.5383264573049218,0,Não Significativo,1985
5035,3.541886006927774,0,Não Significativo,1985
5037,6.627855233369702,0,Não Significativo,1985
5039,8.988162047387187,1,Alto-Alto (Cluster),1985
5041,2.378701865474554,2,Baixo-Alto,1985
5042,9.906578236562858,0,Não Significativo,1985
5044,0.1207248665072324,2,Baixo-Alto,1985
5045,9.868140014128224,0,Não Significativo,1985
5046,7.501304586124238,0,Não Significativo,1985
5047,7.137398538177006,1,Alto-Alto (Cluster),1985
5048,9.62578762804258,1,Alto-Alto (Cluster),1985
5049,7.823046767794431,0,Não Significativo,1985
5050,0.7946105379564957,2,Baixo-Alto,1985
5051,5.679374266025901,0,Não Significativo,1985
5052,2.329119599708442,0,Não Significativo,1985
5053,9.383717952992988,0,Não Significativo,1985
5054,5.521613869747404,0,Não Significativo,1985
5055,2.960442004238467,0,Não Significativo,1985
5056,6.082422603362997,1,Alto-Alto (Cluster),1985
5058,1.142690904212765,2,Baixo-Alto,1985
5060,7.663258831833633,1,Alto-Alto (Cluster),1985
5061,6.500041110607229,1,Alto-Alto (Cluster),1985
5062,10.1690465452537,1,Alto-Alto (Cluster),1985
5063,0.3413733345602408,0,Não Significativo,1985
5064,7.785577998159605,0,Não Significativo,1985
5065,4.363096840307785,0,Não Significativo,1985
5066,2.599412491526459,0,Não Significativo,1985
5067,6.83361445808719,1,Alto-Alto (Cluster),1985
5069,0.8600997214609607,2,Baixo-Alto,1985
5070,2.45357232957008,2,Baixo-Alto,1985
5071,6.775573310229868,1,Alto-Alto (Cluster),1985
5072,8.938075699697608,1,Alto-Alto (Cluster),1985
5073,12.072851334346092,0,Não Significativo,1985
5074,3.7685966107703255,0,Não Significativo,1985
5075,3.317736728887937,1,Alto-Alto (Cluster),1985
5076,13.370288913341328,0,Não Significativo,1985
5077,7.663091028670368,0,Não Significativo,1985
5079,12.461548748353458,0,Não Significativo,1985
5080,7.583674963419223,0,Não Significativo,1985
5081,0.5141419432746909,0,Não Significativo,1985
5082,7.93716635482159,0,Não Significativo,1985
5084,0.098925661032721,0,Não Significativo,1985
5085,5.69315770045859,0,Não Significativo,1985
5086,10.695425373040669,0,Não Significativo,1985
5088,8.759664012541217,1,Alto-Alto (Cluster),1985
5090,10.57081233188442,0,Não Significativo,1985
5092,3.401358898486749,0,Não Significativo,1985
5093,4.693989419472066,1,Alto-Alto (Cluster),1985
5094,12.081262533490792,1,Alto-Alto (Cluster),1985
5095,8.79651685698972,1,Alto-Alto (Cluster),1985
5096,8.920094374509375,0,Não Significativo,1985
5097,7.781834931814336,0,Não Significativo,1985
5099,3.700552505298083,0,Não Significativo,1985
5100,0.8112171933129765,0,Não Significativo,1985
5101,10.479482728619663,1,Alto-Alto (Cluster),1985
5102,10.915075036635525,1,Alto-Alto (Cluster),1985
5103,1.6722161948627323,2,Baixo-Alto,1985
5104,1.227623561484552,0,Não Significativo,1985
5105,5.801511347015706,0,Não Significativo,1985
5106,3.5368112440017083,0,Não Significativo,1985
5107,3.52709586536535,0,Não Significativo,1985
5108,12.927993040690165,0,Não Significativo,1985
5109,4.187235049436094,0,Não Significativo,1985
5110,2.6614890725877487,2,Baixo-Alto,1985
5111,16.06422773638469,0,Não Significativo,1985
5112,7.089889031175567,0,Não Significativo,1985
5113,16.99757394120291,0,Não Significativo,1985
5114,5.156402451056602,1,Alto-Alto (Cluster),1985
5116,6.313738871598626,1,Alto-Alto (Cluster),1985
5117,6.203672498434041,0,Não Significativo,1985
5118,0.664190856538315,2,Baixo-Alto,1985
5119,2.8435315987186054,2,Baixo-Alto,1985
5120,0.4317533351518109,0,Não Significativo,1985
5121,0.6240348777150828,0,Não Significativo,1985
5122,0.0623494025853655,0,Não Significativo,1985
5123,7.441678176060683,0,Não Significativo,1985
5125,0.1718136853661823,0,Não Significativo,1985
5126,6.053156691740901,1,Alto-Alto (Cluster),1985
5127,14.645195257225971,1,Alto-Alto (Cluster),1985
5129,14.499944431941184,1,Alto-Alto (Cluster),1985
5131,5.920884008476934,1,Alto-Alto (Cluster),1985
5133,8.228287335309856,1,Alto-Alto (Cluster),1985
5134,1.3098602008082547,0,Não Significativo,1985
5135,5.725783246019957,1,Alto-Alto (Cluster),1985
5136,3.1607955110454773,0,Não Significativo,1985
5137,7.184566130373485,1,Alto-Alto (Cluster),1985
5138,4.2247974435486455,1,Alto-Alto (Cluster),1985
5139,1.83892486459598,0,Não Significativo,1985
5140,9.991491764304826,1,Alto-Alto (Cluster),1985
5141,14.277274801153956,0,Não Significativo,1985
5143,0.6773892721562593,2,Baixo-Alto,1985
5144,14.09826379076197,0,Não Significativo,1985
5145,7.168579154440475,0,Não Significativo,1985
5146,0.1461812986730772,2,Baixo-Alto,1985
5147,4.685932184034434,1,Alto-Alto (Cluster),1985
6001,0.2359544636746918,0,Não Significativo,1985
6002,6.300710007739008,1,Alto-Alto (Cluster),1985
6003,0.2893987476989088,0,Não Significativo,1985
6004,0.0827452734103919,0,Não Significativo,1985
6005,1.4089060067174843,0,Não Significativo,1985
6006,5.647085904038694,0,Não Significativo,1985
6007,3.542184975950052,0,Não Significativo,1985
6009,11.011621512901923,1,Alto-Alto (Cluster),1985
6010,1.7226709938456597,3,Baixo-Baixo,1985
6011,16.127487390460225,1,Alto-Alto (Cluster),1985
6012,3.133220413893499,0,Não Significativo,1985
6013,1.1484473292304398,0,Não Significativo,1985
6014,0.553374928484575,3,Baixo-Baixo,1985
6015,0.4322514282632415,0,Não Significativo,1985
6017,3.725388428152433,0,Não Significativo,1985
6018,2.7575414252911203,0,Não Significativo,1985
6019,2.408130687646393,0,Não Significativo,1985
6021,0.0424567638709836,3,Baixo-Baixo,1985
6022,0.4638934503275475,0,Não Significativo,1985
6023,3.003830669464058,0,Não Significativo,1985
6024,1.453307892989793,0,Não Significativo,1985
6026,3.606223059528022,0,Não Significativo,1985
6027,11.521929932046334,1,Alto-Alto (Cluster),1985
6028,8.019828727590578,1,Alto-Alto (Cluster),1985
6029,2.738876011134957,0,Não Significativo,1985
6030,4.199576223175408,0,Não Significativo,1985
6031,6.372951503718754,1,Alto-Alto (Cluster),1985
6032,15.97041640648124,1,Alto-Alto (Cluster),1985
6033,6.389670904260113,1,Alto-Alto (Cluster),1985
6034,3.664433536745929,1,Alto-Alto (Cluster),1985
6035,0.1768405622000854,3,Baixo-Baixo,1985
6036,12.58008648290196,1,Alto-Alto (Cluster),1985
6037,14.502942944558583,1,Alto-Alto (Cluster),1985
6039,0.0458325310289212,0,Não Significativo,1985
6041,5.608104049192683,1,Alto-Alto (Cluster),1985
6042,0.6834125693778951,3,Baixo-Baixo,1985
6043,0.2595192666053201,0,Não Significativo,1985
6044,0.0181399632612651,0,Não Significativo,1985
6045,3.602701357321452,4,Alto-Baixo,1985
6046,9.63169910013566,1,Alto-Alto (Cluster),1985
6047,13.990889048332113,1,Alto-Alto (Cluster),1985
6048,1.2476368488205818,0,Não Significativo,1985
6049,0.0644612371890634,0,Não Significativo,1985
6050,0.1471862278070929,0,Não Significativo,1985
6051,0.9012943601821364,0,Não Significativo,1985
6052,8.830540754179745,1,Alto-Alto (Cluster),1985
6053,0.4028827324316462,3,Baixo-Baixo,1985
6054,2.6205363444326277,0,Não Significativo,1985
6055,15.577141219257523,1,Alto-Alto (Cluster),1985
6056,2.417712503645874,0,Não Significativo,1985
6057,7.798237474579377,1,Alto-Alto (Cluster),1985
6059,0.506539506428635,0,Não Significativo,1985
6060,9.871525310874064,1,Alto-Alto (Cluster),1985
6061,0.7793675323170691,0,Não Significativo,1985
6062,0.0242865623828508,3,Baixo-Baixo,1985
6063,0.6816253619764521,0,Não Significativo,1985
6064,0.4969655192392353,0,Não Significativo,1985
6065,3.330497254768275,0,Não Significativo,1985
6066,2.577208655277857,0,Não Significativo,1985
6067,8.787058716143743,1,Alto-Alto (Cluster),1985
6068,2.3446700673568657,0,Não Significativo,1985
6069,0.3259866807277267,3,Baixo-Baixo,1985
6070,0.9803589629734908,0,Não Significativo,1985
6071,6.67855116348894,1,Alto-Alto (Cluster),1985
6072,5.780440708304788,0,Não Significativo,1985
6073,3.085698506579625,0,Não Significativo,1985
6075,2.978089944651215,0,Não Significativo,1985
6077,8.105533258357944,0,Não Significativo,1985
6078,4.794262852779151,0,Não Significativo,1985
6079,0.0395143742091151,0,Não Significativo,1985
6082,5.313745782971586,0,Não Significativo,1985
6083,0.1867568554075668,0,Não Significativo,1985
6085,1.3011166703381216,0,Não Significativo,1985
6086,17.654425661224064,1,Alto-Alto (Cluster),1985
6088,2.0287292922446345,0,Não Significativo,1985
6089,1.3211889936270844,0,Não Significativo,1985
6091,0.8076108121491169,0,Não Significativo,1985
6092,10.281523377957935,1,Alto-Alto (Cluster),1985
6093,0.594731652637192,0,Não Significativo,1985
6094,0.2183932626077557,0,Não Significativo,1985
6095,14.844502049824314,1,Alto-Alto (Cluster),1985
6096,1.7802212497647796,0,Não Significativo,1985
6098,0.2024976616217481,3,Baixo-Baixo,1985
6099,3.4042561377529217,0,Não Significativo,1985
6100,0.2647857382370938,0,Não Significativo,1985
6101,0.0247989371166662,0,Não Significativo,1985
6102,0.3526408857989938,0,Não Significativo,1985
6103,0.4145847205105736,0,Não Significativo,1985
6105,0.2269883201833249,3,Baixo-Baixo,1985
6107,2.678684119116576,0,Não Significativo,1985
6108,11.920096007444844,1,Alto-Alto (Cluster),1985
6109,1.22896577666726,0,Não Significativo,1985
6110,3.307756429316723,0,Não Significativo,1985
6112,10.014133539102538,1,Alto-Alto (Cluster),1985
6113,1.5986386822887722,0,Não Significativo,1985
6114,8.358364684047896,0,Não Significativo,1985
6116,11.05114244844356,0,Não Significativo,1985
6117,3.5969370351497374,0,Não Significativo,1985
6118,1.1591057731212095,0,Não Significativo,1985
6119,0.8057654648632924,0,Não Significativo,1985
6120,2.04743683694771,3,Baixo-Baixo,1985
6121,17.294187389458287,1,Alto-Alto (Cluster),1985
6122,1.4940548432605345,0,Não Significativo,1985
6123,0.6743414014153989,0,Não Significativo,1985
6125,13.156920642014615,1,Alto-Alto (Cluster),1985
6128,1.1517569757123718,0,Não Significativo,1985
6129,0.2129625242835842,0,Não Significativo,1985
6131,4.123036491460038,0,Não Significativo,1985
6132,14.4073640866281,1,Alto-Alto (Cluster),1985
6133,0.9352410387804828,0,Não Significativo,1985
6134,0.3451411711736096,0,Não Significativo,1985
6135,0.4034521205049395,0,Não Significativo,1985
6136,3.9648776842479463,0,Não Significativo,1985
6137,1.235696861309784,0,Não Significativo,1985
6138,0.134342395540133,3,Baixo-Baixo,1985
6139,11.040322391497046,1,Alto-Alto (Cluster),1985
6143,15.31789501885214,1,Alto-Alto (Cluster),1985
6144,8.657945846318741,1,Alto-Alto (Cluster),1985
6146,2.189916003135304,0,Não Significativo,1985
6147,2.3024080877898783,2,Baixo-Alto,1985
6149,0.1111400641190748,0,Não Significativo,1985
6150,13.173522789113436,1,Alto-Alto (Cluster),1985
6152,11.489418759272375,1,Alto-Alto (Cluster),1985
6153,4.114143667654928,0,Não Significativo,1985
6154,0.2314364557332492,2,Baixo-Alto,1985
6155,10.57508342828235,1,Alto-Alto (Cluster),1985
6156,0.0340078004230933,3,Baixo-Baixo,1985
6159,0.1938448747773459,3,Baixo-Baixo,1985
6160,0.3543082185923697,0,Não Significativo,1985
6161,0.3104152781143247,0,Não Significativo,1985
6162,3.892283507715164,0,Não Significativo,1985
6163,2.0601013947020257,0,Não Significativo,1985
6164,1.6012006032539787,2,Baixo-Alto,1985
6166,0.0252151211717471,3,Baixo-Baixo,1985
6167,7.803820695890256,0,Não Significativo,1985
6168,0.583444774557946,0,Não Significativo,1985
6169,0.358307704168395,0,Não Significativo,1985
7002,0.6351365444134971,0,Não Significativo,1985
7003,1.3930121191520108,0,Não Significativo,1985
7004,1.9031412884390144,0,Não Significativo,1985
7006,2.2200574220156386,0,Não Significativo,1985
7007,0.0729101279460919,0,Não Significativo,1985
7009,0.2156437071432696,0,Não Significativo,1985
7011,0.1542491974419888,3,Baixo-Baixo,1985
7013,0.9109052320733744,0,Não Significativo,1985
7014,1.5490684905898957,0,Não Significativo,1985
7018,0.125023880262417,0,Não Significativo,1985
7019,0.01891790545168,3,Baixo-Baixo,1985
7021,0.8179690351457083,0,Não Significativo,1985
7022,0.7999059388328634,0,Não Significativo,1985
7023,3.0106189873611524,0,Não Significativo,1985
7027,0.4489297057817388,3,Baixo-Baixo,1985
7030,3.173341304452531,0,Não Significativo,1985
7032,0.9925322944673668,0,Não Significativo,1985
7033,0.1980474086086189,3,Baixo-Baixo,1985
7034,0.0671866303391095,0,Não Significativo,1985
7035,0.3302290192705582,3,Baixo-Baixo,1985
7036,0.2181548420153892,0,Não Significativo,1985
7039,0.0295825070741815,3,Baixo-Baixo,1985
7040,0.0366705105124963,3,Baixo-Baixo,1985
7041,0.2044504146573526,3,Baixo-Baixo,1985
7042,0.718005246929608,0,Não Significativo,1985
7043,0.351380051496565,0,Não Significativo,1985
7045,1.1636054073336366,3,Baixo-Baixo,1985
7046,0.8040363544236716,3,Baixo-Baixo,1985
7048,0.4668921385189171,0,Não Significativo,1985
7052,0.4486777104374886,0,Não Significativo,1985
7055,0.6927844828870834,0,Não Significativo,1985
7056,3.649860005225507,0,Não Significativo,1985
7057,2.721718292442941,0,Não Significativo,1985
7059,0.4230769814981136,0,Não Significativo,1985
7062,0.0456962806508338,3,Baixo-Baixo,1985
7063,3.4777207672484605,0,Não Significativo,1985
7064,0.6327733859597737,3,Baixo-Baixo,1985
7066,0.5220215132865635,3,Baixo-Baixo,1985
7069,1.937676751631356,0,Não Significativo,1985
7070,0.928002331049984,0,Não Significativo,1985
7071,0.5009661608843645,0,Não Significativo,1985
7072,4.482164529781604,0,Não Significativo,1985
7073,1.068608744845436,3,Baixo-Baixo,1985
7074,0.8277097868327493,0,Não Significativo,1985
7075,3.1158498225482827,0,Não Significativo,1985
7076,1.2738156830986231,0,Não Significativo,1985
7078,0.2068437177140361,3,Baixo-Baixo,1985
7079,0.3338844365682481,0,Não Significativo,1985
7080,2.29689465846088,0,Não Significativo,1985
7083,0.2735788865641845,3,Baixo-Baixo,1985
7088,0.1127787430186082,0,Não Significativo,1985
7091,0.0841565951931339,3,Baixo-Baixo,1985
7092,0.7895291793208081,0,Não Significativo,1985
7094,0.1515137757013368,0,Não Significativo,1985
7096,1.0728391373819717,0,Não Significativo,1985
7097,0.4517357701557476,3,Baixo-Baixo,1985
7099,0.0123637949132929,3,Baixo-Baixo,1985
7101,8.625748285730785,0,Não Significativo,1985
7105,0.3056904318282033,0,Não Significativo,1985
7106,1.529309963924208,0,Não Significativo,1985
7107,1.049113192209458,0,Não Significativo,1985
7109,0.254884993987368,3,Baixo-Baixo,1985
7110,0.5104210352135288,0,Não Significativo,1985
7111,0.0701157316793321,0,Não Significativo,1985
7112,10.431573783287256,0,Não Significativo,1985
7115,3.407158316898492,0,Não Significativo,1985
7116,0.1978513220654421,3,Baixo-Baixo,1985
7117,0.0548708983561423,3,Baixo-Baixo,1985
7122,0.313212907971938,0,Não Significativo,1985
7127,4.110033634020907,0,Não Significativo,1985
7128,0.4991586226963276,0,Não Significativo,1985
7129,0.0898246187980655,3,Baixo-Baixo,1985
7130,0.0183027876246653,0,Não Significativo,1985
7132,0.4473802282524549,0,Não Significativo,1985
7133,0.4077235360632211,0,Não Significativo,1985
7135,0.2191116614979128,3,Baixo-Baixo,1985
7137,0.219071626478454,3,Baixo-Baixo,1985
7140,4.659244864183598,1,Alto-Alto (Cluster),1985
7141,1.3559276355290688,0,Não Significativo,1985
7142,0.0307714560034026,3,Baixo-Baixo,1985
7143,2.9692397516507656,0,Não Significativo,1985
7144,2.0349270395732844,0,Não Significativo,1985
7145,4.067782906587206,0,Não Significativo,1985
7147,0.9636545665621116,0,Não Significativo,1985
7148,0.4239296426117137,0,Não Significativo,1985
7149,3.5399439377519317,4,Alto-Baixo,1985
7150,0.1003161823725384,3,Baixo-Baixo,1985
7152,0.3770374250681066,0,Não Significativo,1985
7153,0.5190385332106403,0,Não Significativo,1985
7154,3.825226556012568,0,Não Significativo,1985
7155,0.1338119065043563,3,Baixo-Baixo,1985
7158,0.7767084938781553,0,Não Significativo,1985
7159,1.816222088489857,0,Não Significativo,1985
7160,2.7355213591525875,0,Não Significativo,1985
7161,2.6777867375021307,0,Não Significativo,1985
7162,0.6725446707146706,0,Não Significativo,1985
7163,0.3770374250681066,0,Não Significativo,1985
8001,0.7219285956867649,0,Não Significativo,1985
8002,0.5261449059665522,0,Não Significativo,1985
8003,9.069004012416803,0,Não Significativo,1985
8007,6.048651442995805,1,Alto-Alto (Cluster),1985
8008,5.0804195411719455,0,Não Significativo,1985
8009,11.327563337438612,0,Não Significativo,1985
8010,0.0202982835328194,0,Não Significativo,1985
8012,1.8095485223734007,0,Não Significativo,1985
8015,0.0203720904563254,0,Não Significativo,1985
8016,7.263753215154122,0,Não Significativo,1985
8017,0.7827693603820233,0,Não Significativo,1985
8019,2.8641179027826023,0,Não Significativo,1985
8020,4.4641108613872085,0,Não Significativo,1985
8021,6.4565374890499685,0,Não Significativo,1985
8024,0.00635402452472,3,Baixo-Baixo,1985
8025,1.8734047058071548,0,Não Significativo,1985
8026,2.954800918102342,0,Não Significativo,1985
8027,8.37071254732837,0,Não Significativo,1985
8028,4.349102944370944,0,Não Significativo,1985
8031,2.3073135620662693,2,Baixo-Alto,1985
8032,1.4695217302623065,0,Não Significativo,1985
8033,5.738702962062258,1,Alto-Alto (Cluster),1985
8034,3.093939776057233,0,Não Significativo,1985
8035,0.8090276732230628,0,Não Significativo,1985
8036,5.332445467634465,0,Não Significativo,1985
8039,8.975025006067334,0,Não Significativo,1985
8041,0.4185268614880755,0,Não Significativo,1985
8042,6.175211226393588,0,Não Significativo,1985
8043,3.016299400544853,0,Não Significativo,1985
8045,5.79621748339892,0,Não Significativo,1985
8047,3.069720064797605,0,Não Significativo,1985
8049,2.984316536530713,0,Não Significativo,1985
8050,3.455270927137116,0,Não Significativo,1985
8051,0.6159982592049831,0,Não Significativo,1985
8054,4.247180346144453,0,Não Significativo,1985
8055,6.012691608799215,0,Não Significativo,1985
8058,3.220858651130464,0,Não Significativo,1985
8059,4.152695145927527,0,Não Significativo,1985
8060,5.449260401950646,0,Não Significativo,1985
8061,2.940806986565505,0,Não Significativo,1985
8062,3.5925164343379867,0,Não Significativo,1985
8063,3.174567611387768,0,Não Significativo,1985
8064,2.5289001513628464,0,Não Significativo,1985
8071,1.18791907549644,0,Não Significativo,1985
8072,2.7797672279825223,0,Não Significativo,1985
8075,1.8807513909279672,0,Não Significativo,1985
8076,2.644806643492454,0,Não Significativo,1985
8080,3.310655994527103,0,Não Significativo,1985
8081,2.803553872515626,0,Não Significativo,1985
8082,4.995745882152413,0,Não Significativo,1985
8083,0.6858697399044528,0,Não Significativo,1985
8084,3.049496985027764,0,Não Significativo,1985
8087,1.9724768378921944,0,Não Significativo,1985
8089,1.1651885439422538,0,Não Significativo,1985
8090,5.657530856929811,0,Não Significativo,1985
8091,5.533169070876816,1,Alto-Alto (Cluster),1985
8092,1.344991263255608,0,Não Significativo,1985
8093,1.028636763655267,0,Não Significativo,1985
9001,2.27596623332684,0,Não Significativo,1985
9002,1.4243038865723203,0,Não Significativo,1985
9004,0.6914527172529292,3,Baixo-Baixo,1985
9005,0.1104439030689553,0,Não Significativo,1985
9009,0.5293505570492623,0,Não Significativo,1985
9010,5.931868950978747,0,Não Significativo,1985
9011,3.074305158247639,0,Não Significativo,1985
9012,0.4016680106253196,3,Baixo-Baixo,1985
9013,5.902665903835467,0,Não Significativo,1985
9014,1.7861884718310304,0,Não Significativo,1985
9015,0.6148610316495278,0,Não Significativo,1985
9017,0.5820286464643588,0,Não Significativo,1985
9018,0.9700477441072648,3,Baixo-Baixo,1985
9019,0.4435187466275878,0,Não Significativo,1985
9020,1.6334863919844402,0,Não Significativo,1985
9021,5.877348096649897,0,Não Significativo,1985
9022,2.0869956687842977,0,Não Significativo,1985
9023,1.086342452199094,0,Não Significativo,1985
9024,2.6362775103706664,0,Não Significativo,1985
9027,0.6300798842380467,0,Não Significativo,1985
9028,0.0689068397538263,3,Baixo-Baixo,1985
9029,3.8927889990798015,0,Não Significativo,1985
9031,0.2595192666053201,0,Não Significativo,1985
9032,0.1675019574904413,0,Não Significativo,1985
9033,0.0098244756777825,0,Não Significativo,1985
9034,0.0492081528575567,3,Baixo-Baixo,1985
9035,2.150634998594761,0,Não Significativo,1985
9036,3.700552505298083,0,Não Significativo,1985
9037,0.534304372422718,3,Baixo-Baixo,1985
9038,0.4211376929106354,0,Não Significativo,1985
9039,0.1513862388531034,0,Não Significativo,1985
9040,2.2939649458863123,0,Não Significativo,1985
9041,1.1435183707358885,0,Não Significativo,1985
9043,6.360239020949037,0,Não Significativo,1985
9044,2.3737885401156174,0,Não Significativo,1985
9045,0.9021662992600294,0,Não Significativo,1985
9046,7.023895792129931,0,Não Significativo,1985
9047,0.662012951254553,3,Baixo-Baixo,1985
9049,5.2374755216114,0,Não Significativo,1985
9051,5.220518193250707,0,Não Significativo,1985
9053,3.2355867112386094,0,Não Significativo,1985
9054,1.9541718908104075,0,Não Significativo,1985
9055,3.004056453489124,0,Não Significativo,1985
9056,1.4722237373730098,3,Baixo-Baixo,1985
9057,0.1087395503859043,3,Baixo-Baixo,1985
9058,0.5729066378615153,3,Baixo-Baixo,1985
9059,5.774236726533233,0,Não Significativo,1985
9060,2.518863469992813,3,Baixo-Baixo,1985
9062,0.3413242528178667,0,Não Significativo,1985
9063,0.2048486266387457,0,Não Significativo,1985
9064,0.5309132155202565,0,Não Significativo,1985
9066,0.5990102976201934,0,Não Significativo,1985
9067,0.2682279668269752,0,Não Significativo,1985
9068,2.4488950402707905,0,Não Significativo,1985
9069,1.597360793653849,0,Não Significativo,1985
9070,0.6446123718906339,0,Não Significativo,1985
9071,0.2018483184708046,0,Não Significativo,1985
9072,0.2530772989945498,0,Não Significativo,1985
10004,0.2664194817542807,0,Não Significativo,1985
10006,0.1605058917960614,0,Não Significativo,1985
10013,0.0458438777744597,0,Não Significativo,1985
10014,1.894355655703048,3,Baixo-Baixo,1985
10024,2.146912400113249,0,Não Significativo,1985
10032,0.1546602148293613,3,Baixo-Baixo,1985
10033,0.2625470823077787,0,Não Significativo,1985
10034,0.4887308719928989,0,Não Significativo,1985
10038,0.0063979669782101,0,Não Significativo,1985
10043,0.60361953425053,0,Não Significativo,1985
10045,1.807433387175258,0,Não Significativo,1985
10047,6.180205168771868,0,Não Significativo,1985
10048,0.2770467116265945,0,Não Significativo,1985
10051,0.5924394760927854,0,Não Significativo,1985
10052,0.6332747117290335,0,Não Significativo,1985
10054,0.3090470697279562,0,Não Significativo,1985
10055,0.0867316993429238,0,Não Significativo,1985
10056,6.454069303235465,0,Não Significativo,1985
10061,0.2710169556321381,0,Não Significativo,1985
10063,3.983964622771679,0,Não Significativo,1985
10070,0.0072575664736724,3,Baixo-Baixo,1985
10072,0.239460557562728,0,Não Significativo,1985
10076,4.313406324595216,1,Alto-Alto (Cluster),1985
10081,0.0219462994800993,3,Baixo-Baixo,1985
10085,2.065317333991399,2,Baixo-Alto,1985
10086,1.198216510300933,0,Não Significativo,1985
10090,0.2913743621615935,3,Baixo-Baixo,1985
10092,0.0691229482817878,0,Não Significativo,1985
10095,0.4444102333758066,3,Baixo-Baixo,1985
10102,0.9353139961904822,0,Não Significativo,1985
10105,0.5414255921687244,0,Não Significativo,1985
10106,5.470021620373427,0,Não Significativo,1985
10107,0.217357145532204,3,Baixo-Baixo,1985
10108,0.5054466894604435,0,Não Significativo,1985
10115,4.299264958823075,0,Não Significativo,1985
10129,2.47332382126219,0,Não Significativo,1985
10132,4.94953834286534,1,Alto-Alto (Cluster),1985
10136,8.474067346624308,0,Não Significativo,1985
10140,0.0398504008946248,3,Baixo-Baixo,1985
10141,0.7098750809452806,0,Não Significativo,1985
10148,1.8265981287577375,0,Não Significativo,1985
10150,3.969863617389342,1,Alto-Alto (Cluster),1985
10157,0.0772289218496991,3,Baixo-Baixo,1985
10159,0.8253168210060775,0,Não Significativo,1985
10170,0.7204211712384905,3,Baixo-Baixo,1985
10190,4.003754255228484,0,Não Significativo,1985
10192,18.045909098751693,1,Alto-Alto (Cluster),1985
10197,0.247237655782365,0,Não Significativo,1985
10198,0.793010894924091,0,Não Significativo,1985
10201,1.3252183279985117,0,Não Significativo,1985
10202,0.4881927235741972,0,Não Significativo,1985
10203,2.0184831847080456,0,Não Significativo,1985
10212,0.0471630482147973,0,Não Significativo,1985
10213,1.404285560689364,0,Não Significativo,1985
10216,0.5598101616038115,0,Não Significativo,1985
10222,0.2899446246170872,0,Não Significativo,1985
10223,3.2850124667668874,0,Não Significativo,1985
10224,1.3765277620408285,0,Não Significativo,1985
10230,12.024587526880447,1,Alto-Alto (Cluster),1985
10234,0.0128826893134833,3,Baixo-Baixo,1985
10236,1.1027601583404962,0,Não Significativo,1985
10251,1.604563223421405,0,Não Significativo,1985
10253,13.59556557928621,1,Alto-Alto (Cluster),1985
10255,1.9110710438075105,0,Não Significativo,1985
10256,0.7522297582762904,0,Não Significativo,1985
10258,1.6990212204512107,0,Não Significativo,1985
10260,3.0018467875145296,0,Não Significativo,1985
10262,0.0078617450344675,3,Baixo-Baixo,1985
10263,6.450726972069236,0,Não Significativo,1985
10267,0.2298026691313743,0,Não Significativo,1985
10277,3.0802286749301966,0,Não Significativo,1985
10278,0.1361393223250345,0,Não Significativo,1985
10279,0.4688089977386429,0,Não Significativo,1985
10285,3.748449358208526,0,Não Significativo,1985
10289,0.1986247894921067,3,Baixo-Baixo,1985
10290,0.3122829118395007,0,Não Significativo,1985
10307,10.118666258261111,1,Alto-Alto (Cluster),1985
10308,1.1488875160181862,0,Não Significativo,1985
10309,0.2964834351425764,0,Não Significativo,1985
10314,0.3225142596612274,0,Não Significativo,1985
10315,3.853998751901573,0,Não Significativo,1985
10323,0.0203901059779697,0,Não Significativo,1985
10329,9.901730203535667,1,Alto-Alto (Cluster),1985
11041,0.775979793856305,0,Não Significativo,1985
11069,0.1842598757824772,0,Não Significativo,1985
11071,0.894849496255781,3,Baixo-Baixo,1985
11078,0.3286281826556425,3,Baixo-Baixo,1985
11088,0.2644534412008865,0,Não Significativo,1985
11093,0.5412875608751853,3,Baixo-Baixo,1985
11102,0.005987410795089,0,Não Significativo,1985
11107,7.255985304506046,0,Não Significativo,1985
11127,1.2035766746136032,0,Não Significativo,1985
11134,10.493084253338017,0,Não Significativo,1985
11136,12.196187130137346,0,Não Significativo,1985
11155,7.226247659815447,1,Alto-Alto (Cluster),1985
11167,16.354174025414828,1,Alto-Alto (Cluster),1985
11171,5.405815609068927,0,Não Significativo,1985
11175,0.1484178812285327,3,Baixo-Baixo,1985
11179,1.5737893763464597,0,Não Significativo,1985
11187,0.1086382194167642,0,Não Significativo,1985
11197,0.0156050559999081,0,Não Significativo,1985
11203,0.9775613629976184,3,Baixo-Baixo,1985
11208,0.0356405671616823,3,Baixo-Baixo,1985
11223,0.0227596623332683,3,Baixo-Baixo,1985
11241,0.1461456620814943,0,Não Significativo,1985
11256,0.5010359430491346,0,Não Significativo,1985
11261,13.670451508505598,1,Alto-Alto (Cluster),1985
11282,0.4806903254304727,0,Não Significativo,1985
11283,0.661140894246804,0,Não Significativo,1985
11284,10.006366092279835,1,Alto-Alto (Cluster),1985
11291,0.6326398331134334,0,Não Significativo,1985
11292,0.0459651104063094,0,Não Significativo,1985
11295,11.10863211368252,1,Alto-Alto (Cluster),1985
11296,0.1869624215665184,0,Não Significativo,1985
11315,0.8662642417465602,0,Não Significativo,1985
11320,4.870676808179664,1,Alto-Alto (Cluster),1985
11331,0.2223831979442788,2,Baixo-Alto,1985
11339,5.9414222582585685,0,Não Significativo,1985
11346,2.646752785246312,0,Não Significativo,1985
11356,0.8048501059751899,0,Não Significativo,1985
11365,2.114437712070289,0,Não Significativo,1985
11376,1.1265952658835603,0,Não Significativo,1985
11404,0.0319727736457754,3,Baixo-Baixo,1985
11408,0.3191829974753964,0,Não Significativo,1985
11413,0.0310038015028076,0,Não Significativo,1985
11436,0.0592637138939303,0,Não Significativo,1985
11443,0.9237482273713002,0,Não Significativo,1985
11444,0.0911965294295803,0,Não Significativo,1985
11448,0.6706449332792142,0,Não Significativo,1985
11450,0.4212433789407776,0,Não Significativo,1985
11462,0.0156239120630255,0,Não Significativo,1985
11467,17.586837190322676,1,Alto-Alto (Cluster),1985
11491,1.083069100078987,3,Baixo-Baixo,1985
11500,0.0189282588809647,3,Baixo-Baixo,1985
11510,0.0072236354483466,3,Baixo-Baixo,1985
11516,0.0053055924831695,3,Baixo-Baixo,1985
11525,0.1391011859474568,3,Baixo-Baixo,1985
11538,0.0092978706163268,0,Não Significativo,1985
11539,0.2679641989354057,3,Baixo-Baixo,1985
11560,12.59643439776201,1,Alto-Alto (Cluster),1985
11588,0.002220660489918,3,Baixo-Baixo,1985
11608,0.2022313323578459,0,Não Significativo,1985
11622,1.3138056231827515,2,Baixo-Alto,1985
11674,0.0172820465406804,3,Baixo-Baixo,1985
11700,0.0460543524512783,3,Baixo-Baixo,1985
13001,1.6315969404866015,0,Não Significativo,1985
13003,7.470739682949586,0,Não Significativo,1985
13004,0.8503397246216873,0,Não Significativo,1985
13009,0.1327119801432691,0,Não Significativo,1985
13010,7.338795409247429,0,Não Significativo,1985
13011,0.4757853221097536,3,Baixo-Baixo,1985
13012,0.1262059015988437,0,Não Significativo,1985
13013,1.258770615975411,0,Não Significativo,1985
13015,9.83882041306757,0,Não Significativo,1985
13016,5.577165372204759,1,Alto-Alto (Cluster),1985
13017,0.4304027221546694,3,Baixo-Baixo,1985
13018,0.0790622493713537,0,Não Significativo,1985
13019,1.3563110992268994,0,Não Significativo,1985
13021,5.0504591900445615,0,Não Significativo,1985
13022,0.2367652076849484,0,Não Significativo,1985
13024,1.8851871253405328,0,Não Significativo,1985
13026,1.2501866571952986,3,Baixo-Baixo,1985
13027,5.0745831561860175,1,Alto-Alto (Cluster),1985
13029,3.618500343318082,0,Não Significativo,1985
13032,2.184673742304282,0,Não Significativo,1985
13034,0.3054567949955618,0,Não Significativo,1985
13035,0.3365555120607941,0,Não Significativo,1985
13038,1.8055825126748075,0,Não Significativo,1985
13039,0.1430762543814533,0,Não Significativo,1985
13040,3.2278049778167657,0,Não Significativo,1985
13044,6.1147440418022185,0,Não Significativo,1985
13046,5.06481149342641,1,Alto-Alto (Cluster),1985
13047,0.3287080699538898,3,Baixo-Baixo,1985
13049,5.69315770045859,1,Alto-Alto (Cluster),1985
13051,0.6664065507466258,0,Não Significativo,1985
13052,0.0154587288772122,0,Não Significativo,1985
13056,0.0952818382577644,3,Baixo-Baixo,1985
13057,3.104406057316643,0,Não Significativo,1985
13058,0.8174113796813328,0,Não Significativo,1985
13061,0.0962015382659813,3,Baixo-Baixo,1985
13062,0.2106015886740132,0,Não Significativo,1985
13068,0.6892585378245604,0,Não Significativo,1985
13069,5.604720299286418,0,Não Significativo,1985
13071,1.0530369845605778,0,Não Significativo,1985
13072,2.88786799819432,0,Não Significativo,1985
13074,2.330560726740921,0,Não Significativo,1985
13075,0.4331571574120589,0,Não Significativo,1985
13076,0.085106403443823,0,Não Significativo,1985
13077,0.3199744637551078,3,Baixo-Baixo,1985
13079,0.035040789431561,3,Baixo-Baixo,1985
13080,0.8321620014690304,0,Não Significativo,1985
13081,1.1055304039836238,0,Não Significativo,1985
13086,1.0591687382655293,0,Não Significativo,1985
13087,2.10394652478405,0,Não Significativo,1985
13089,0.2687811629565502,0,Não Significativo,1985
13091,5.511395373540481,0,Não Significativo,1985
13092,0.5311661216607925,0,Não Significativo,1985
13099,7.135438583792208,0,Não Significativo,1985
13101,4.980921710395284,1,Alto-Alto (Cluster),1985
13104,0.1412724180177423,3,Baixo-Baixo,1985
13106,4.430061150612644,0,Não Significativo,1985
13109,0.93979377981085,3,Baixo-Baixo,1985
13112,0.7518057785628113,0,Não Significativo,1985
13114,2.45268081192907,0,Não Significativo,1985
13117,0.0444313141269808,3,Baixo-Baixo,1985
13120,7.475648514300014,1,Alto-Alto (Cluster),1985
13121,1.6153870148588283,0,Não Significativo,1985
13123,6.067545937572247,0,Não Significativo,1985
13127,0.2653782673122132,0,Não Significativo,1985
13128,0.3083199001521258,0,Não Significativo,1985
13129,0.8637821705586486,0,Não Significativo,1985
13131,0.2651044395010125,0,Não Significativo,1985
13132,0.8072120814967991,0,Não Significativo,1985
13133,0.1508290815895307,3,Baixo-Baixo,1985
13134,6.330791362909952,0,Não Significativo,1985
13135,1.7376507416182303,0,Não Significativo,1985
13136,0.3367918572237581,0,Não Significativo,1985
13137,1.1418847730634087,0,Não Significativo,1985
13138,0.4354844272271017,0,Não Significativo,1985
13139,1.110885770144148,0,Não Significativo,1985
13140,3.900387155876965,0,Não Significativo,1985
13142,0.3667275376878262,0,Não Significativo,1985
13144,0.0988791584581986,3,Baixo-Baixo,1985
13148,1.0992411940436824,0,Não Significativo,1985
13150,9.352410387804827,0,Não Significativo,1985
13154,11.329827656192574,1,Alto-Alto (Cluster),1985
13155,8.90624884900067,0,Não Significativo,1985
13156,7.561946410437213,1,Alto-Alto (Cluster),1985
13158,1.752893291983303,3,Baixo-Baixo,1985
13159,0.9086351377122264,3,Baixo-Baixo,1985
13164,7.468582099146254,1,Alto-Alto (Cluster),1985
13165,0.0735750498107866,0,Não Significativo,1985
13166,2.5638544904631253,0,Não Significativo,1985
13167,2.16764567090003,2,Baixo-Alto,1985
13168,8.013226477637955,0,Não Significativo,1985
13169,5.880072010285216,0,Não Significativo,1985
13170,0.1490155371260973,3,Baixo-Baixo,1985
13171,4.487196900136897,1,Alto-Alto (Cluster),1985
13173,0.1401446864630214,0,Não Significativo,1985
13175,4.094034732351906,0,Não Significativo,1985
13176,9.093133952163384,0,Não Significativo,1985
13177,1.5447575393173818,0,Não Significativo,1985
13178,0.0542710114710691,0,Não Significativo,1985
13182,2.352076423070791,0,Não Significativo,1985
13184,8.241569477901155,1,Alto-Alto (Cluster),1985
13185,6.28132340589155,1,Alto-Alto (Cluster),1985
13186,0.1882649861376414,3,Baixo-Baixo,1985
13187,0.5180293850579301,0,Não Significativo,1985
13188,0.0434994618003894,0,Não Significativo,1985
13189,0.5816253002090128,3,Baixo-Baixo,1985
13190,0.6065690330005965,3,Baixo-Baixo,1985
13191,0.0310342965190396,3,Baixo-Baixo,1985
13193,3.3299477584385,0,Não Significativo,1985
13194,10.00550999196432,0,Não Significativo,1985
13195,0.3482974121881766,3,Baixo-Baixo,1985
13196,6.224596189714196,1,Alto-Alto (Cluster),1985
13198,2.130382039297404,0,Não Significativo,1985
13205,0.3374608204874854,3,Baixo-Baixo,1985
13206,8.169658024779089,0,Não Significativo,1985
13208,2.8599499362046843,0,Não Significativo,1985
13209,3.8288563330365206,0,Não Significativo,1985
13210,1.3521249538589153,0,Não Significativo,1985
13211,0.0651425917656938,0,Não Significativo,1985
13212,0.1295114742079461,0,Não Significativo,1985
13213,1.1789370813339028,0,Não Significativo,1985
13214,0.8257431210169278,0,Não Significativo,1985
13215,5.545987023244293,0,Não Significativo,1985
13217,0.4882830428493501,0,Não Significativo,1985
13218,3.254940797697231,0,Não Significativo,1985
13220,0.1406185914647209,3,Baixo-Baixo,1985
13223,5.633770377392064,0,Não Significativo,1985
13225,6.06938294012074,0,Não Significativo,1985
13226,8.143431411359556,1,Alto-Alto (Cluster),1985
13227,1.7324260338007866,0,Não Significativo,1985
13228,0.4335440337640766,0,Não Significativo,1985
13230,0.0330141337503581,0,Não Significativo,1985
13231,0.0362185540030382,3,Baixo-Baixo,1985
13233,0.5159561974854029,0,Não Significativo,1985
13236,4.6787598989954695,0,Não Significativo,1985
13237,0.3083582260432873,3,Baixo-Baixo,1985
13238,1.340240343971137,3,Baixo-Baixo,1985
13240,2.4095237373725467,0,Não Significativo,1985
13243,0.8365371798627999,0,Não Significativo,1985
13245,0.2081560784230172,0,Não Significativo,1985
13248,0.1140539082070104,3,Baixo-Baixo,1985
13249,0.2821127086391951,3,Baixo-Baixo,1985
13250,2.8960845693637176,0,Não Significativo,1985
13257,0.8662574140481031,0,Não Significativo,1985
13260,4.670012509607304,4,Alto-Baixo,1985
13261,1.9105851265945777,0,Não Significativo,1985
13262,1.3783937184164003,3,Baixo-Baixo,1985
13265,6.375377593354279,1,Alto-Alto (Cluster),1985
13268,0.9706131498256096,3,Baixo-Baixo,1985
13270,0.0418554412627969,0,Não Significativo,1985
13271,0.4615007743327864,0,Não Significativo,1985
13273,3.0047221196864786,0,Não Significativo,1985
13274,0.8146819143871145,0,Não Significativo,1985
13276,0.7578707034019658,3,Baixo-Baixo,1985
13278,4.397189657364258,1,Alto-Alto (Cluster),1985
13282,5.491037461147958,4,Alto-Baixo,1985
13283,2.8610284890629467,0,Não Significativo,1985
13285,6.706947988962216,0,Não Significativo,1985
13286,0.3867674231343804,0,Não Significativo,1985
13288,0.3231120857268105,0,Não Significativo,1985
13289,5.702182998017974,0,Não Significativo,1985
13291,2.119760637383012,0,Não Significativo,1985
13292,0.3132645932702833,0,Não Significativo,1985
13293,0.843783038659853,3,Baixo-Baixo,1985
13294,3.5715009793940524,4,Alto-Baixo,1985
13295,0.022982154719505,3,Baixo-Baixo,1985
13296,0.2097730792421756,3,Baixo-Baixo,1985
13298,2.5095391872981505,0,Não Significativo,1985
13299,12.798665795437438,1,Alto-Alto (Cluster),1985
13300,4.837752069345299,1,Alto-Alto (Cluster),1985
13302,1.2674196741190054,0,Não Significativo,1985
13303,4.3825145932475,1,Alto-Alto (Cluster),1985
13304,0.6301394906852186,0,Não Significativo,1985
13305,6.63519098902368,0,Não Significativo,1985
13306,0.0428758050249098,3,Baixo-Baixo,1985
13307,1.1754696193299794,0,Não Significativo,1985
13308,6.786293700847954,0,Não Significativo,1985
13312,8.834065579573648,1,Alto-Alto (Cluster),1985
13313,8.77865172355106,1,Alto-Alto (Cluster),1985
13314,3.6711830409703214,0,Não Significativo,1985
13315,0.1510592707346302,3,Baixo-Baixo,1985
13317,9.360273331921409,1,Alto-Alto (Cluster),1985
13318,1.9325902832311077,0,Não Significativo,1985
13319,5.359742589176759,1,Alto-Alto (Cluster),1985
13322,0.5731553415182613,0,Não Significativo,1985
13324,3.58073061704343,0,Não Significativo,1985
13325,6.160299089125926,0,Não Significativo,1985
13326,0.0197655623428384,3,Baixo-Baixo,1985
13327,0.9650872726885344,0,Não Significativo,1985
13330,0.5830799695717698,0,Não Significativo,1985
13331,0.1159273881282648,0,Não Significativo,1985
13332,0.1676424792668595,3,Baixo-Baixo,1985
13333,7.857547331199987,1,Alto-Alto (Cluster),1985
13336,0.0126609469130252,3,Baixo-Baixo,1985
13338,1.6104919026925897,0,Não Significativo,1985
13339,8.551918771159622,0,Não Significativo,1985
13342,0.1971781294078529,0,Não Significativo,1985
13343,6.2642581594387625,0,Não Significativo,1985
13345,1.5286229968377576,0,Não Significativo,1985
13346,2.235312433065355,0,Não Significativo,1985
13348,0.1848564618742798,0,Não Significativo,1985
13349,6.599884468164656,1,Alto-Alto (Cluster),1985
13350,5.224309419244354,0,Não Significativo,1985
13351,0.0503942086296477,3,Baixo-Baixo,1985
13352,6.644885695728724,0,Não Significativo,1985
13353,0.6111816770718377,0,Não Significativo,1985
13355,0.0459848764401654,0,Não Significativo,1985
13356,0.2063292052515193,3,Baixo-Baixo,1985
13357,3.7615027818559343,0,Não Significativo,1985
13358,0.1718473572762762,3,Baixo-Baixo,1985
13360,0.0222362576356932,0,Não Significativo,1985
13361,2.9163723772051444,0,Não Significativo,1985
13362,0.0416770411349254,3,Baixo-Baixo,1985
13364,0.3597591142630215,3,Baixo-Baixo,1985
13365,1.264745792949978,0,Não Significativo,1985
13366,0.2816668616282755,0,Não Significativo,1985
13367,9.890567605069425,1,Alto-Alto (Cluster),1985
13368,3.1508961729122755,0,Não Significativo,1985
13369,4.149635253885217,0,Não Significativo,1985
13371,6.604545403523529,0,Não Significativo,1985
13372,0.4723272121635561,0,Não Significativo,1985
13373,7.307134657490578,1,Alto-Alto (Cluster),1985
13374,0.8369719178207489,0,Não Significativo,1985
13376,0.1071588563310255,3,Baixo-Baixo,1985
13377,1.911954488174983,0,Não Significativo,1985
13378,0.5950858704172023,0,Não Significativo,1985
13381,4.12701022895697,1,Alto-Alto (Cluster),1985
13383,5.709423865317043,0,Não Significativo,1985
13384,2.6679550772509546,0,Não Significativo,1985
13385,6.587992431244383,0,Não Significativo,1985
13386,0.1575464113394962,0,Não Significativo,1985
13388,9.54221258827361,1,Alto-Alto (Cluster),1985
13389,0.0556422411229153,0,Não Significativo,1985
13392,0.1075510415963921,0,Não Significativo,1985
13393,0.9596950467315202,0,Não Significativo,1985
13395,3.5604743460635446,4,Alto-Baixo,1985
13399,0.0168405389588822,0,Não Significativo,1985
13401,7.598092596429525,1,Alto-Alto (Cluster),1985
13404,0.1438147718439371,0,Não Significativo,1985
13405,1.301540394829113,0,Não Significativo,1985
13409,6.714221634612756,1,Alto-Alto (Cluster),1985
13410,6.3173679785804335,0,Não Significativo,1985
13412,0.1418641454537104,3,Baixo-Baixo,1985
13413,4.258221856590874,0,Não Significativo,1985
13414,0.2307503871663932,3,Baixo-Baixo,1985
13416,0.7306392515030952,0,Não Significativo,1985
13420,3.752672963119183,1,Alto-Alto (Cluster),1985
13421,14.43546869827921,1,Alto-Alto (Cluster),1985
13423,0.1844299356586031,0,Não Significativo,1985
13424,6.5060876604775615,0,Não Significativo,1985
13426,0.0311342251809031,0,Não Significativo,1985
13428,0.01158337899141,3,Baixo-Baixo,1985
13430,7.283801844716633,0,Não Significativo,1985
13431,4.9356949272047554,1,Alto-Alto (Cluster),1985
13432,7.031760038858163,1,Alto-Alto (Cluster),1985
13433,0.2421276781358239,0,Não Significativo,1985
13434,0.7669975484307009,3,Baixo-Baixo,1985
13435,0.9084025692544456,0,Não Significativo,1985
13436,0.0196925188752004,0,Não Significativo,1985
13440,6.161685511214034,0,Não Significativo,1985
13442,2.813151780912635,2,Baixo-Alto,1985
13446,2.1108948237441414,0,Não Significativo,1985
13448,0.2954605745974813,0,Não Significativo,1985
13449,0.232201449067918,0,Não Significativo,1985
13450,8.97722305430919,1,Alto-Alto (Cluster),1985
13452,0.0603472423855737,3,Baixo-Baixo,1985
13455,0.3690502118265769,0,Não Significativo,1985
13456,0.7110885849561068,0,Não Significativo,1985
13457,0.0272917010770413,3,Baixo-Baixo,1985
13459,12.067876376069773,0,Não Significativo,1985
13461,2.73739500391913,0,Não Significativo,1985
13462,1.897118689424967,0,Não Significativo,1985
13463,4.904711464813079,4,Alto-Baixo,1985
13464,7.0673681798796295,0,Não Significativo,1985
13465,0.0660201649550999,0,Não Significativo,1985
13466,0.3067226942227114,3,Baixo-Baixo,1985
13468,4.212264656115019,0,Não Significativo,1985
13471,1.1399897252085167,0,Não Significativo,1985
13472,5.7845478635449,1,Alto-Alto (Cluster),1985
13474,7.734055790818842,0,Não Significativo,1985
13475,1.0338572409480231,0,Não Significativo,1985
13477,7.181665239392507,0,Não Significativo,1985
13478,5.7829769360240775,0,Não Significativo,1985
13479,6.2642581594387625,0,Não Significativo,1985
13481,1.7152775561038327,0,Não Significativo,1985
13485,0.0521748917196074,0,Não Significativo,1985
13486,4.44384856088163,1,Alto-Alto (Cluster),1985
13487,1.6554722166558549,0,Não Significativo,1985
13489,3.5258903447039525,0,Não Significativo,1985
13490,0.699793197499949,0,Não Significativo,1985
13494,3.665823507095767,0,Não Significativo,1985
13497,7.231604179059786,0,Não Significativo,1985
13498,1.0150516523167787,0,Não Significativo,1985
13502,0.5701573162167759,0,Não Significativo,1985
13503,7.848775934253594,0,Não Significativo,1985
13504,12.175318784355978,0,Não Significativo,1985
13505,7.31021085446917,1,Alto-Alto (Cluster),1985
13506,0.0644439135563869,0,Não Significativo,1985
13507,0.3793565101490176,0,Não Significativo,1985
13515,0.8688253708091153,3,Baixo-Baixo,1985
13520,0.5384303895208712,0,Não Significativo,1985
13522,1.7259774640833672,0,Não Significativo,1985
13524,0.0679363208840541,3,Baixo-Baixo,1985
13526,0.0041710871863509,3,Baixo-Baixo,1985
13528,0.4728301337736681,3,Baixo-Baixo,1985
13532,2.6759937768476263,0,Não Significativo,1985
13536,7.156558879746925,0,Não Significativo,1985
13537,2.5982602696773776,0,Não Significativo,1985
13538,0.1153751935831966,0,Não Significativo,1985
13539,1.0102620590803666,0,Não Significativo,1985
13540,3.8078943840247055,0,Não Significativo,1985
13541,0.4883029289389016,0,Não Significativo,1985
13545,2.3072907270240224,0,Não Significativo,1985
13546,7.002525976748782,1,Alto-Alto (Cluster),1985
13548,1.182891684803255,0,Não Significativo,1985
13549,3.0383825097907904,0,Não Significativo,1985
13550,0.0572578324601995,0,Não Significativo,1985
13551,0.0440833521478262,3,Baixo-Baixo,1985
13553,8.097679599828748,1,Alto-Alto (Cluster),1985
13554,11.819588049256495,1,Alto-Alto (Cluster),1985
13556,2.0743581517587875,0,Não Significativo,1985
13558,0.3316677764084589,0,Não Significativo,1985
13561,6.017460535591363,1,Alto-Alto (Cluster),1985
13563,0.5514829178586905,0,Não Significativo,1985
13564,5.538120510399108,0,Não Significativo,1985
13566,0.0333049725476827,3,Baixo-Baixo,1985
13568,0.5065038421671108,0,Não Significativo,1985
14001,7.783411928049758,0,Não Significativo,1985
14005,1.8999370295597968,0,Não Significativo,1985
14006,3.334614062252537,0,Não Significativo,1985
14007,3.266718465676496,0,Não Significativo,1985
14008,10.552677755724645,0,Não Significativo,1985
14009,0.671414818264919,0,Não Significativo,1985
14010,4.41391202439169,0,Não Significativo,1985
14012,1.3509470447843732,0,Não Significativo,1985
14013,6.469940958868778,0,Não Significativo,1985
14014,5.057410803351169,0,Não Significativo,1985
14017,0.4137073328981571,3,Baixo-Baixo,1985
14018,0.2321712969514308,0,Não Significativo,1985
14019,0.0768015047796212,3,Baixo-Baixo,1985
14020,2.301490080361898,0,Não Significativo,1985
14021,2.2645280900572624,0,Não Significativo,1985
14023,11.143304208390257,1,Alto-Alto (Cluster),1985
14024,0.6705481413105215,0,Não Significativo,1985
14025,4.364699642103595,0,Não Significativo,1985
14026,5.299248283864662,0,Não Significativo,1985
14028,6.571984474201749,1,Alto-Alto (Cluster),1985
14029,1.848469620817996,0,Não Significativo,1985
14031,3.672714531245576,0,Não Significativo,1985
14033,1.6465444600528356,3,Baixo-Baixo,1985
14035,1.3359038084694654,0,Não Significativo,1985
14037,0.9040937627622816,0,Não Significativo,1985
14038,0.8168368803644467,0,Não Significativo,1985
14040,2.9639548396039235,0,Não Significativo,1985
14042,5.957204285316184,0,Não Significativo,1985
14043,8.178189702648602,1,Alto-Alto (Cluster),1985
14044,0.0850005578558383,3,Baixo-Baixo,1985
14045,8.044370933190253,0,Não Significativo,1985
14046,1.6042535697830127,0,Não Significativo,1985
14047,2.5654841376197264,0,Não Significativo,1985
14048,0.1804442685926924,0,Não Significativo,1985
14049,1.869450099826752,0,Não Significativo,1985
14050,1.5606524028045103,0,Não Significativo,1985
14051,0.0026725699287523,0,Não Significativo,1985
14053,0.3692972792621868,3,Baixo-Baixo,1985
14056,0.4916213196299126,0,Não Significativo,1985
14057,0.8386227961926132,3,Baixo-Baixo,1985
14060,0.1973238227373324,3,Baixo-Baixo,1985
14061,0.8209322483369665,3,Baixo-Baixo,1985
14062,6.0031033836176375,0,Não Significativo,1985
14064,2.0317626793442827,0,Não Significativo,1985
14066,0.8689009274114988,0,Não Significativo,1985
14067,4.012724401882607,0,Não Significativo,1985
14070,5.379380660861199,1,Alto-Alto (Cluster),1985
14071,4.221162553571959,0,Não Significativo,1985
14072,0.1872568737620717,3,Baixo-Baixo,1985
14074,2.37433340604303,2,Baixo-Alto,1985
14077,7.804657374476124,0,Não Significativo,1985
14078,6.335184995483133,1,Alto-Alto (Cluster),1985
14080,0.2679798947189271,0,Não Significativo,1985
14082,0.4647876839217212,3,Baixo-Baixo,1985
14083,0.3302972484067711,0,Não Significativo,1985
14084,1.6847480258312586,0,Não Significativo,1985
14085,6.3571496381666845,1,Alto-Alto (Cluster),1985
14086,0.6568068503304612,3,Baixo-Baixo,1985
14088,1.7903091834711988,0,Não Significativo,1985
14089,3.233492480357549,0,Não Significativo,1985
14090,0.1584917822284424,0,Não Significativo,1985
14091,0.0092705518488585,0,Não Significativo,1985
14093,1.0823552351311931,0,Não Significativo,1985
14095,0.7732773553699903,0,Não Significativo,1985
14097,0.5964422282919254,0,Não Significativo,1985
14098,0.6073323954251102,0,Não Significativo,1985
14099,10.29520016929915,0,Não Significativo,1985
14100,5.437440854415563,0,Não Significativo,1985
14101,0.4332689629867355,0,Não Significativo,1985
14104,6.537282251746534,0,Não Significativo,1985
14105,5.693389421639772,0,Não Significativo,1985
14106,1.0558421801946276,0,Não Significativo,1985
14107,2.59540009063587,0,Não Significativo,1985
14108,0.0290028788513928,0,Não Significativo,1985
14110,1.9505108373459883,3,Baixo-Baixo,1985
14111,4.565675551212324,0,Não Significativo,1985
14112,5.064478084730904,1,Alto-Alto (Cluster),1985
14116,0.144259464212637,0,Não Significativo,1985
14117,2.799297272368773,0,Não Significativo,1985
14118,5.158789092992675,0,Não Significativo,1985
14119,0.2250335982951537,3,Baixo-Baixo,1985
14121,5.698569447322144,1,Alto-Alto (Cluster),1985
14122,5.148212165515765,0,Não Significativo,1985
14125,7.893732383412859,0,Não Significativo,1985
14126,13.201971099982352,1,Alto-Alto (Cluster),1985
14127,0.4807415384465959,0,Não Significativo,1985
14128,8.057654648632923,0,Não Significativo,1985
14129,1.34341761744952,0,Não Significativo,1985
14132,0.4921917125273313,3,Baixo-Baixo,1985
14134,2.9246038332226867,2,Baixo-Alto,1985
14135,0.3529003713661748,0,Não Significativo,1985
14136,0.0225949610228512,3,Baixo-Baixo,1985
14137,0.919741280952866,0,Não Significativo,1985
14138,4.115535687078499,0,Não Significativo,1985
14140,2.9204214144844216,0,Não Significativo,1985
14141,5.229974003599327,0,Não Significativo,1985
14142,0.6434697797986564,3,Baixo-Baixo,1985
14143,1.628936908792309,0,Não Significativo,1985
14144,2.3986253101735824,0,Não Significativo,1985
14145,10.66707305797668,1,Alto-Alto (Cluster),1985
14146,5.393153910966777,0,Não Significativo,1985
14147,0.2153048730355248,0,Não Significativo,1985
14148,0.4284758485163709,0,Não Significativo,1985
14149,0.8631825161615376,0,Não Significativo,1985
14150,0.5824972295338867,0,Não Significativo,1985
14151,3.393949351336745,0,Não Significativo,1985
14153,0.003032779409411,0,Não Significativo,1985
14154,2.7187732691985924,0,Não Significativo,1985
14155,4.414386893894045,0,Não Significativo,1985
14156,7.251786942243828,1,Alto-Alto (Cluster),1985
14157,1.422525085400145,0,Não Significativo,1985
14158,5.199839585898946,1,Alto-Alto (Cluster),1985
14160,1.8984919204705155,0,Não Significativo,1985
14161,1.264364730644178,0,Não Significativo,1985
14162,0.5407352421981922,0,Não Significativo,1985
14163,0.6406779000531504,0,Não Significativo,1985
14164,0.2937759175225397,0,Não Significativo,1985
14165,0.5160228154579639,0,Não Significativo,1985
14166,8.497872624534256,1,Alto-Alto (Cluster),1985
14167,0.5861154176909773,0,Não Significativo,1985
14169,0.0534443511248472,0,Não Significativo,1985
14171,3.603320059254703,0,Não Significativo,1985
14173,0.2285153696365758,0,Não Significativo,1985
14174,5.041433876659641,0,Não Significativo,1985
14175,0.4164583852116283,0,Não Significativo,1985
14176,4.422481692732024,1,Alto-Alto (Cluster),1985
14178,5.743974085379476,0,Não Significativo,1985
14179,10.097515678933627,1,Alto-Alto (Cluster),1985
14180,3.020859187998436,0,Não Significativo,1985
14181,9.68011474016292,0,Não Significativo,1985
14182,2.114533625486174,0,Não Significativo,1985
14183,2.8780446517998994,0,Não Significativo,1985
14184,0.8004933981283076,0,Não Significativo,1985
14185,2.8614447438204524,0,Não Significativo,1985
14186,0.6172350124667074,0,Não Significativo,1985
14187,5.2380035461624255,0,Não Significativo,1985
14188,12.914744088806083,1,Alto-Alto (Cluster),1985
14189,0.4967884330863487,3,Baixo-Baixo,1985
14191,1.3848541335172666,3,Baixo-Baixo,1985
14192,0.5632117045197397,0,Não Significativo,1985
14193,0.4771605970134264,0,Não Significativo,1985
14195,6.221190876723721,0,Não Significativo,1985
14196,9.066689441292946,1,Alto-Alto (Cluster),1985
14198,12.099320810821649,1,Alto-Alto (Cluster),1985
14199,1.788631046817373,0,Não Significativo,1985
14202,1.1041237411172005,0,Não Significativo,1985
14205,0.2530656445023097,3,Baixo-Baixo,1985
14208,0.3737931823533418,0,Não Significativo,1985
14209,5.742236646152199,0,Não Significativo,1985
14210,0.0094488148324289,0,Não Significativo,1985
14212,0.7390156630402978,0,Não Significativo,1985
14214,1.5024799645571163,0,Não Significativo,1985
14216,0.3825714778929736,0,Não Significativo,1985
14217,1.107347379768995,0,Não Significativo,1985
14219,0.1591001873296947,0,Não Significativo,1985
14221,7.177561430684283,0,Não Significativo,1985
14222,1.8128043705157584,0,Não Significativo,1985
14224,1.5177540656223738,0,Não Significativo,1985
14228,0.0721889147234312,3,Baixo-Baixo,1985
14230,4.955113947780612,0,Não Significativo,1985
14232,0.4700298545035872,0,Não Significativo,1985
14234,3.420572326020139,0,Não Significativo,1985
14235,5.305592483169512,0,Não Significativo,1985
14236,0.5839242744183261,0,Não Significativo,1985
14237,0.0401118282508587,3,Baixo-Baixo,1985
14238,11.428643710957765,0,Não Significativo,1985
14239,6.890683975382639,0,Não Significativo,1985
14240,7.094550365186858,1,Alto-Alto (Cluster),1985
14241,1.3634943435058735,3,Baixo-Baixo,1985
14242,10.095815187913262,1,Alto-Alto (Cluster),1985
14243,6.501414339387937,0,Não Significativo,1985
14245,3.572587034049244,0,Não Significativo,1985
14246,0.0930017849609509,3,Baixo-Baixo,1985
14247,2.710377420774182,0,Não Significativo,1985
14248,7.689048813915641,0,Não Significativo,1985
14249,2.833460975343446,2,Baixo-Alto,1985
14250,11.634247513163514,1,Alto-Alto (Cluster),1985
14251,2.392762310986445,0,Não Significativo,1985
14252,7.342758511982435,0,Não Significativo,1985
14254,9.918561167485082,0,Não Significativo,1985
14257,0.100291568199174,0,Não Significativo,1985
14258,0.0694142820918773,3,Baixo-Baixo,1985
14261,0.8997684963321315,0,Não Significativo,1985
14262,2.9589807791623373,0,Não Significativo,1985
14263,6.040805177935203,1,Alto-Alto (Cluster),1985
14264,1.0090595830497209,0,Não Significativo,1985
14265,0.142832761776992,0,Não Significativo,1985
14266,0.2429917617864735,3,Baixo-Baixo,1985
14267,0.4589042032061006,0,Não Significativo,1985
14268,0.4296084702254782,0,Não Significativo,1985
14269,0.0247395801361129,3,Baixo-Baixo,1985
14270,3.375972685925722,0,Não Significativo,1985
14271,2.2571672181980547,0,Não Significativo,1985
14272,6.790773741031826,0,Não Significativo,1985
14273,0.4987848455431313,0,Não Significativo,1985
14274,0.2459746864673763,0,Não Significativo,1985
14275,2.1930652323778306,0,Não Significativo,1985
14276,0.0031544071163329,3,Baixo-Baixo,1985
14278,0.0147330918126883,3,Baixo-Baixo,1985
14279,7.15146587764504,0,Não Significativo,1985
14280,1.64083149208525,0,Não Significativo,1985
14282,4.168911723632055,0,Não Significativo,1985
14283,4.212264656115019,0,Não Significativo,1985
14284,0.0290309688066968,3,Baixo-Baixo,1985
14287,4.100775817396768,0,Não Significativo,1985
1048,1.1159937187875375,0,Não Significativo,1985
1049,1.4599792217147465,0,Não Significativo,1985
1050,2.7727228170991385,3,Baixo-Baixo,1985
1051,1.2018816693330816,0,Não Significativo,1985
1052,4.702870563605141,0,Não Significativo,1985
1055,0.0324715364455795,3,Baixo-Baixo,1985
1056,0.006301538655587,3,Baixo-Baixo,1985
1058,1.8187015725697069,0,Não Significativo,1985
1059,6.83324413938462,0,Não Significativo,1985
1061,1.6242504714601256,0,Não Significativo,1985
1063,1.1000624166134634,0,Não Significativo,1985
1064,0.8779869740162414,0,Não Significativo,1985
1066,0.0081180490051429,0,Não Significativo,1985
1069,0.0207723321503218,0,Não Significativo,1985
1071,8.280241793622784,0,Não Significativo,1985
1072,0.0735638012515603,0,Não Significativo,1985
1073,5.969741793742252,0,Não Significativo,1985
1074,5.949087088005255,0,Não Significativo,1985
1075,0.4857312476570163,3,Baixo-Baixo,1985
1078,3.195436792984785,1,Alto-Alto (Cluster),1985
1080,0.2925766256018983,0,Não Significativo,1985
1081,9.981893789507222,0,Não Significativo,1985
1083,0.041174618575048,3,Baixo-Baixo,1985
1084,5.159371669381366,1,Alto-Alto (Cluster),1985
1085,0.2800044399151282,0,Não Significativo,1985
1086,0.0066018201945262,0,Não Significativo,1985
1087,0.7529737768506445,0,Não Significativo,1985
1091,0.0196941361977099,3,Baixo-Baixo,1985
1092,0.0390859038038298,0,Não Significativo,1985
1094,1.542774022932074,0,Não Significativo,1985
1095,1.1120933801149575,3,Baixo-Baixo,1985
1098,0.0544749457518497,3,Baixo-Baixo,1985
1100,0.0022102014133675,0,Não Significativo,1985
1103,0.7165191245847174,0,Não Significativo,1985
1104,0.2334194657188022,0,Não Significativo,1985
1105,0.2650101205207579,3,Baixo-Baixo,1985
1106,0.0519398289601706,0,Não Significativo,1985
1107,0.1249533035789565,0,Não Significativo,1985
1109,0.1191732274161921,0,Não Significativo,1985
1111,1.1599939037312044,3,Baixo-Baixo,1985
16039,0.0990381861590176,0,Não Significativo,1985
16041,0.6137379245397236,0,Não Significativo,1985
16042,0.0166386207565442,0,Não Significativo,1985
16061,0.0411737297979594,0,Não Significativo,1985
16069,0.5340811159905099,0,Não Significativo,1985
16079,5.132894148435083,0,Não Significativo,1985
16090,0.5115557626564045,0,Não Significativo,1985
16095,1.5704808838535624,0,Não Significativo,1985
16108,1.3737278295926885,0,Não Significativo,1985
16121,0.712004608278814,0,Não Significativo,1985
16122,1.5445987689552954,0,Não Significativo,1985
16129,0.0539663907022637,0,Não Significativo,1985
16130,0.2784722464666894,0,Não Significativo,1985
16136,0.0085616896009467,0,Não Significativo,1985
16150,1.1201836541878532,0,Não Significativo,1985
16151,0.063454158289755,0,Não Significativo,1985
16155,0.2628348690145114,0,Não Significativo,1985
16159,0.3310572512793132,0,Não Significativo,1985
16163,0.4576255769910607,0,Não Significativo,1985
16166,0.0747091872402868,3,Baixo-Baixo,1985
16172,4.952690354831694,0,Não Significativo,1985
16173,5.239541586905921,0,Não Significativo,1985
16174,0.0292576625601898,0,Não Significativo,1985
16179,0.6249461740625066,0,Não Significativo,1985
16187,5.727316951654656,0,Não Significativo,1985
16191,0.4325321110088669,3,Baixo-Baixo,1985
16198,0.0540263157245276,0,Não Significativo,1985
1001,0.4345569754495568,3,Baixo-Baixo,1996
21001,0.1668260831447989,0,Não Significativo,1996
1005,0.0893292910773027,0,Não Significativo,1996
1010,0.0982784914584533,0,Não Significativo,1996
1013,0.0726828358473608,0,Não Significativo,1996
1021,0.182588466364436,0,Não Significativo,1996
1023,0.0260777630791159,0,Não Significativo,1996
1036,0.2271784918344878,0,Não Significativo,1996
2011,0.0247367120703098,0,Não Significativo,1996
2012,0.1328501932305257,0,Não Significativo,1996
2021,0.2649176357317063,0,Não Significativo,1996
2022,0.3614355869497565,0,Não Significativo,1996
2027,1.4105854068154473,0,Não Significativo,1996
2028,6.901531992356626,4,Alto-Baixo,1996
2034,3.054050479850426,0,Não Significativo,1996
2035,0.0180976975109757,3,Baixo-Baixo,1996
2038,1.1600934517544947,0,Não Significativo,1996
2041,0.1896558773693866,0,Não Significativo,1996
2052,0.2417952898046325,0,Não Significativo,1996
2055,0.8534817824249586,0,Não Significativo,1996
2057,0.7531774237532989,0,Não Significativo,1996
2063,2.258576866494036,0,Não Significativo,1996
2067,0.4864306870779919,0,Não Significativo,1996
2068,1.3095847526866713,0,Não Significativo,1996
16021,0.0301592464006097,0,Não Significativo,1996
16026,1.0269686664768631,0,Não Significativo,1996
3001,0.02355806243179,3,Baixo-Baixo,1996
3015,0.3756784274452598,0,Não Significativo,1996
3036,0.0013210315552405,0,Não Significativo,1996
3043,0.127130295113917,0,Não Significativo,1996
3048,0.0104766780214933,0,Não Significativo,1996
3049,0.0377306935739096,0,Não Significativo,1996
3085,0.0953647098541203,0,Não Significativo,1996
3099,1.121483308307192,3,Baixo-Baixo,1996
4001,13.255264286184149,0,Não Significativo,1996
4004,0.4733306771778633,0,Não Significativo,1996
4005,0.637930709118701,0,Não Significativo,1996
4008,0.7786520817452747,3,Baixo-Baixo,1996
4010,0.1379920506667285,0,Não Significativo,1996
4011,0.0045548210437592,0,Não Significativo,1996
4013,0.1006621115871098,3,Baixo-Baixo,1996
4014,0.0169208316362191,3,Baixo-Baixo,1996
4015,0.0064523907929551,3,Baixo-Baixo,1996
4016,0.0165683684356489,0,Não Significativo,1996
4017,0.002876980474069,0,Não Significativo,1996
4021,0.0635137043092299,3,Baixo-Baixo,1996
4022,2.4475505357672267,0,Não Significativo,1996
4023,1.5828407452296094,0,Não Significativo,1996
4026,0.0103401479131258,3,Baixo-Baixo,1996
4028,0.0052368137251956,0,Não Significativo,1996
4030,0.0215819567242763,0,Não Significativo,1996
4032,1.1004759342814152,0,Não Significativo,1996
4033,0.7426989156127487,0,Não Significativo,1996
4034,1.3151943809019426,0,Não Significativo,1996
4035,1.5680952499630527,0,Não Significativo,1996
4037,1.1172887987906617,3,Baixo-Baixo,1996
4040,20.86648872595974,0,Não Significativo,1996
4043,7.677375909821625,0,Não Significativo,1996
4044,0.0213640434807724,0,Não Significativo,1996
4045,0.0353570719598236,3,Baixo-Baixo,1996
4051,0.0211587811022317,0,Não Significativo,1996
4054,0.0324833785735646,3,Baixo-Baixo,1996
4059,0.7229250209929168,0,Não Significativo,1996
4060,0.013073635040148,0,Não Significativo,1996
4061,0.118674234801623,0,Não Significativo,1996
4063,0.4864171938550493,0,Não Significativo,1996
4066,0.0063678616559295,3,Baixo-Baixo,1996
4068,0.2442779482091267,0,Não Significativo,1996
4075,0.1294446695567283,0,Não Significativo,1996
4078,0.6863264524011112,0,Não Significativo,1996
4080,0.0952215165421413,0,Não Significativo,1996
4082,0.175681509439139,0,Não Significativo,1996
4086,0.0176035536087082,0,Não Significativo,1996
4092,0.063551109317657,3,Baixo-Baixo,1996
4096,0.2360296019059613,0,Não Significativo,1996
4097,0.0434594376243986,3,Baixo-Baixo,1996
4099,2.1620531485487864,3,Baixo-Baixo,1996
4100,1.9603510160396345,0,Não Significativo,1996
4103,3.147254657991098,0,Não Significativo,1996
4104,0.1174279732292407,3,Baixo-Baixo,1996
4105,3.220344327967936,0,Não Significativo,1996
4106,0.0305693438020911,3,Baixo-Baixo,1996
4108,0.4319847222633375,0,Não Significativo,1996
4109,0.354219473212178,3,Baixo-Baixo,1996
4110,0.1307954528595664,3,Baixo-Baixo,1996
4111,0.0227753870032464,3,Baixo-Baixo,1996
4113,0.0143573421529246,3,Baixo-Baixo,1996
4114,0.2644258453631541,3,Baixo-Baixo,1996
4115,1.292984731542065,3,Baixo-Baixo,1996
4116,0.6370117096893845,0,Não Significativo,1996
4117,0.43038183922487,3,Baixo-Baixo,1996
4118,0.066837896327892,3,Baixo-Baixo,1996
4119,0.6355504925003884,0,Não Significativo,1996
4122,0.7387033380434126,3,Baixo-Baixo,1996
4124,0.5061626351993173,3,Baixo-Baixo,1996
4125,1.2446776859509252,3,Baixo-Baixo,1996
4126,0.3672185149974099,0,Não Significativo,1996
4127,0.1201812652456541,3,Baixo-Baixo,1996
4129,0.1336178598580754,3,Baixo-Baixo,1996
4130,0.0301171598161824,0,Não Significativo,1996
4131,0.1065930459943921,3,Baixo-Baixo,1996
4132,0.4135496714381053,3,Baixo-Baixo,1996
4135,0.0619696307167199,0,Não Significativo,1996
4136,0.5541073033893553,3,Baixo-Baixo,1996
4138,0.8031482280484807,0,Não Significativo,1996
4140,0.1771917629250931,0,Não Significativo,1996
4141,0.0493640364233219,0,Não Significativo,1996
4142,0.2228159893070033,3,Baixo-Baixo,1996
4145,1.0097979751725628,0,Não Significativo,1996
4146,0.4052467278704169,0,Não Significativo,1996
4147,0.106404914121661,0,Não Significativo,1996
4148,0.206292599901842,3,Baixo-Baixo,1996
4152,0.0064462236332963,3,Baixo-Baixo,1996
4154,0.4312940992061619,0,Não Significativo,1996
4156,0.3220622053306687,3,Baixo-Baixo,1996
4158,0.1331561989405006,3,Baixo-Baixo,1996
4160,0.1578521749840899,3,Baixo-Baixo,1996
4161,0.2422897190488503,0,Não Significativo,1996
4162,1.0343489626629605,3,Baixo-Baixo,1996
4163,0.1170388108691775,3,Baixo-Baixo,1996
4164,0.7900976672571066,0,Não Significativo,1996
4165,0.0775642589338694,0,Não Significativo,1996
4166,0.054716716868631,3,Baixo-Baixo,1996
4167,1.9068179783768295,0,Não Significativo,1996
4169,0.6644691109690993,0,Não Significativo,1996
4170,0.1088840089647505,3,Baixo-Baixo,1996
4171,0.1626372021422482,0,Não Significativo,1996
4172,0.0360299778368553,0,Não Significativo,1996
4173,0.3802671896232201,0,Não Significativo,1996
4174,0.4014832792858352,0,Não Significativo,1996
4175,0.5837787428600717,3,Baixo-Baixo,1996
4176,1.8063608217572096,0,Não Significativo,1996
4177,0.0954390774953258,3,Baixo-Baixo,1996
4178,0.0438087786705836,3,Baixo-Baixo,1996
4179,0.1089997814357391,3,Baixo-Baixo,1996
4180,0.0305797391808495,0,Não Significativo,1996
4181,0.1560726461204899,3,Baixo-Baixo,1996
4182,0.0936864735465824,0,Não Significativo,1996
4183,0.9551544097547888,0,Não Significativo,1996
4184,0.074807475647405,3,Baixo-Baixo,1996
4187,0.3461309456677628,0,Não Significativo,1996
4188,0.9004988897472744,3,Baixo-Baixo,1996
4190,0.2049568539817317,0,Não Significativo,1996
4191,0.1159738306456062,3,Baixo-Baixo,1996
4192,0.7219453302402534,0,Não Significativo,1996
4193,0.1030884176277162,0,Não Significativo,1996
4199,0.022006236973118,3,Baixo-Baixo,1996
4200,0.4802335811872893,0,Não Significativo,1996
4203,0.2504869629094283,0,Não Significativo,1996
4204,0.0562616181550478,3,Baixo-Baixo,1996
4205,0.0064155638300464,3,Baixo-Baixo,1996
4206,0.0220710512192959,0,Não Significativo,1996
4207,0.0497051053069469,3,Baixo-Baixo,1996
4208,0.022519780471002,0,Não Significativo,1996
4209,0.1653473030015425,0,Não Significativo,1996
4210,0.0661049887413512,3,Baixo-Baixo,1996
4211,0.8203156062845762,0,Não Significativo,1996
4213,0.7031839625741679,0,Não Significativo,1996
4214,0.1670861165750426,3,Baixo-Baixo,1996
4215,1.3847641604555496,0,Não Significativo,1996
4216,0.0084383628105553,3,Baixo-Baixo,1996
4217,0.3373586399167832,0,Não Significativo,1996
4218,0.2548476671220216,0,Não Significativo,1996
4219,0.2523978386250382,0,Não Significativo,1996
4220,0.264423040379115,3,Baixo-Baixo,1996
4221,0.0176092988938286,3,Baixo-Baixo,1996
4222,0.6232017712474288,0,Não Significativo,1996
4224,4.860905082880559,0,Não Significativo,1996
4226,10.400806346521655,0,Não Significativo,1996
4227,0.3006192463044877,3,Baixo-Baixo,1996
4228,0.1402987528509792,3,Baixo-Baixo,1996
4229,0.013483666577706,3,Baixo-Baixo,1996
4231,0.0505827110725226,3,Baixo-Baixo,1996
4233,0.6744361476336358,0,Não Significativo,1996
4235,0.692122008696568,3,Baixo-Baixo,1996
4236,0.0340731871238969,3,Baixo-Baixo,1996
5001,0.5593815362088591,0,Não Significativo,1996
5002,4.039984076124595,0,Não Significativo,1996
5003,7.993317305287535,0,Não Significativo,1996
5004,0.8246380844428733,0,Não Significativo,1996
5005,3.1430034064480115,0,Não Significativo,1996
5006,2.24059162241315,0,Não Significativo,1996
5007,6.495372208349623,0,Não Significativo,1996
5008,3.3434479820722456,0,Não Significativo,1996
5009,1.6953618793618497,0,Não Significativo,1996
5010,18.99680779661968,0,Não Significativo,1996
5012,2.454920893463679,0,Não Significativo,1996
5014,9.903839106285565,0,Não Significativo,1996
5015,0.1377102904815999,0,Não Significativo,1996
5016,8.365099505533466,0,Não Significativo,1996
5017,0.6566251893719224,0,Não Significativo,1996
5018,0.0625781626196832,0,Não Significativo,1996
5019,0.150292177745657,0,Não Significativo,1996
5020,0.7014720495431098,0,Não Significativo,1996
5021,6.122540914688325,0,Não Significativo,1996
5023,0.0162956483874028,0,Não Significativo,1996
5025,12.56063182349244,0,Não Significativo,1996
5028,1.8135017271293,0,Não Significativo,1996
5029,0.0222586187337833,0,Não Significativo,1996
5030,0.1877158263791431,0,Não Significativo,1996
5031,0.980998032921652,0,Não Significativo,1996
5033,0.208722985728011,3,Baixo-Baixo,1996
5035,0.4208649907230176,0,Não Significativo,1996
5037,0.0411555238830593,0,Não Significativo,1996
5039,15.79167565190952,0,Não Significativo,1996
5040,2.015001919032555,0,Não Significativo,1996
5041,0.6166273349793241,0,Não Significativo,1996
5042,1.3996080884744713,0,Não Significativo,1996
5043,6.009827058121507,0,Não Significativo,1996
5044,0.0778569867398136,2,Baixo-Alto,1996
5045,6.3364523559237655,0,Não Significativo,1996
5046,8.845064231260796,0,Não Significativo,1996
5047,7.870397223703588,0,Não Significativo,1996
5048,0.5234950693145943,0,Não Significativo,1996
5049,8.023032239507936,0,Não Significativo,1996
5051,7.8766265417066945,0,Não Significativo,1996
5053,3.1430034064480115,0,Não Significativo,1996
5054,19.820164338621133,4,Alto-Baixo,1996
5055,0.1656582493420045,3,Baixo-Baixo,1996
5056,1.8895377584132425,0,Não Significativo,1996
5057,0.5046614524790117,0,Não Significativo,1996
5060,6.937057518517396,0,Não Significativo,1996
5061,1.192373299683776,0,Não Significativo,1996
5062,1.0705335676724377,0,Não Significativo,1996
5063,1.777496435798406,0,Não Significativo,1996
5065,0.0565683495603804,0,Não Significativo,1996
5066,0.1100278191398233,0,Não Significativo,1996
5067,0.1949237420906461,0,Não Significativo,1996
5068,0.0228187319986004,0,Não Significativo,1996
5069,0.0881204485942221,0,Não Significativo,1996
5070,0.9321854148357094,0,Não Significativo,1996
5071,0.239799519158626,0,Não Significativo,1996
5072,1.228574386581196,0,Não Significativo,1996
5073,0.0312148636451783,0,Não Significativo,1996
5075,3.973114271773996,0,Não Significativo,1996
5076,0.4238148601443995,0,Não Significativo,1996
5077,0.6135886104324207,0,Não Significativo,1996
5079,25.960904465433863,0,Não Significativo,1996
5080,0.48960881860881,0,Não Significativo,1996
5081,0.7607739847147506,3,Baixo-Baixo,1996
5082,0.060150381059856,0,Não Significativo,1996
5085,0.8266837356081338,0,Não Significativo,1996
5086,8.899775968773751,0,Não Significativo,1996
5088,0.5945442623767588,0,Não Significativo,1996
5089,15.715017032240056,0,Não Significativo,1996
5090,1.0790978362138173,0,Não Significativo,1996
5092,0.0875891100822903,0,Não Significativo,1996
5093,0.1283621533957752,0,Não Significativo,1996
5094,21.55116933950562,0,Não Significativo,1996
5095,0.561770044303815,0,Não Significativo,1996
5096,2.1483745317112404,0,Não Significativo,1996
5097,5.914453481666274,0,Não Significativo,1996
5098,3.6806880188149766,0,Não Significativo,1996
5099,12.46426298158365,0,Não Significativo,1996
5100,0.0139960808847447,0,Não Significativo,1996
5101,5.181742310750623,0,Não Significativo,1996
5102,4.540383602582681,0,Não Significativo,1996
5103,0.4534024521906795,0,Não Significativo,1996
5105,0.1864312266114652,0,Não Significativo,1996
5106,0.5679462295862195,0,Não Significativo,1996
5107,0.8564268541379502,0,Não Significativo,1996
5108,9.410736943725151,0,Não Significativo,1996
5109,1.0128051363781565,0,Não Significativo,1996
5110,1.083431562463672,0,Não Significativo,1996
5111,0.2857780286583202,0,Não Significativo,1996
5112,0.2919110467665872,0,Não Significativo,1996
5113,0.1365255359582258,0,Não Significativo,1996
5114,0.1964854035349266,0,Não Significativo,1996
5116,0.3982498657417395,0,Não Significativo,1996
5117,0.0975676162941968,0,Não Significativo,1996
5119,1.2846402812069253,0,Não Significativo,1996
5122,0.0148105659650537,0,Não Significativo,1996
5123,0.2308019082588829,0,Não Significativo,1996
5125,0.3730000559259979,0,Não Significativo,1996
5126,1.500980596820014,0,Não Significativo,1996
5127,0.0662565188015033,0,Não Significativo,1996
5128,1.8573112499377231,0,Não Significativo,1996
5129,0.3628439260974503,0,Não Significativo,1996
5130,0.250952985166004,0,Não Significativo,1996
5131,0.1614207683191948,0,Não Significativo,1996
5133,0.0633366301519481,0,Não Significativo,1996
5135,0.2217704064834013,0,Não Significativo,1996
5136,2.1625207138553453,0,Não Significativo,1996
5137,0.1280372373295938,0,Não Significativo,1996
5138,5.417601841647239,0,Não Significativo,1996
5139,0.025142074469101,0,Não Significativo,1996
5140,0.0831098148655127,0,Não Significativo,1996
5141,2.51621747285034,0,Não Significativo,1996
5144,24.08700527262985,0,Não Significativo,1996
5145,14.481757771274388,0,Não Significativo,1996
5147,3.588742803922099,0,Não Significativo,1996
6001,0.0197709387360538,3,Baixo-Baixo,1996
6002,1.8057192707727865,0,Não Significativo,1996
6003,0.2068822538753484,0,Não Significativo,1996
6005,0.2655498030951228,3,Baixo-Baixo,1996
6006,2.3629879625120087,0,Não Significativo,1996
6007,0.2908619504619453,3,Baixo-Baixo,1996
6009,8.069146766330999,0,Não Significativo,1996
6010,0.0231367460594729,3,Baixo-Baixo,1996
6011,9.881848316976347,0,Não Significativo,1996
6012,0.0450845137336042,0,Não Significativo,1996
6013,0.4255117650685399,0,Não Significativo,1996
6014,1.461994087811702,0,Não Significativo,1996
6016,1.753251201395615,0,Não Significativo,1996
6017,0.4989663237733434,0,Não Significativo,1996
6018,0.3816842940767604,0,Não Significativo,1996
6019,0.374015771317827,3,Baixo-Baixo,1996
6021,0.1066110669871743,0,Não Significativo,1996
6022,0.1220514820027692,0,Não Significativo,1996
6023,0.0874093721957406,3,Baixo-Baixo,1996
6024,1.9408234464277287,0,Não Significativo,1996
6026,1.0711407903427,0,Não Significativo,1996
6027,4.875442031086523,0,Não Significativo,1996
6028,4.328717183615394,0,Não Significativo,1996
6029,0.6145204078666385,0,Não Significativo,1996
6030,0.3742535848140406,3,Baixo-Baixo,1996
6031,0.5548060854569754,0,Não Significativo,1996
6032,5.686945118386388,0,Não Significativo,1996
6033,0.6477177888438279,3,Baixo-Baixo,1996
6034,0.8874159837284681,0,Não Significativo,1996
6036,1.8298655168354456,0,Não Significativo,1996
6037,1.5639099075562568,0,Não Significativo,1996
6039,1.860513510713478,0,Não Significativo,1996
6041,0.7301067904017708,0,Não Significativo,1996
6042,2.4788659971676155,0,Não Significativo,1996
6043,0.1693145140502851,0,Não Significativo,1996
6044,0.0231566059273351,0,Não Significativo,1996
6045,1.0731542128809382,0,Não Significativo,1996
6046,1.7012052441083363,0,Não Significativo,1996
6047,4.400632014853901,0,Não Significativo,1996
6049,0.270857890615918,3,Baixo-Baixo,1996
6051,0.4995823315804709,0,Não Significativo,1996
6052,1.7632317585193094,0,Não Significativo,1996
6053,0.2500081867857092,3,Baixo-Baixo,1996
6054,4.48320840166127,0,Não Significativo,1996
6055,1.263876594300559,0,Não Significativo,1996
6056,0.2565371425004319,3,Baixo-Baixo,1996
6057,4.795990383172521,0,Não Significativo,1996
6059,1.5293336681034826,3,Baixo-Baixo,1996
6060,4.55315542706252,0,Não Significativo,1996
6061,0.4933695300904431,0,Não Significativo,1996
6063,0.1587375457802026,0,Não Significativo,1996
6064,0.2253190169994607,0,Não Significativo,1996
6066,0.4375903634281497,0,Não Significativo,1996
6067,0.5620301230280298,0,Não Significativo,1996
6068,0.1623680162825485,3,Baixo-Baixo,1996
6069,1.7353912570690042,0,Não Significativo,1996
6071,1.6805622039395516,0,Não Significativo,1996
6072,0.6724188909607535,3,Baixo-Baixo,1996
6073,0.3310116062005574,0,Não Significativo,1996
6075,0.0852367959094642,3,Baixo-Baixo,1996
6076,5.751244749121914,0,Não Significativo,1996
6077,0.2249995488352413,0,Não Significativo,1996
6078,0.600299196825666,0,Não Significativo,1996
6079,0.0425310514036661,0,Não Significativo,1996
6080,2.702513732415276,0,Não Significativo,1996
6081,0.6521016655872717,0,Não Significativo,1996
6082,1.2586677716335348,0,Não Significativo,1996
6084,7.219011481227035,0,Não Significativo,1996
6086,3.1691566408628997,0,Não Significativo,1996
6088,4.391932585322821,0,Não Significativo,1996
6091,0.035596168108653,0,Não Significativo,1996
6092,5.57577249163185,0,Não Significativo,1996
6094,0.0166991308606285,0,Não Significativo,1996
6095,2.3554659453507605,0,Não Significativo,1996
6096,0.3275286835938336,3,Baixo-Baixo,1996
6098,0.7363255823576635,0,Não Significativo,1996
6099,4.88109668433529,0,Não Significativo,1996
6100,0.0125578707810289,3,Baixo-Baixo,1996
6101,0.0635043599360787,0,Não Significativo,1996
6105,0.0492963835639021,0,Não Significativo,1996
6106,1.7923461861880696,0,Não Significativo,1996
6107,0.5406301784638363,3,Baixo-Baixo,1996
6108,0.33284942511222,0,Não Significativo,1996
6109,0.3093389050033875,3,Baixo-Baixo,1996
6110,0.1864370829671419,0,Não Significativo,1996
6112,0.714634328618422,0,Não Significativo,1996
6113,0.2824863445585909,0,Não Significativo,1996
6114,1.7593986460007889,0,Não Significativo,1996
6115,0.7317571222064764,0,Não Significativo,1996
6116,1.4904666246047198,0,Não Significativo,1996
6118,0.4887218461113303,0,Não Significativo,1996
6119,0.355642321880927,3,Baixo-Baixo,1996
6120,16.375056679118455,0,Não Significativo,1996
6121,3.2366461794055708,0,Não Significativo,1996
6122,2.47175551488767,0,Não Significativo,1996
6123,0.1245208673221575,3,Baixo-Baixo,1996
6125,3.293145252117362,0,Não Significativo,1996
6126,0.5818284523079532,0,Não Significativo,1996
6129,2.2249439921934377,0,Não Significativo,1996
6130,0.2175600476237534,0,Não Significativo,1996
6131,0.3096703184084036,3,Baixo-Baixo,1996
6132,0.924128581737788,0,Não Significativo,1996
6133,0.4852058616069322,3,Baixo-Baixo,1996
6134,0.146769047248859,0,Não Significativo,1996
6135,0.077744800879958,0,Não Significativo,1996
6136,0.1240152278823725,0,Não Significativo,1996
6137,4.1044523507441175,0,Não Significativo,1996
6139,2.912282753365825,0,Não Significativo,1996
6140,0.6561038346078288,0,Não Significativo,1996
6141,1.475689348668468,0,Não Significativo,1996
6143,2.6430605785642483,0,Não Significativo,1996
6144,13.58484211860625,0,Não Significativo,1996
6146,0.6494329779813537,3,Baixo-Baixo,1996
6147,5.301211083089935,0,Não Significativo,1996
6149,6.586466726054236,0,Não Significativo,1996
6150,1.8289793834132493,0,Não Significativo,1996
6151,0.2859799919294569,0,Não Significativo,1996
6152,1.949589586655496,0,Não Significativo,1996
6153,0.0407411717674484,3,Baixo-Baixo,1996
6154,16.522547415486184,0,Não Significativo,1996
6155,1.1156086652586457,0,Não Significativo,1996
6156,6.234127802060567,0,Não Significativo,1996
6161,0.2222194885119063,0,Não Significativo,1996
6162,0.3470511908920939,3,Baixo-Baixo,1996
6163,0.046432781248443,0,Não Significativo,1996
6164,0.2096149642994983,0,Não Significativo,1996
6167,1.1572094758325118,3,Baixo-Baixo,1996
6168,12.625054454745788,0,Não Significativo,1996
7002,0.0591221694178072,3,Baixo-Baixo,1996
7003,0.9967359692786838,0,Não Significativo,1996
7006,0.859558213750886,0,Não Significativo,1996
7009,0.0175463062798994,0,Não Significativo,1996
7013,0.0589175635060043,0,Não Significativo,1996
7019,0.0173879767356399,3,Baixo-Baixo,1996
7020,0.5138561124827702,3,Baixo-Baixo,1996
7021,0.3977800929717698,0,Não Significativo,1996
7022,0.0165747306076924,0,Não Significativo,1996
7023,0.1945039312859401,0,Não Significativo,1996
7024,0.10646190175748,0,Não Significativo,1996
7027,0.053042559782433,3,Baixo-Baixo,1996
7030,0.1414689879285237,0,Não Significativo,1996
7034,0.0610349454872068,0,Não Significativo,1996
7035,0.0527504238005776,3,Baixo-Baixo,1996
7036,0.4363517332041315,3,Baixo-Baixo,1996
7041,0.039036458563143,3,Baixo-Baixo,1996
7042,0.4534024521906795,3,Baixo-Baixo,1996
7043,0.0919711784039731,3,Baixo-Baixo,1996
7046,1.011682962443705,0,Não Significativo,1996
7054,0.5482663531215412,0,Não Significativo,1996
7055,0.3419194664809307,0,Não Significativo,1996
7056,0.5048410929655286,3,Baixo-Baixo,1996
7057,0.0912845795676275,0,Não Significativo,1996
7063,0.1740480380990027,3,Baixo-Baixo,1996
7064,3.250591382478865,0,Não Significativo,1996
7066,0.0849415803065032,3,Baixo-Baixo,1996
7069,0.1022260170721691,0,Não Significativo,1996
7070,0.6421731229471103,0,Não Significativo,1996
7071,0.1754890035238319,0,Não Significativo,1996
7072,0.2293325465224722,3,Baixo-Baixo,1996
7073,0.0331520072569529,3,Baixo-Baixo,1996
7074,0.3185267473245114,3,Baixo-Baixo,1996
7075,0.2070775371604752,0,Não Significativo,1996
7076,0.263194594198492,3,Baixo-Baixo,1996
7080,1.992254476290061,3,Baixo-Baixo,1996
7083,0.1122073241357821,3,Baixo-Baixo,1996
7091,0.070636995606403,3,Baixo-Baixo,1996
7092,0.062346766594281,0,Não Significativo,1996
7095,0.0902859635386393,0,Não Significativo,1996
7096,0.1479194424758966,3,Baixo-Baixo,1996
7097,0.0930944645488873,3,Baixo-Baixo,1996
7098,0.5200193042366864,0,Não Significativo,1996
7101,0.6424731103916511,3,Baixo-Baixo,1996
7107,0.2323638751537074,0,Não Significativo,1996
7109,0.2111737448559329,3,Baixo-Baixo,1996
7110,0.1817734079362953,3,Baixo-Baixo,1996
7111,0.0807828893707005,0,Não Significativo,1996
7112,0.9695398348731512,3,Baixo-Baixo,1996
7113,0.8955758619611447,0,Não Significativo,1996
7115,1.7288916643458994,3,Baixo-Baixo,1996
7116,0.022732206366417,0,Não Significativo,1996
7122,3.9996213351142234,0,Não Significativo,1996
7127,0.5463309575803195,0,Não Significativo,1996
7128,0.4964682832090878,3,Baixo-Baixo,1996
7130,0.0411178873728782,3,Baixo-Baixo,1996
7132,0.6594340235968084,0,Não Significativo,1996
7133,0.0913521977747146,3,Baixo-Baixo,1996
7135,0.2810390573351671,3,Baixo-Baixo,1996
7137,0.0610752477811801,3,Baixo-Baixo,1996
7140,0.1189114731138776,3,Baixo-Baixo,1996
7141,0.6300415530181875,3,Baixo-Baixo,1996
7143,0.4294176140289504,3,Baixo-Baixo,1996
7144,0.5997209167546225,3,Baixo-Baixo,1996
7145,0.6141207197964814,3,Baixo-Baixo,1996
7147,0.3370074441642152,0,Não Significativo,1996
7148,0.0649863195551832,3,Baixo-Baixo,1996
7149,0.0219132856025874,3,Baixo-Baixo,1996
7150,0.0499860031598025,0,Não Significativo,1996
7154,2.070410276695735,0,Não Significativo,1996
7158,0.0176380816641683,0,Não Significativo,1996
7159,0.1111238266063024,0,Não Significativo,1996
7160,0.1084738476290527,3,Baixo-Baixo,1996
7161,1.5486478705709203,0,Não Significativo,1996
8001,0.2732046957894777,0,Não Significativo,1996
8003,3.380208733911218,0,Não Significativo,1996
8007,1.904290299200854,0,Não Significativo,1996
8008,2.966969610771188,0,Não Significativo,1996
8009,2.856435448801281,0,Não Significativo,1996
8012,7.952084275709781,0,Não Significativo,1996
8016,0.9569702094801588,0,Não Significativo,1996
8017,0.1721049180564302,0,Não Significativo,1996
8019,0.0968669511861595,3,Baixo-Baixo,1996
8021,1.0747986416472284,0,Não Significativo,1996
8025,0.363332604785797,0,Não Significativo,1996
8026,3.029626390595199,0,Não Significativo,1996
8027,1.4401213644823148,0,Não Significativo,1996
8028,2.1581956724276345,0,Não Significativo,1996
8031,5.581540532140434,0,Não Significativo,1996
8033,1.0678473021377235,0,Não Significativo,1996
8035,0.1721049180564302,3,Baixo-Baixo,1996
8039,1.7293234554708607,0,Não Significativo,1996
8042,2.5165527896777458,0,Não Significativo,1996
8045,6.321860873410414,0,Não Significativo,1996
8047,0.0570951236091966,3,Baixo-Baixo,1996
8051,0.2431495800391656,3,Baixo-Baixo,1996
8054,2.196264252809669,0,Não Significativo,1996
8058,0.0989998014875061,3,Baixo-Baixo,1996
8059,0.5719599838589138,3,Baixo-Baixo,1996
8060,0.51672681702178,0,Não Significativo,1996
8061,0.092073194216196,0,Não Significativo,1996
8062,0.384842309634029,0,Não Significativo,1996
8064,0.0798149287140397,0,Não Significativo,1996
8071,0.2557103877283927,3,Baixo-Baixo,1996
8072,0.057155605731664,3,Baixo-Baixo,1996
8080,0.041567713259392,3,Baixo-Baixo,1996
8084,0.1063150577550558,3,Baixo-Baixo,1996
8087,0.1588639126378029,0,Não Significativo,1996
8089,1.665721492142134,0,Não Significativo,1996
8090,3.403020612468677,0,Não Significativo,1996
8091,0.460590539847361,0,Não Significativo,1996
9002,0.0320302118199411,0,Não Significativo,1996
9010,0.670709981072124,0,Não Significativo,1996
9011,0.9045245902881957,0,Não Significativo,1996
9012,0.2420140265914893,0,Não Significativo,1996
9013,0.1719525588867626,0,Não Significativo,1996
9021,0.4964002785130794,3,Baixo-Baixo,1996
9022,0.0072315898419368,0,Não Significativo,1996
9032,0.2286224229266562,3,Baixo-Baixo,1996
9033,0.0052762460209946,0,Não Significativo,1996
9040,0.072912015960393,0,Não Significativo,1996
9042,0.0491840399368193,0,Não Significativo,1996
9043,0.4419594857196285,3,Baixo-Baixo,1996
9044,0.0471324671855783,3,Baixo-Baixo,1996
9053,1.710545828982828,0,Não Significativo,1996
9054,1.1662604600718165,0,Não Significativo,1996
9055,1.856672120120126,0,Não Significativo,1996
9056,0.0726665209571594,0,Não Significativo,1996
9057,0.0247102779073464,0,Não Significativo,1996
9059,0.1107221256119246,0,Não Significativo,1996
9068,1.0845204384058464,3,Baixo-Baixo,1996
9069,0.2173472076162951,0,Não Significativo,1996
9072,4.389922547526336,0,Não Significativo,1996
10013,0.5775369999652962,2,Baixo-Alto,1996
10014,21.960350455196657,0,Não Significativo,1996
10017,0.3941190051913138,0,Não Significativo,1996
10024,33.25986481480944,1,Alto-Alto (Cluster),1996
10033,9.900539680409365,0,Não Significativo,1996
10034,11.284683254523578,1,Alto-Alto (Cluster),1996
10036,0.1334031198187436,0,Não Significativo,1996
10038,0.2771685603287704,0,Não Significativo,1996
10045,12.339645249106583,1,Alto-Alto (Cluster),1996
10046,0.981221037702948,0,Não Significativo,1996
10047,3.3982770029436917,2,Baixo-Alto,1996
10048,0.4196103057215102,2,Baixo-Alto,1996
10050,4.325277110520386,0,Não Significativo,1996
10051,0.3856675611915001,0,Não Significativo,1996
10052,4.53514541795671,0,Não Significativo,1996
10055,0.8586985434062206,0,Não Significativo,1996
10056,36.06414952570792,1,Alto-Alto (Cluster),1996
10061,10.596705429268251,1,Alto-Alto (Cluster),1996
10063,11.611257522606156,1,Alto-Alto (Cluster),1996
10071,3.3465212006119405,0,Não Significativo,1996
10076,19.25432300936629,1,Alto-Alto (Cluster),1996
10081,4.709678578227232,0,Não Significativo,1996
10082,6.53754111692739,1,Alto-Alto (Cluster),1996
10085,16.024985002032928,1,Alto-Alto (Cluster),1996
10086,0.420536958773896,0,Não Significativo,1996
10090,16.955098683527158,1,Alto-Alto (Cluster),1996
10101,0.5137032246183004,2,Baixo-Alto,1996
10102,9.414511808122954,1,Alto-Alto (Cluster),1996
10107,0.2917926457831765,0,Não Significativo,1996
10111,5.446321515211056,0,Não Significativo,1996
10113,0.2436253393017348,0,Não Significativo,1996
10115,13.775717058048729,1,Alto-Alto (Cluster),1996
10132,12.531256626085844,1,Alto-Alto (Cluster),1996
10136,9.824270176746332,0,Não Significativo,1996
10140,5.345243888517026,0,Não Significativo,1996
10141,0.9699755831135436,0,Não Significativo,1996
10147,0.9566470179200508,0,Não Significativo,1996
10148,16.418254667930988,0,Não Significativo,1996
10150,25.41046710079632,1,Alto-Alto (Cluster),1996
10157,1.7128537082759003,0,Não Significativo,1996
10170,8.16356603280937,1,Alto-Alto (Cluster),1996
10190,32.013399978958525,1,Alto-Alto (Cluster),1996
10192,30.009342138902834,1,Alto-Alto (Cluster),1996
10193,11.858217980371618,0,Não Significativo,1996
10197,6.430772959754903,0,Não Significativo,1996
10201,0.0611872213775128,0,Não Significativo,1996
10202,35.96992787379391,0,Não Significativo,1996
10203,9.080471028805116,1,Alto-Alto (Cluster),1996
10212,12.063698560243903,1,Alto-Alto (Cluster),1996
10213,5.77572436867342,1,Alto-Alto (Cluster),1996
10216,0.9623714879927598,0,Não Significativo,1996
10219,0.9038129085039588,2,Baixo-Alto,1996
10222,33.11244638910452,1,Alto-Alto (Cluster),1996
10223,10.274326514549402,0,Não Significativo,1996
10227,1.2510243215463266,0,Não Significativo,1996
10230,7.535599414900957,1,Alto-Alto (Cluster),1996
10234,17.27537333331354,0,Não Significativo,1996
10236,11.29288433247018,0,Não Significativo,1996
10237,9.890436282995706,0,Não Significativo,1996
10251,2.141067135344876,0,Não Significativo,1996
10253,20.93109080498397,1,Alto-Alto (Cluster),1996
10255,3.197326922115014,0,Não Significativo,1996
10256,0.1054115303520384,0,Não Significativo,1996
10258,0.1477406676086825,0,Não Significativo,1996
10263,25.95905231454409,1,Alto-Alto (Cluster),1996
10277,4.822977467322206,1,Alto-Alto (Cluster),1996
10278,10.889502431758848,1,Alto-Alto (Cluster),1996
10279,3.2865923945598494,0,Não Significativo,1996
10295,0.5800748959293518,0,Não Significativo,1996
10307,22.19776570844614,1,Alto-Alto (Cluster),1996
10308,11.163081064280869,0,Não Significativo,1996
10315,40.720673064672354,1,Alto-Alto (Cluster),1996
10329,12.346464969133804,1,Alto-Alto (Cluster),1996
10334,0.341403550031142,2,Baixo-Alto,1996
11031,0.0095309824784827,0,Não Significativo,1996
11037,0.0640414146120959,0,Não Significativo,1996
11041,1.567790345280904,0,Não Significativo,1996
11069,0.1985257670875788,0,Não Significativo,1996
11078,0.8131247352978805,3,Baixo-Baixo,1996
11102,0.0189514899229683,0,Não Significativo,1996
11103,0.3597172826059373,0,Não Significativo,1996
11107,10.926466547325004,0,Não Significativo,1996
11123,0.0997778859189844,3,Baixo-Baixo,1996
11127,6.649710604909864,1,Alto-Alto (Cluster),1996
11134,13.964193921769589,0,Não Significativo,1996
11136,3.5371052903990887,0,Não Significativo,1996
11144,0.0686885955578495,0,Não Significativo,1996
11155,3.1437077472427637,2,Baixo-Alto,1996
11167,38.59849952610962,1,Alto-Alto (Cluster),1996
11171,25.63213263988097,0,Não Significativo,1996
11174,0.2790770266070217,0,Não Significativo,1996
11175,0.0308102397274388,0,Não Significativo,1996
11179,0.0360661041515313,0,Não Significativo,1996
11203,0.203098656283357,0,Não Significativo,1996
11229,0.2171880150367544,0,Não Significativo,1996
11261,5.772231567777152,1,Alto-Alto (Cluster),1996
11266,0.5056755812274275,0,Não Significativo,1996
11282,0.9936444164031468,3,Baixo-Baixo,1996
11284,0.6951670213046862,0,Não Significativo,1996
11292,0.0047134525911322,0,Não Significativo,1996
11295,10.014606872895133,1,Alto-Alto (Cluster),1996
11296,0.7115973421691351,0,Não Significativo,1996
11303,15.893689060513587,0,Não Significativo,1996
11315,2.219816816851715,0,Não Significativo,1996
11320,0.9165130433905092,0,Não Significativo,1996
11339,20.872298572801107,0,Não Significativo,1996
11365,6.958928436460559,0,Não Significativo,1996
11372,0.8397648530846827,0,Não Significativo,1996
11376,1.7329173640312576,0,Não Significativo,1996
11404,0.0316413862366237,3,Baixo-Baixo,1996
11443,0.1261365092009137,0,Não Significativo,1996
11444,1.3789742951242523,0,Não Significativo,1996
11448,0.4316391344855269,0,Não Significativo,1996
11467,22.440901577770312,1,Alto-Alto (Cluster),1996
11499,0.501952354347503,0,Não Significativo,1996
11500,0.8473444413941368,0,Não Significativo,1996
11530,16.441875315092187,4,Alto-Baixo,1996
11533,0.4276100971259403,0,Não Significativo,1996
11534,0.3126732256066925,0,Não Significativo,1996
11542,0.0287836179304832,0,Não Significativo,1996
11560,1.413418402305908,0,Não Significativo,1996
11608,1.0625689853308924,0,Não Significativo,1996
11622,1.1132371075108156,0,Não Significativo,1996
11700,0.3454620546668215,3,Baixo-Baixo,1996
11703,2.008558094395193,0,Não Significativo,1996
11715,0.03385936103589,0,Não Significativo,1996
13001,3.8677341799778393,0,Não Significativo,1996
13003,12.369968452889342,0,Não Significativo,1996
13010,11.66592255366289,1,Alto-Alto (Cluster),1996
13012,0.8908960464097562,0,Não Significativo,1996
13013,0.4866281110321611,0,Não Significativo,1996
13015,33.04586914908683,0,Não Significativo,1996
13016,13.29483987121746,1,Alto-Alto (Cluster),1996
13021,2.813814436020384,0,Não Significativo,1996
13024,4.737040545275756,0,Não Significativo,1996
13027,9.174516016392776,0,Não Significativo,1996
13029,15.259969401003476,0,Não Significativo,1996
13032,2.9384471785660145,0,Não Significativo,1996
13034,0.7599280536717022,0,Não Significativo,1996
13037,0.1578059074913939,0,Não Significativo,1996
13038,0.4438053175917761,0,Não Significativo,1996
13039,0.1853483057735859,0,Não Significativo,1996
13040,3.5559023601070425,0,Não Significativo,1996
13044,2.115878110223171,0,Não Significativo,1996
13046,19.52865784254581,1,Alto-Alto (Cluster),1996
13049,5.484614161188397,1,Alto-Alto (Cluster),1996
13051,0.182588466364436,0,Não Significativo,1996
13057,3.28421080586814,0,Não Significativo,1996
13058,0.97921763721762,0,Não Significativo,1996
13061,1.944504826257827,0,Não Significativo,1996
13069,1.5553442436059632,0,Não Significativo,1996
13071,3.5831448844443403,0,Não Significativo,1996
13072,1.368322015342497,0,Não Significativo,1996
13074,0.1040395137113206,0,Não Significativo,1996
13075,0.9500985413092884,0,Não Significativo,1996
13081,1.067708940844806,0,Não Significativo,1996
13082,2.6065165125937613,0,Não Significativo,1996
13086,1.6349967215360868,0,Não Significativo,1996
13087,1.1914078862952493,0,Não Significativo,1996
13091,15.384913547388326,0,Não Significativo,1996
13092,0.541715781231836,0,Não Significativo,1996
13098,0.6587898877984232,0,Não Significativo,1996
13099,7.340801606896717,1,Alto-Alto (Cluster),1996
13101,3.8578574328379576,1,Alto-Alto (Cluster),1996
13109,0.1522966390817609,3,Baixo-Baixo,1996
13112,0.0695411496909158,3,Baixo-Baixo,1996
13114,0.0487397396663874,3,Baixo-Baixo,1996
13120,8.740548511356439,1,Alto-Alto (Cluster),1996
13121,6.015876438822675,0,Não Significativo,1996
13123,4.144749935751219,1,Alto-Alto (Cluster),1996
13131,2.150549275005393,0,Não Significativo,1996
13132,4.330827436309635,0,Não Significativo,1996
13133,4.893423889959266,0,Não Significativo,1996
13134,2.0430423749314954,0,Não Significativo,1996
13138,0.1950646847819626,0,Não Significativo,1996
13140,4.55315542706252,1,Alto-Alto (Cluster),1996
13148,0.6769748031454311,0,Não Significativo,1996
13150,29.017756940203487,1,Alto-Alto (Cluster),1996
13154,9.203393059392898,1,Alto-Alto (Cluster),1996
13155,5.208001140028076,0,Não Significativo,1996
13156,15.684561572875252,1,Alto-Alto (Cluster),1996
13158,0.147821621399153,0,Não Significativo,1996
13164,17.09800493109633,1,Alto-Alto (Cluster),1996
13165,0.8060488038945414,0,Não Significativo,1996
13166,0.5798234553129459,0,Não Significativo,1996
13167,2.0184563842848378,2,Baixo-Alto,1996
13168,17.984963936896953,0,Não Significativo,1996
13169,6.722553193654561,1,Alto-Alto (Cluster),1996
13170,1.4430300029604404,0,Não Significativo,1996
13171,2.520686679423429,2,Baixo-Alto,1996
13172,0.2313674605947292,0,Não Significativo,1996
13175,17.007520244674293,1,Alto-Alto (Cluster),1996
13176,15.09227742956388,1,Alto-Alto (Cluster),1996
13177,6.465833273773794,0,Não Significativo,1996
13182,10.354510218402806,0,Não Significativo,1996
13184,21.594296322174728,1,Alto-Alto (Cluster),1996
13185,5.434618433792392,1,Alto-Alto (Cluster),1996
13187,1.0878002381187672,0,Não Significativo,1996
13190,0.4613993954949512,0,Não Significativo,1996
13191,0.0114311211463328,0,Não Significativo,1996
13193,1.8449270579822483,0,Não Significativo,1996
13194,2.831840570490104,0,Não Significativo,1996
13196,5.819084287275145,1,Alto-Alto (Cluster),1996
13198,1.7670613031391156,0,Não Significativo,1996
13206,2.951042396209163,0,Não Significativo,1996
13208,2.6290500567925443,0,Não Significativo,1996
13209,0.0688859135789222,0,Não Significativo,1996
13210,4.388806654657111,0,Não Significativo,1996
13211,0.3129029101721874,0,Não Significativo,1996
13213,0.4572448458533124,0,Não Significativo,1996
13214,0.0044057397469228,3,Baixo-Baixo,1996
13215,3.4129028747418024,0,Não Significativo,1996
13218,0.0877315313994973,0,Não Significativo,1996
13220,0.4397779585721691,0,Não Significativo,1996
13223,1.141811527418707,0,Não Significativo,1996
13225,17.722409718840062,0,Não Significativo,1996
13226,6.984452014328913,1,Alto-Alto (Cluster),1996
13227,0.8888779540476254,0,Não Significativo,1996
13228,0.1363530245405379,0,Não Significativo,1996
13236,22.369358130468846,1,Alto-Alto (Cluster),1996
13238,0.5970112510173263,0,Não Significativo,1996
13240,1.7168506091649616,0,Não Significativo,1996
13243,0.551864203490055,0,Não Significativo,1996
13245,0.3310116062005574,0,Não Significativo,1996
13257,1.7555821630376636,0,Não Significativo,1996
13260,4.1503762931300665,0,Não Significativo,1996
13261,4.283267410216263,0,Não Significativo,1996
13262,0.7752935290461583,0,Não Significativo,1996
13265,9.650220694748436,1,Alto-Alto (Cluster),1996
13270,0.0637809913358995,0,Não Significativo,1996
13273,0.2141067135344875,0,Não Significativo,1996
13274,0.3820626809990855,0,Não Significativo,1996
13278,7.495113765790543,1,Alto-Alto (Cluster),1996
13283,0.334920600187483,0,Não Significativo,1996
13285,8.285322431125243,0,Não Significativo,1996
13288,1.3836952934866864,0,Não Significativo,1996
13289,5.811950610139599,1,Alto-Alto (Cluster),1996
13291,5.437904838811819,0,Não Significativo,1996
13294,1.1500154560005158,0,Não Significativo,1996
13296,0.2869941053760152,0,Não Significativo,1996
13298,9.199470044448567,1,Alto-Alto (Cluster),1996
13299,19.166924266675263,0,Não Significativo,1996
13300,3.610748017923863,2,Baixo-Alto,1996
13302,0.4084397563261988,0,Não Significativo,1996
13303,11.87050204595902,1,Alto-Alto (Cluster),1996
13304,0.0486116601642983,0,Não Significativo,1996
13305,12.701245718147566,0,Não Significativo,1996
13307,14.94135465526824,1,Alto-Alto (Cluster),1996
13308,15.349898096924855,0,Não Significativo,1996
13312,18.228003990098266,0,Não Significativo,1996
13313,12.40817749575106,1,Alto-Alto (Cluster),1996
13314,1.803649678485368,0,Não Significativo,1996
13317,14.681603213793434,0,Não Significativo,1996
13318,2.1823469789951813,0,Não Significativo,1996
13319,9.897962215577206,1,Alto-Alto (Cluster),1996
13322,0.2354823428726278,0,Não Significativo,1996
13324,2.355251734188033,0,Não Significativo,1996
13325,3.721027021426956,0,Não Significativo,1996
13327,22.943781154066077,1,Alto-Alto (Cluster),1996
13333,19.091279083804604,1,Alto-Alto (Cluster),1996
13336,0.1419243098922162,0,Não Significativo,1996
13338,0.2435886763462341,0,Não Significativo,1996
13339,20.14503793453993,0,Não Significativo,1996
13343,12.802855683892748,1,Alto-Alto (Cluster),1996
13346,8.519193443793293,1,Alto-Alto (Cluster),1996
13349,19.26960421810388,1,Alto-Alto (Cluster),1996
13350,3.3282661158068385,0,Não Significativo,1996
13352,9.750884062173046,0,Não Significativo,1996
13354,0.2922800206429624,0,Não Significativo,1996
13355,0.1579938266784505,0,Não Significativo,1996
13357,0.7563063051680805,0,Não Significativo,1996
13361,0.1110182959067713,0,Não Significativo,1996
13365,1.9345604808422685,0,Não Significativo,1996
13367,24.137714757414333,1,Alto-Alto (Cluster),1996
13368,16.179995544989264,0,Não Significativo,1996
13369,0.6072582083364193,0,Não Significativo,1996
13371,25.086323087946397,1,Alto-Alto (Cluster),1996
13373,34.360746889966286,1,Alto-Alto (Cluster),1996
13374,0.0395970143921113,0,Não Significativo,1996
13377,1.2454961175136396,0,Não Significativo,1996
13378,0.9350934455925626,0,Não Significativo,1996
13381,12.898751641784289,1,Alto-Alto (Cluster),1996
13383,26.894182183415356,1,Alto-Alto (Cluster),1996
13385,3.151601211244796,0,Não Significativo,1996
13386,0.2566683323336665,0,Não Significativo,1996
13388,13.119730531474982,1,Alto-Alto (Cluster),1996
13392,0.0575825953155718,0,Não Significativo,1996
13395,12.50113341304237,0,Não Significativo,1996
13401,17.423538797854963,1,Alto-Alto (Cluster),1996
13406,1.1847802329971644,0,Não Significativo,1996
13409,12.826044012050126,1,Alto-Alto (Cluster),1996
13410,2.796103083975266,0,Não Significativo,1996
13412,0.0302720545038474,0,Não Significativo,1996
13413,15.63003818386178,0,Não Significativo,1996
13414,0.1462271445896549,3,Baixo-Baixo,1996
13416,0.694698177820054,0,Não Significativo,1996
13420,1.9384991069709288,0,Não Significativo,1996
13421,17.138612692807683,0,Não Significativo,1996
13424,2.802851522633292,0,Não Significativo,1996
13430,19.21470506078734,1,Alto-Alto (Cluster),1996
13431,6.884196722257207,1,Alto-Alto (Cluster),1996
13432,11.90728646856626,1,Alto-Alto (Cluster),1996
13433,2.4477267833754768,0,Não Significativo,1996
13435,0.9883658510842804,0,Não Significativo,1996
13440,2.655696069435153,0,Não Significativo,1996
13442,3.917244724505642,1,Alto-Alto (Cluster),1996
13443,4.303004220613361,0,Não Significativo,1996
13448,1.6170854304568365,0,Não Significativo,1996
13449,0.6511797287497173,0,Não Significativo,1996
13450,16.121979624708427,1,Alto-Alto (Cluster),1996
13455,3.14911819906756,0,Não Significativo,1996
13456,0.1096287626192516,0,Não Significativo,1996
13457,0.0632036998953817,0,Não Significativo,1996
13459,13.219609474092966,0,Não Significativo,1996
13461,1.1476711898046448,0,Não Significativo,1996
13462,4.105263507335175,0,Não Significativo,1996
13463,7.262576575751995,0,Não Significativo,1996
13464,8.40091737029052,0,Não Significativo,1996
13465,0.5462864510026074,0,Não Significativo,1996
13468,2.340776217383552,0,Não Significativo,1996
13471,0.773546835995568,3,Baixo-Baixo,1996
13472,13.375035153864864,1,Alto-Alto (Cluster),1996
13474,24.29558689085491,1,Alto-Alto (Cluster),1996
13475,0.4422532115630398,0,Não Significativo,1996
13477,1.253792993277092,0,Não Significativo,1996
13478,7.1239954440801,0,Não Significativo,1996
13479,0.5048511009167808,0,Não Significativo,1996
13481,5.557952405221721,0,Não Significativo,1996
13486,3.396950166465321,2,Baixo-Alto,1996
13487,10.719514929276327,1,Alto-Alto (Cluster),1996
13489,20.450369606073604,1,Alto-Alto (Cluster),1996
13490,0.3979812883823351,0,Não Significativo,1996
13491,0.1487385025794372,0,Não Significativo,1996
13494,4.7853562581544,0,Não Significativo,1996
13497,11.561762530862326,1,Alto-Alto (Cluster),1996
13498,0.587530582330572,0,Não Significativo,1996
13503,2.7347780432029163,0,Não Significativo,1996
13504,18.35722709729844,0,Não Significativo,1996
13505,27.38826995466541,1,Alto-Alto (Cluster),1996
13507,0.0320416246871493,0,Não Significativo,1996
13515,0.4298167116282232,0,Não Significativo,1996
13518,0.0874911575995322,0,Não Significativo,1996
13521,0.865008285542138,0,Não Significativo,1996
13522,5.859762686207027,0,Não Significativo,1996
13532,1.3267596346891195,2,Baixo-Alto,1996
13536,2.1932882849874336,0,Não Significativo,1996
13537,1.4543097523097268,0,Não Significativo,1996
13539,0.1834420461051963,0,Não Significativo,1996
13541,2.333689092157909,0,Não Significativo,1996
13545,0.1507400590725205,0,Não Significativo,1996
13546,10.09550990220827,1,Alto-Alto (Cluster),1996
13548,0.592910899018581,0,Não Significativo,1996
13553,9.852975129782845,1,Alto-Alto (Cluster),1996
13554,16.04606447901587,0,Não Significativo,1996
13558,1.1832213116379575,0,Não Significativo,1996
13561,21.092608213718087,1,Alto-Alto (Cluster),1996
13563,0.1490947132428246,0,Não Significativo,1996
13564,2.8451764617334585,0,Não Significativo,1996
14001,4.350323871049454,0,Não Significativo,1996
14005,3.675582972525973,0,Não Significativo,1996
14006,19.46268642469811,1,Alto-Alto (Cluster),1996
14007,6.555055980352053,0,Não Significativo,1996
14008,24.58651749723143,1,Alto-Alto (Cluster),1996
14009,0.1532422451073648,0,Não Significativo,1996
14010,5.69544952259228,0,Não Significativo,1996
14012,0.9728739040862304,0,Não Significativo,1996
14013,0.6004550782063011,0,Não Significativo,1996
14014,3.055248322858653,0,Não Significativo,1996
14017,0.132404642480223,0,Não Significativo,1996
14018,0.0903555143026607,0,Não Significativo,1996
14020,3.650997119776079,0,Não Significativo,1996
14021,1.3374206311133634,0,Não Significativo,1996
14023,2.6283559923368505,0,Não Significativo,1996
14024,1.8138949969162048,0,Não Significativo,1996
14025,4.018344958770466,0,Não Significativo,1996
14026,1.2828076987800965,0,Não Significativo,1996
14028,3.446373501037741,0,Não Significativo,1996
14029,10.734621598744765,0,Não Significativo,1996
14031,0.9138162825080188,0,Não Significativo,1996
14033,1.6258469335980887,3,Baixo-Baixo,1996
14035,0.8346336423650841,0,Não Significativo,1996
14037,0.2299540778975317,0,Não Significativo,1996
14038,1.53331011547988,3,Baixo-Baixo,1996
14040,1.611589105479488,0,Não Significativo,1996
14042,7.00349062963277,0,Não Significativo,1996
14043,16.63807236453022,0,Não Significativo,1996
14044,0.1827736473648056,0,Não Significativo,1996
14045,21.0528547888288,1,Alto-Alto (Cluster),1996
14046,0.0777112081386876,3,Baixo-Baixo,1996
14047,0.2024827063198306,3,Baixo-Baixo,1996
14048,0.0147673273818148,0,Não Significativo,1996
14049,4.480186980876099,0,Não Significativo,1996
14050,1.5930386578950628,0,Não Significativo,1996
14051,0.0035439438851343,0,Não Significativo,1996
14053,0.03720084565098,0,Não Significativo,1996
14056,0.1606490972627841,0,Não Significativo,1996
14057,0.0762213159522181,0,Não Significativo,1996
14058,0.1437876873752554,0,Não Significativo,1996
14061,0.2636661922659595,3,Baixo-Baixo,1996
14062,2.325838460269828,0,Não Significativo,1996
14064,2.303795551267757,0,Não Significativo,1996
14066,1.1621768806536896,0,Não Significativo,1996
14067,3.9383132708533473,0,Não Significativo,1996
14070,5.812590451962672,1,Alto-Alto (Cluster),1996
14071,0.612288831260677,0,Não Significativo,1996
14074,0.0758070247712519,0,Não Significativo,1996
14077,16.356575932909518,1,Alto-Alto (Cluster),1996
14078,8.738497192329945,0,Não Significativo,1996
14080,0.9767064440010416,0,Não Significativo,1996
14083,2.153514119992868,0,Não Significativo,1996
14084,1.2710637733107817,0,Não Significativo,1996
14085,22.646334443102145,1,Alto-Alto (Cluster),1996
14086,0.0075010276394676,0,Não Significativo,1996
14088,0.4572254718926389,0,Não Significativo,1996
14089,20.38597927356078,1,Alto-Alto (Cluster),1996
14090,0.070042637840721,0,Não Significativo,1996
14091,0.0658773800526127,3,Baixo-Baixo,1996
14093,1.807101639592517,0,Não Significativo,1996
14095,0.1804310282377355,0,Não Significativo,1996
14098,0.573124459350527,0,Não Significativo,1996
14099,8.913253052426905,0,Não Significativo,1996
14100,5.792913538853029,1,Alto-Alto (Cluster),1996
14101,0.031160780716541,0,Não Significativo,1996
14104,11.006296953105828,0,Não Significativo,1996
14105,8.264120586959258,0,Não Significativo,1996
14106,0.1030656959134495,0,Não Significativo,1996
14107,3.165920985934543,0,Não Significativo,1996
14110,0.0283898404686613,0,Não Significativo,1996
14111,1.947830029266818,0,Não Significativo,1996
14112,9.879837767980016,0,Não Significativo,1996
14116,0.134894255269189,0,Não Significativo,1996
14117,0.0216555857157097,0,Não Significativo,1996
14118,3.620439442818597,0,Não Significativo,1996
14121,20.415364468910056,1,Alto-Alto (Cluster),1996
14122,4.301479549085107,0,Não Significativo,1996
14125,5.481549508350184,0,Não Significativo,1996
14126,20.151485105518415,1,Alto-Alto (Cluster),1996
14127,0.0941644625083737,0,Não Significativo,1996
14128,0.4149950657165228,0,Não Significativo,1996
14129,0.1637775977740737,0,Não Significativo,1996
14132,4.708509871891477,0,Não Significativo,1996
14134,12.378914746620987,1,Alto-Alto (Cluster),1996
14137,0.022189961674148,0,Não Significativo,1996
14138,1.2384443414848707,0,Não Significativo,1996
14140,3.2890410884327945,0,Não Significativo,1996
14141,5.870532686021985,0,Não Significativo,1996
14143,2.179848837547271,0,Não Significativo,1996
14144,5.757747458677549,0,Não Significativo,1996
14145,23.018298554049004,1,Alto-Alto (Cluster),1996
14146,1.621379937644183,0,Não Significativo,1996
14149,1.3548633315615202,0,Não Significativo,1996
14150,0.148004092197753,0,Não Significativo,1996
14151,7.297429843416332,0,Não Significativo,1996
14153,0.0068902627909343,0,Não Significativo,1996
14154,0.2416179177096856,0,Não Significativo,1996
14155,5.331511048487239,1,Alto-Alto (Cluster),1996
14156,7.0827600101548684,0,Não Significativo,1996
14157,0.2889475494446625,0,Não Significativo,1996
14158,5.041040986692285,1,Alto-Alto (Cluster),1996
14160,0.5469964856421907,0,Não Significativo,1996
14161,0.6445453567159343,0,Não Significativo,1996
14162,0.2883643473100417,0,Não Significativo,1996
14163,0.0263769311071395,0,Não Significativo,1996
14164,0.0073119517293252,0,Não Significativo,1996
14165,0.8787441662978968,0,Não Significativo,1996
14166,19.285347358804945,1,Alto-Alto (Cluster),1996
14167,0.1347053772674161,0,Não Significativo,1996
14169,0.1294686482326618,0,Não Significativo,1996
14171,2.756819289597343,0,Não Significativo,1996
14173,0.0260278029243622,0,Não Significativo,1996
14174,6.790063829031763,0,Não Significativo,1996
14175,0.7016637519201006,0,Não Significativo,1996
14176,7.174852634400381,1,Alto-Alto (Cluster),1996
14178,7.450462087843327,0,Não Significativo,1996
14179,4.431717888529178,1,Alto-Alto (Cluster),1996
14180,2.923664088264037,0,Não Significativo,1996
14181,1.0996241537504932,0,Não Significativo,1996
14182,0.9077966149691404,0,Não Significativo,1996
14183,3.51726804502548,0,Não Significativo,1996
14184,2.928617250444592,0,Não Significativo,1996
14185,0.9072284470737372,0,Não Significativo,1996
14187,15.452474981582109,0,Não Significativo,1996
14188,5.791700926502653,0,Não Significativo,1996
14189,2.1736760394361454,0,Não Significativo,1996
14190,0.0173935821440009,0,Não Significativo,1996
14192,0.0061662733497932,0,Não Significativo,1996
14195,3.57791059752592,0,Não Significativo,1996
14196,7.347799511193091,1,Alto-Alto (Cluster),1996
14198,19.64002196789974,1,Alto-Alto (Cluster),1996
14199,6.563855451422247,1,Alto-Alto (Cluster),1996
14202,0.4715237573761145,0,Não Significativo,1996
14208,0.6008801315322715,0,Não Significativo,1996
14209,7.486802748939527,0,Não Significativo,1996
14212,0.7929878279055094,0,Não Significativo,1996
14214,17.461130035822286,1,Alto-Alto (Cluster),1996
14216,1.053806480677556,0,Não Significativo,1996
14217,0.5303726297509009,3,Baixo-Baixo,1996
14218,0.0166555717207213,3,Baixo-Baixo,1996
14221,10.898216815603712,1,Alto-Alto (Cluster),1996
14222,1.6303855301377177,0,Não Significativo,1996
14224,0.0550223249140229,0,Não Significativo,1996
14225,0.0823336565505262,0,Não Significativo,1996
14230,6.178041047025671,0,Não Significativo,1996
14232,5.016259930335707,0,Não Significativo,1996
14234,1.8114786574010693,0,Não Significativo,1996
14235,3.955274759328571,0,Não Significativo,1996
14236,1.6099072577784996,0,Não Significativo,1996
14238,22.49459456074068,0,Não Significativo,1996
14239,15.740487076052435,1,Alto-Alto (Cluster),1996
14240,12.855585373050005,0,Não Significativo,1996
14241,1.0344906014780824,0,Não Significativo,1996
14242,15.012743927089364,1,Alto-Alto (Cluster),1996
14243,12.00999261228511,1,Alto-Alto (Cluster),1996
14245,0.1830675602615673,0,Não Significativo,1996
14247,1.5921533230255802,0,Não Significativo,1996
14248,26.541408480311738,1,Alto-Alto (Cluster),1996
14249,0.5401971546925397,0,Não Significativo,1996
14250,19.23144658598882,1,Alto-Alto (Cluster),1996
14251,0.779208039420594,0,Não Significativo,1996
14252,4.324348145442884,0,Não Significativo,1996
14254,19.763883701597127,1,Alto-Alto (Cluster),1996
14261,2.533655485286648,0,Não Significativo,1996
14262,18.258846636443607,0,Não Significativo,1996
14263,0.6918003360689668,0,Não Significativo,1996
14264,0.3259832924864802,0,Não Significativo,1996
14267,0.0769590518124615,3,Baixo-Baixo,1996
14268,0.0943762319585287,3,Baixo-Baixo,1996
14270,6.518540605364792,0,Não Significativo,1996
14271,2.9133310912900034,0,Não Significativo,1996
14272,12.907868854232264,1,Alto-Alto (Cluster),1996
14273,0.3652346121938548,3,Baixo-Baixo,1996
14274,6.689686156785705,0,Não Significativo,1996
14275,2.5583163494874754,0,Não Significativo,1996
14279,8.255874499238631,0,Não Significativo,1996
14280,3.022615280928767,0,Não Significativo,1996
14282,1.491840326562881,0,Não Significativo,1996
14283,1.259010426104092,0,Não Significativo,1996
14287,31.467635421219438,1,Alto-Alto (Cluster),1996
1048,0.9517756367061764,0,Não Significativo,1996
1049,3.023189666132288,0,Não Significativo,1996
1050,32.979762720471186,0,Não Significativo,1996
1051,2.2203659181354265,2,Baixo-Alto,1996
1052,5.675262451471853,0,Não Significativo,1996
1053,0.7202628729233862,0,Não Significativo,1996
1055,17.432921425102055,1,Alto-Alto (Cluster),1996
1056,4.836916509733967,0,Não Significativo,1996
1058,8.617795219763122,0,Não Significativo,1996
1059,11.04173254641812,1,Alto-Alto (Cluster),1996
1061,2.233496408485133,2,Baixo-Alto,1996
1062,0.6452905255624006,2,Baixo-Alto,1996
1063,2.6905290807271385,2,Baixo-Alto,1996
1064,1.348697464114516,0,Não Significativo,1996
1065,0.032034649190958,0,Não Significativo,1996
1067,4.515053708007604,0,Não Significativo,1996
1068,0.3626891282258902,0,Não Significativo,1996
1070,20.19595950345126,0,Não Significativo,1996
1071,3.721027021426956,0,Não Significativo,1996
1072,0.3010086183349839,0,Não Significativo,1996
1073,7.694290099981311,0,Não Significativo,1996
1074,9.815494652054753,0,Não Significativo,1996
1075,2.0698807600009284,0,Não Significativo,1996
1077,0.1994635556772305,0,Não Significativo,1996
1078,9.497862034741514,0,Não Significativo,1996
1080,1.122306641928047,0,Não Significativo,1996
1081,2.6603336486010902,0,Não Significativo,1996
1083,1.1219682427700612,2,Baixo-Alto,1996
1084,7.985824432980048,0,Não Significativo,1996
1085,15.9551183274591,0,Não Significativo,1996
1086,1.0398874029467429,0,Não Significativo,1996
1095,0.8255032406776447,0,Não Significativo,1996
1097,0.2743482417932499,0,Não Significativo,1996
1098,0.388252430714705,3,Baixo-Baixo,1996
1103,14.833628636851424,0,Não Significativo,1996
1104,0.0971576683265741,0,Não Significativo,1996
1105,0.3348419835871323,0,Não Significativo,1996
1106,0.5432190938117994,0,Não Significativo,1996
1107,1.003661507844188,0,Não Significativo,1996
1109,0.132221641239342,0,Não Significativo,1996
1111,2.939779756093005,0,Não Significativo,1996
1112,2.0921017252576,0,Não Significativo,1996
1114,0.0684706748866635,0,Não Significativo,1996
16041,5.621030703741643,0,Não Significativo,1996
16057,0.3429300233230877,0,Não Significativo,1996
16069,2.105417337364294,0,Não Significativo,1996
16079,7.359182751753365,1,Alto-Alto (Cluster),1996
16090,2.759042943993099,0,Não Significativo,1996
16095,0.10608975493669,0,Não Significativo,1996
16108,7.479090764034378,0,Não Significativo,1996
16111,4.164236547912319,0,Não Significativo,1996
16121,3.254233716564422,0,Não Significativo,1996
16122,0.1816006433349056,0,Não Significativo,1996
16129,8.237388062700894,0,Não Significativo,1996
16130,4.093225596127531,0,Não Significativo,1996
16132,1.0679061794531484,0,Não Significativo,1996
16150,1.1578302963667566,0,Não Significativo,1996
16151,0.1381970488466033,0,Não Significativo,1996
16155,0.0494741802219251,0,Não Significativo,1996
16172,4.053710879841537,0,Não Significativo,1996
16173,6.884827790451899,0,Não Significativo,1996
16179,1.5761141871837252,0,Não Significativo,1996
16187,20.18498404150591,0,Não Significativo,1996
16191,0.4835389856073863,0,Não Significativo,1996
21001,0.0805943713778122,0,Não Significativo,2005
1005,0.0031188154888683,0,Não Significativo,2005
16014,0.5287885987778485,0,Não Significativo,2005
16023,0.4402665976564783,0,Não Significativo,2005
3020,1.4279054439838046,0,Não Significativo,2005
3025,0.167395587307167,3,Baixo-Baixo,2005
3031,0.3603597938746248,0,Não Significativo,2005
3048,0.2768543080010902,0,Não Significativo,2005
3069,0.0320964754655327,0,Não Significativo,2005
3099,1.867507493178276,0,Não Significativo,2005
4001,6.75933676717937,0,Não Significativo,2005
4004,0.119216293425356,0,Não Significativo,2005
4005,0.7765964057362479,0,Não Significativo,2005
4014,0.1194763560200856,3,Baixo-Baixo,2005
4017,0.7094034037617714,0,Não Significativo,2005
4022,1.8022540595605496,0,Não Significativo,2005
4023,1.888104414040488,0,Não Significativo,2005
4025,0.1385305855293524,0,Não Significativo,2005
4030,0.4606645315464708,0,Não Significativo,2005
4032,2.265639925268209,0,Não Significativo,2005
4033,0.0917261125154295,0,Não Significativo,2005
4034,1.4926033180118117,0,Não Significativo,2005
4035,0.2636068286222406,0,Não Significativo,2005
4040,15.010071049421343,0,Não Significativo,2005
4042,0.5515985055389399,0,Não Significativo,2005
4043,3.64855937366659,0,Não Significativo,2005
4059,0.628700701453451,0,Não Significativo,2005
4060,0.2708950349629844,3,Baixo-Baixo,2005
4078,0.1389255380503374,0,Não Significativo,2005
4086,0.8350934657854169,0,Não Significativo,2005
4099,1.952783603796011,0,Não Significativo,2005
4100,1.5560333296137836,0,Não Significativo,2005
4102,0.3490450044784958,0,Não Significativo,2005
4103,2.750345598320315,0,Não Significativo,2005
4104,0.0624765485760188,0,Não Significativo,2005
4105,2.194778578601316,0,Não Significativo,2005
4108,1.471566607717438,0,Não Significativo,2005
4109,1.0567260750439924,0,Não Significativo,2005
4111,0.1662365674148326,3,Baixo-Baixo,2005
4112,0.5555873377070933,0,Não Significativo,2005
4114,1.0624809575979042,3,Baixo-Baixo,2005
4115,0.1664835756873657,0,Não Significativo,2005
4117,0.7257097798734018,0,Não Significativo,2005
4119,0.3128192866982578,0,Não Significativo,2005
4122,0.0721987572694947,0,Não Significativo,2005
4126,0.1137612411794061,0,Não Significativo,2005
4132,0.152213554914163,0,Não Significativo,2005
4134,0.2404365803381913,0,Não Significativo,2005
4135,0.6074873409019161,0,Não Significativo,2005
4138,0.1359704726699308,0,Não Significativo,2005
4145,1.3559688636190266,0,Não Significativo,2005
4146,0.2455373046266016,0,Não Significativo,2005
4150,0.1397184463970036,0,Não Significativo,2005
4160,0.1351019115855997,0,Não Significativo,2005
4161,0.5224037079768694,0,Não Significativo,2005
4162,2.59306335557715,0,Não Significativo,2005
4166,0.0795668929607744,0,Não Significativo,2005
4167,3.538647224984707,0,Não Significativo,2005
4169,2.0926402447488965,0,Não Significativo,2005
4173,0.2904561151979187,0,Não Significativo,2005
4174,0.8562126056126828,0,Não Significativo,2005
4176,7.609062576407277,0,Não Significativo,2005
4180,0.2953044931366497,0,Não Significativo,2005
4181,0.2408934098408338,3,Baixo-Baixo,2005
4182,1.9785820999553425,0,Não Significativo,2005
4183,2.252129576635119,0,Não Significativo,2005
4188,0.4441938092197794,3,Baixo-Baixo,2005
4190,0.2267452858820877,3,Baixo-Baixo,2005
4192,2.4014503398880565,0,Não Significativo,2005
4198,0.14796097251581,0,Não Significativo,2005
4200,1.2436709493577889,0,Não Significativo,2005
4211,2.0830983962118474,0,Não Significativo,2005
4215,2.4649558216271377,0,Não Significativo,2005
4216,0.0512110821859553,0,Não Significativo,2005
4217,0.7339090378008548,0,Não Significativo,2005
4218,0.1711566873211337,0,Não Significativo,2005
4220,0.0506888353346339,3,Baixo-Baixo,2005
4224,1.9181758106124525,0,Não Significativo,2005
4226,3.276124164842022,0,Não Significativo,2005
4235,0.5486824310800529,3,Baixo-Baixo,2005
5002,2.150482332020491,0,Não Significativo,2005
5003,6.984526531174888,0,Não Significativo,2005
5004,0.3830545177353749,0,Não Significativo,2005
5005,4.848033740088339,0,Não Significativo,2005
5006,1.162577913749387,0,Não Significativo,2005
5007,14.924911989784588,0,Não Significativo,2005
5008,6.00232748772842,0,Não Significativo,2005
5009,1.1527103542962671,0,Não Significativo,2005
5010,15.956381866210336,0,Não Significativo,2005
5011,0.3649623662462448,0,Não Significativo,2005
5012,0.5335402211314151,2,Baixo-Alto,2005
5014,6.839500060008707,0,Não Significativo,2005
5015,5.008245743342452,0,Não Significativo,2005
5016,5.027187725747488,0,Não Significativo,2005
5017,0.4468969373579374,0,Não Significativo,2005
5018,1.8227163535302888,0,Não Significativo,2005
5020,8.536643538102641,0,Não Significativo,2005
5021,4.257650964628692,0,Não Significativo,2005
5023,0.5848923794458579,0,Não Significativo,2005
5025,5.395350550767119,0,Não Significativo,2005
5027,0.2378526128435126,0,Não Significativo,2005
5029,0.8787721289223307,0,Não Significativo,2005
5030,1.5652169467417532,0,Não Significativo,2005
5033,0.0632120995416627,0,Não Significativo,2005
5035,0.3492263265587444,0,Não Significativo,2005
5039,2.2648904946038018,0,Não Significativo,2005
5040,0.3506494167240204,0,Não Significativo,2005
5041,1.3312092646051148,0,Não Significativo,2005
5042,0.276224213097312,0,Não Significativo,2005
5045,2.218420624810409,0,Não Significativo,2005
5046,5.480913180713627,0,Não Significativo,2005
5047,3.4896735264212686,0,Não Significativo,2005
5048,0.3746790491803892,0,Não Significativo,2005
5049,9.711241294699644,0,Não Significativo,2005
5051,7.622784902933961,0,Não Significativo,2005
5052,1.7084134145504015,2,Baixo-Alto,2005
5053,10.382404303097807,0,Não Significativo,2005
5054,8.169834636074793,0,Não Significativo,2005
5055,2.0209428004659435,0,Não Significativo,2005
5056,3.555171329700654,0,Não Significativo,2005
5057,3.585390286003109,0,Não Significativo,2005
5060,1.2198524380794469,0,Não Significativo,2005
5061,0.770499345129608,0,Não Significativo,2005
5062,0.0651415386265099,0,Não Significativo,2005
5064,2.7746608197989864,0,Não Significativo,2005
5066,1.2069312004049964,0,Não Significativo,2005
5067,5.142977869266755,0,Não Significativo,2005
5069,0.3069683464043757,2,Baixo-Alto,2005
5070,14.005430804699646,0,Não Significativo,2005
5071,0.6786227670668346,0,Não Significativo,2005
5072,0.7634987832204235,0,Não Significativo,2005
5073,0.4617548095610065,0,Não Significativo,2005
5074,0.2954991993958606,0,Não Significativo,2005
5075,1.6599029101866245,0,Não Significativo,2005
5076,0.2195136909797821,0,Não Significativo,2005
5079,4.896016146852985,0,Não Significativo,2005
5081,0.8123996116321245,0,Não Significativo,2005
5082,7.639325893472533,0,Não Significativo,2005
5085,2.369785246142072,0,Não Significativo,2005
5086,13.61854045097866,0,Não Significativo,2005
5088,0.3344580490674542,2,Baixo-Alto,2005
5089,9.281705622049468,0,Não Significativo,2005
5090,3.529545040036312,0,Não Significativo,2005
5092,0.3090853694830267,0,Não Significativo,2005
5094,12.768483924512497,0,Não Significativo,2005
5095,6.331693533328587,0,Não Significativo,2005
5096,1.2780621266646064,0,Não Significativo,2005
5097,17.404807213607327,0,Não Significativo,2005
5098,13.943184445567647,0,Não Significativo,2005
5099,9.69024401622462,0,Não Significativo,2005
5101,10.545265547067968,0,Não Significativo,2005
5102,0.2726117918189712,0,Não Significativo,2005
5103,2.092872915445444,0,Não Significativo,2005
5105,5.597174844340269,0,Não Significativo,2005
5107,0.4470561453869213,0,Não Significativo,2005
5108,6.246324540075102,0,Não Significativo,2005
5109,4.383117709050256,0,Não Significativo,2005
5110,0.5007528332406577,0,Não Significativo,2005
5111,3.242414848676445,0,Não Significativo,2005
5112,0.3421173937025867,0,Não Significativo,2005
5113,4.9003056300725865,0,Não Significativo,2005
5114,2.9177715166084943,0,Não Significativo,2005
5116,1.3499210414168332,0,Não Significativo,2005
5117,1.815168659741208,0,Não Significativo,2005
5119,0.8396698562068171,0,Não Significativo,2005
5120,0.0739967725509722,0,Não Significativo,2005
5123,9.06500375708715,0,Não Significativo,2005
5125,0.252777092921821,0,Não Significativo,2005
5126,1.3020406374632243,0,Não Significativo,2005
5127,0.9844279687002756,0,Não Significativo,2005
5128,4.393860644611653,0,Não Significativo,2005
5129,2.0870838061905355,0,Não Significativo,2005
5131,1.1448676146894663,0,Não Significativo,2005
5133,3.6338415060842326,0,Não Significativo,2005
5135,1.8840639058703093,0,Não Significativo,2005
5136,1.1527103542962671,0,Não Significativo,2005
5137,3.256216409018676,0,Não Significativo,2005
5138,0.6558640767078858,0,Não Significativo,2005
5139,0.1584772934053708,0,Não Significativo,2005
5140,4.555903732214352,0,Não Significativo,2005
5141,0.8635333058774347,0,Não Significativo,2005
5144,30.230946762252188,0,Não Significativo,2005
5145,10.545265547067968,0,Não Significativo,2005
5147,1.2684163747652508,0,Não Significativo,2005
6001,0.5310115944909818,0,Não Significativo,2005
6002,1.9927691674094647,0,Não Significativo,2005
6003,0.1172462487247583,0,Não Significativo,2005
6004,0.2122705016184348,3,Baixo-Baixo,2005
6005,3.540077296606545,0,Não Significativo,2005
6006,0.4359014824745662,3,Baixo-Baixo,2005
6007,3.3920437899745592,0,Não Significativo,2005
6009,18.758002158559314,0,Não Significativo,2005
6010,0.1707328707620528,3,Baixo-Baixo,2005
6011,8.157270746306649,1,Alto-Alto (Cluster),2005
6013,1.2228479829478545,0,Não Significativo,2005
6014,3.530535682018036,0,Não Significativo,2005
6015,0.589702349671564,0,Não Significativo,2005
6017,1.256562016122585,0,Não Significativo,2005
6018,0.2358809398686256,0,Não Significativo,2005
6021,0.8408513803947255,0,Não Significativo,2005
6022,0.7511292498609865,0,Não Significativo,2005
6023,2.0787281342782404,0,Não Significativo,2005
6026,11.157853587146606,0,Não Significativo,2005
6027,15.454268474151334,0,Não Significativo,2005
6028,7.350847852740004,1,Alto-Alto (Cluster),2005
6029,2.0092179213493164,0,Não Significativo,2005
6030,0.3681571337187122,3,Baixo-Baixo,2005
6031,2.298327106412249,0,Não Significativo,2005
6033,0.7416821255798577,0,Não Significativo,2005
6034,1.932894418129911,0,Não Significativo,2005
6035,0.5234146402924247,0,Não Significativo,2005
6039,0.4104155547164731,0,Não Significativo,2005
6041,1.7356127675359283,0,Não Significativo,2005
6043,0.3024794954445817,0,Não Significativo,2005
6044,0.1130039802698912,0,Não Significativo,2005
6045,17.309147993924697,0,Não Significativo,2005
6046,2.183410751091637,0,Não Significativo,2005
6047,6.552752542714416,0,Não Significativo,2005
6048,0.3001163743864209,0,Não Significativo,2005
6049,0.3460801434365935,3,Baixo-Baixo,2005
6051,0.2310174153352518,3,Baixo-Baixo,2005
6053,2.8135196442161368,0,Não Significativo,2005
6054,0.959470639916325,0,Não Significativo,2005
6056,1.1651256560568528,0,Não Significativo,2005
6057,4.767806231387113,0,Não Significativo,2005
6059,0.2602635225031293,3,Baixo-Baixo,2005
6060,11.204344643759717,0,Não Significativo,2005
6061,0.0461463947436561,3,Baixo-Baixo,2005
6064,1.3787605782784131,0,Não Significativo,2005
6065,1.2112805020280777,0,Não Significativo,2005
6066,3.3136693955666447,0,Não Significativo,2005
6067,2.2944050465036963,0,Não Significativo,2005
6068,1.73127260199176,0,Não Significativo,2005
6069,3.29539548345874,0,Não Significativo,2005
6070,2.482049179181881,0,Não Significativo,2005
6071,0.6659343027494631,0,Não Significativo,2005
6072,1.0130510527811678,0,Não Significativo,2005
6073,0.0825062197625899,0,Não Significativo,2005
6075,1.3378321962698168,0,Não Significativo,2005
6076,12.250764075181468,0,Não Significativo,2005
6077,1.200465497545684,3,Baixo-Baixo,2005
6078,2.082195590108159,0,Não Significativo,2005
6079,0.2084529236048319,0,Não Significativo,2005
6080,3.236881752636264,0,Não Significativo,2005
6081,0.3028201255070193,0,Não Significativo,2005
6082,1.396315952099351,0,Não Significativo,2005
6083,0.1704082835552808,0,Não Significativo,2005
6084,6.317938806973715,0,Não Significativo,2005
6085,0.3414657415241056,0,Não Significativo,2005
6086,4.070195834261854,0,Não Significativo,2005
6088,2.574231968698384,0,Não Significativo,2005
6090,0.0363236892408798,0,Não Significativo,2005
6091,1.3533179237555772,3,Baixo-Baixo,2005
6092,8.787721289223306,0,Não Significativo,2005
6093,1.567041208917443,0,Não Significativo,2005
6095,5.533009700622082,0,Não Significativo,2005
6098,3.052576868888096,0,Não Significativo,2005
6100,0.4383832270137482,0,Não Significativo,2005
6103,0.0475431880216112,0,Não Significativo,2005
6105,1.5135623763344088,0,Não Significativo,2005
6106,0.2527295784306703,0,Não Significativo,2005
6107,0.7924487370832018,0,Não Significativo,2005
6109,0.3213483167426305,3,Baixo-Baixo,2005
6110,1.9234926427055308,0,Não Significativo,2005
6112,0.8408513803947255,0,Não Significativo,2005
6113,1.133772969904257,0,Não Significativo,2005
6114,3.274979212790767,0,Não Significativo,2005
6116,1.6106874600193664,0,Não Significativo,2005
6118,0.1847377517520151,3,Baixo-Baixo,2005
6119,0.0894558454591594,3,Baixo-Baixo,2005
6121,8.759096789909876,0,Não Significativo,2005
6122,1.219757581746781,0,Não Significativo,2005
6125,1.2194415004869346,0,Não Significativo,2005
6126,0.5637406110067782,0,Não Significativo,2005
6129,2.961500786896841,0,Não Significativo,2005
6131,1.0263521811077605,0,Não Significativo,2005
6132,5.195213899734026,0,Não Significativo,2005
6133,0.1217863548234751,3,Baixo-Baixo,2005
6134,1.0857298841504484,0,Não Significativo,2005
6135,0.2907073204867386,0,Não Significativo,2005
6136,0.0037878109005272,3,Baixo-Baixo,2005
6141,3.971998101185128,0,Não Significativo,2005
6142,0.379501995998313,0,Não Significativo,2005
6143,5.630323941587797,0,Não Significativo,2005
6144,14.722617116437888,0,Não Significativo,2005
6146,2.521981518380324,0,Não Significativo,2005
6147,1.5931759161226442,0,Não Significativo,2005
6149,2.7495324279164945,0,Não Significativo,2005
6151,0.5127846518883166,0,Não Significativo,2005
6152,5.8776889934477206,0,Não Significativo,2005
6153,0.5105155938449115,0,Não Significativo,2005
6154,6.829314830482113,0,Não Significativo,2005
6155,3.087305068314962,0,Não Significativo,2005
6156,2.2223493508283734,0,Não Significativo,2005
6159,2.178244402189009,0,Não Significativo,2005
6160,0.4871454192939007,0,Não Significativo,2005
6161,0.6991790729335237,3,Baixo-Baixo,2005
6163,4.037601673426924,0,Não Significativo,2005
6164,1.117640363467303,0,Não Significativo,2005
6166,0.9814024505482964,0,Não Significativo,2005
6168,11.919515578467784,0,Não Significativo,2005
6169,0.1623061979539924,0,Não Significativo,2005
7002,0.0564663960879915,3,Baixo-Baixo,2005
7003,0.2419509370615738,0,Não Significativo,2005
7006,0.7225113424961932,0,Não Significativo,2005
7013,0.1201667164710394,0,Não Significativo,2005
7018,1.1701665424292131,0,Não Significativo,2005
7020,0.296672850231943,0,Não Significativo,2005
7022,0.7918264765907926,0,Não Significativo,2005
7023,0.5906349311417879,3,Baixo-Baixo,2005
7027,0.0939567685011297,3,Baixo-Baixo,2005
7030,1.0263521811077605,0,Não Significativo,2005
7034,0.2071043372229153,3,Baixo-Baixo,2005
7035,0.0439386064461165,3,Baixo-Baixo,2005
7036,0.589702349671564,0,Não Significativo,2005
7041,0.3195307184873725,3,Baixo-Baixo,2005
7042,0.036681436057488,3,Baixo-Baixo,2005
7043,1.19980626333506,0,Não Significativo,2005
7056,0.3222164472715212,3,Baixo-Baixo,2005
7057,0.4375272883993381,0,Não Significativo,2005
7063,0.0397422883524331,3,Baixo-Baixo,2005
7066,0.0904305459544771,3,Baixo-Baixo,2005
7071,0.9200228255447968,0,Não Significativo,2005
7072,0.4052204211124671,0,Não Significativo,2005
7074,0.052813314370774,3,Baixo-Baixo,2005
7075,1.3418376818873912,0,Não Significativo,2005
7076,0.2375059807898191,3,Baixo-Baixo,2005
7080,0.4481737857503886,0,Não Significativo,2005
7083,0.0903576180948364,3,Baixo-Baixo,2005
7091,0.0368922520635656,3,Baixo-Baixo,2005
7094,0.0647115614738597,0,Não Significativo,2005
7096,0.1858678219804618,0,Não Significativo,2005
7098,0.0749872480340862,0,Não Significativo,2005
7101,1.1028576702562625,0,Não Significativo,2005
7107,0.7779645416704191,0,Não Significativo,2005
7109,0.2350561813376164,3,Baixo-Baixo,2005
7111,0.3961231975874038,3,Baixo-Baixo,2005
7112,0.4458331616517171,0,Não Significativo,2005
7115,0.4752638237013665,3,Baixo-Baixo,2005
7122,0.3165069108406699,0,Não Significativo,2005
7128,0.1801782393333147,3,Baixo-Baixo,2005
7133,0.0569181846266686,3,Baixo-Baixo,2005
7137,0.0215020207460605,3,Baixo-Baixo,2005
7140,0.0403251561769289,0,Não Significativo,2005
7141,0.0347233118269457,3,Baixo-Baixo,2005
7143,1.584679541812913,0,Não Significativo,2005
7145,0.4620348306705037,3,Baixo-Baixo,2005
7148,0.0710935573842621,3,Baixo-Baixo,2005
7149,0.0511322060182987,3,Baixo-Baixo,2005
7158,0.1455109693994768,0,Não Significativo,2005
7160,0.0892420919455174,3,Baixo-Baixo,2005
7161,0.344087359501258,0,Não Significativo,2005
7162,0.0657531962661955,0,Não Significativo,2005
8001,1.853961437903345,0,Não Significativo,2005
8003,5.009309193978839,0,Não Significativo,2005
8007,2.51312403224517,0,Não Significativo,2005
8012,0.1940146258659691,0,Não Significativo,2005
8016,0.8268889035985031,0,Não Significativo,2005
8019,0.873065816396861,0,Não Significativo,2005
8021,2.8560094189975747,0,Não Significativo,2005
8026,2.577420577197546,0,Não Significativo,2005
8027,0.4949968180995047,0,Não Significativo,2005
8028,0.8612101955234216,0,Não Significativo,2005
8031,5.089991888136158,0,Não Significativo,2005
8033,5.834583220149132,0,Não Significativo,2005
8036,19.28458630595476,0,Não Significativo,2005
8039,2.801086160939929,0,Não Significativo,2005
8042,2.037153571592676,0,Não Significativo,2005
8045,0.7292768703038869,0,Não Significativo,2005
8047,6.894981319236749,1,Alto-Alto (Cluster),2005
8051,2.066507369454241,0,Não Significativo,2005
8055,2.9878252383359243,0,Não Significativo,2005
8058,5.272632773533984,0,Não Significativo,2005
8061,1.413632268137908,0,Não Significativo,2005
8062,31.96533618954978,0,Não Significativo,2005
8063,6.894981319236749,0,Não Significativo,2005
8064,2.265410879951417,2,Baixo-Alto,2005
8072,8.34231623757774,0,Não Significativo,2005
8080,1.9551205418641115,0,Não Significativo,2005
8084,8.516366475066768,0,Não Significativo,2005
8090,1.032420607579794,0,Não Significativo,2005
8091,2.5609930614307923,0,Não Significativo,2005
10006,0.9700731293298456,0,Não Significativo,2005
10013,0.0952574892133794,0,Não Significativo,2005
10014,1.3104496659368088,0,Não Significativo,2005
10024,30.55730357389013,1,Alto-Alto (Cluster),2005
10033,19.49300593101428,1,Alto-Alto (Cluster),2005
10038,6.601598597001767,0,Não Significativo,2005
10045,0.3782057263716359,0,Não Significativo,2005
10047,7.617811239540122,1,Alto-Alto (Cluster),2005
10050,0.9608299361013573,0,Não Significativo,2005
10051,2.4160311900290496,0,Não Significativo,2005
10052,1.7104151710871518,0,Não Significativo,2005
10055,4.707707833512486,0,Não Significativo,2005
10056,31.19539111951661,1,Alto-Alto (Cluster),2005
10061,0.6979347052842537,0,Não Significativo,2005
10063,2.3407405244623365,0,Não Significativo,2005
10071,2.36777080207673,0,Não Significativo,2005
10076,1.8830831334049944,0,Não Significativo,2005
10081,0.8258466164803816,0,Não Significativo,2005
10082,4.19155339191011,1,Alto-Alto (Cluster),2005
10085,5.240185802619929,1,Alto-Alto (Cluster),2005
10090,0.1275685374446056,0,Não Significativo,2005
10101,1.035384983581756,0,Não Significativo,2005
10102,7.113869615085534,0,Não Significativo,2005
10105,2.9709001104340573,0,Não Significativo,2005
10107,3.306834127725112,0,Não Significativo,2005
10115,17.082857304387012,1,Alto-Alto (Cluster),2005
10118,0.1445721889517382,0,Não Significativo,2005
10126,5.816533572571915,0,Não Significativo,2005
10132,2.868312228802488,2,Baixo-Alto,2005
10136,0.762632647334751,0,Não Significativo,2005
10140,0.3635561028192161,0,Não Significativo,2005
10141,1.3130091379405917,0,Não Significativo,2005
10148,16.331871937457223,1,Alto-Alto (Cluster),2005
10150,0.913574985513314,0,Não Significativo,2005
10157,1.37056203593391,0,Não Significativo,2005
10170,2.5100242026224384,2,Baixo-Alto,2005
10190,6.5907909669174805,1,Alto-Alto (Cluster),2005
10192,29.641123396189727,1,Alto-Alto (Cluster),2005
10202,2.1747563361334854,0,Não Significativo,2005
10203,2.853095718304861,0,Não Significativo,2005
10213,7.513391211238703,1,Alto-Alto (Cluster),2005
10216,2.859162907498492,0,Não Significativo,2005
10219,1.5794670863449822,2,Baixo-Alto,2005
10222,11.204344643759717,0,Não Significativo,2005
10230,0.8759096789909875,2,Baixo-Alto,2005
10236,21.969303223058265,1,Alto-Alto (Cluster),2005
10253,17.184577674478092,1,Alto-Alto (Cluster),2005
10255,2.406948366006384,0,Não Significativo,2005
10256,1.3845344014531622,2,Baixo-Alto,2005
10263,10.096530842937415,0,Não Significativo,2005
10276,5.008278488050177,0,Não Significativo,2005
10277,8.793468654356873,1,Alto-Alto (Cluster),2005
10278,0.3596900367178078,2,Baixo-Alto,2005
10279,0.6954900461675801,0,Não Significativo,2005
10290,6.9582380285875445,0,Não Significativo,2005
10295,10.219334700969585,0,Não Significativo,2005
10307,15.440439151131956,1,Alto-Alto (Cluster),2005
10315,11.56577511613906,1,Alto-Alto (Cluster),2005
10329,2.516946497720681,0,Não Significativo,2005
11007,1.1126961682964551,0,Não Significativo,2005
11041,1.571249169422576,0,Não Significativo,2005
11069,0.1504948911183306,0,Não Significativo,2005
11078,1.2272540072432636,0,Não Significativo,2005
11087,0.591716261156905,0,Não Significativo,2005
11088,1.5728202093310095,0,Não Significativo,2005
11101,1.2658874099063924,0,Não Significativo,2005
11102,0.9838543921512592,0,Não Significativo,2005
11103,1.694434745947479,0,Não Significativo,2005
11107,3.52600493965109,0,Não Significativo,2005
11123,0.0668085146460206,0,Não Significativo,2005
11127,3.198499755569431,0,Não Significativo,2005
11134,0.9730744954684658,0,Não Significativo,2005
11136,0.9679779389857206,3,Baixo-Baixo,2005
11155,0.6018640767870926,2,Baixo-Alto,2005
11167,29.926618635699768,0,Não Significativo,2005
11171,11.624103953180107,0,Não Significativo,2005
11174,0.137056203593391,0,Não Significativo,2005
11203,0.1588480136635672,0,Não Significativo,2005
11208,2.2428058974815865,0,Não Significativo,2005
11229,1.1391250777110862,0,Não Significativo,2005
11256,6.454735272449189,0,Não Significativo,2005
11261,5.023270972051923,0,Não Significativo,2005
11284,0.4812173791163801,3,Baixo-Baixo,2005
11295,7.556985396308789,1,Alto-Alto (Cluster),2005
11307,0.1060264456471229,0,Não Significativo,2005
11315,0.1146517743029901,0,Não Significativo,2005
11320,0.1092254303349553,0,Não Significativo,2005
11331,0.0411873960682258,2,Baixo-Alto,2005
11339,3.068282421842003,0,Não Significativo,2005
11341,0.3631878328609308,0,Não Significativo,2005
11365,0.9741662648966382,0,Não Significativo,2005
11396,2.7220944171292505,0,Não Significativo,2005
11443,19.592296644825733,0,Não Significativo,2005
11444,0.3036047797519864,0,Não Significativo,2005
11448,0.1348296587696716,0,Não Significativo,2005
11466,1.2352929534093189,0,Não Significativo,2005
11467,6.525971768064,0,Não Significativo,2005
11474,0.3758796078420928,0,Não Significativo,2005
11489,1.6748793445372487,0,Não Significativo,2005
11500,0.8442230661492269,0,Não Significativo,2005
11516,0.5157421467639242,0,Não Significativo,2005
11560,0.1096047409514278,0,Não Significativo,2005
11576,1.4679231599427465,0,Não Significativo,2005
11581,0.1648424988047626,0,Não Significativo,2005
11602,2.364340018612836,0,Não Significativo,2005
11608,4.329902606116082,0,Não Significativo,2005
11626,2.0537659951757004,0,Não Significativo,2005
11674,1.9504473224405456,0,Não Significativo,2005
11700,0.1741607975713945,0,Não Significativo,2005
11703,0.1552199286243217,0,Não Significativo,2005
13001,0.1747266221249078,0,Não Significativo,2005
13002,0.1006453594768445,0,Não Significativo,2005
13003,3.2678869020319,0,Não Significativo,2005
13006,0.0925978896178489,0,Não Significativo,2005
13010,2.049575239712143,0,Não Significativo,2005
13013,0.946570572103282,3,Baixo-Baixo,2005
13015,17.099553671707138,1,Alto-Alto (Cluster),2005
13016,11.45943480202395,0,Não Significativo,2005
13021,21.04683524242157,0,Não Significativo,2005
13024,1.4418017832863277,0,Não Significativo,2005
13027,1.2691005259922008,0,Não Significativo,2005
13029,10.710650592989124,1,Alto-Alto (Cluster),2005
13032,0.4069265826248278,0,Não Significativo,2005
13037,0.1106621457257701,0,Não Significativo,2005
13038,0.4520311179569546,0,Não Significativo,2005
13046,22.97256124536009,1,Alto-Alto (Cluster),2005
13049,11.622764153277714,1,Alto-Alto (Cluster),2005
13052,0.3543249241688626,0,Não Significativo,2005
13053,0.8826662447078063,3,Baixo-Baixo,2005
13057,0.2156755465593785,0,Não Significativo,2005
13058,0.370881980925512,0,Não Significativo,2005
13061,0.72247628779369,3,Baixo-Baixo,2005
13067,0.0126902993876866,0,Não Significativo,2005
13069,0.7425013017733411,0,Não Significativo,2005
13071,0.8999473609445555,0,Não Significativo,2005
13072,0.2026102105562335,0,Não Significativo,2005
13074,0.0852365511126642,3,Baixo-Baixo,2005
13081,1.5727439843073163,0,Não Significativo,2005
13082,1.5868843161059192,0,Não Significativo,2005
13086,0.0405770743096775,0,Não Significativo,2005
13087,0.4004301865811032,0,Não Significativo,2005
13091,0.2768213624153111,0,Não Significativo,2005
13099,1.9431745826846545,0,Não Significativo,2005
13101,3.4227416049365256,0,Não Significativo,2005
13120,17.409799577584348,1,Alto-Alto (Cluster),2005
13121,0.8003519588794499,0,Não Significativo,2005
13123,4.806439551660508,0,Não Significativo,2005
13131,2.201746978310882,3,Baixo-Baixo,2005
13133,0.7068031587105665,0,Não Significativo,2005
13134,5.52975881360644,0,Não Significativo,2005
13140,9.385838445034317,1,Alto-Alto (Cluster),2005
13150,18.794384563725977,1,Alto-Alto (Cluster),2005
13154,39.83766984447899,1,Alto-Alto (Cluster),2005
13155,0.6272551235134901,3,Baixo-Baixo,2005
13156,1.732072601933869,0,Não Significativo,2005
13164,4.051593663556323,0,Não Significativo,2005
13166,0.1004902123378768,0,Não Significativo,2005
13167,1.7558228628810526,2,Baixo-Alto,2005
13168,20.17844059065731,0,Não Significativo,2005
13169,3.1826745072012343,0,Não Significativo,2005
13171,2.9827876414303978,2,Baixo-Alto,2005
13176,15.929327639543112,1,Alto-Alto (Cluster),2005
13177,1.30640058809068,0,Não Significativo,2005
13182,1.2536329671339543,0,Não Significativo,2005
13183,1.3309696661053658,0,Não Significativo,2005
13184,20.870838061905356,1,Alto-Alto (Cluster),2005
13185,6.991982096499933,1,Alto-Alto (Cluster),2005
13187,0.7055559208404506,0,Não Significativo,2005
13190,0.187443552748408,0,Não Significativo,2005
13193,1.0970822843239336,0,Não Significativo,2005
13194,1.2950005367267354,0,Não Significativo,2005
13196,4.248702938742553,1,Alto-Alto (Cluster),2005
13198,0.257349288401027,0,Não Significativo,2005
13206,6.120734555012895,1,Alto-Alto (Cluster),2005
13208,0.8640327467715224,0,Não Significativo,2005
13209,0.0460847080463124,0,Não Significativo,2005
13213,0.3177249848341827,0,Não Significativo,2005
13215,0.3738831949198203,0,Não Significativo,2005
13218,0.1674372798569322,0,Não Significativo,2005
13220,0.0971966570701341,0,Não Significativo,2005
13223,2.339949641610077,0,Não Significativo,2005
13225,14.167769834048114,0,Não Significativo,2005
13226,9.28237004059599,1,Alto-Alto (Cluster),2005
13227,0.2408457424543064,0,Não Significativo,2005
13236,4.175532165376292,0,Não Significativo,2005
13238,2.154882827573991,0,Não Significativo,2005
13240,1.0083493506098369,0,Não Significativo,2005
13243,1.32981591715755,0,Não Significativo,2005
13245,0.529537172269615,0,Não Significativo,2005
13260,1.9384896388139712,0,Não Significativo,2005
13261,1.1462245159856488,0,Não Significativo,2005
13265,16.536777722461718,1,Alto-Alto (Cluster),2005
13270,0.0327628382779659,0,Não Significativo,2005
13273,0.3255893830369696,3,Baixo-Baixo,2005
13274,1.7624811799172586,0,Não Significativo,2005
13278,0.268830343105879,0,Não Significativo,2005
13285,6.036997310179824,0,Não Significativo,2005
13289,2.302463493547481,0,Não Significativo,2005
13291,0.3698820790237045,0,Não Significativo,2005
13294,0.1894225637152953,0,Não Significativo,2005
13298,9.824063694659989,0,Não Significativo,2005
13299,28.78411919748975,1,Alto-Alto (Cluster),2005
13300,9.562740805484822,1,Alto-Alto (Cluster),2005
13303,7.32961256466974,0,Não Significativo,2005
13305,5.885407560740495,0,Não Significativo,2005
13307,17.01925768672362,1,Alto-Alto (Cluster),2005
13308,5.1072523020733565,0,Não Significativo,2005
13311,1.049153725937291,0,Não Significativo,2005
13312,28.44232897861369,1,Alto-Alto (Cluster),2005
13313,12.699622813767869,1,Alto-Alto (Cluster),2005
13314,2.8046414272994906,0,Não Significativo,2005
13317,4.430345845693838,1,Alto-Alto (Cluster),2005
13319,3.4882766636860887,0,Não Significativo,2005
13320,0.1320877647363361,0,Não Significativo,2005
13324,0.9436032207983592,0,Não Significativo,2005
13325,2.5744432137311017,0,Não Significativo,2005
13327,9.099975345185555,1,Alto-Alto (Cluster),2005
13333,5.442304623562704,0,Não Significativo,2005
13336,0.2140950756926198,0,Não Significativo,2005
13338,0.9646443946413876,0,Não Significativo,2005
13339,4.528151409450756,0,Não Significativo,2005
13342,7.020266067518619,0,Não Significativo,2005
13343,1.6197101039045487,2,Baixo-Alto,2005
13345,0.1897031897356142,0,Não Significativo,2005
13346,5.194067053398544,1,Alto-Alto (Cluster),2005
13349,2.7495324279164945,0,Não Significativo,2005
13350,9.900851274523845,0,Não Significativo,2005
13352,0.5363782010310503,0,Não Significativo,2005
13358,0.0316943379477662,0,Não Significativo,2005
13365,2.018800836713462,0,Não Significativo,2005
13367,0.5425832757268627,0,Não Significativo,2005
13368,2.057940852935458,0,Não Significativo,2005
13369,0.739632497597962,2,Baixo-Alto,2005
13371,24.357270964695036,1,Alto-Alto (Cluster),2005
13373,3.874701317726703,0,Não Significativo,2005
13377,18.05526652805962,0,Não Significativo,2005
13378,0.2768597516612335,0,Não Significativo,2005
13381,9.79647674363864,1,Alto-Alto (Cluster),2005
13383,12.63173015080013,0,Não Significativo,2005
13385,2.87327725189376,0,Não Significativo,2005
13386,0.4503329161703837,0,Não Significativo,2005
13388,12.577374717036164,1,Alto-Alto (Cluster),2005
13395,1.0550230361355664,0,Não Significativo,2005
13401,2.8805495981297145,0,Não Significativo,2005
13404,0.0876548997407167,3,Baixo-Baixo,2005
13409,3.0325920737097345,0,Não Significativo,2005
13410,2.9312865082734336,0,Não Significativo,2005
13413,6.050258676146487,0,Não Significativo,2005
13420,0.4712658104630796,2,Baixo-Alto,2005
13421,17.539864759461903,1,Alto-Alto (Cluster),2005
13424,1.2746694702798311,0,Não Significativo,2005
13430,6.940323792910134,0,Não Significativo,2005
13431,0.0565269326796227,0,Não Significativo,2005
13432,4.176180640631048,0,Não Significativo,2005
13433,0.1339351460613199,0,Não Significativo,2005
13435,0.1070905103346209,0,Não Significativo,2005
13440,0.2097602666621682,0,Não Significativo,2005
13442,3.134082417834886,0,Não Significativo,2005
13448,1.045303290379915,0,Não Significativo,2005
13450,3.1500364158988203,0,Não Significativo,2005
13457,0.0427266225133839,0,Não Significativo,2005
13459,11.22931549357697,0,Não Significativo,2005
13461,0.1705163420737052,3,Baixo-Baixo,2005
13462,0.761552737043991,2,Baixo-Alto,2005
13464,3.1036965772187584,0,Não Significativo,2005
13468,0.2106475774348508,0,Não Significativo,2005
13472,0.1053968571345496,2,Baixo-Alto,2005
13474,37.49951253638508,1,Alto-Alto (Cluster),2005
13477,24.00930995091368,0,Não Significativo,2005
13478,3.2168331199720286,0,Não Significativo,2005
13481,0.6495272257252009,2,Baixo-Alto,2005
13486,12.047682412644855,0,Não Significativo,2005
13487,2.953369263593994,2,Baixo-Alto,2005
13489,32.491076447694695,1,Alto-Alto (Cluster),2005
13494,1.804121244214916,0,Não Significativo,2005
13497,1.2819616297207914,0,Não Significativo,2005
13498,0.7208677620065993,0,Não Significativo,2005
13504,14.190199021120486,0,Não Significativo,2005
13505,2.1650907524173366,0,Não Significativo,2005
13522,2.399217268471032,0,Não Significativo,2005
13536,1.6003548237225305,0,Não Significativo,2005
13539,0.2840858175395465,3,Baixo-Baixo,2005
13540,0.7912672771016749,0,Não Significativo,2005
13541,2.5255325231466115,0,Não Significativo,2005
13546,3.476799825693769,0,Não Significativo,2005
13553,10.913322704960764,0,Não Significativo,2005
13554,25.41399505155219,1,Alto-Alto (Cluster),2005
13561,31.389603671233445,1,Alto-Alto (Cluster),2005
14001,2.6406311435374783,0,Não Significativo,2005
14005,1.151023138222014,3,Baixo-Baixo,2005
14006,8.27816214856579,0,Não Significativo,2005
14007,2.6587331565180263,0,Não Significativo,2005
14008,0.4605414161439264,0,Não Significativo,2005
14009,0.0112380588202203,3,Baixo-Baixo,2005
14010,0.3580806853230973,0,Não Significativo,2005
14012,0.0306310094403559,3,Baixo-Baixo,2005
14013,0.0590226564054112,3,Baixo-Baixo,2005
14014,0.0589125944395333,0,Não Significativo,2005
14020,0.3971673567061668,0,Não Significativo,2005
14021,0.0714335010759306,3,Baixo-Baixo,2005
14023,0.3561174300757955,3,Baixo-Baixo,2005
14024,0.0024663147610604,3,Baixo-Baixo,2005
14025,2.4608707761387474,3,Baixo-Baixo,2005
14026,0.9367566833307304,0,Não Significativo,2005
14028,0.7693280634694484,0,Não Significativo,2005
14029,0.3364269262082646,0,Não Significativo,2005
14031,0.497473399656331,0,Não Significativo,2005
14035,0.0724715593266189,0,Não Significativo,2005
14037,0.158862807887723,0,Não Significativo,2005
14038,0.2294589313864777,3,Baixo-Baixo,2005
14040,0.065200768976234,3,Baixo-Baixo,2005
14042,1.349122829759811,3,Baixo-Baixo,2005
14043,2.893479187970128,0,Não Significativo,2005
14044,0.0061268614164293,3,Baixo-Baixo,2005
14045,1.6393269952259693,0,Não Significativo,2005
14047,0.4014304744571981,3,Baixo-Baixo,2005
14048,0.1130667000732601,3,Baixo-Baixo,2005
14049,0.1134042980137623,3,Baixo-Baixo,2005
14050,0.140694578295882,3,Baixo-Baixo,2005
14053,0.0234513970278711,3,Baixo-Baixo,2005
14056,0.0568192027829728,3,Baixo-Baixo,2005
14057,0.2037462277998433,0,Não Significativo,2005
14061,0.1613902782567549,3,Baixo-Baixo,2005
14062,2.240868928751943,0,Não Significativo,2005
14064,0.0540222255940006,3,Baixo-Baixo,2005
14066,0.0086467176259761,3,Baixo-Baixo,2005
14067,1.0602142925586409,0,Não Significativo,2005
14070,1.1167352787650624,0,Não Significativo,2005
14071,0.1147062705759678,3,Baixo-Baixo,2005
14072,0.7799936339283132,0,Não Significativo,2005
14074,0.1990043807282106,3,Baixo-Baixo,2005
14077,3.1881471509897823,0,Não Significativo,2005
14078,1.1531057952411372,0,Não Significativo,2005
14080,0.0673287441974594,0,Não Significativo,2005
14084,0.909465270579966,3,Baixo-Baixo,2005
14085,1.348093805836633,0,Não Significativo,2005
14088,0.0412204795311506,3,Baixo-Baixo,2005
14089,8.242276519547378,0,Não Significativo,2005
14093,0.0617416456792238,3,Baixo-Baixo,2005
14097,0.222367022932203,3,Baixo-Baixo,2005
14098,0.2716369390571481,0,Não Significativo,2005
14099,2.97802739927338,0,Não Significativo,2005
14100,0.631739126108079,3,Baixo-Baixo,2005
14104,1.4929351021368014,3,Baixo-Baixo,2005
14105,0.5282132000998572,0,Não Significativo,2005
14106,2.2339543082739524,3,Baixo-Baixo,2005
14107,0.0941838364506438,0,Não Significativo,2005
14110,1.711089343540397,0,Não Significativo,2005
14111,0.7589733882309715,0,Não Significativo,2005
14112,6.872860750358863,0,Não Significativo,2005
14117,0.1179133188411585,3,Baixo-Baixo,2005
14118,1.6445738575636548,0,Não Significativo,2005
14121,2.812143845763918,0,Não Significativo,2005
14122,0.1373321878940956,3,Baixo-Baixo,2005
14125,1.5442287389108058,3,Baixo-Baixo,2005
14126,9.475132891128723,0,Não Significativo,2005
14128,0.0199863443520508,3,Baixo-Baixo,2005
14129,0.1787638679308653,3,Baixo-Baixo,2005
14134,2.258116265052256,0,Não Significativo,2005
14137,0.0430274371880173,0,Não Significativo,2005
14138,0.7053491091569266,0,Não Significativo,2005
14140,0.3388410678556366,3,Baixo-Baixo,2005
14141,1.8916574912722328,0,Não Significativo,2005
14142,0.7662714155121807,0,Não Significativo,2005
14144,0.8386799389018837,0,Não Significativo,2005
14145,2.616309315530582,0,Não Significativo,2005
14146,0.3201927454100083,3,Baixo-Baixo,2005
14148,0.592974279055145,0,Não Significativo,2005
14149,0.1614743534275331,3,Baixo-Baixo,2005
14151,0.0323824989704038,0,Não Significativo,2005
14154,0.2068706570803927,3,Baixo-Baixo,2005
14155,0.8041395677339509,0,Não Significativo,2005
14156,0.4543255226408045,0,Não Significativo,2005
14157,0.0327739982931572,3,Baixo-Baixo,2005
14158,3.5869845013370365,0,Não Significativo,2005
14160,0.0032984271260378,0,Não Significativo,2005
14163,0.0387352921234544,3,Baixo-Baixo,2005
14164,0.0052257039031877,3,Baixo-Baixo,2005
14165,1.0323413369557477,0,Não Significativo,2005
14166,1.1138371214259868,0,Não Significativo,2005
14167,0.0009161548391226,3,Baixo-Baixo,2005
14171,0.1340014037307495,3,Baixo-Baixo,2005
14173,0.0171383147389863,0,Não Significativo,2005
14174,2.7164886167334665,0,Não Significativo,2005
14175,0.2030313478056975,0,Não Significativo,2005
14176,2.602203467362907,0,Não Significativo,2005
14178,1.038882210826121,0,Não Significativo,2005
14179,1.721765874894488,0,Não Significativo,2005
14181,0.1288225886031585,3,Baixo-Baixo,2005
14182,0.0570911630407585,3,Baixo-Baixo,2005
14183,0.4972407972822,3,Baixo-Baixo,2005
14184,1.2566962426905626,0,Não Significativo,2005
14185,0.3543864532190617,3,Baixo-Baixo,2005
14186,0.4235246510587683,0,Não Significativo,2005
14187,5.189198599965905,0,Não Significativo,2005
14188,0.3192727387089585,3,Baixo-Baixo,2005
14189,0.0765279165435582,3,Baixo-Baixo,2005
14195,0.211582374539887,0,Não Significativo,2005
14196,0.7655602467633925,0,Não Significativo,2005
14198,3.288624785371211,0,Não Significativo,2005
14199,1.0315888727135198,0,Não Significativo,2005
14202,0.0345795318463856,3,Baixo-Baixo,2005
14208,0.037680027723629,0,Não Significativo,2005
14212,0.1466317341423124,0,Não Significativo,2005
14214,0.0881075594528942,0,Não Significativo,2005
14221,2.009620736176764,0,Não Significativo,2005
14222,0.0775582349011118,3,Baixo-Baixo,2005
14224,0.3712267333996132,3,Baixo-Baixo,2005
14230,0.392331881310524,0,Não Significativo,2005
14234,0.3674459176440015,3,Baixo-Baixo,2005
14235,0.2023586344961682,3,Baixo-Baixo,2005
14236,0.0640248265357698,0,Não Significativo,2005
14238,2.256130991340423,0,Não Significativo,2005
14239,1.344162913807484,0,Não Significativo,2005
14240,1.4166111233037335,0,Não Significativo,2005
14241,0.6026423825228362,3,Baixo-Baixo,2005
14242,5.476219278474935,0,Não Significativo,2005
14243,1.460977860525195,0,Não Significativo,2005
14245,0.0804635246145152,3,Baixo-Baixo,2005
14247,4.939526077941697,0,Não Significativo,2005
14248,8.003977495378322,0,Não Significativo,2005
14249,0.2457632078034594,3,Baixo-Baixo,2005
14250,5.616212854014895,0,Não Significativo,2005
14251,0.0349094437279016,3,Baixo-Baixo,2005
14252,0.2863455807752539,3,Baixo-Baixo,2005
14254,1.975784507349252,0,Não Significativo,2005
14261,0.0215748224016939,3,Baixo-Baixo,2005
14263,0.0319064383120627,3,Baixo-Baixo,2005
14265,0.0595579781728091,0,Não Significativo,2005
14270,0.6061522038889449,0,Não Significativo,2005
14271,0.3853821821976513,0,Não Significativo,2005
14272,2.344571112577486,0,Não Significativo,2005
14273,0.0069224581531368,3,Baixo-Baixo,2005
14274,3.21179436541772,0,Não Significativo,2005
14275,0.2306268102810204,0,Não Significativo,2005
14278,0.1983508677806544,0,Não Significativo,2005
14279,0.9293712291775532,0,Não Significativo,2005
14280,0.2222667749514254,3,Baixo-Baixo,2005
14282,0.8137552193329644,0,Não Significativo,2005
14283,0.4193831336269018,3,Baixo-Baixo,2005
14287,5.206278246858338,0,Não Significativo,2005
1048,0.5606884406262332,0,Não Significativo,2005
1049,0.1978366517224906,0,Não Significativo,2005
1052,0.2018382822253018,3,Baixo-Baixo,2005
1055,5.8188309199636095,4,Alto-Baixo,2005
1056,0.219925761216932,0,Não Significativo,2005
1058,0.5975650476671849,0,Não Significativo,2005
1059,0.4305085835391649,0,Não Significativo,2005
1061,0.7819485051912914,0,Não Significativo,2005
1062,1.2775763561869689,0,Não Significativo,2005
1063,0.4829719120107641,0,Não Significativo,2005
1064,0.0212314077289492,3,Baixo-Baixo,2005
1065,3.2321413572596964,0,Não Significativo,2005
1068,4.654513394715734,0,Não Significativo,2005
1071,1.1344017863706604,3,Baixo-Baixo,2005
1072,0.0005465156299162,3,Baixo-Baixo,2005
1073,1.5493674417305243,0,Não Significativo,2005
1074,1.0712076057655633,3,Baixo-Baixo,2005
1075,4.076159943159515,0,Não Significativo,2005
1078,0.2053689774975596,0,Não Significativo,2005
1081,0.5587143612794809,3,Baixo-Baixo,2005
1083,0.4772260845325675,0,Não Significativo,2005
1084,1.337044777645599,0,Não Significativo,2005
1085,13.510061869485188,0,Não Significativo,2005
1086,0.2712289383748078,0,Não Significativo,2005
1088,0.9255327027267612,0,Não Significativo,2005
1095,0.0874314837593423,0,Não Significativo,2005
1097,1.375586743018759,0,Não Significativo,2005
1098,1.628359091905493,0,Não Significativo,2005
1099,6.741449519516352,0,Não Significativo,2005
1100,6.115121062957049,0,Não Significativo,2005
1103,0.0165860964730373,0,Não Significativo,2005
1105,0.3149357916292,0,Não Significativo,2005
1106,6.876875078562874,0,Não Significativo,2005
1107,1.4790227538796452,0,Não Significativo,2005
1109,2.78388864116468,0,Não Significativo,2005
1110,1.204137455169966,0,Não Significativo,2005
1111,8.484193660983166,0,Não Significativo,2005
1112,4.915011094535008,0,Não Significativo,2005
1117,0.31195132624881,0,Não Significativo,2005
1118,1.3265644978215632,0,Não Significativo,2005
16041,10.964599423946058,0,Não Significativo,2005
16045,0.2463982548520472,0,Não Significativo,2005
16056,0.4359708350943025,0,Não Significativo,2005
16057,3.2522612274523026,0,Não Significativo,2005
16060,0.7601963968287485,0,Não Significativo,2005
16066,0.7744173963037029,0,Não Significativo,2005
16069,0.3195613045495055,0,Não Significativo,2005
16074,1.306629112974894,0,Não Significativo,2005
16079,2.6584723122792973,0,Não Significativo,2005
16081,1.1316621697602356,0,Não Significativo,2005
16082,0.8494250959488218,0,Não Significativo,2005
16086,2.626659550185428,0,Não Significativo,2005
16090,0.788215676588581,0,Não Significativo,2005
16091,0.8593021030578394,0,Não Significativo,2005
16095,4.471800523008312,0,Não Significativo,2005
16096,7.773584136058713,0,Não Significativo,2005
16098,2.907997846471987,0,Não Significativo,2005
16099,1.1163662546877695,0,Não Significativo,2005
16101,0.0369678679475162,0,Não Significativo,2005
16108,0.8454613655610704,0,Não Significativo,2005
16111,0.3562589711847286,0,Não Significativo,2005
16115,0.1233466810929227,0,Não Significativo,2005
16121,1.7341437935156925,0,Não Significativo,2005
16122,0.9657945911273678,0,Não Significativo,2005
16130,5.362753498135712,0,Não Significativo,2005
16132,3.300149310509913,0,Não Significativo,2005
16147,4.96002608735608,0,Não Significativo,2005
16151,0.5480299384975604,0,Não Significativo,2005
16155,2.751562391628576,0,Não Significativo,2005
16173,12.693375195544776,0,Não Significativo,2005
16176,0.1658567509615275,0,Não Significativo,2005
16177,0.615526703078936,0,Não Significativo,2005
16180,0.3811301449500929,0,Não Significativo,2005
16187,0.2813285922207953,0,Não Significativo,2005
16203,1.7474657573326844,0,Não Significativo,2005
1001,0.424403958237705,0,Não Significativo,2024
2062,0.0281283759858149,0,Não Significativo,2024
16006,0.2207950279799102,0,Não Significativo,2024
16014,0.4769836980234224,0,Não Significativo,2024
16023,4.391161337700718,0,Não Significativo,2024
16026,0.0266620745110856,0,Não Significativo,2024
3020,1.9024393655669212,0,Não Significativo,2024
3099,3.1525691648513248,0,Não Significativo,2024
4001,0.2865445455431535,0,Não Significativo,2024
4005,0.0846572536414005,0,Não Significativo,2024
4017,1.0129836432962147,0,Não Significativo,2024
4020,1.386442897579416,0,Não Significativo,2024
4023,0.1865079366010975,0,Não Significativo,2024
4025,1.2661534253913165,0,Não Significativo,2024
4040,1.1236582543931863,3,Baixo-Baixo,2024
4043,0.418132541532302,0,Não Significativo,2024
4096,0.773207711678042,0,Não Significativo,2024
4099,0.0108128732447579,3,Baixo-Baixo,2024
4102,0.225104534859201,0,Não Significativo,2024
4106,0.0530135229113624,3,Baixo-Baixo,2024
4109,0.1191289130785917,0,Não Significativo,2024
4110,0.0764836518833594,3,Baixo-Baixo,2024
4114,0.05506870849843,0,Não Significativo,2024
4115,0.295188283050618,0,Não Significativo,2024
4117,0.1746096463248379,3,Baixo-Baixo,2024
4119,0.4704766456020741,0,Não Significativo,2024
4124,0.1589515029820696,3,Baixo-Baixo,2024
4125,1.5882469051397128,0,Não Significativo,2024
4127,0.0865937311263088,3,Baixo-Baixo,2024
4132,0.0852121232813722,3,Baixo-Baixo,2024
4136,0.0302870565976123,3,Baixo-Baixo,2024
4138,0.1088223152804132,3,Baixo-Baixo,2024
4142,0.0786403522700415,3,Baixo-Baixo,2024
4145,0.0040059225136238,3,Baixo-Baixo,2024
4146,0.1733898405903192,0,Não Significativo,2024
4148,0.0584582777089822,3,Baixo-Baixo,2024
4160,0.0536351944708755,0,Não Significativo,2024
4161,0.1097125348577523,0,Não Significativo,2024
4162,0.0894779657496162,3,Baixo-Baixo,2024
4163,0.0399151524844322,3,Baixo-Baixo,2024
4166,0.1242460095002083,0,Não Significativo,2024
4167,0.0563019968228814,0,Não Significativo,2024
4168,0.2147647142525204,3,Baixo-Baixo,2024
4170,0.084359054194017,3,Baixo-Baixo,2024
4172,0.2724339100868299,3,Baixo-Baixo,2024
4176,0.5322020331257634,0,Não Significativo,2024
4183,0.2319045632679285,3,Baixo-Baixo,2024
4187,0.046305909598629,0,Não Significativo,2024
4188,0.407707326362455,0,Não Significativo,2024
4190,1.2800743304897877,0,Não Significativo,2024
4191,0.5363422186734179,0,Não Significativo,2024
4192,0.1035758789430042,3,Baixo-Baixo,2024
4193,0.0750053964267902,3,Baixo-Baixo,2024
4199,0.0763083797496499,3,Baixo-Baixo,2024
4200,0.4284677385334536,3,Baixo-Baixo,2024
4206,0.1123864092907594,0,Não Significativo,2024
4207,0.002467238184257,3,Baixo-Baixo,2024
4208,0.0733666525160752,3,Baixo-Baixo,2024
4211,0.0575262627462108,3,Baixo-Baixo,2024
4213,0.0175214762542367,0,Não Significativo,2024
4218,0.037175877313932,3,Baixo-Baixo,2024
4224,0.1333010742104078,3,Baixo-Baixo,2024
4226,13.283300394749174,0,Não Significativo,2024
4227,0.0287100834701653,3,Baixo-Baixo,2024
4228,0.2606346003311636,3,Baixo-Baixo,2024
5001,4.697112137522867,0,Não Significativo,2024
5002,0.0373487883712061,0,Não Significativo,2024
5003,0.733923771487948,0,Não Significativo,2024
5005,0.3018459292355076,0,Não Significativo,2024
5008,0.478981829813187,0,Não Significativo,2024
5009,0.2729416596621846,0,Não Significativo,2024
5010,0.4155550121666919,2,Baixo-Alto,2024
5014,0.0216527593777077,0,Não Significativo,2024
5015,0.7601978921856072,0,Não Significativo,2024
5016,2.0683306287387624,0,Não Significativo,2024
5017,0.0992798701794606,0,Não Significativo,2024
5018,0.5413028857368359,0,Não Significativo,2024
5022,2.826290300139924,0,Não Significativo,2024
5025,0.1680327689521889,0,Não Significativo,2024
5026,4.469071537096254,0,Não Significativo,2024
5028,0.0505030786151529,0,Não Significativo,2024
5032,1.4283538871110737,0,Não Significativo,2024
5039,3.370612876463168,0,Não Significativo,2024
5040,0.2643921109519274,0,Não Significativo,2024
5041,1.5512479715540717,0,Não Significativo,2024
5047,0.2686143673686704,0,Não Significativo,2024
5050,2.313725788080649,0,Não Significativo,2024
5052,0.0783188878352027,0,Não Significativo,2024
5053,1.345255693488626,0,Não Significativo,2024
5057,0.7913612840391787,0,Não Significativo,2024
5063,2.333501222166809,0,Não Significativo,2024
5067,2.9044642871650703,0,Não Significativo,2024
5068,0.0553164038806865,0,Não Significativo,2024
5071,0.0547902153308281,0,Não Significativo,2024
5073,0.4026838392234758,0,Não Significativo,2024
5074,0.0953947040508444,0,Não Significativo,2024
5076,0.0804655593850623,0,Não Significativo,2024
5086,0.2118895172631095,0,Não Significativo,2024
5095,0.4414496715069299,0,Não Significativo,2024
5096,0.0528493308156245,0,Não Significativo,2024
5102,0.5909516082110751,0,Não Significativo,2024
5105,1.4347879136295918,0,Não Significativo,2024
5107,0.1374721263814283,0,Não Significativo,2024
5109,0.9546141363409671,0,Não Significativo,2024
5113,2.0450909587529336,0,Não Significativo,2024
5114,0.0702211015929826,0,Não Significativo,2024
5115,1.5512479715540717,0,Não Significativo,2024
5121,1.3000935380643648,0,Não Significativo,2024
5123,5.144519370520381,0,Não Significativo,2024
5124,8.531863843547395,0,Não Significativo,2024
5125,0.2529716404850745,0,Não Significativo,2024
5126,1.4833119754440356,0,Não Significativo,2024
5129,0.5426284784084658,0,Não Significativo,2024
5130,0.2402495978471635,0,Não Significativo,2024
5131,0.6741225752926336,0,Não Significativo,2024
5137,0.7398906314187443,0,Não Significativo,2024
5140,4.691059157964203,0,Não Significativo,2024
5144,0.5151314018745596,0,Não Significativo,2024
5147,0.3760601143161386,0,Não Significativo,2024
6003,0.0264016674396592,0,Não Significativo,2024
6005,0.2208896787973435,3,Baixo-Baixo,2024
6006,0.0343940089435017,0,Não Significativo,2024
6007,2.6455391762937657,0,Não Significativo,2024
6011,0.0813388449504007,0,Não Significativo,2024
6014,0.1337544792247289,0,Não Significativo,2024
6018,1.6361721397408675,0,Não Significativo,2024
6019,0.1361558163741854,0,Não Significativo,2024
6021,0.0580645774124875,0,Não Significativo,2024
6022,0.1178841290991004,0,Não Significativo,2024
6023,0.0294138809516824,0,Não Significativo,2024
6029,0.148703509255728,0,Não Significativo,2024
6030,0.1818191548971208,0,Não Significativo,2024
6036,0.4550327383225277,0,Não Significativo,2024
6043,0.0679153340779892,0,Não Significativo,2024
6045,0.3473532353607081,0,Não Significativo,2024
6047,0.4490454654498628,0,Não Significativo,2024
6053,0.2636779112796104,0,Não Significativo,2024
6055,0.0752120228632277,0,Não Significativo,2024
6059,0.55763815970898,0,Não Significativo,2024
6061,0.2298145143043069,0,Não Significativo,2024
6064,1.2409983772432571,3,Baixo-Baixo,2024
6069,0.2117946866520895,0,Não Significativo,2024
6073,0.1195881046839757,0,Não Significativo,2024
6077,0.6777083336718498,0,Não Significativo,2024
6080,1.6631313535180106,0,Não Significativo,2024
6081,0.1080837858248284,0,Não Significativo,2024
6082,0.311666259125019,0,Não Significativo,2024
6084,0.311666259125019,0,Não Significativo,2024
6088,0.5726956660809845,0,Não Significativo,2024
6089,0.2966798619869781,0,Não Significativo,2024
6091,0.0389416121799339,3,Baixo-Baixo,2024
6095,0.1763692784195843,0,Não Significativo,2024
6109,0.2229459766401409,0,Não Significativo,2024
6118,0.9286382414745464,0,Não Significativo,2024
6119,0.6894435429129209,0,Não Significativo,2024
6129,1.0168329347989449,0,Não Significativo,2024
6132,0.0564090171474208,0,Não Significativo,2024
6133,1.4331739789685911,0,Não Significativo,2024
6134,0.0182793012180983,3,Baixo-Baixo,2024
6140,1.0111838629389505,0,Não Significativo,2024
6141,2.241540582869595,0,Não Significativo,2024
6143,0.1296389567870449,0,Não Significativo,2024
6147,0.0696301053286194,3,Baixo-Baixo,2024
6150,1.0394148844930835,0,Não Significativo,2024
6151,1.6519340335141273,0,Não Significativo,2024
6153,0.7763025719413202,0,Não Significativo,2024
6164,1.0091451857959284,0,Não Significativo,2024
6167,0.211479196741686,0,Não Significativo,2024
6168,3.114153201080101,0,Não Significativo,2024
6169,0.048849461977727,3,Baixo-Baixo,2024
7002,0.1011858435229103,0,Não Significativo,2024
7013,0.0310984648935571,0,Não Significativo,2024
7063,0.0225486986284701,3,Baixo-Baixo,2024
7064,0.6746778657170922,0,Não Significativo,2024
7078,0.0431446970596581,3,Baixo-Baixo,2024
7107,0.0989900991619139,0,Não Significativo,2024
7133,0.0716869221461248,0,Não Significativo,2024
7143,0.119056184804429,0,Não Significativo,2024
7162,1.1841000625493288,0,Não Significativo,2024
8001,0.3874974657247803,0,Não Significativo,2024
8051,0.2764056117372985,0,Não Significativo,2024
8071,0.2626451592049222,0,Não Significativo,2024
10024,0.5687909229031597,0,Não Significativo,2024
10030,6.456050593203584,1,Alto-Alto (Cluster),2024
10038,3.533873609855779,1,Alto-Alto (Cluster),2024
10047,5.697477929969645,1,Alto-Alto (Cluster),2024
10056,0.3261883428835324,0,Não Significativo,2024
10061,0.6430476113575425,0,Não Significativo,2024
10063,0.6703487600508659,0,Não Significativo,2024
10076,6.397774677836488,0,Não Significativo,2024
10085,1.208556007571735,2,Baixo-Alto,2024
10095,7.300377386857269,0,Não Significativo,2024
10107,6.738076570077908,1,Alto-Alto (Cluster),2024
10108,8.799069210704955,1,Alto-Alto (Cluster),2024
10126,3.920480442203959,1,Alto-Alto (Cluster),2024
10132,2.8605084830519787,1,Alto-Alto (Cluster),2024
10150,1.0953646659719825,2,Baixo-Alto,2024
10170,0.0944051324320597,0,Não Significativo,2024
10190,0.3791939486021064,0,Não Significativo,2024
10192,20.93488255679705,1,Alto-Alto (Cluster),2024
10213,1.1837912407295337,0,Não Significativo,2024
10222,0.6250449702232523,0,Não Significativo,2024
10253,15.914655115573256,1,Alto-Alto (Cluster),2024
10263,1.2011016443031188,0,Não Significativo,2024
10276,8.206680729298558,1,Alto-Alto (Cluster),2024
10278,0.9856304801209986,0,Não Significativo,2024
10290,13.197227593202523,1,Alto-Alto (Cluster),2024
10295,7.778875302631005,1,Alto-Alto (Cluster),2024
10307,2.7184576355996226,1,Alto-Alto (Cluster),2024
10315,0.4782267349685,0,Não Significativo,2024
10329,1.248998158839128,0,Não Significativo,2024
11007,0.1421592292678632,0,Não Significativo,2024
11041,0.1197215131506666,3,Baixo-Baixo,2024
11092,0.6076961359394498,0,Não Significativo,2024
11102,1.3478262457691774,0,Não Significativo,2024
11167,2.527959657347376,0,Não Significativo,2024
11208,1.9666539447351508,0,Não Significativo,2024
11261,0.7818431929940339,0,Não Significativo,2024
11295,0.1222746112545084,2,Baixo-Alto,2024
11319,4.814641368560539,0,Não Significativo,2024
11396,4.178095501933495,0,Não Significativo,2024
11444,0.1824187947284872,0,Não Significativo,2024
11446,0.5936255973885007,0,Não Significativo,2024
11451,11.86645054802981,0,Não Significativo,2024
11467,0.2965348571668476,0,Não Significativo,2024
11489,0.3938172091044446,0,Não Significativo,2024
11499,3.0729363902181475,0,Não Significativo,2024
11500,0.4691251330477229,0,Não Significativo,2024
11559,4.901800701651679,0,Não Significativo,2024
11581,0.063921998061059,0,Não Significativo,2024
11616,6.349922417208671,0,Não Significativo,2024
11626,5.323388568660582,0,Não Significativo,2024
11674,0.4619330424661998,0,Não Significativo,2024
11703,0.1762842489799386,0,Não Significativo,2024
11708,1.317999128465081,0,Não Significativo,2024
11709,3.968728291744216,0,Não Significativo,2024
13120,1.430097046389312,0,Não Significativo,2024
13135,0.0234311399754133,0,Não Significativo,2024
13140,0.1201882562922682,0,Não Significativo,2024
13169,0.5618443904127358,0,Não Significativo,2024
13238,1.327206470242169,0,Não Significativo,2024
13243,0.3593706635025676,0,Não Significativo,2024
13270,0.0510401043524012,0,Não Significativo,2024
13285,0.0658632514307983,0,Não Significativo,2024
13308,1.2657377978373512,0,Não Significativo,2024
13324,0.2645539176293766,0,Não Significativo,2024
13377,1.1972122238803604,0,Não Significativo,2024
13410,0.2738456692746072,0,Não Significativo,2024
13459,1.501337207007391,0,Não Significativo,2024
14048,0.0987084766390146,0,Não Significativo,2024
14117,0.0513613174252555,0,Não Significativo,2024
14239,0.2099306408614117,0,Não Significativo,2024
1048,0.6959320621595056,0,Não Significativo,2024
1056,0.0059939396517594,0,Não Significativo,2024
1065,1.7471275032695432,0,Não Significativo,2024
1066,0.5115437444081562,0,Não Significativo,2024
1068,2.010634395950398,0,Não Significativo,2024
1083,0.0364027429900336,3,Baixo-Baixo,2024
1097,1.663492231855425,0,Não Significativo,2024
1098,3.360961276713643,0,Não Significativo,2024
1099,1.1372181542119282,0,Não Significativo,2024
1100,0.6153560106578335,0,Não Significativo,2024
1105,2.522920949900597,0,Não Significativo,2024
1106,5.829817429698133,0,Não Significativo,2024
1107,3.917114034767846,0,Não Significativo,2024
1109,6.736530189475045,0,Não Significativo,2024
1110,3.161096997233422,0,Não Significativo,2024
1111,3.110349052493961,0,Não Significativo,2024
1112,1.0800778603716512,0,Não Significativo,2024
1113,4.02356709718092,0,Não Significativo,2024
1117,1.2413933660415437,2,Baixo-Alto,2024
16041,0.118090245163263,0,Não Significativo,2024
16045,1.0941730285964624,0,Não Significativo,2024
16056,0.0699100307258127,0,Não Significativo,2024
16057,0.871710226671509,0,Não Significativo,2024
16073,5.56342307539976,0,Não Significativo,2024
16076,0.5373025383414262,0,Não Significativo,2024
16079,0.0202346689307907,0,Não Significativo,2024
16081,0.1450586499494173,0,Não Significativo,2024
16090,0.1195690257142259,3,Baixo-Baixo,2024
16095,0.6689270255793957,0,Não Significativo,2024
16099,0.6511418176586247,0,Não Significativo,2024
16121,0.2048010112814215,3,Baixo-Baixo,2024
16147,0.6147446036727569,0,Não Significativo,2024
16155,0.07829177280537,0,Não Significativo,2024
16176,0.0761293500732006,0,Não Significativo,2024
16187,0.2915972069870461,0,Não Significativo,2024
